#pragma once
#include <stdint.h>

#define IMG_WIDTH  (480)
#define IMG_HEIGHT (70)
#define IMG_BPP    (3)

// RGB888 byte order: R, G, B for each pixel
static const uint8_t header_480_70[IMG_WIDTH*IMG_HEIGHT*IMG_BPP] = {
    0x00, 0x27, 0x4C, 0x00, 0x27, 0x4C, 0x00, 0x27, 0x4C, 0x00, 0x27, 0x4C, 
    0x00, 0x27, 0x4C, 0x00, 0x27, 0x4C, 0x00, 0x27, 0x4C, 0x00, 0x27, 0x4C, 
    0x00, 0x27, 0x4C, 0x00, 0x27, 0x4C, 0x00, 0x27, 0x4C, 0x00, 0x27, 0x4C, 
    0x00, 0x27, 0x4C, 0x00, 0x27, 0x4C, 0x00, 0x27, 0x4C, 0x00, 0x27, 0x4C, 
    0x00, 0x27, 0x4C, 0x00, 0x27, 0x4C, 0x00, 0x27, 0x4C, 0x00, 0x27, 0x4C, 
    0x00, 0x27, 0x4C, 0x00, 0x27, 0x4C, 0x00, 0x27, 0x4C, 0x00, 0x27, 0x4C, 
    0x00, 0x27, 0x4C, 0x00, 0x27, 0x4C, 0x00, 0x27, 0x4C, 0x00, 0x27, 0x4C, 
    0x00, 0x27, 0x4C, 0x00, 0x27, 0x4C, 0x00, 0x27, 0x4C, 0x00, 0x27, 0x4C, 
    0x00, 0x27, 0x4C, 0x00, 0x27, 0x4C, 0x00, 0x27, 0x4C, 0x00, 0x27, 0x4C, 
    0x00, 0x27, 0x4C, 0x00, 0x27, 0x4C, 0x00, 0x27, 0x4C, 0x00, 0x27, 0x4C, 
    0x00, 0x27, 0x4C, 0x00, 0x27, 0x4C, 0x00, 0x27, 0x4C, 0x00, 0x27, 0x4C, 
    0x00, 0x27, 0x4C, 0x00, 0x27, 0x4C, 0x00, 0x27, 0x4C, 0x00, 0x27, 0x4C, 
    0x00, 0x27, 0x4C, 0x00, 0x27, 0x4C, 0x00, 0x27, 0x4C, 0x00, 0x27, 0x4C, 
    0x00, 0x27, 0x4C, 0x00, 0x27, 0x4C, 0x00, 0x27, 0x4C, 0x00, 0x27, 0x4C, 
    0x00, 0x27, 0x4C, 0x00, 0x27, 0x4C, 0x00, 0x27, 0x4C, 0x00, 0x27, 0x4C, 
    0x00, 0x27, 0x4C, 0x00, 0x27, 0x4C, 0x00, 0x27, 0x4C, 0x00, 0x27, 0x4C, 
    0x00, 0x27, 0x4C, 0x00, 0x27, 0x4C, 0x00, 0x27, 0x4C, 0x00, 0x27, 0x4C, 
    0x00, 0x27, 0x4C, 0x00, 0x27, 0x4C, 0x00, 0x27, 0x4C, 0x00, 0x27, 0x4C, 
    0x00, 0x27, 0x4C, 0x00, 0x27, 0x4C, 0x00, 0x27, 0x4C, 0x00, 0x27, 0x4C, 
    0x00, 0x27, 0x4C, 0x00, 0x27, 0x4C, 0x00, 0x27, 0x4C, 0x00, 0x27, 0x4C, 
    0x00, 0x27, 0x4C, 0x00, 0x27, 0x4C, 0x00, 0x27, 0x4C, 0x00, 0x27, 0x4C, 
    0x00, 0x27, 0x4C, 0x00, 0x27, 0x4C, 0x00, 0x27, 0x4C, 0x00, 0x27, 0x4C, 
    0x00, 0x27, 0x4C, 0x00, 0x27, 0x4C, 0x00, 0x27, 0x4C, 0x00, 0x27, 0x4C, 
    0x00, 0x27, 0x4C, 0x00, 0x27, 0x4C, 0x00, 0x27, 0x4C, 0x00, 0x27, 0x4C, 
    0x00, 0x27, 0x4C, 0x00, 0x27, 0x4C, 0x00, 0x27, 0x4C, 0x00, 0x27, 0x4C, 
    0x00, 0x27, 0x4C, 0x00, 0x27, 0x4C, 0x00, 0x27, 0x4C, 0x00, 0x27, 0x4C, 
    0x00, 0x27, 0x4C, 0x00, 0x27, 0x4C, 0x00, 0x27, 0x4C, 0x00, 0x27, 0x4C, 
    0x00, 0x27, 0x4C, 0x00, 0x27, 0x4C, 0x00, 0x27, 0x4C, 0x00, 0x27, 0x4C, 
    0x00, 0x27, 0x4C, 0x00, 0x27, 0x4C, 0x00, 0x27, 0x4C, 0x00, 0x27, 0x4C, 
    0x00, 0x27, 0x4C, 0x00, 0x27, 0x4C, 0x00, 0x27, 0x4C, 0x00, 0x27, 0x4C, 
    0x00, 0x27, 0x4C, 0x00, 0x27, 0x4C, 0x00, 0x27, 0x4C, 0x00, 0x27, 0x4C, 
    0x00, 0x27, 0x4C, 0x00, 0x27, 0x4C, 0x00, 0x27, 0x4C, 0x00, 0x27, 0x4C, 
    0x00, 0x27, 0x4C, 0x00, 0x27, 0x4C, 0x00, 0x27, 0x4C, 0x00, 0x27, 0x4C, 
    0x00, 0x27, 0x4C, 0x00, 0x27, 0x4C, 0x00, 0x27, 0x4C, 0x00, 0x27, 0x4C, 
    0x00, 0x27, 0x4C, 0x00, 0x27, 0x4C, 0x00, 0x27, 0x4C, 0x00, 0x27, 0x4C, 
    0x00, 0x27, 0x4C, 0x00, 0x27, 0x4C, 0x00, 0x27, 0x4C, 0x00, 0x27, 0x4C, 
    0x00, 0x27, 0x4C, 0x00, 0x27, 0x4C, 0x00, 0x27, 0x4C, 0x00, 0x27, 0x4C, 
    0x00, 0x27, 0x4C, 0x00, 0x27, 0x4C, 0x00, 0x27, 0x4C, 0x00, 0x27, 0x4C, 
    0x00, 0x27, 0x4C, 0x00, 0x27, 0x4C, 0x00, 0x27, 0x4C, 0x00, 0x27, 0x4C, 
    0x00, 0x27, 0x4C, 0x00, 0x27, 0x4C, 0x00, 0x27, 0x4C, 0x00, 0x27, 0x4C, 
    0x00, 0x27, 0x4C, 0x00, 0x27, 0x4C, 0x00, 0x27, 0x4C, 0x00, 0x27, 0x4C, 
    0x00, 0x27, 0x4C, 0x00, 0x27, 0x4C, 0x00, 0x27, 0x4C, 0x00, 0x27, 0x4C, 
    0x00, 0x27, 0x4C, 0x00, 0x27, 0x4C, 0x00, 0x27, 0x4C, 0x00, 0x27, 0x4C, 
    0x00, 0x27, 0x4C, 0x00, 0x27, 0x4C, 0x00, 0x27, 0x4C, 0x00, 0x27, 0x4C, 
    0x00, 0x27, 0x4C, 0x00, 0x27, 0x4C, 0x00, 0x27, 0x4C, 0x00, 0x27, 0x4C, 
    0x00, 0x27, 0x4C, 0x00, 0x27, 0x4C, 0x00, 0x27, 0x4C, 0x00, 0x27, 0x4C, 
    0x00, 0x27, 0x4C, 0x00, 0x27, 0x4C, 0x00, 0x27, 0x4C, 0x00, 0x27, 0x4C, 
    0x00, 0x27, 0x4C, 0x00, 0x27, 0x4C, 0x00, 0x27, 0x4C, 0x00, 0x27, 0x4C, 
    0x00, 0x27, 0x4C, 0x00, 0x27, 0x4C, 0x00, 0x27, 0x4C, 0x00, 0x27, 0x4C, 
    0x00, 0x27, 0x4C, 0x00, 0x27, 0x4C, 0x00, 0x27, 0x4C, 0x00, 0x27, 0x4C, 
    0x00, 0x27, 0x4C, 0x00, 0x27, 0x4C, 0x00, 0x27, 0x4C, 0x00, 0x27, 0x4C, 
    0x00, 0x27, 0x4C, 0x00, 0x27, 0x4C, 0x00, 0x27, 0x4C, 0x00, 0x27, 0x4C, 
    0x00, 0x27, 0x4C, 0x00, 0x27, 0x4C, 0x00, 0x27, 0x4C, 0x00, 0x27, 0x4C, 
    0x00, 0x27, 0x4C, 0x00, 0x27, 0x4C, 0x00, 0x27, 0x4C, 0x00, 0x27, 0x4C, 
    0x00, 0x27, 0x4C, 0x00, 0x27, 0x4C, 0x00, 0x27, 0x4C, 0x00, 0x27, 0x4C, 
    0x00, 0x27, 0x4C, 0x00, 0x27, 0x4C, 0x00, 0x27, 0x4C, 0x00, 0x27, 0x4C, 
    0x00, 0x27, 0x4C, 0x00, 0x27, 0x4C, 0x00, 0x27, 0x4C, 0x00, 0x27, 0x4C, 
    0x00, 0x27, 0x4C, 0x00, 0x27, 0x4C, 0x00, 0x27, 0x4C, 0x00, 0x27, 0x4C, 
    0x00, 0x27, 0x4C, 0x00, 0x27, 0x4C, 0x00, 0x27, 0x4C, 0x00, 0x27, 0x4C, 
    0x00, 0x27, 0x4C, 0x00, 0x27, 0x4C, 0x00, 0x27, 0x4C, 0x00, 0x27, 0x4C, 
    0x00, 0x27, 0x4C, 0x00, 0x27, 0x4C, 0x00, 0x27, 0x4C, 0x00, 0x27, 0x4C, 
    0x00, 0x27, 0x4C, 0x00, 0x27, 0x4C, 0x00, 0x27, 0x4C, 0x00, 0x27, 0x4C, 
    0x00, 0x27, 0x4C, 0x00, 0x27, 0x4C, 0x00, 0x27, 0x4C, 0x00, 0x27, 0x4C, 
    0x00, 0x27, 0x4C, 0x00, 0x27, 0x4C, 0x00, 0x27, 0x4C, 0x00, 0x27, 0x4C, 
    0x00, 0x27, 0x4C, 0x00, 0x27, 0x4C, 0x00, 0x27, 0x4C, 0x00, 0x27, 0x4C, 
    0x00, 0x27, 0x4C, 0x00, 0x27, 0x4C, 0x00, 0x27, 0x4C, 0x00, 0x27, 0x4C, 
    0x00, 0x27, 0x4C, 0x00, 0x27, 0x4C, 0x00, 0x27, 0x4C, 0x00, 0x27, 0x4C, 
    0x00, 0x27, 0x4C, 0x00, 0x27, 0x4C, 0x00, 0x27, 0x4C, 0x00, 0x27, 0x4C, 
    0x00, 0x27, 0x4C, 0x00, 0x27, 0x4C, 0x00, 0x27, 0x4C, 0x00, 0x27, 0x4C, 
    0x00, 0x27, 0x4C, 0x00, 0x27, 0x4C, 0x00, 0x27, 0x4C, 0x00, 0x27, 0x4C, 
    0x00, 0x27, 0x4C, 0x00, 0x27, 0x4C, 0x00, 0x27, 0x4C, 0x00, 0x27, 0x4C, 
    0x00, 0x27, 0x4C, 0x00, 0x27, 0x4C, 0x00, 0x27, 0x4C, 0x00, 0x27, 0x4C, 
    0x00, 0x27, 0x4C, 0x00, 0x27, 0x4C, 0x00, 0x27, 0x4C, 0x00, 0x27, 0x4C, 
    0x00, 0x27, 0x4C, 0x00, 0x27, 0x4C, 0x00, 0x27, 0x4C, 0x00, 0x27, 0x4C, 
    0x00, 0x27, 0x4C, 0x00, 0x27, 0x4C, 0x00, 0x27, 0x4C, 0x00, 0x27, 0x4C, 
    0x00, 0x27, 0x4C, 0x00, 0x27, 0x4C, 0x00, 0x27, 0x4C, 0x00, 0x27, 0x4C, 
    0x00, 0x27, 0x4C, 0x00, 0x27, 0x4C, 0x00, 0x27, 0x4C, 0x00, 0x27, 0x4C, 
    0x00, 0x27, 0x4C, 0x00, 0x27, 0x4C, 0x00, 0x27, 0x4C, 0x00, 0x27, 0x4C, 
    0x00, 0x27, 0x4C, 0x00, 0x27, 0x4C, 0x00, 0x27, 0x4C, 0x00, 0x27, 0x4C, 
    0x00, 0x27, 0x4C, 0x00, 0x27, 0x4C, 0x00, 0x27, 0x4C, 0x00, 0x27, 0x4C, 
    0x00, 0x27, 0x4C, 0x00, 0x27, 0x4C, 0x00, 0x27, 0x4C, 0x00, 0x27, 0x4C, 
    0x00, 0x27, 0x4C, 0x00, 0x27, 0x4C, 0x00, 0x27, 0x4C, 0x00, 0x27, 0x4C, 
    0x00, 0x27, 0x4C, 0x00, 0x27, 0x4C, 0x00, 0x27, 0x4C, 0x00, 0x27, 0x4C, 
    0x00, 0x27, 0x4C, 0x00, 0x27, 0x4C, 0x00, 0x27, 0x4C, 0x00, 0x27, 0x4C, 
    0x00, 0x27, 0x4C, 0x00, 0x27, 0x4C, 0x00, 0x27, 0x4C, 0x00, 0x27, 0x4C, 
    0x00, 0x27, 0x4C, 0x00, 0x27, 0x4C, 0x00, 0x27, 0x4C, 0x00, 0x27, 0x4C, 
    0x00, 0x27, 0x4C, 0x00, 0x27, 0x4C, 0x00, 0x27, 0x4C, 0x00, 0x27, 0x4C, 
    0x00, 0x27, 0x4C, 0x00, 0x27, 0x4C, 0x00, 0x27, 0x4C, 0x00, 0x27, 0x4C, 
    0x00, 0x27, 0x4C, 0x00, 0x27, 0x4C, 0x00, 0x27, 0x4C, 0x00, 0x27, 0x4C, 
    0x00, 0x27, 0x4C, 0x00, 0x27, 0x4C, 0x00, 0x27, 0x4C, 0x00, 0x27, 0x4C, 
    0x00, 0x27, 0x4C, 0x00, 0x27, 0x4C, 0x00, 0x27, 0x4C, 0x00, 0x27, 0x4C, 
    0x00, 0x27, 0x4C, 0x00, 0x27, 0x4C, 0x00, 0x27, 0x4C, 0x00, 0x27, 0x4C, 
    0x00, 0x27, 0x4C, 0x00, 0x27, 0x4C, 0x00, 0x27, 0x4C, 0x00, 0x27, 0x4C, 
    0x00, 0x27, 0x4C, 0x00, 0x27, 0x4C, 0x00, 0x27, 0x4C, 0x00, 0x27, 0x4C, 
    0x00, 0x27, 0x4C, 0x00, 0x27, 0x4C, 0x00, 0x27, 0x4C, 0x00, 0x27, 0x4C, 
    0x00, 0x27, 0x4C, 0x00, 0x27, 0x4C, 0x00, 0x27, 0x4C, 0x00, 0x27, 0x4C, 
    0x00, 0x27, 0x4C, 0x00, 0x27, 0x4C, 0x00, 0x27, 0x4C, 0x00, 0x27, 0x4C, 
    0x00, 0x27, 0x4C, 0x00, 0x27, 0x4C, 0x00, 0x27, 0x4C, 0x00, 0x27, 0x4C, 
    0x00, 0x27, 0x4C, 0x00, 0x27, 0x4C, 0x00, 0x27, 0x4C, 0x00, 0x27, 0x4C, 
    0x00, 0x27, 0x4C, 0x00, 0x27, 0x4C, 0x00, 0x27, 0x4C, 0x00, 0x27, 0x4C, 
    0x00, 0x27, 0x4C, 0x00, 0x27, 0x4C, 0x00, 0x27, 0x4C, 0x00, 0x27, 0x4C, 
    0x00, 0x27, 0x4C, 0x00, 0x27, 0x4C, 0x00, 0x27, 0x4C, 0x00, 0x27, 0x4C, 
    0x00, 0x27, 0x4C, 0x00, 0x27, 0x4C, 0x00, 0x27, 0x4C, 0x00, 0x27, 0x4C, 
    0x00, 0x27, 0x4C, 0x00, 0x27, 0x4C, 0x00, 0x27, 0x4C, 0x00, 0x27, 0x4C, 
    0x00, 0x27, 0x4C, 0x00, 0x27, 0x4C, 0x00, 0x27, 0x4C, 0x00, 0x27, 0x4C, 
    0x00, 0x27, 0x4C, 0x00, 0x27, 0x4C, 0x00, 0x27, 0x4C, 0x00, 0x27, 0x4C, 
    0x00, 0x27, 0x4C, 0x00, 0x27, 0x4C, 0x00, 0x27, 0x4C, 0x00, 0x27, 0x4C, 
    0x00, 0x27, 0x4C, 0x00, 0x27, 0x4C, 0x00, 0x27, 0x4C, 0x00, 0x27, 0x4C, 
    0x00, 0x27, 0x4C, 0x00, 0x27, 0x4C, 0x00, 0x27, 0x4C, 0x00, 0x27, 0x4C, 
    0x00, 0x27, 0x4C, 0x00, 0x27, 0x4C, 0x00, 0x27, 0x4C, 0x00, 0x27, 0x4C, 
    0x00, 0x27, 0x4C, 0x00, 0x27, 0x4C, 0x00, 0x27, 0x4C, 0x00, 0x27, 0x4C, 
    0x00, 0x27, 0x4C, 0x00, 0x27, 0x4C, 0x00, 0x27, 0x4C, 0x00, 0x27, 0x4C, 
    0x00, 0x27, 0x4C, 0x00, 0x27, 0x4C, 0x00, 0x27, 0x4C, 0x00, 0x27, 0x4C, 
    0x00, 0x27, 0x4C, 0x00, 0x27, 0x4C, 0x00, 0x27, 0x4C, 0x00, 0x27, 0x4C, 
    0x00, 0x27, 0x4C, 0x00, 0x27, 0x4C, 0x00, 0x27, 0x4C, 0x00, 0x27, 0x4C, 
    0x00, 0x27, 0x4C, 0x00, 0x27, 0x4C, 0x00, 0x27, 0x4C, 0x00, 0x27, 0x4C, 
    0x00, 0x27, 0x4C, 0x00, 0x27, 0x4C, 0x00, 0x27, 0x4C, 0x00, 0x27, 0x4C, 
    0x00, 0x27, 0x4C, 0x00, 0x27, 0x4C, 0x00, 0x27, 0x4C, 0x00, 0x27, 0x4C, 
    0x00, 0x27, 0x4C, 0x00, 0x27, 0x4C, 0x00, 0x27, 0x4C, 0x00, 0x27, 0x4C, 
    0x00, 0x27, 0x4C, 0x00, 0x27, 0x4C, 0x00, 0x27, 0x4C, 0x00, 0x27, 0x4C, 
    0x00, 0x27, 0x4C, 0x00, 0x27, 0x4C, 0x00, 0x27, 0x4C, 0x00, 0x27, 0x4C, 
    0x00, 0x27, 0x4C, 0x00, 0x27, 0x4C, 0x00, 0x27, 0x4C, 0x00, 0x27, 0x4C, 
    0x00, 0x27, 0x4C, 0x00, 0x27, 0x4C, 0x00, 0x27, 0x4C, 0x00, 0x27, 0x4C, 
    0x00, 0x27, 0x4C, 0x00, 0x27, 0x4C, 0x00, 0x27, 0x4C, 0x00, 0x27, 0x4C, 
    0x00, 0x27, 0x4C, 0x00, 0x27, 0x4C, 0x00, 0x27, 0x4C, 0x00, 0x27, 0x4C, 
    0x00, 0x27, 0x4C, 0x00, 0x27, 0x4C, 0x00, 0x27, 0x4C, 0x00, 0x27, 0x4C, 
    0x00, 0x27, 0x4C, 0x00, 0x27, 0x4C, 0x00, 0x27, 0x4C, 0x00, 0x27, 0x4C, 
    0x00, 0x27, 0x4C, 0x00, 0x27, 0x4C, 0x00, 0x27, 0x4C, 0x00, 0x27, 0x4C, 
    0x00, 0x27, 0x4C, 0x00, 0x27, 0x4C, 0x00, 0x27, 0x4C, 0x00, 0x27, 0x4C, 
    0x00, 0x27, 0x4C, 0x00, 0x27, 0x4C, 0x00, 0x27, 0x4C, 0x00, 0x27, 0x4C, 
    0x00, 0x27, 0x4C, 0x00, 0x27, 0x4C, 0x00, 0x27, 0x4C, 0x00, 0x27, 0x4C, 
    0x00, 0x27, 0x4C, 0x00, 0x27, 0x4C, 0x00, 0x27, 0x4C, 0x00, 0x27, 0x4C, 
    0x00, 0x27, 0x4C, 0x00, 0x27, 0x4C, 0x00, 0x27, 0x4C, 0x00, 0x27, 0x4C, 
    0x00, 0x27, 0x4C, 0x00, 0x27, 0x4C, 0x00, 0x27, 0x4C, 0x00, 0x27, 0x4C, 
    0x00, 0x27, 0x4C, 0x00, 0x27, 0x4C, 0x00, 0x27, 0x4C, 0x00, 0x27, 0x4C, 
    0x00, 0x27, 0x4C, 0x00, 0x27, 0x4C, 0x00, 0x27, 0x4C, 0x00, 0x27, 0x4C, 
    0x00, 0x27, 0x4C, 0x00, 0x27, 0x4C, 0x00, 0x27, 0x4C, 0x00, 0x27, 0x4C, 
    0x00, 0x27, 0x4C, 0x00, 0x27, 0x4C, 0x00, 0x27, 0x4C, 0x00, 0x27, 0x4C, 
    0x00, 0x27, 0x4C, 0x00, 0x27, 0x4C, 0x00, 0x27, 0x4C, 0x00, 0x27, 0x4C, 
    0x00, 0x27, 0x4C, 0x00, 0x27, 0x4C, 0x00, 0x27, 0x4C, 0x00, 0x27, 0x4C, 
    0x00, 0x27, 0x4C, 0x00, 0x27, 0x4C, 0x00, 0x27, 0x4C, 0x00, 0x27, 0x4C, 
    0x00, 0x27, 0x4C, 0x00, 0x27, 0x4C, 0x00, 0x27, 0x4C, 0x00, 0x27, 0x4C, 
    0x00, 0x27, 0x4C, 0x00, 0x27, 0x4C, 0x00, 0x27, 0x4C, 0x00, 0x27, 0x4C, 
    0x00, 0x27, 0x4C, 0x00, 0x27, 0x4C, 0x00, 0x27, 0x4C, 0x00, 0x27, 0x4C, 
    0x00, 0x27, 0x4C, 0x00, 0x27, 0x4C, 0x00, 0x27, 0x4C, 0x00, 0x27, 0x4C, 
    0x00, 0x27, 0x4C, 0x00, 0x27, 0x4C, 0x00, 0x27, 0x4C, 0x00, 0x27, 0x4C, 
    0x00, 0x27, 0x4C, 0x00, 0x27, 0x4C, 0x00, 0x27, 0x4C, 0x00, 0x27, 0x4C, 
    0x00, 0x27, 0x4C, 0x00, 0x27, 0x4C, 0x00, 0x27, 0x4C, 0x00, 0x27, 0x4C, 
    0x00, 0x27, 0x4C, 0x00, 0x27, 0x4C, 0x00, 0x27, 0x4C, 0x00, 0x27, 0x4C, 
    0x00, 0x27, 0x4C, 0x00, 0x27, 0x4C, 0x00, 0x27, 0x4C, 0x00, 0x27, 0x4C, 
    0x00, 0x27, 0x4C, 0x00, 0x27, 0x4C, 0x00, 0x27, 0x4C, 0x00, 0x27, 0x4C, 
    0x00, 0x27, 0x4C, 0x00, 0x27, 0x4C, 0x00, 0x27, 0x4C, 0x00, 0x27, 0x4C, 
    0x00, 0x27, 0x4C, 0x00, 0x27, 0x4C, 0x00, 0x27, 0x4C, 0x00, 0x27, 0x4C, 
    0x00, 0x27, 0x4C, 0x00, 0x27, 0x4C, 0x00, 0x27, 0x4C, 0x00, 0x27, 0x4C, 
    0x00, 0x27, 0x4C, 0x00, 0x27, 0x4C, 0x00, 0x27, 0x4C, 0x00, 0x27, 0x4C, 
    0x00, 0x27, 0x4C, 0x00, 0x27, 0x4C, 0x00, 0x27, 0x4C, 0x00, 0x27, 0x4C, 
    0x00, 0x27, 0x4C, 0x00, 0x27, 0x4C, 0x00, 0x27, 0x4C, 0x00, 0x27, 0x4C, 
    0x00, 0x27, 0x4C, 0x00, 0x27, 0x4C, 0x00, 0x27, 0x4C, 0x00, 0x27, 0x4C, 
    0x00, 0x27, 0x4C, 0x00, 0x27, 0x4C, 0x00, 0x27, 0x4C, 0x00, 0x27, 0x4C, 
    0x00, 0x27, 0x4C, 0x00, 0x27, 0x4C, 0x00, 0x27, 0x4C, 0x00, 0x27, 0x4C, 
    0x00, 0x27, 0x4C, 0x00, 0x27, 0x4C, 0x00, 0x27, 0x4C, 0x00, 0x27, 0x4C, 
    0x00, 0x27, 0x4C, 0x00, 0x27, 0x4C, 0x00, 0x27, 0x4C, 0x00, 0x27, 0x4C, 
    0x00, 0x27, 0x4C, 0x00, 0x27, 0x4C, 0x00, 0x27, 0x4C, 0x00, 0x27, 0x4C, 
    0x00, 0x27, 0x4C, 0x00, 0x27, 0x4C, 0x00, 0x27, 0x4C, 0x00, 0x27, 0x4C, 
    0x00, 0x27, 0x4C, 0x00, 0x27, 0x4C, 0x00, 0x27, 0x4C, 0x00, 0x27, 0x4C, 
    0x00, 0x27, 0x4C, 0x00, 0x27, 0x4C, 0x00, 0x27, 0x4C, 0x00, 0x27, 0x4C, 
    0x00, 0x27, 0x4C, 0x00, 0x27, 0x4C, 0x00, 0x27, 0x4C, 0x00, 0x27, 0x4C, 
    0x00, 0x27, 0x4C, 0x00, 0x27, 0x4C, 0x00, 0x27, 0x4C, 0x00, 0x27, 0x4C, 
    0x00, 0x27, 0x4C, 0x00, 0x27, 0x4C, 0x00, 0x27, 0x4C, 0x00, 0x27, 0x4C, 
    0x00, 0x27, 0x4C, 0x00, 0x27, 0x4C, 0x00, 0x27, 0x4C, 0x00, 0x27, 0x4C, 
    0x00, 0x27, 0x4C, 0x00, 0x27, 0x4C, 0x00, 0x27, 0x4C, 0x00, 0x27, 0x4C, 
    0x00, 0x27, 0x4C, 0x00, 0x27, 0x4C, 0x00, 0x27, 0x4C, 0x00, 0x27, 0x4C, 
    0x00, 0x27, 0x4C, 0x00, 0x27, 0x4C, 0x00, 0x27, 0x4C, 0x00, 0x27, 0x4C, 
    0x00, 0x27, 0x4C, 0x00, 0x27, 0x4C, 0x00, 0x27, 0x4C, 0x00, 0x27, 0x4C, 
    0x00, 0x27, 0x4C, 0x00, 0x27, 0x4C, 0x00, 0x27, 0x4C, 0x00, 0x27, 0x4C, 
    0x00, 0x27, 0x4C, 0x00, 0x27, 0x4C, 0x00, 0x27, 0x4C, 0x00, 0x27, 0x4C, 
    0x00, 0x27, 0x4C, 0x00, 0x27, 0x4C, 0x00, 0x27, 0x4C, 0x00, 0x27, 0x4C, 
    0x00, 0x27, 0x4C, 0x00, 0x27, 0x4C, 0x00, 0x27, 0x4C, 0x00, 0x27, 0x4C, 
    0x00, 0x27, 0x4C, 0x00, 0x27, 0x4C, 0x00, 0x27, 0x4C, 0x00, 0x27, 0x4C, 
    0x00, 0x27, 0x4C, 0x00, 0x27, 0x4C, 0x00, 0x27, 0x4C, 0x00, 0x27, 0x4C, 
    0x00, 0x27, 0x4C, 0x00, 0x27, 0x4C, 0x00, 0x27, 0x4C, 0x00, 0x27, 0x4C, 
    0x00, 0x27, 0x4C, 0x00, 0x27, 0x4C, 0x00, 0x27, 0x4C, 0x00, 0x27, 0x4C, 
    0x00, 0x27, 0x4C, 0x00, 0x27, 0x4C, 0x00, 0x27, 0x4C, 0x00, 0x27, 0x4C, 
    0x00, 0x27, 0x4C, 0x00, 0x27, 0x4C, 0x00, 0x27, 0x4C, 0x00, 0x27, 0x4C, 
    0x00, 0x27, 0x4C, 0x00, 0x27, 0x4C, 0x00, 0x27, 0x4C, 0x00, 0x27, 0x4C, 
    0x00, 0x27, 0x4C, 0x00, 0x27, 0x4C, 0x00, 0x27, 0x4C, 0x00, 0x27, 0x4C, 
    0x00, 0x27, 0x4C, 0x00, 0x27, 0x4C, 0x00, 0x27, 0x4C, 0x00, 0x27, 0x4C, 
    0x00, 0x27, 0x4C, 0x00, 0x27, 0x4C, 0x00, 0x27, 0x4C, 0x00, 0x27, 0x4C, 
    0x00, 0x27, 0x4C, 0x00, 0x27, 0x4C, 0x00, 0x27, 0x4C, 0x00, 0x27, 0x4C, 
    0x00, 0x27, 0x4C, 0x00, 0x27, 0x4C, 0x00, 0x27, 0x4C, 0x00, 0x27, 0x4C, 
    0x00, 0x27, 0x4C, 0x00, 0x27, 0x4C, 0x00, 0x27, 0x4C, 0x00, 0x27, 0x4C, 
    0x00, 0x27, 0x4C, 0x00, 0x27, 0x4C, 0x00, 0x27, 0x4C, 0x00, 0x27, 0x4C, 
    0x00, 0x27, 0x4C, 0x00, 0x27, 0x4C, 0x00, 0x27, 0x4C, 0x00, 0x27, 0x4C, 
    0x00, 0x27, 0x4C, 0x00, 0x27, 0x4C, 0x00, 0x27, 0x4C, 0x00, 0x27, 0x4C, 
    0x00, 0x27, 0x4C, 0x00, 0x27, 0x4C, 0x00, 0x27, 0x4C, 0x00, 0x27, 0x4C, 
    0x00, 0x27, 0x4C, 0x00, 0x27, 0x4C, 0x00, 0x27, 0x4C, 0x00, 0x27, 0x4C, 
    0x00, 0x27, 0x4C, 0x00, 0x27, 0x4C, 0x00, 0x27, 0x4C, 0x00, 0x27, 0x4C, 
    0x00, 0x27, 0x4C, 0x00, 0x27, 0x4C, 0x00, 0x27, 0x4C, 0x00, 0x27, 0x4C, 
    0x00, 0x27, 0x4C, 0x00, 0x27, 0x4C, 0x00, 0x27, 0x4C, 0x00, 0x27, 0x4C, 
    0x00, 0x27, 0x4C, 0x00, 0x27, 0x4C, 0x00, 0x27, 0x4C, 0x00, 0x27, 0x4C, 
    0x00, 0x27, 0x4C, 0x00, 0x27, 0x4C, 0x00, 0x27, 0x4C, 0x00, 0x27, 0x4C, 
    0x00, 0x27, 0x4C, 0x00, 0x27, 0x4C, 0x00, 0x27, 0x4C, 0x00, 0x27, 0x4C, 
    0x00, 0x27, 0x4C, 0x00, 0x27, 0x4C, 0x00, 0x27, 0x4C, 0x00, 0x27, 0x4C, 
    0x00, 0x27, 0x4C, 0x00, 0x27, 0x4C, 0x00, 0x27, 0x4C, 0x00, 0x27, 0x4C, 
    0x00, 0x27, 0x4C, 0x00, 0x27, 0x4C, 0x00, 0x27, 0x4C, 0x00, 0x27, 0x4C, 
    0x00, 0x27, 0x4C, 0x00, 0x27, 0x4C, 0x00, 0x27, 0x4C, 0x00, 0x27, 0x4C, 
    0x00, 0x27, 0x4C, 0x00, 0x27, 0x4C, 0x00, 0x27, 0x4C, 0x00, 0x27, 0x4C, 
    0x00, 0x27, 0x4C, 0x00, 0x27, 0x4C, 0x00, 0x27, 0x4C, 0x00, 0x27, 0x4C, 
    0x00, 0x27, 0x4C, 0x00, 0x27, 0x4C, 0x00, 0x27, 0x4C, 0x00, 0x27, 0x4C, 
    0x00, 0x27, 0x4C, 0x00, 0x27, 0x4C, 0x00, 0x27, 0x4C, 0x00, 0x27, 0x4C, 
    0x00, 0x27, 0x4C, 0x00, 0x27, 0x4C, 0x00, 0x27, 0x4C, 0x00, 0x27, 0x4C, 
    0x00, 0x27, 0x4C, 0x00, 0x27, 0x4C, 0x00, 0x27, 0x4C, 0x00, 0x27, 0x4C, 
    0x00, 0x27, 0x4C, 0x00, 0x27, 0x4C, 0x00, 0x27, 0x4C, 0x00, 0x27, 0x4C, 
    0x00, 0x27, 0x4C, 0x00, 0x27, 0x4C, 0x00, 0x27, 0x4C, 0x00, 0x27, 0x4C, 
    0x00, 0x27, 0x4C, 0x00, 0x27, 0x4C, 0x00, 0x27, 0x4C, 0x00, 0x27, 0x4C, 
    0x00, 0x27, 0x4C, 0x00, 0x27, 0x4C, 0x00, 0x27, 0x4C, 0x00, 0x27, 0x4C, 
    0x00, 0x27, 0x4C, 0x00, 0x27, 0x4C, 0x00, 0x27, 0x4C, 0x00, 0x27, 0x4C, 
    0x00, 0x27, 0x4C, 0x00, 0x27, 0x4C, 0x00, 0x27, 0x4C, 0x00, 0x27, 0x4C, 
    0x00, 0x27, 0x4C, 0x00, 0x27, 0x4C, 0x00, 0x27, 0x4C, 0x00, 0x27, 0x4C, 
    0x00, 0x27, 0x4C, 0x00, 0x27, 0x4C, 0x00, 0x27, 0x4C, 0x00, 0x27, 0x4C, 
    0x00, 0x27, 0x4C, 0x00, 0x27, 0x4C, 0x00, 0x27, 0x4C, 0x00, 0x27, 0x4C, 
    0x00, 0x27, 0x4C, 0x00, 0x27, 0x4C, 0x00, 0x27, 0x4C, 0x00, 0x27, 0x4C, 
    0x00, 0x27, 0x4C, 0x00, 0x27, 0x4C, 0x00, 0x27, 0x4C, 0x00, 0x27, 0x4C, 
    0x00, 0x27, 0x4C, 0x00, 0x27, 0x4C, 0x00, 0x27, 0x4C, 0x00, 0x27, 0x4C, 
    0x00, 0x27, 0x4C, 0x00, 0x27, 0x4C, 0x00, 0x27, 0x4C, 0x00, 0x27, 0x4C, 
    0x00, 0x27, 0x4C, 0x00, 0x27, 0x4C, 0x00, 0x27, 0x4C, 0x00, 0x27, 0x4C, 
    0x00, 0x27, 0x4C, 0x00, 0x27, 0x4C, 0x00, 0x27, 0x4C, 0x00, 0x27, 0x4C, 
    0x00, 0x27, 0x4C, 0x00, 0x27, 0x4C, 0x00, 0x27, 0x4C, 0x00, 0x27, 0x4C, 
    0x00, 0x27, 0x4C, 0x00, 0x27, 0x4C, 0x00, 0x27, 0x4C, 0x00, 0x27, 0x4C, 
    0x00, 0x27, 0x4C, 0x00, 0x27, 0x4C, 0x00, 0x27, 0x4C, 0x00, 0x27, 0x4C, 
    0x00, 0x27, 0x4C, 0x00, 0x27, 0x4C, 0x00, 0x27, 0x4C, 0x00, 0x27, 0x4C, 
    0x00, 0x27, 0x4C, 0x00, 0x27, 0x4C, 0x00, 0x27, 0x4C, 0x00, 0x27, 0x4C, 
    0x00, 0x27, 0x4C, 0x00, 0x27, 0x4C, 0x00, 0x27, 0x4C, 0x00, 0x27, 0x4C, 
    0x00, 0x27, 0x4C, 0x00, 0x27, 0x4C, 0x00, 0x27, 0x4C, 0x00, 0x27, 0x4C, 
    0x00, 0x27, 0x4C, 0x00, 0x27, 0x4C, 0x00, 0x27, 0x4C, 0x00, 0x27, 0x4C, 
    0x00, 0x27, 0x4C, 0x00, 0x27, 0x4C, 0x00, 0x27, 0x4C, 0x00, 0x27, 0x4C, 
    0x00, 0x27, 0x4C, 0x00, 0x27, 0x4C, 0x00, 0x27, 0x4C, 0x00, 0x27, 0x4C, 
    0x00, 0x27, 0x4C, 0x00, 0x27, 0x4C, 0x00, 0x27, 0x4C, 0x00, 0x27, 0x4C, 
    0x00, 0x27, 0x4C, 0x00, 0x27, 0x4C, 0x00, 0x27, 0x4C, 0x00, 0x27, 0x4C, 
    0x00, 0x27, 0x4C, 0x00, 0x27, 0x4C, 0x00, 0x27, 0x4C, 0x00, 0x27, 0x4C, 
    0x00, 0x27, 0x4C, 0x00, 0x27, 0x4C, 0x00, 0x27, 0x4C, 0x00, 0x27, 0x4C, 
    0x00, 0x27, 0x4C, 0x00, 0x27, 0x4C, 0x01, 0x28, 0x4C, 0x03, 0x29, 0x4B, 
    0x03, 0x29, 0x4B, 0x03, 0x29, 0x4B, 0x03, 0x29, 0x4B, 0x03, 0x29, 0x4B, 
    0x03, 0x29, 0x4B, 0x03, 0x29, 0x4B, 0x03, 0x29, 0x4B, 0x03, 0x29, 0x4B, 
    0x03, 0x29, 0x4B, 0x03, 0x29, 0x4B, 0x03, 0x29, 0x4B, 0x03, 0x29, 0x4B, 
    0x03, 0x29, 0x4B, 0x03, 0x29, 0x4B, 0x03, 0x29, 0x4B, 0x03, 0x29, 0x4B, 
    0x03, 0x29, 0x4B, 0x03, 0x29, 0x4B, 0x03, 0x29, 0x4B, 0x03, 0x29, 0x4B, 
    0x03, 0x29, 0x4B, 0x03, 0x29, 0x4B, 0x03, 0x29, 0x4B, 0x03, 0x29, 0x4B, 
    0x03, 0x29, 0x4B, 0x03, 0x29, 0x4B, 0x03, 0x29, 0x4B, 0x00, 0x27, 0x4C, 
    0x00, 0x27, 0x4C, 0x00, 0x27, 0x4C, 0x00, 0x27, 0x4C, 0x00, 0x27, 0x4C, 
    0x00, 0x27, 0x4C, 0x00, 0x27, 0x4C, 0x00, 0x27, 0x4C, 0x00, 0x27, 0x4C, 
    0x00, 0x27, 0x4C, 0x00, 0x27, 0x4C, 0x00, 0x27, 0x4C, 0x00, 0x27, 0x4C, 
    0x00, 0x27, 0x4C, 0x00, 0x27, 0x4C, 0x00, 0x27, 0x4C, 0x00, 0x27, 0x4C, 
    0x00, 0x27, 0x4C, 0x00, 0x27, 0x4C, 0x00, 0x27, 0x4C, 0x00, 0x27, 0x4C, 
    0x00, 0x27, 0x4C, 0x00, 0x27, 0x4C, 0x00, 0x27, 0x4C, 0x00, 0x27, 0x4C, 
    0x00, 0x27, 0x4C, 0x00, 0x27, 0x4C, 0x00, 0x27, 0x4C, 0x00, 0x27, 0x4C, 
    0x00, 0x27, 0x4C, 0x00, 0x27, 0x4C, 0x00, 0x27, 0x4C, 0x00, 0x27, 0x4C, 
    0x00, 0x27, 0x4C, 0x00, 0x27, 0x4C, 0x00, 0x27, 0x4C, 0x00, 0x27, 0x4C, 
    0x00, 0x27, 0x4C, 0x03, 0x29, 0x4B, 0x03, 0x29, 0x4B, 0x03, 0x29, 0x4B, 
    0x03, 0x29, 0x4B, 0x03, 0x29, 0x4B, 0x03, 0x29, 0x4B, 0x03, 0x29, 0x4B, 
    0x03, 0x29, 0x4B, 0x03, 0x29, 0x4B, 0x03, 0x29, 0x4B, 0x03, 0x29, 0x4B, 
    0x03, 0x29, 0x4B, 0x03, 0x29, 0x4B, 0x03, 0x29, 0x4B, 0x03, 0x29, 0x4B, 
    0x03, 0x29, 0x4B, 0x03, 0x29, 0x4B, 0x03, 0x29, 0x4B, 0x03, 0x29, 0x4B, 
    0x03, 0x29, 0x4B, 0x03, 0x29, 0x4B, 0x03, 0x29, 0x4B, 0x03, 0x29, 0x4B, 
    0x03, 0x29, 0x4B, 0x03, 0x29, 0x4B, 0x03, 0x29, 0x4B, 0x03, 0x29, 0x4B, 
    0x03, 0x29, 0x4B, 0x01, 0x28, 0x4C, 0x00, 0x27, 0x4C, 0x00, 0x27, 0x4C, 
    0x00, 0x27, 0x4C, 0x00, 0x27, 0x4C, 0x00, 0x27, 0x4C, 0x00, 0x27, 0x4C, 
    0x00, 0x27, 0x4C, 0x00, 0x27, 0x4C, 0x00, 0x27, 0x4C, 0x00, 0x27, 0x4C, 
    0x00, 0x27, 0x4C, 0x00, 0x27, 0x4C, 0x00, 0x27, 0x4C, 0x00, 0x27, 0x4C, 
    0x00, 0x27, 0x4C, 0x00, 0x27, 0x4C, 0x00, 0x27, 0x4C, 0x00, 0x27, 0x4C, 
    0x00, 0x27, 0x4C, 0x00, 0x27, 0x4C, 0x00, 0x27, 0x4C, 0x00, 0x27, 0x4C, 
    0x00, 0x27, 0x4C, 0x00, 0x27, 0x4C, 0x00, 0x27, 0x4C, 0x00, 0x27, 0x4C, 
    0x00, 0x27, 0x4C, 0x00, 0x27, 0x4C, 0x00, 0x27, 0x4C, 0x00, 0x27, 0x4C, 
    0x00, 0x27, 0x4C, 0x00, 0x27, 0x4C, 0x00, 0x27, 0x4C, 0x00, 0x27, 0x4C, 
    0x00, 0x27, 0x4C, 0x00, 0x27, 0x4C, 0x00, 0x27, 0x4C, 0x00, 0x27, 0x4C, 
    0x00, 0x27, 0x4C, 0x00, 0x27, 0x4C, 0x00, 0x27, 0x4C, 0x00, 0x27, 0x4C, 
    0x00, 0x27, 0x4C, 0x00, 0x27, 0x4C, 0x00, 0x27, 0x4C, 0x00, 0x27, 0x4C, 
    0x00, 0x27, 0x4C, 0x00, 0x27, 0x4C, 0x00, 0x27, 0x4C, 0x00, 0x27, 0x4C, 
    0x00, 0x27, 0x4C, 0x00, 0x27, 0x4C, 0x00, 0x27, 0x4C, 0x00, 0x27, 0x4C, 
    0x00, 0x27, 0x4C, 0x00, 0x27, 0x4C, 0x00, 0x27, 0x4C, 0x00, 0x27, 0x4C, 
    0x00, 0x27, 0x4C, 0x00, 0x27, 0x4C, 0x00, 0x27, 0x4C, 0x00, 0x27, 0x4C, 
    0x00, 0x27, 0x4C, 0x00, 0x27, 0x4C, 0x00, 0x27, 0x4C, 0x00, 0x27, 0x4C, 
    0x00, 0x27, 0x4C, 0x00, 0x27, 0x4C, 0x00, 0x27, 0x4C, 0x00, 0x27, 0x4C, 
    0x00, 0x27, 0x4C, 0x00, 0x27, 0x4C, 0x00, 0x27, 0x4C, 0x00, 0x27, 0x4C, 
    0x00, 0x27, 0x4C, 0x00, 0x27, 0x4C, 0x00, 0x27, 0x4C, 0x00, 0x27, 0x4C, 
    0x00, 0x27, 0x4C, 0x00, 0x27, 0x4C, 0x00, 0x27, 0x4C, 0x00, 0x27, 0x4C, 
    0x00, 0x27, 0x4C, 0x00, 0x27, 0x4C, 0x00, 0x27, 0x4C, 0x00, 0x27, 0x4C, 
    0x00, 0x27, 0x4C, 0x00, 0x27, 0x4C, 0x00, 0x27, 0x4C, 0x00, 0x27, 0x4C, 
    0x00, 0x27, 0x4C, 0x00, 0x27, 0x4C, 0x00, 0x27, 0x4C, 0x00, 0x27, 0x4C, 
    0x00, 0x27, 0x4C, 0x00, 0x27, 0x4C, 0x00, 0x27, 0x4C, 0x00, 0x27, 0x4C, 
    0x00, 0x27, 0x4C, 0x00, 0x27, 0x4C, 0x00, 0x27, 0x4C, 0x00, 0x27, 0x4C, 
    0x00, 0x27, 0x4C, 0x00, 0x27, 0x4C, 0x00, 0x27, 0x4C, 0x00, 0x27, 0x4C, 
    0x00, 0x27, 0x4C, 0x00, 0x27, 0x4C, 0x00, 0x27, 0x4C, 0x00, 0x27, 0x4C, 
    0x00, 0x27, 0x4C, 0x00, 0x27, 0x4C, 0x00, 0x27, 0x4C, 0x00, 0x27, 0x4C, 
    0x00, 0x27, 0x4C, 0x00, 0x27, 0x4C, 0x00, 0x27, 0x4C, 0x00, 0x27, 0x4C, 
    0x00, 0x27, 0x4C, 0x00, 0x27, 0x4C, 0x00, 0x27, 0x4C, 0x00, 0x27, 0x4C, 
    0x00, 0x27, 0x4C, 0x00, 0x27, 0x4C, 0x00, 0x27, 0x4C, 0x00, 0x27, 0x4C, 
    0x00, 0x27, 0x4C, 0x00, 0x27, 0x4C, 0x00, 0x27, 0x4C, 0x00, 0x27, 0x4C, 
    0x00, 0x27, 0x4C, 0x00, 0x27, 0x4C, 0x00, 0x27, 0x4C, 0x00, 0x27, 0x4C, 
    0x00, 0x27, 0x4C, 0x00, 0x27, 0x4C, 0x00, 0x27, 0x4C, 0x00, 0x27, 0x4C, 
    0x00, 0x27, 0x4C, 0x00, 0x27, 0x4C, 0x00, 0x27, 0x4C, 0x00, 0x27, 0x4C, 
    0x00, 0x27, 0x4C, 0x00, 0x27, 0x4C, 0x00, 0x27, 0x4C, 0x00, 0x27, 0x4C, 
    0x00, 0x27, 0x4C, 0x00, 0x27, 0x4C, 0x00, 0x27, 0x4C, 0x00, 0x27, 0x4C, 
    0x00, 0x27, 0x4C, 0x00, 0x27, 0x4C, 0x00, 0x27, 0x4C, 0x00, 0x27, 0x4C, 
    0x00, 0x27, 0x4C, 0x00, 0x27, 0x4C, 0x00, 0x27, 0x4C, 0x00, 0x27, 0x4C, 
    0x00, 0x27, 0x4C, 0x00, 0x27, 0x4C, 0x00, 0x27, 0x4C, 0x00, 0x27, 0x4C, 
    0x00, 0x27, 0x4C, 0x00, 0x27, 0x4C, 0x00, 0x27, 0x4C, 0x00, 0x27, 0x4C, 
    0x00, 0x27, 0x4C, 0x00, 0x27, 0x4C, 0x00, 0x27, 0x4C, 0x00, 0x27, 0x4C, 
    0x00, 0x27, 0x4C, 0x00, 0x27, 0x4C, 0x00, 0x27, 0x4C, 0x00, 0x27, 0x4C, 
    0x00, 0x27, 0x4C, 0x00, 0x27, 0x4C, 0x00, 0x27, 0x4C, 0x00, 0x27, 0x4C, 
    0x00, 0x27, 0x4C, 0x00, 0x27, 0x4C, 0x00, 0x27, 0x4C, 0x00, 0x27, 0x4C, 
    0x00, 0x27, 0x4C, 0x00, 0x27, 0x4C, 0x00, 0x27, 0x4C, 0x00, 0x27, 0x4C, 
    0x00, 0x27, 0x4C, 0x00, 0x27, 0x4C, 0x00, 0x27, 0x4C, 0x00, 0x27, 0x4C, 
    0x00, 0x27, 0x4C, 0x00, 0x27, 0x4C, 0x00, 0x27, 0x4C, 0x00, 0x27, 0x4C, 
    0x00, 0x27, 0x4C, 0x00, 0x27, 0x4C, 0x00, 0x27, 0x4C, 0x00, 0x27, 0x4C, 
    0x00, 0x27, 0x4C, 0x00, 0x27, 0x4C, 0x00, 0x27, 0x4C, 0x00, 0x27, 0x4C, 
    0x00, 0x27, 0x4C, 0x00, 0x27, 0x4C, 0x00, 0x27, 0x4C, 0x00, 0x27, 0x4C, 
    0x00, 0x27, 0x4C, 0x00, 0x27, 0x4C, 0x00, 0x27, 0x4C, 0x00, 0x27, 0x4C, 
    0x00, 0x27, 0x4C, 0x00, 0x27, 0x4C, 0x00, 0x27, 0x4C, 0x00, 0x27, 0x4C, 
    0x00, 0x27, 0x4C, 0x00, 0x27, 0x4C, 0x00, 0x27, 0x4C, 0x00, 0x27, 0x4C, 
    0x00, 0x27, 0x4C, 0x00, 0x27, 0x4C, 0x00, 0x27, 0x4C, 0x00, 0x27, 0x4C, 
    0x00, 0x27, 0x4C, 0x00, 0x27, 0x4C, 0x00, 0x27, 0x4C, 0x00, 0x27, 0x4C, 
    0x00, 0x27, 0x4C, 0x00, 0x27, 0x4C, 0x00, 0x27, 0x4C, 0x00, 0x27, 0x4C, 
    0x00, 0x27, 0x4C, 0x00, 0x27, 0x4C, 0x00, 0x27, 0x4C, 0x00, 0x27, 0x4C, 
    0x00, 0x27, 0x4C, 0x00, 0x27, 0x4C, 0x00, 0x27, 0x4C, 0x00, 0x27, 0x4C, 
    0x00, 0x27, 0x4C, 0x00, 0x27, 0x4C, 0x00, 0x27, 0x4C, 0x00, 0x27, 0x4C, 
    0x00, 0x27, 0x4C, 0x00, 0x27, 0x4C, 0x00, 0x27, 0x4C, 0x00, 0x27, 0x4C, 
    0x00, 0x27, 0x4C, 0x00, 0x27, 0x4C, 0x00, 0x27, 0x4C, 0x00, 0x27, 0x4C, 
    0x00, 0x27, 0x4C, 0x00, 0x27, 0x4C, 0x00, 0x27, 0x4C, 0x00, 0x27, 0x4C, 
    0x00, 0x27, 0x4C, 0x00, 0x27, 0x4C, 0x00, 0x27, 0x4C, 0x00, 0x27, 0x4C, 
    0x00, 0x27, 0x4C, 0x00, 0x27, 0x4C, 0x00, 0x27, 0x4C, 0x00, 0x27, 0x4C, 
    0x00, 0x27, 0x4C, 0x00, 0x27, 0x4C, 0x00, 0x27, 0x4C, 0x00, 0x27, 0x4C, 
    0x00, 0x27, 0x4C, 0x00, 0x27, 0x4C, 0x00, 0x27, 0x4C, 0x00, 0x27, 0x4C, 
    0x00, 0x27, 0x4C, 0x00, 0x27, 0x4C, 0x00, 0x27, 0x4C, 0x00, 0x27, 0x4C, 
    0x00, 0x27, 0x4C, 0x00, 0x27, 0x4C, 0x00, 0x27, 0x4C, 0x00, 0x27, 0x4C, 
    0x00, 0x27, 0x4C, 0x00, 0x27, 0x4C, 0x00, 0x27, 0x4C, 0x00, 0x27, 0x4C, 
    0x00, 0x27, 0x4C, 0x00, 0x27, 0x4C, 0x00, 0x27, 0x4C, 0x00, 0x27, 0x4C, 
    0x00, 0x27, 0x4C, 0x00, 0x27, 0x4C, 0x00, 0x27, 0x4C, 0x00, 0x27, 0x4C, 
    0x00, 0x27, 0x4C, 0x00, 0x27, 0x4C, 0x00, 0x27, 0x4C, 0x00, 0x27, 0x4C, 
    0x00, 0x27, 0x4C, 0x00, 0x27, 0x4C, 0x00, 0x27, 0x4C, 0x00, 0x27, 0x4C, 
    0x00, 0x27, 0x4C, 0x00, 0x27, 0x4C, 0x00, 0x27, 0x4C, 0x00, 0x27, 0x4C, 
    0x00, 0x27, 0x4C, 0x00, 0x27, 0x4C, 0x00, 0x27, 0x4C, 0x00, 0x27, 0x4C, 
    0x00, 0x27, 0x4C, 0x00, 0x27, 0x4C, 0x00, 0x27, 0x4C, 0x00, 0x27, 0x4C, 
    0x00, 0x27, 0x4C, 0x00, 0x27, 0x4C, 0x00, 0x27, 0x4C, 0x00, 0x27, 0x4C, 
    0x00, 0x27, 0x4C, 0x00, 0x27, 0x4C, 0x00, 0x27, 0x4C, 0x00, 0x27, 0x4C, 
    0x00, 0x27, 0x4C, 0x00, 0x27, 0x4C, 0x00, 0x27, 0x4C, 0x00, 0x27, 0x4C, 
    0x00, 0x27, 0x4C, 0x00, 0x27, 0x4C, 0x00, 0x27, 0x4C, 0x00, 0x27, 0x4C, 
    0x00, 0x27, 0x4C, 0x00, 0x27, 0x4C, 0x00, 0x27, 0x4C, 0x00, 0x27, 0x4C, 
    0x00, 0x27, 0x4C, 0x00, 0x27, 0x4C, 0x00, 0x27, 0x4C, 0x00, 0x27, 0x4C, 
    0x00, 0x27, 0x4C, 0x00, 0x27, 0x4C, 0x00, 0x27, 0x4C, 0x00, 0x27, 0x4C, 
    0x00, 0x27, 0x4C, 0x00, 0x27, 0x4C, 0x00, 0x27, 0x4C, 0x00, 0x27, 0x4C, 
    0x00, 0x27, 0x4C, 0x00, 0x27, 0x4C, 0x00, 0x27, 0x4C, 0x00, 0x27, 0x4C, 
    0x00, 0x27, 0x4C, 0x00, 0x27, 0x4C, 0x00, 0x27, 0x4C, 0x00, 0x27, 0x4C, 
    0x00, 0x27, 0x4C, 0x00, 0x27, 0x4C, 0x00, 0x27, 0x4C, 0x00, 0x27, 0x4C, 
    0x00, 0x27, 0x4C, 0x00, 0x27, 0x4C, 0x00, 0x27, 0x4C, 0x00, 0x27, 0x4C, 
    0x00, 0x27, 0x4C, 0x00, 0x27, 0x4C, 0x00, 0x27, 0x4C, 0x00, 0x27, 0x4C, 
    0x00, 0x27, 0x4C, 0x00, 0x27, 0x4C, 0x00, 0x27, 0x4C, 0x00, 0x27, 0x4C, 
    0x00, 0x27, 0x4C, 0x00, 0x27, 0x4C, 0x00, 0x27, 0x4C, 0x00, 0x27, 0x4C, 
    0x00, 0x27, 0x4C, 0x00, 0x27, 0x4C, 0x00, 0x27, 0x4C, 0x00, 0x27, 0x4C, 
    0x00, 0x27, 0x4C, 0x00, 0x27, 0x4C, 0x00, 0x27, 0x4C, 0x00, 0x27, 0x4C, 
    0x00, 0x27, 0x4C, 0x00, 0x27, 0x4C, 0x00, 0x27, 0x4C, 0x00, 0x27, 0x4C, 
    0x00, 0x27, 0x4C, 0x00, 0x28, 0x4C, 0x00, 0x23, 0x4E, 0x00, 0x1D, 0x50, 
    0x00, 0x1E, 0x50, 0x00, 0x1E, 0x50, 0x00, 0x1E, 0x50, 0x00, 0x1E, 0x50, 
    0x00, 0x1E, 0x50, 0x00, 0x1E, 0x50, 0x00, 0x1E, 0x50, 0x00, 0x1E, 0x50, 
    0x00, 0x1E, 0x50, 0x00, 0x1E, 0x50, 0x00, 0x1E, 0x50, 0x00, 0x1E, 0x50, 
    0x00, 0x1E, 0x50, 0x00, 0x1E, 0x50, 0x00, 0x1E, 0x50, 0x00, 0x1E, 0x50, 
    0x00, 0x1E, 0x50, 0x00, 0x1E, 0x50, 0x00, 0x1E, 0x50, 0x00, 0x1E, 0x50, 
    0x00, 0x1E, 0x50, 0x00, 0x1E, 0x50, 0x00, 0x1E, 0x50, 0x00, 0x1E, 0x50, 
    0x00, 0x1E, 0x50, 0x00, 0x1D, 0x50, 0x00, 0x1E, 0x50, 0x01, 0x27, 0x4C, 
    0x00, 0x27, 0x4C, 0x00, 0x27, 0x4C, 0x00, 0x27, 0x4C, 0x00, 0x27, 0x4C, 
    0x00, 0x27, 0x4C, 0x00, 0x27, 0x4C, 0x00, 0x27, 0x4C, 0x00, 0x27, 0x4C, 
    0x00, 0x27, 0x4C, 0x00, 0x27, 0x4C, 0x00, 0x27, 0x4C, 0x00, 0x27, 0x4C, 
    0x00, 0x27, 0x4C, 0x00, 0x27, 0x4C, 0x00, 0x27, 0x4C, 0x00, 0x27, 0x4C, 
    0x00, 0x27, 0x4C, 0x00, 0x27, 0x4C, 0x00, 0x27, 0x4C, 0x00, 0x27, 0x4C, 
    0x00, 0x27, 0x4C, 0x00, 0x27, 0x4C, 0x00, 0x27, 0x4C, 0x00, 0x27, 0x4C, 
    0x00, 0x27, 0x4C, 0x00, 0x27, 0x4C, 0x00, 0x27, 0x4C, 0x00, 0x27, 0x4C, 
    0x00, 0x27, 0x4C, 0x00, 0x27, 0x4C, 0x00, 0x27, 0x4C, 0x00, 0x27, 0x4C, 
    0x00, 0x27, 0x4C, 0x00, 0x27, 0x4C, 0x00, 0x27, 0x4C, 0x00, 0x27, 0x4C, 
    0x01, 0x27, 0x4C, 0x00, 0x1F, 0x50, 0x00, 0x1D, 0x50, 0x00, 0x1E, 0x50, 
    0x00, 0x1E, 0x50, 0x00, 0x1E, 0x50, 0x00, 0x1E, 0x50, 0x00, 0x1E, 0x50, 
    0x00, 0x1E, 0x50, 0x00, 0x1E, 0x50, 0x00, 0x1E, 0x50, 0x00, 0x1E, 0x50, 
    0x00, 0x1E, 0x50, 0x00, 0x1E, 0x50, 0x00, 0x1E, 0x50, 0x00, 0x1E, 0x50, 
    0x00, 0x1E, 0x50, 0x00, 0x1E, 0x50, 0x00, 0x1E, 0x50, 0x00, 0x1E, 0x50, 
    0x00, 0x1E, 0x50, 0x00, 0x1E, 0x50, 0x00, 0x1E, 0x50, 0x00, 0x1E, 0x50, 
    0x00, 0x1E, 0x50, 0x00, 0x1E, 0x50, 0x00, 0x1E, 0x50, 0x00, 0x1E, 0x50, 
    0x00, 0x1D, 0x50, 0x00, 0x23, 0x4E, 0x00, 0x28, 0x4C, 0x00, 0x27, 0x4C, 
    0x00, 0x27, 0x4C, 0x00, 0x27, 0x4C, 0x00, 0x27, 0x4C, 0x00, 0x27, 0x4C, 
    0x00, 0x27, 0x4C, 0x00, 0x27, 0x4C, 0x00, 0x27, 0x4C, 0x00, 0x27, 0x4C, 
    0x00, 0x27, 0x4C, 0x00, 0x27, 0x4C, 0x00, 0x27, 0x4C, 0x00, 0x27, 0x4C, 
    0x00, 0x27, 0x4C, 0x00, 0x27, 0x4C, 0x00, 0x27, 0x4C, 0x00, 0x27, 0x4C, 
    0x00, 0x27, 0x4C, 0x00, 0x27, 0x4C, 0x00, 0x27, 0x4C, 0x00, 0x27, 0x4C, 
    0x00, 0x27, 0x4C, 0x00, 0x27, 0x4C, 0x00, 0x27, 0x4C, 0x00, 0x27, 0x4C, 
    0x00, 0x27, 0x4C, 0x00, 0x27, 0x4C, 0x00, 0x27, 0x4C, 0x00, 0x27, 0x4C, 
    0x00, 0x27, 0x4C, 0x00, 0x27, 0x4C, 0x00, 0x27, 0x4C, 0x00, 0x27, 0x4C, 
    0x00, 0x27, 0x4C, 0x00, 0x27, 0x4C, 0x00, 0x27, 0x4C, 0x00, 0x27, 0x4C, 
    0x00, 0x27, 0x4C, 0x00, 0x27, 0x4C, 0x00, 0x27, 0x4C, 0x00, 0x27, 0x4C, 
    0x00, 0x27, 0x4C, 0x00, 0x27, 0x4C, 0x00, 0x27, 0x4C, 0x00, 0x27, 0x4C, 
    0x00, 0x27, 0x4C, 0x00, 0x27, 0x4C, 0x00, 0x27, 0x4C, 0x00, 0x27, 0x4C, 
    0x00, 0x27, 0x4C, 0x00, 0x27, 0x4C, 0x00, 0x27, 0x4C, 0x00, 0x27, 0x4C, 
    0x00, 0x27, 0x4C, 0x00, 0x27, 0x4C, 0x00, 0x27, 0x4C, 0x00, 0x27, 0x4C, 
    0x00, 0x27, 0x4C, 0x00, 0x27, 0x4C, 0x00, 0x27, 0x4C, 0x00, 0x27, 0x4C, 
    0x00, 0x27, 0x4C, 0x00, 0x27, 0x4C, 0x00, 0x27, 0x4C, 0x00, 0x27, 0x4C, 
    0x00, 0x27, 0x4C, 0x00, 0x27, 0x4C, 0x00, 0x27, 0x4C, 0x00, 0x27, 0x4C, 
    0x00, 0x27, 0x4C, 0x00, 0x27, 0x4C, 0x00, 0x27, 0x4C, 0x00, 0x27, 0x4C, 
    0x00, 0x27, 0x4C, 0x00, 0x27, 0x4C, 0x00, 0x27, 0x4C, 0x00, 0x27, 0x4C, 
    0x00, 0x27, 0x4C, 0x00, 0x27, 0x4C, 0x00, 0x27, 0x4C, 0x00, 0x27, 0x4C, 
    0x00, 0x27, 0x4C, 0x00, 0x27, 0x4C, 0x00, 0x27, 0x4C, 0x00, 0x27, 0x4C, 
    0x00, 0x27, 0x4C, 0x00, 0x27, 0x4C, 0x00, 0x27, 0x4C, 0x00, 0x27, 0x4C, 
    0x00, 0x27, 0x4C, 0x00, 0x27, 0x4C, 0x00, 0x27, 0x4C, 0x00, 0x27, 0x4C, 
    0x00, 0x27, 0x4C, 0x00, 0x27, 0x4C, 0x00, 0x27, 0x4C, 0x00, 0x27, 0x4C, 
    0x00, 0x27, 0x4C, 0x00, 0x27, 0x4C, 0x00, 0x27, 0x4C, 0x00, 0x27, 0x4C, 
    0x00, 0x27, 0x4C, 0x00, 0x27, 0x4C, 0x00, 0x27, 0x4C, 0x00, 0x27, 0x4C, 
    0x00, 0x27, 0x4C, 0x00, 0x27, 0x4C, 0x00, 0x27, 0x4C, 0x00, 0x27, 0x4C, 
    0x00, 0x27, 0x4C, 0x00, 0x27, 0x4C, 0x00, 0x27, 0x4C, 0x00, 0x27, 0x4C, 
    0x00, 0x27, 0x4C, 0x00, 0x27, 0x4C, 0x00, 0x27, 0x4C, 0x00, 0x27, 0x4C, 
    0x00, 0x27, 0x4C, 0x00, 0x27, 0x4C, 0x00, 0x27, 0x4C, 0x00, 0x27, 0x4C, 
    0x00, 0x27, 0x4C, 0x00, 0x27, 0x4C, 0x00, 0x27, 0x4C, 0x00, 0x27, 0x4C, 
    0x00, 0x27, 0x4C, 0x00, 0x27, 0x4C, 0x00, 0x27, 0x4C, 0x00, 0x27, 0x4C, 
    0x00, 0x27, 0x4C, 0x00, 0x27, 0x4C, 0x00, 0x27, 0x4C, 0x00, 0x27, 0x4C, 
    0x00, 0x27, 0x4C, 0x00, 0x27, 0x4C, 0x00, 0x27, 0x4C, 0x00, 0x27, 0x4C, 
    0x00, 0x27, 0x4C, 0x00, 0x27, 0x4C, 0x00, 0x27, 0x4C, 0x00, 0x27, 0x4C, 
    0x00, 0x27, 0x4C, 0x00, 0x27, 0x4C, 0x00, 0x27, 0x4C, 0x00, 0x27, 0x4C, 
    0x00, 0x27, 0x4C, 0x00, 0x27, 0x4C, 0x00, 0x27, 0x4C, 0x00, 0x27, 0x4C, 
    0x00, 0x27, 0x4C, 0x00, 0x27, 0x4C, 0x00, 0x27, 0x4C, 0x00, 0x27, 0x4C, 
    0x00, 0x27, 0x4C, 0x00, 0x27, 0x4C, 0x00, 0x27, 0x4C, 0x00, 0x27, 0x4C, 
    0x00, 0x27, 0x4C, 0x00, 0x27, 0x4C, 0x00, 0x27, 0x4C, 0x00, 0x27, 0x4C, 
    0x00, 0x27, 0x4C, 0x00, 0x27, 0x4C, 0x00, 0x27, 0x4C, 0x00, 0x27, 0x4C, 
    0x00, 0x27, 0x4C, 0x00, 0x27, 0x4C, 0x00, 0x27, 0x4C, 0x00, 0x27, 0x4C, 
    0x00, 0x27, 0x4C, 0x00, 0x27, 0x4C, 0x00, 0x27, 0x4C, 0x00, 0x27, 0x4C, 
    0x00, 0x27, 0x4C, 0x00, 0x27, 0x4C, 0x00, 0x27, 0x4C, 0x00, 0x27, 0x4C, 
    0x00, 0x27, 0x4C, 0x00, 0x27, 0x4C, 0x00, 0x27, 0x4C, 0x00, 0x27, 0x4C, 
    0x00, 0x27, 0x4C, 0x00, 0x27, 0x4C, 0x00, 0x27, 0x4C, 0x00, 0x27, 0x4C, 
    0x00, 0x27, 0x4C, 0x00, 0x27, 0x4C, 0x00, 0x27, 0x4C, 0x00, 0x27, 0x4C, 
    0x00, 0x27, 0x4C, 0x00, 0x27, 0x4C, 0x00, 0x27, 0x4C, 0x00, 0x27, 0x4C, 
    0x00, 0x27, 0x4C, 0x00, 0x27, 0x4C, 0x00, 0x27, 0x4C, 0x00, 0x27, 0x4C, 
    0x00, 0x27, 0x4C, 0x00, 0x27, 0x4C, 0x00, 0x27, 0x4C, 0x00, 0x27, 0x4C, 
    0x00, 0x27, 0x4C, 0x00, 0x27, 0x4C, 0x00, 0x27, 0x4C, 0x00, 0x27, 0x4C, 
    0x00, 0x27, 0x4C, 0x00, 0x27, 0x4C, 0x00, 0x27, 0x4C, 0x00, 0x27, 0x4C, 
    0x00, 0x27, 0x4C, 0x00, 0x27, 0x4C, 0x00, 0x27, 0x4C, 0x00, 0x27, 0x4C, 
    0x00, 0x27, 0x4C, 0x00, 0x27, 0x4C, 0x00, 0x27, 0x4C, 0x00, 0x27, 0x4C, 
    0x00, 0x27, 0x4C, 0x00, 0x27, 0x4C, 0x00, 0x27, 0x4C, 0x00, 0x27, 0x4C, 
    0x00, 0x27, 0x4C, 0x00, 0x27, 0x4C, 0x00, 0x27, 0x4C, 0x00, 0x27, 0x4C, 
    0x00, 0x27, 0x4C, 0x00, 0x27, 0x4C, 0x00, 0x27, 0x4C, 0x00, 0x27, 0x4C, 
    0x00, 0x27, 0x4C, 0x00, 0x27, 0x4C, 0x00, 0x27, 0x4C, 0x00, 0x27, 0x4C, 
    0x00, 0x27, 0x4C, 0x00, 0x27, 0x4C, 0x00, 0x27, 0x4C, 0x00, 0x27, 0x4C, 
    0x00, 0x27, 0x4C, 0x00, 0x27, 0x4C, 0x00, 0x27, 0x4C, 0x00, 0x27, 0x4C, 
    0x00, 0x27, 0x4C, 0x00, 0x27, 0x4C, 0x00, 0x27, 0x4C, 0x00, 0x27, 0x4C, 
    0x00, 0x27, 0x4C, 0x00, 0x27, 0x4C, 0x00, 0x27, 0x4C, 0x00, 0x27, 0x4C, 
    0x00, 0x27, 0x4C, 0x00, 0x27, 0x4C, 0x00, 0x27, 0x4C, 0x00, 0x27, 0x4C, 
    0x00, 0x27, 0x4C, 0x00, 0x27, 0x4C, 0x00, 0x27, 0x4C, 0x00, 0x27, 0x4C, 
    0x00, 0x27, 0x4C, 0x00, 0x27, 0x4C, 0x00, 0x27, 0x4C, 0x00, 0x27, 0x4C, 
    0x00, 0x27, 0x4C, 0x00, 0x27, 0x4C, 0x00, 0x27, 0x4C, 0x00, 0x27, 0x4C, 
    0x00, 0x27, 0x4C, 0x00, 0x27, 0x4C, 0x00, 0x27, 0x4C, 0x00, 0x27, 0x4C, 
    0x00, 0x27, 0x4C, 0x00, 0x27, 0x4C, 0x00, 0x27, 0x4C, 0x00, 0x27, 0x4C, 
    0x00, 0x27, 0x4C, 0x00, 0x27, 0x4C, 0x00, 0x27, 0x4C, 0x00, 0x27, 0x4C, 
    0x00, 0x27, 0x4C, 0x00, 0x27, 0x4C, 0x00, 0x27, 0x4C, 0x00, 0x27, 0x4C, 
    0x00, 0x27, 0x4C, 0x00, 0x27, 0x4C, 0x00, 0x27, 0x4C, 0x00, 0x27, 0x4C, 
    0x00, 0x27, 0x4C, 0x00, 0x27, 0x4C, 0x00, 0x27, 0x4C, 0x00, 0x27, 0x4C, 
    0x00, 0x27, 0x4C, 0x00, 0x27, 0x4C, 0x00, 0x27, 0x4C, 0x00, 0x27, 0x4C, 
    0x00, 0x27, 0x4C, 0x00, 0x27, 0x4C, 0x00, 0x27, 0x4C, 0x00, 0x27, 0x4C, 
    0x00, 0x27, 0x4C, 0x00, 0x27, 0x4C, 0x00, 0x27, 0x4C, 0x00, 0x27, 0x4C, 
    0x00, 0x27, 0x4C, 0x00, 0x27, 0x4C, 0x00, 0x27, 0x4C, 0x00, 0x27, 0x4C, 
    0x00, 0x27, 0x4C, 0x00, 0x27, 0x4C, 0x00, 0x27, 0x4C, 0x00, 0x27, 0x4C, 
    0x00, 0x27, 0x4C, 0x00, 0x27, 0x4C, 0x00, 0x27, 0x4C, 0x00, 0x27, 0x4C, 
    0x00, 0x27, 0x4C, 0x00, 0x27, 0x4C, 0x00, 0x27, 0x4C, 0x00, 0x27, 0x4C, 
    0x00, 0x27, 0x4C, 0x00, 0x27, 0x4C, 0x00, 0x27, 0x4C, 0x00, 0x27, 0x4C, 
    0x00, 0x27, 0x4C, 0x00, 0x27, 0x4C, 0x00, 0x27, 0x4C, 0x00, 0x27, 0x4C, 
    0x00, 0x27, 0x4C, 0x00, 0x27, 0x4C, 0x00, 0x27, 0x4C, 0x00, 0x27, 0x4C, 
    0x00, 0x27, 0x4C, 0x00, 0x27, 0x4C, 0x00, 0x27, 0x4C, 0x00, 0x27, 0x4C, 
    0x00, 0x27, 0x4C, 0x00, 0x27, 0x4C, 0x00, 0x27, 0x4C, 0x00, 0x27, 0x4C, 
    0x00, 0x27, 0x4C, 0x00, 0x27, 0x4C, 0x00, 0x27, 0x4C, 0x00, 0x27, 0x4C, 
    0x00, 0x27, 0x4C, 0x00, 0x27, 0x4C, 0x00, 0x27, 0x4C, 0x00, 0x27, 0x4C, 
    0x00, 0x27, 0x4C, 0x00, 0x27, 0x4C, 0x00, 0x27, 0x4C, 0x00, 0x27, 0x4C, 
    0x00, 0x27, 0x4C, 0x00, 0x27, 0x4C, 0x00, 0x27, 0x4C, 0x00, 0x27, 0x4C, 
    0x00, 0x27, 0x4C, 0x00, 0x27, 0x4C, 0x00, 0x27, 0x4C, 0x00, 0x27, 0x4C, 
    0x00, 0x27, 0x4C, 0x00, 0x27, 0x4C, 0x00, 0x27, 0x4C, 0x00, 0x27, 0x4C, 
    0x00, 0x27, 0x4C, 0x00, 0x27, 0x4C, 0x00, 0x27, 0x4C, 0x00, 0x27, 0x4C, 
    0x00, 0x27, 0x4C, 0x00, 0x27, 0x4C, 0x00, 0x27, 0x4C, 0x00, 0x27, 0x4C, 
    0x00, 0x27, 0x4C, 0x00, 0x27, 0x4C, 0x00, 0x27, 0x4C, 0x00, 0x27, 0x4C, 
    0x00, 0x27, 0x4C, 0x00, 0x27, 0x4C, 0x00, 0x27, 0x4C, 0x00, 0x27, 0x4C, 
    0x00, 0x27, 0x4C, 0x00, 0x27, 0x4C, 0x00, 0x27, 0x4C, 0x00, 0x27, 0x4C, 
    0x01, 0x28, 0x4C, 0x00, 0x24, 0x4D, 0x1D, 0x3A, 0x44, 0x47, 0x58, 0x37, 
    0x46, 0x54, 0x39, 0x47, 0x55, 0x38, 0x47, 0x55, 0x38, 0x47, 0x55, 0x38, 
    0x47, 0x55, 0x38, 0x47, 0x55, 0x38, 0x47, 0x55, 0x38, 0x47, 0x55, 0x38, 
    0x47, 0x55, 0x38, 0x47, 0x55, 0x38, 0x47, 0x55, 0x38, 0x47, 0x55, 0x38, 
    0x47, 0x55, 0x38, 0x47, 0x55, 0x38, 0x47, 0x55, 0x38, 0x47, 0x55, 0x38, 
    0x47, 0x55, 0x38, 0x47, 0x55, 0x38, 0x47, 0x55, 0x38, 0x47, 0x55, 0x38, 
    0x47, 0x55, 0x38, 0x47, 0x55, 0x38, 0x47, 0x55, 0x38, 0x47, 0x55, 0x38, 
    0x46, 0x54, 0x39, 0x47, 0x56, 0x38, 0x3F, 0x4F, 0x3A, 0x00, 0x26, 0x4D, 
    0x02, 0x28, 0x4C, 0x00, 0x27, 0x4C, 0x00, 0x27, 0x4C, 0x00, 0x27, 0x4C, 
    0x00, 0x27, 0x4C, 0x00, 0x27, 0x4C, 0x00, 0x27, 0x4C, 0x00, 0x27, 0x4C, 
    0x00, 0x27, 0x4C, 0x00, 0x27, 0x4C, 0x00, 0x27, 0x4C, 0x00, 0x27, 0x4C, 
    0x00, 0x27, 0x4C, 0x00, 0x27, 0x4C, 0x00, 0x27, 0x4C, 0x00, 0x27, 0x4C, 
    0x00, 0x27, 0x4C, 0x00, 0x27, 0x4C, 0x00, 0x27, 0x4C, 0x00, 0x27, 0x4C, 
    0x00, 0x27, 0x4C, 0x00, 0x27, 0x4C, 0x00, 0x27, 0x4C, 0x00, 0x27, 0x4C, 
    0x00, 0x27, 0x4C, 0x00, 0x27, 0x4C, 0x00, 0x27, 0x4C, 0x00, 0x27, 0x4C, 
    0x00, 0x27, 0x4C, 0x00, 0x27, 0x4C, 0x00, 0x27, 0x4C, 0x00, 0x27, 0x4C, 
    0x00, 0x27, 0x4C, 0x00, 0x27, 0x4C, 0x00, 0x27, 0x4C, 0x02, 0x28, 0x4C, 
    0x00, 0x26, 0x4C, 0x40, 0x4F, 0x3A, 0x47, 0x56, 0x38, 0x46, 0x54, 0x38, 
    0x47, 0x55, 0x38, 0x47, 0x55, 0x38, 0x47, 0x55, 0x38, 0x47, 0x55, 0x38, 
    0x47, 0x55, 0x38, 0x47, 0x55, 0x38, 0x47, 0x55, 0x38, 0x47, 0x55, 0x38, 
    0x47, 0x55, 0x38, 0x47, 0x55, 0x38, 0x47, 0x55, 0x38, 0x47, 0x55, 0x38, 
    0x47, 0x55, 0x38, 0x47, 0x55, 0x38, 0x47, 0x55, 0x38, 0x47, 0x55, 0x38, 
    0x47, 0x55, 0x38, 0x47, 0x55, 0x38, 0x47, 0x55, 0x38, 0x47, 0x55, 0x38, 
    0x47, 0x55, 0x38, 0x47, 0x55, 0x38, 0x47, 0x55, 0x38, 0x46, 0x54, 0x39, 
    0x47, 0x58, 0x37, 0x1C, 0x39, 0x44, 0x00, 0x24, 0x4D, 0x01, 0x28, 0x4C, 
    0x00, 0x27, 0x4C, 0x00, 0x27, 0x4C, 0x00, 0x27, 0x4C, 0x00, 0x27, 0x4C, 
    0x00, 0x27, 0x4C, 0x00, 0x27, 0x4C, 0x00, 0x27, 0x4C, 0x00, 0x27, 0x4C, 
    0x01, 0x28, 0x4D, 0x01, 0x28, 0x4D, 0x00, 0x27, 0x4C, 0x00, 0x27, 0x4C, 
    0x00, 0x27, 0x4C, 0x00, 0x27, 0x4C, 0x00, 0x27, 0x4C, 0x00, 0x27, 0x4C, 
    0x00, 0x27, 0x4C, 0x00, 0x27, 0x4C, 0x00, 0x27, 0x4C, 0x00, 0x27, 0x4C, 
    0x00, 0x27, 0x4C, 0x00, 0x27, 0x4C, 0x00, 0x27, 0x4C, 0x00, 0x27, 0x4C, 
    0x00, 0x27, 0x4C, 0x00, 0x27, 0x4C, 0x00, 0x27, 0x4C, 0x00, 0x27, 0x4C, 
    0x00, 0x27, 0x4C, 0x00, 0x27, 0x4C, 0x00, 0x27, 0x4C, 0x00, 0x27, 0x4C, 
    0x00, 0x27, 0x4C, 0x00, 0x27, 0x4C, 0x00, 0x27, 0x4C, 0x00, 0x27, 0x4C, 
    0x00, 0x27, 0x4C, 0x00, 0x27, 0x4C, 0x00, 0x27, 0x4C, 0x00, 0x27, 0x4C, 
    0x00, 0x27, 0x4C, 0x00, 0x27, 0x4C, 0x00, 0x27, 0x4C, 0x00, 0x27, 0x4C, 
    0x00, 0x27, 0x4C, 0x00, 0x27, 0x4C, 0x00, 0x27, 0x4C, 0x00, 0x27, 0x4C, 
    0x00, 0x27, 0x4C, 0x00, 0x27, 0x4C, 0x00, 0x27, 0x4C, 0x00, 0x27, 0x4C, 
    0x00, 0x27, 0x4C, 0x00, 0x27, 0x4C, 0x00, 0x27, 0x4C, 0x00, 0x27, 0x4C, 
    0x00, 0x27, 0x4C, 0x00, 0x27, 0x4C, 0x00, 0x27, 0x4C, 0x00, 0x27, 0x4C, 
    0x00, 0x27, 0x4C, 0x00, 0x27, 0x4C, 0x00, 0x27, 0x4C, 0x00, 0x27, 0x4C, 
    0x00, 0x27, 0x4C, 0x00, 0x27, 0x4C, 0x00, 0x27, 0x4C, 0x00, 0x27, 0x4C, 
    0x00, 0x27, 0x4C, 0x00, 0x27, 0x4C, 0x00, 0x27, 0x4C, 0x00, 0x27, 0x4C, 
    0x00, 0x27, 0x4C, 0x00, 0x27, 0x4C, 0x00, 0x27, 0x4C, 0x00, 0x27, 0x4C, 
    0x00, 0x27, 0x4C, 0x00, 0x27, 0x4C, 0x00, 0x27, 0x4C, 0x00, 0x27, 0x4C, 
    0x00, 0x27, 0x4C, 0x00, 0x27, 0x4C, 0x00, 0x27, 0x4C, 0x00, 0x27, 0x4C, 
    0x00, 0x27, 0x4C, 0x00, 0x27, 0x4C, 0x00, 0x27, 0x4C, 0x00, 0x27, 0x4C, 
    0x00, 0x27, 0x4C, 0x00, 0x27, 0x4C, 0x00, 0x27, 0x4C, 0x00, 0x27, 0x4C, 
    0x00, 0x27, 0x4C, 0x00, 0x27, 0x4C, 0x00, 0x27, 0x4C, 0x00, 0x27, 0x4C, 
    0x00, 0x27, 0x4C, 0x00, 0x27, 0x4C, 0x00, 0x27, 0x4C, 0x00, 0x27, 0x4C, 
    0x00, 0x27, 0x4C, 0x00, 0x27, 0x4C, 0x00, 0x27, 0x4C, 0x00, 0x27, 0x4C, 
    0x00, 0x27, 0x4C, 0x00, 0x27, 0x4C, 0x00, 0x27, 0x4C, 0x00, 0x27, 0x4C, 
    0x00, 0x27, 0x4C, 0x00, 0x27, 0x4C, 0x00, 0x27, 0x4C, 0x00, 0x27, 0x4C, 
    0x00, 0x27, 0x4C, 0x00, 0x27, 0x4C, 0x00, 0x27, 0x4C, 0x00, 0x27, 0x4C, 
    0x00, 0x27, 0x4C, 0x00, 0x27, 0x4C, 0x00, 0x27, 0x4C, 0x00, 0x27, 0x4C, 
    0x00, 0x27, 0x4C, 0x00, 0x27, 0x4C, 0x00, 0x27, 0x4C, 0x00, 0x27, 0x4C, 
    0x00, 0x27, 0x4C, 0x00, 0x27, 0x4C, 0x00, 0x27, 0x4C, 0x00, 0x27, 0x4C, 
    0x00, 0x27, 0x4C, 0x00, 0x27, 0x4C, 0x00, 0x27, 0x4C, 0x00, 0x27, 0x4C, 
    0x00, 0x27, 0x4C, 0x00, 0x27, 0x4C, 0x00, 0x27, 0x4C, 0x00, 0x27, 0x4C, 
    0x00, 0x27, 0x4C, 0x00, 0x27, 0x4C, 0x00, 0x27, 0x4C, 0x00, 0x27, 0x4C, 
    0x00, 0x27, 0x4C, 0x00, 0x27, 0x4C, 0x00, 0x27, 0x4C, 0x00, 0x27, 0x4C, 
    0x00, 0x27, 0x4C, 0x00, 0x27, 0x4C, 0x00, 0x27, 0x4C, 0x00, 0x27, 0x4C, 
    0x00, 0x27, 0x4C, 0x00, 0x27, 0x4C, 0x00, 0x27, 0x4C, 0x00, 0x27, 0x4C, 
    0x00, 0x27, 0x4C, 0x00, 0x27, 0x4C, 0x00, 0x27, 0x4C, 0x00, 0x27, 0x4C, 
    0x00, 0x27, 0x4C, 0x00, 0x27, 0x4C, 0x00, 0x27, 0x4C, 0x00, 0x27, 0x4C, 
    0x00, 0x27, 0x4C, 0x00, 0x27, 0x4C, 0x00, 0x27, 0x4C, 0x00, 0x27, 0x4C, 
    0x00, 0x27, 0x4C, 0x00, 0x27, 0x4C, 0x00, 0x27, 0x4C, 0x00, 0x27, 0x4C, 
    0x00, 0x27, 0x4C, 0x00, 0x27, 0x4C, 0x00, 0x27, 0x4C, 0x00, 0x27, 0x4C, 
    0x00, 0x27, 0x4C, 0x00, 0x27, 0x4C, 0x00, 0x27, 0x4C, 0x00, 0x27, 0x4C, 
    0x00, 0x27, 0x4C, 0x00, 0x27, 0x4C, 0x00, 0x27, 0x4C, 0x00, 0x27, 0x4C, 
    0x00, 0x27, 0x4C, 0x00, 0x27, 0x4C, 0x00, 0x27, 0x4C, 0x00, 0x27, 0x4C, 
    0x00, 0x27, 0x4C, 0x00, 0x27, 0x4C, 0x00, 0x27, 0x4C, 0x00, 0x27, 0x4C, 
    0x00, 0x27, 0x4C, 0x00, 0x27, 0x4C, 0x00, 0x27, 0x4C, 0x00, 0x27, 0x4C, 
    0x00, 0x27, 0x4C, 0x00, 0x27, 0x4C, 0x00, 0x27, 0x4C, 0x00, 0x27, 0x4C, 
    0x00, 0x27, 0x4C, 0x00, 0x27, 0x4C, 0x00, 0x27, 0x4C, 0x00, 0x27, 0x4C, 
    0x00, 0x27, 0x4C, 0x00, 0x27, 0x4C, 0x00, 0x27, 0x4C, 0x00, 0x27, 0x4C, 
    0x00, 0x27, 0x4C, 0x00, 0x27, 0x4C, 0x00, 0x27, 0x4C, 0x00, 0x27, 0x4C, 
    0x00, 0x27, 0x4C, 0x00, 0x27, 0x4C, 0x00, 0x27, 0x4C, 0x00, 0x27, 0x4C, 
    0x00, 0x27, 0x4C, 0x00, 0x27, 0x4C, 0x00, 0x27, 0x4C, 0x00, 0x27, 0x4C, 
    0x00, 0x27, 0x4C, 0x00, 0x27, 0x4C, 0x00, 0x27, 0x4C, 0x00, 0x27, 0x4C, 
    0x00, 0x27, 0x4C, 0x00, 0x27, 0x4C, 0x00, 0x27, 0x4C, 0x00, 0x27, 0x4C, 
    0x00, 0x27, 0x4C, 0x00, 0x27, 0x4C, 0x00, 0x27, 0x4C, 0x00, 0x27, 0x4C, 
    0x00, 0x27, 0x4C, 0x00, 0x27, 0x4C, 0x00, 0x27, 0x4C, 0x00, 0x27, 0x4C, 
    0x00, 0x27, 0x4C, 0x00, 0x27, 0x4C, 0x00, 0x27, 0x4C, 0x00, 0x27, 0x4C, 
    0x00, 0x27, 0x4C, 0x00, 0x27, 0x4C, 0x00, 0x27, 0x4C, 0x00, 0x27, 0x4C, 
    0x00, 0x27, 0x4C, 0x00, 0x27, 0x4C, 0x00, 0x27, 0x4C, 0x00, 0x27, 0x4C, 
    0x00, 0x27, 0x4C, 0x00, 0x27, 0x4C, 0x00, 0x27, 0x4C, 0x00, 0x27, 0x4C, 
    0x00, 0x27, 0x4C, 0x00, 0x27, 0x4C, 0x00, 0x27, 0x4C, 0x00, 0x27, 0x4C, 
    0x00, 0x27, 0x4C, 0x00, 0x27, 0x4C, 0x00, 0x27, 0x4C, 0x00, 0x27, 0x4C, 
    0x00, 0x27, 0x4C, 0x00, 0x27, 0x4C, 0x00, 0x27, 0x4C, 0x00, 0x27, 0x4C, 
    0x00, 0x27, 0x4C, 0x00, 0x27, 0x4C, 0x00, 0x27, 0x4C, 0x00, 0x27, 0x4C, 
    0x00, 0x27, 0x4C, 0x00, 0x27, 0x4C, 0x00, 0x27, 0x4C, 0x00, 0x27, 0x4C, 
    0x00, 0x27, 0x4C, 0x00, 0x27, 0x4C, 0x00, 0x27, 0x4C, 0x00, 0x27, 0x4C, 
    0x00, 0x27, 0x4C, 0x00, 0x27, 0x4C, 0x00, 0x27, 0x4C, 0x00, 0x27, 0x4C, 
    0x00, 0x27, 0x4C, 0x00, 0x27, 0x4C, 0x00, 0x27, 0x4C, 0x00, 0x27, 0x4C, 
    0x00, 0x27, 0x4C, 0x00, 0x27, 0x4C, 0x00, 0x27, 0x4C, 0x00, 0x27, 0x4C, 
    0x00, 0x27, 0x4C, 0x00, 0x27, 0x4C, 0x00, 0x27, 0x4C, 0x00, 0x27, 0x4C, 
    0x00, 0x27, 0x4C, 0x00, 0x27, 0x4C, 0x00, 0x27, 0x4C, 0x00, 0x27, 0x4C, 
    0x00, 0x27, 0x4C, 0x00, 0x27, 0x4C, 0x00, 0x27, 0x4C, 0x00, 0x27, 0x4C, 
    0x00, 0x27, 0x4C, 0x00, 0x27, 0x4C, 0x00, 0x27, 0x4C, 0x00, 0x27, 0x4C, 
    0x00, 0x27, 0x4C, 0x00, 0x27, 0x4C, 0x00, 0x27, 0x4C, 0x00, 0x27, 0x4C, 
    0x00, 0x27, 0x4C, 0x00, 0x27, 0x4C, 0x00, 0x27, 0x4C, 0x00, 0x27, 0x4C, 
    0x00, 0x27, 0x4C, 0x00, 0x27, 0x4C, 0x00, 0x27, 0x4C, 0x00, 0x27, 0x4C, 
    0x00, 0x27, 0x4C, 0x00, 0x27, 0x4C, 0x00, 0x27, 0x4C, 0x00, 0x27, 0x4C, 
    0x00, 0x27, 0x4C, 0x00, 0x27, 0x4C, 0x00, 0x27, 0x4C, 0x00, 0x27, 0x4C, 
    0x00, 0x27, 0x4C, 0x00, 0x27, 0x4C, 0x00, 0x27, 0x4C, 0x00, 0x27, 0x4C, 
    0x00, 0x27, 0x4C, 0x00, 0x27, 0x4C, 0x00, 0x27, 0x4C, 0x00, 0x27, 0x4C, 
    0x00, 0x27, 0x4C, 0x00, 0x27, 0x4C, 0x00, 0x27, 0x4C, 0x00, 0x27, 0x4C, 
    0x00, 0x27, 0x4C, 0x00, 0x27, 0x4C, 0x00, 0x27, 0x4C, 0x00, 0x27, 0x4C, 
    0x00, 0x27, 0x4C, 0x00, 0x27, 0x4C, 0x00, 0x27, 0x4C, 0x00, 0x27, 0x4C, 
    0x00, 0x27, 0x4C, 0x00, 0x27, 0x4C, 0x00, 0x27, 0x4C, 0x00, 0x27, 0x4C, 
    0x00, 0x27, 0x4C, 0x00, 0x27, 0x4C, 0x00, 0x27, 0x4C, 0x00, 0x27, 0x4C, 
    0x00, 0x27, 0x4C, 0x00, 0x27, 0x4C, 0x00, 0x27, 0x4C, 0x00, 0x27, 0x4C, 
    0x00, 0x27, 0x4C, 0x00, 0x27, 0x4C, 0x00, 0x27, 0x4C, 0x00, 0x27, 0x4C, 
    0x00, 0x27, 0x4C, 0x00, 0x27, 0x4C, 0x00, 0x27, 0x4C, 0x00, 0x27, 0x4C, 
    0x00, 0x27, 0x4C, 0x00, 0x27, 0x4C, 0x00, 0x27, 0x4C, 0x00, 0x27, 0x4C, 
    0x00, 0x27, 0x4C, 0x00, 0x27, 0x4C, 0x00, 0x27, 0x4C, 0x00, 0x27, 0x4C, 
    0x00, 0x27, 0x4C, 0x00, 0x27, 0x4C, 0x00, 0x27, 0x4C, 0x00, 0x27, 0x4C, 
    0x00, 0x27, 0x4C, 0x00, 0x27, 0x4C, 0x00, 0x27, 0x4C, 0x00, 0x27, 0x4C, 
    0x00, 0x27, 0x4C, 0x00, 0x27, 0x4C, 0x00, 0x27, 0x4C, 0x00, 0x27, 0x4C, 
    0x04, 0x2A, 0x4B, 0x00, 0x1A, 0x51, 0x70, 0x6F, 0x2D, 0xFF, 0xE0, 0x00, 
    0xFF, 0xD0, 0x02, 0xFF, 0xD4, 0x01, 0xFF, 0xD4, 0x01, 0xFF, 0xD4, 0x01, 
    0xFF, 0xD4, 0x01, 0xFF, 0xD4, 0x01, 0xFF, 0xD4, 0x01, 0xFF, 0xD4, 0x01, 
    0xFF, 0xD4, 0x01, 0xFF, 0xD4, 0x01, 0xFF, 0xD4, 0x01, 0xFF, 0xD4, 0x01, 
    0xFF, 0xD4, 0x01, 0xFF, 0xD4, 0x01, 0xFF, 0xD4, 0x01, 0xFF, 0xD4, 0x01, 
    0xFF, 0xD4, 0x01, 0xFF, 0xD4, 0x01, 0xFF, 0xD4, 0x01, 0xFF, 0xD4, 0x01, 
    0xFF, 0xD4, 0x01, 0xFF, 0xD4, 0x01, 0xFF, 0xD4, 0x01, 0xFF, 0xD4, 0x01, 
    0xFF, 0xD3, 0x01, 0xFF, 0xD2, 0x02, 0xFF, 0xDA, 0x00, 0x56, 0x5C, 0x31, 
    0x00, 0x18, 0x53, 0x05, 0x2B, 0x4B, 0x00, 0x27, 0x4C, 0x00, 0x27, 0x4C, 
    0x00, 0x27, 0x4C, 0x00, 0x27, 0x4C, 0x00, 0x27, 0x4C, 0x00, 0x27, 0x4C, 
    0x00, 0x27, 0x4C, 0x00, 0x27, 0x4C, 0x00, 0x27, 0x4C, 0x00, 0x27, 0x4C, 
    0x00, 0x27, 0x4C, 0x00, 0x27, 0x4C, 0x00, 0x27, 0x4C, 0x00, 0x27, 0x4C, 
    0x00, 0x27, 0x4C, 0x00, 0x27, 0x4C, 0x00, 0x27, 0x4C, 0x00, 0x27, 0x4C, 
    0x00, 0x27, 0x4C, 0x00, 0x27, 0x4C, 0x00, 0x27, 0x4C, 0x00, 0x27, 0x4C, 
    0x00, 0x27, 0x4C, 0x00, 0x27, 0x4C, 0x00, 0x27, 0x4C, 0x00, 0x27, 0x4C, 
    0x00, 0x27, 0x4C, 0x00, 0x27, 0x4C, 0x00, 0x27, 0x4C, 0x00, 0x27, 0x4C, 
    0x00, 0x27, 0x4C, 0x00, 0x27, 0x4C, 0x05, 0x2B, 0x4A, 0x00, 0x18, 0x52, 
    0x51, 0x59, 0x34, 0xFF, 0xD8, 0x00, 0xFF, 0xD3, 0x02, 0xFF, 0xD3, 0x01, 
    0xFF, 0xD4, 0x01, 0xFF, 0xD4, 0x01, 0xFF, 0xD4, 0x01, 0xFF, 0xD4, 0x01, 
    0xFF, 0xD4, 0x01, 0xFF, 0xD4, 0x01, 0xFF, 0xD4, 0x01, 0xFF, 0xD4, 0x01, 
    0xFF, 0xD4, 0x01, 0xFF, 0xD4, 0x01, 0xFF, 0xD4, 0x01, 0xFF, 0xD4, 0x01, 
    0xFF, 0xD4, 0x01, 0xFF, 0xD4, 0x01, 0xFF, 0xD4, 0x01, 0xFF, 0xD4, 0x01, 
    0xFF, 0xD4, 0x01, 0xFF, 0xD4, 0x01, 0xFF, 0xD4, 0x01, 0xFF, 0xD4, 0x01, 
    0xFF, 0xD4, 0x01, 0xFF, 0xD4, 0x01, 0xFF, 0xD4, 0x01, 0xFF, 0xD0, 0x02, 
    0xFF, 0xE0, 0x00, 0x6A, 0x6B, 0x2F, 0x00, 0x1A, 0x51, 0x04, 0x2A, 0x4B, 
    0x00, 0x27, 0x4C, 0x00, 0x27, 0x4C, 0x00, 0x27, 0x4C, 0x00, 0x27, 0x4C, 
    0x00, 0x27, 0x4C, 0x00, 0x27, 0x4C, 0x00, 0x27, 0x4C, 0x00, 0x28, 0x4D, 
    0x00, 0x24, 0x4A, 0x00, 0x23, 0x49, 0x00, 0x28, 0x4D, 0x00, 0x27, 0x4C, 
    0x00, 0x27, 0x4C, 0x00, 0x27, 0x4C, 0x00, 0x27, 0x4C, 0x00, 0x27, 0x4C, 
    0x00, 0x27, 0x4C, 0x00, 0x27, 0x4C, 0x00, 0x27, 0x4C, 0x00, 0x27, 0x4C, 
    0x00, 0x27, 0x4C, 0x00, 0x27, 0x4C, 0x00, 0x27, 0x4C, 0x00, 0x27, 0x4C, 
    0x00, 0x27, 0x4C, 0x00, 0x27, 0x4C, 0x00, 0x27, 0x4C, 0x00, 0x27, 0x4C, 
    0x00, 0x27, 0x4C, 0x00, 0x27, 0x4C, 0x00, 0x27, 0x4C, 0x00, 0x27, 0x4C, 
    0x00, 0x27, 0x4C, 0x00, 0x27, 0x4C, 0x00, 0x27, 0x4C, 0x00, 0x27, 0x4C, 
    0x00, 0x27, 0x4C, 0x00, 0x27, 0x4C, 0x00, 0x27, 0x4C, 0x00, 0x27, 0x4C, 
    0x00, 0x27, 0x4C, 0x00, 0x27, 0x4C, 0x00, 0x27, 0x4C, 0x00, 0x27, 0x4C, 
    0x00, 0x27, 0x4C, 0x00, 0x27, 0x4C, 0x00, 0x27, 0x4C, 0x00, 0x27, 0x4C, 
    0x00, 0x27, 0x4C, 0x00, 0x27, 0x4C, 0x00, 0x27, 0x4C, 0x00, 0x27, 0x4C, 
    0x00, 0x27, 0x4C, 0x00, 0x27, 0x4C, 0x00, 0x27, 0x4C, 0x00, 0x27, 0x4C, 
    0x00, 0x27, 0x4C, 0x00, 0x27, 0x4C, 0x00, 0x27, 0x4C, 0x00, 0x27, 0x4C, 
    0x00, 0x27, 0x4C, 0x00, 0x27, 0x4C, 0x00, 0x27, 0x4C, 0x00, 0x27, 0x4C, 
    0x00, 0x27, 0x4C, 0x00, 0x27, 0x4C, 0x00, 0x27, 0x4C, 0x00, 0x27, 0x4C, 
    0x00, 0x27, 0x4C, 0x00, 0x27, 0x4C, 0x00, 0x27, 0x4C, 0x00, 0x27, 0x4C, 
    0x00, 0x27, 0x4C, 0x00, 0x27, 0x4C, 0x00, 0x27, 0x4C, 0x00, 0x27, 0x4C, 
    0x00, 0x27, 0x4C, 0x00, 0x27, 0x4C, 0x00, 0x27, 0x4C, 0x00, 0x27, 0x4C, 
    0x00, 0x27, 0x4C, 0x00, 0x27, 0x4C, 0x00, 0x27, 0x4C, 0x00, 0x27, 0x4C, 
    0x00, 0x27, 0x4C, 0x00, 0x27, 0x4C, 0x00, 0x27, 0x4C, 0x00, 0x27, 0x4C, 
    0x00, 0x27, 0x4C, 0x00, 0x27, 0x4C, 0x00, 0x27, 0x4C, 0x00, 0x27, 0x4C, 
    0x00, 0x27, 0x4C, 0x00, 0x27, 0x4C, 0x00, 0x27, 0x4C, 0x00, 0x27, 0x4C, 
    0x00, 0x27, 0x4C, 0x00, 0x27, 0x4C, 0x00, 0x27, 0x4C, 0x00, 0x27, 0x4C, 
    0x00, 0x27, 0x4C, 0x00, 0x27, 0x4C, 0x00, 0x27, 0x4C, 0x00, 0x27, 0x4C, 
    0x00, 0x27, 0x4C, 0x00, 0x27, 0x4C, 0x00, 0x27, 0x4C, 0x00, 0x27, 0x4C, 
    0x00, 0x27, 0x4C, 0x00, 0x27, 0x4C, 0x00, 0x27, 0x4C, 0x00, 0x27, 0x4C, 
    0x00, 0x27, 0x4C, 0x00, 0x27, 0x4C, 0x00, 0x27, 0x4C, 0x00, 0x27, 0x4C, 
    0x00, 0x27, 0x4C, 0x00, 0x27, 0x4C, 0x00, 0x27, 0x4C, 0x00, 0x27, 0x4C, 
    0x00, 0x27, 0x4C, 0x00, 0x27, 0x4C, 0x00, 0x27, 0x4C, 0x00, 0x27, 0x4C, 
    0x00, 0x27, 0x4C, 0x00, 0x27, 0x4C, 0x00, 0x27, 0x4C, 0x00, 0x27, 0x4C, 
    0x00, 0x27, 0x4C, 0x00, 0x27, 0x4C, 0x00, 0x27, 0x4C, 0x00, 0x27, 0x4C, 
    0x00, 0x27, 0x4C, 0x00, 0x27, 0x4C, 0x00, 0x27, 0x4C, 0x00, 0x27, 0x4C, 
    0x00, 0x27, 0x4C, 0x00, 0x27, 0x4C, 0x00, 0x27, 0x4C, 0x00, 0x27, 0x4C, 
    0x00, 0x27, 0x4C, 0x00, 0x27, 0x4C, 0x00, 0x27, 0x4C, 0x00, 0x27, 0x4C, 
    0x00, 0x27, 0x4C, 0x00, 0x27, 0x4C, 0x00, 0x27, 0x4C, 0x00, 0x27, 0x4C, 
    0x00, 0x27, 0x4C, 0x00, 0x27, 0x4C, 0x00, 0x27, 0x4C, 0x00, 0x27, 0x4C, 
    0x00, 0x27, 0x4C, 0x00, 0x27, 0x4C, 0x00, 0x27, 0x4C, 0x00, 0x27, 0x4C, 
    0x00, 0x27, 0x4C, 0x00, 0x27, 0x4C, 0x00, 0x27, 0x4C, 0x00, 0x27, 0x4C, 
    0x00, 0x27, 0x4C, 0x00, 0x27, 0x4C, 0x00, 0x27, 0x4C, 0x00, 0x27, 0x4C, 
    0x00, 0x27, 0x4C, 0x00, 0x27, 0x4C, 0x00, 0x27, 0x4C, 0x00, 0x27, 0x4C, 
    0x00, 0x27, 0x4C, 0x00, 0x27, 0x4C, 0x00, 0x27, 0x4C, 0x00, 0x27, 0x4C, 
    0x00, 0x27, 0x4C, 0x00, 0x27, 0x4C, 0x00, 0x27, 0x4C, 0x00, 0x27, 0x4C, 
    0x00, 0x27, 0x4C, 0x00, 0x27, 0x4C, 0x00, 0x27, 0x4C, 0x00, 0x27, 0x4C, 
    0x00, 0x27, 0x4C, 0x00, 0x27, 0x4C, 0x00, 0x27, 0x4C, 0x00, 0x27, 0x4C, 
    0x00, 0x27, 0x4C, 0x00, 0x27, 0x4C, 0x00, 0x27, 0x4C, 0x00, 0x27, 0x4C, 
    0x00, 0x27, 0x4C, 0x00, 0x27, 0x4C, 0x00, 0x27, 0x4C, 0x00, 0x27, 0x4C, 
    0x00, 0x27, 0x4C, 0x00, 0x27, 0x4C, 0x00, 0x27, 0x4C, 0x00, 0x27, 0x4C, 
    0x00, 0x27, 0x4C, 0x00, 0x27, 0x4C, 0x00, 0x27, 0x4C, 0x00, 0x27, 0x4C, 
    0x00, 0x27, 0x4C, 0x00, 0x27, 0x4C, 0x00, 0x27, 0x4C, 0x00, 0x27, 0x4C, 
    0x00, 0x27, 0x4C, 0x00, 0x27, 0x4C, 0x00, 0x27, 0x4C, 0x00, 0x27, 0x4C, 
    0x00, 0x27, 0x4C, 0x00, 0x27, 0x4C, 0x00, 0x27, 0x4C, 0x00, 0x27, 0x4C, 
    0x00, 0x27, 0x4C, 0x00, 0x27, 0x4C, 0x00, 0x27, 0x4C, 0x00, 0x27, 0x4C, 
    0x00, 0x27, 0x4C, 0x00, 0x27, 0x4C, 0x00, 0x27, 0x4C, 0x00, 0x27, 0x4C, 
    0x00, 0x27, 0x4C, 0x00, 0x27, 0x4C, 0x00, 0x27, 0x4C, 0x00, 0x27, 0x4C, 
    0x00, 0x27, 0x4C, 0x00, 0x27, 0x4C, 0x00, 0x27, 0x4C, 0x00, 0x27, 0x4C, 
    0x00, 0x27, 0x4C, 0x00, 0x27, 0x4C, 0x00, 0x27, 0x4C, 0x00, 0x27, 0x4C, 
    0x00, 0x27, 0x4C, 0x00, 0x27, 0x4C, 0x00, 0x27, 0x4C, 0x00, 0x27, 0x4C, 
    0x00, 0x27, 0x4C, 0x00, 0x27, 0x4C, 0x00, 0x27, 0x4C, 0x00, 0x27, 0x4C, 
    0x00, 0x27, 0x4C, 0x00, 0x27, 0x4C, 0x00, 0x27, 0x4C, 0x00, 0x27, 0x4C, 
    0x00, 0x27, 0x4C, 0x00, 0x27, 0x4C, 0x00, 0x27, 0x4C, 0x00, 0x27, 0x4C, 
    0x00, 0x27, 0x4C, 0x00, 0x27, 0x4C, 0x00, 0x27, 0x4C, 0x00, 0x27, 0x4C, 
    0x00, 0x27, 0x4C, 0x00, 0x27, 0x4C, 0x00, 0x27, 0x4C, 0x00, 0x27, 0x4C, 
    0x00, 0x27, 0x4C, 0x00, 0x27, 0x4C, 0x00, 0x27, 0x4C, 0x00, 0x27, 0x4C, 
    0x00, 0x27, 0x4C, 0x00, 0x27, 0x4C, 0x00, 0x27, 0x4C, 0x00, 0x27, 0x4C, 
    0x00, 0x27, 0x4C, 0x00, 0x27, 0x4C, 0x00, 0x27, 0x4C, 0x00, 0x27, 0x4C, 
    0x00, 0x27, 0x4C, 0x00, 0x27, 0x4C, 0x00, 0x27, 0x4C, 0x00, 0x27, 0x4C, 
    0x00, 0x27, 0x4C, 0x00, 0x27, 0x4C, 0x00, 0x27, 0x4C, 0x00, 0x27, 0x4C, 
    0x00, 0x27, 0x4C, 0x00, 0x27, 0x4C, 0x00, 0x27, 0x4C, 0x00, 0x27, 0x4C, 
    0x00, 0x27, 0x4C, 0x00, 0x27, 0x4C, 0x00, 0x27, 0x4C, 0x00, 0x27, 0x4C, 
    0x00, 0x27, 0x4C, 0x00, 0x27, 0x4C, 0x00, 0x27, 0x4C, 0x00, 0x27, 0x4C, 
    0x00, 0x27, 0x4C, 0x00, 0x27, 0x4C, 0x00, 0x27, 0x4C, 0x00, 0x27, 0x4C, 
    0x00, 0x27, 0x4C, 0x00, 0x27, 0x4C, 0x00, 0x27, 0x4C, 0x00, 0x27, 0x4C, 
    0x00, 0x27, 0x4C, 0x00, 0x27, 0x4C, 0x00, 0x27, 0x4C, 0x00, 0x27, 0x4C, 
    0x00, 0x27, 0x4C, 0x00, 0x27, 0x4C, 0x00, 0x27, 0x4C, 0x00, 0x27, 0x4C, 
    0x00, 0x27, 0x4C, 0x00, 0x27, 0x4C, 0x00, 0x27, 0x4C, 0x00, 0x27, 0x4C, 
    0x00, 0x27, 0x4C, 0x00, 0x27, 0x4C, 0x00, 0x27, 0x4C, 0x00, 0x27, 0x4C, 
    0x00, 0x27, 0x4C, 0x00, 0x27, 0x4C, 0x00, 0x27, 0x4C, 0x00, 0x27, 0x4C, 
    0x00, 0x27, 0x4C, 0x00, 0x27, 0x4C, 0x00, 0x27, 0x4C, 0x00, 0x27, 0x4C, 
    0x00, 0x27, 0x4C, 0x00, 0x27, 0x4C, 0x00, 0x27, 0x4C, 0x00, 0x27, 0x4C, 
    0x00, 0x27, 0x4C, 0x00, 0x27, 0x4C, 0x00, 0x27, 0x4C, 0x00, 0x27, 0x4C, 
    0x00, 0x27, 0x4C, 0x00, 0x27, 0x4C, 0x00, 0x27, 0x4C, 0x00, 0x27, 0x4C, 
    0x00, 0x27, 0x4C, 0x00, 0x27, 0x4C, 0x00, 0x27, 0x4C, 0x00, 0x27, 0x4C, 
    0x00, 0x27, 0x4C, 0x00, 0x27, 0x4C, 0x00, 0x27, 0x4C, 0x00, 0x27, 0x4C, 
    0x00, 0x27, 0x4C, 0x00, 0x27, 0x4C, 0x00, 0x27, 0x4C, 0x00, 0x27, 0x4C, 
    0x00, 0x27, 0x4C, 0x00, 0x27, 0x4C, 0x00, 0x27, 0x4C, 0x00, 0x27, 0x4C, 
    0x00, 0x27, 0x4C, 0x00, 0x27, 0x4C, 0x00, 0x27, 0x4C, 0x00, 0x27, 0x4C, 
    0x00, 0x27, 0x4C, 0x00, 0x27, 0x4C, 0x00, 0x27, 0x4C, 0x00, 0x27, 0x4C, 
    0x00, 0x27, 0x4C, 0x00, 0x27, 0x4C, 0x00, 0x27, 0x4C, 0x00, 0x27, 0x4C, 
    0x00, 0x27, 0x4C, 0x00, 0x27, 0x4C, 0x00, 0x27, 0x4C, 0x00, 0x27, 0x4C, 
    0x00, 0x27, 0x4C, 0x00, 0x27, 0x4C, 0x00, 0x27, 0x4C, 0x00, 0x27, 0x4C, 
    0x00, 0x27, 0x4C, 0x00, 0x27, 0x4C, 0x00, 0x27, 0x4C, 0x00, 0x27, 0x4C, 
    0x00, 0x27, 0x4C, 0x00, 0x27, 0x4C, 0x00, 0x27, 0x4C, 0x00, 0x27, 0x4C, 
    0x00, 0x27, 0x4C, 0x00, 0x27, 0x4C, 0x00, 0x27, 0x4C, 0x00, 0x27, 0x4C, 
    0x04, 0x2A, 0x4B, 0x00, 0x1B, 0x51, 0x69, 0x6A, 0x2F, 0xFC, 0xD5, 0x01, 
    0xF8, 0xC6, 0x07, 0xFC, 0xC9, 0x06, 0xFC, 0xC9, 0x06, 0xFC, 0xC9, 0x06, 
    0xFC, 0xC9, 0x06, 0xFC, 0xC9, 0x06, 0xFC, 0xC9, 0x06, 0xFC, 0xC9, 0x06, 
    0xFC, 0xC9, 0x06, 0xFC, 0xC9, 0x06, 0xFC, 0xC9, 0x06, 0xFC, 0xC9, 0x06, 
    0xFC, 0xC9, 0x06, 0xFC, 0xC9, 0x06, 0xFC, 0xC9, 0x06, 0xFC, 0xC9, 0x06, 
    0xFC, 0xC9, 0x06, 0xFC, 0xC9, 0x06, 0xFC, 0xC9, 0x06, 0xFC, 0xC9, 0x06, 
    0xFC, 0xC9, 0x06, 0xFC, 0xC9, 0x06, 0xFC, 0xC9, 0x06, 0xFC, 0xC9, 0x06, 
    0xFC, 0xC9, 0x06, 0xFB, 0xC8, 0x06, 0xFA, 0xCB, 0x06, 0xF1, 0xC8, 0x02, 
    0x58, 0x5A, 0x30, 0x00, 0x1D, 0x50, 0x04, 0x2A, 0x4B, 0x00, 0x27, 0x4C, 
    0x00, 0x27, 0x4C, 0x00, 0x27, 0x4C, 0x00, 0x27, 0x4C, 0x00, 0x27, 0x4C, 
    0x00, 0x27, 0x4C, 0x00, 0x27, 0x4C, 0x00, 0x27, 0x4C, 0x00, 0x27, 0x4C, 
    0x00, 0x27, 0x4C, 0x00, 0x27, 0x4C, 0x00, 0x27, 0x4C, 0x00, 0x27, 0x4C, 
    0x00, 0x27, 0x4C, 0x00, 0x27, 0x4C, 0x00, 0x27, 0x4C, 0x00, 0x27, 0x4C, 
    0x00, 0x27, 0x4C, 0x00, 0x27, 0x4C, 0x00, 0x27, 0x4C, 0x00, 0x27, 0x4C, 
    0x00, 0x27, 0x4C, 0x00, 0x27, 0x4C, 0x00, 0x27, 0x4C, 0x00, 0x27, 0x4C, 
    0x00, 0x27, 0x4C, 0x00, 0x27, 0x4C, 0x00, 0x27, 0x4C, 0x00, 0x27, 0x4C, 
    0x00, 0x27, 0x4C, 0x03, 0x2A, 0x4B, 0x00, 0x1D, 0x51, 0x55, 0x59, 0x35, 
    0xEE, 0xC7, 0x06, 0xFB, 0xCB, 0x05, 0xFB, 0xC8, 0x06, 0xFC, 0xC9, 0x06, 
    0xFC, 0xC9, 0x06, 0xFC, 0xC9, 0x06, 0xFC, 0xC9, 0x06, 0xFC, 0xC9, 0x06, 
    0xFC, 0xC9, 0x06, 0xFC, 0xC9, 0x06, 0xFC, 0xC9, 0x06, 0xFC, 0xC9, 0x06, 
    0xFC, 0xC9, 0x06, 0xFC, 0xC9, 0x06, 0xFC, 0xC9, 0x06, 0xFC, 0xC9, 0x06, 
    0xFC, 0xC9, 0x06, 0xFC, 0xC9, 0x06, 0xFC, 0xC9, 0x06, 0xFC, 0xC9, 0x06, 
    0xFC, 0xC9, 0x06, 0xFC, 0xC9, 0x06, 0xFC, 0xC9, 0x06, 0xFC, 0xC9, 0x06, 
    0xFC, 0xC9, 0x06, 0xFC, 0xC9, 0x06, 0xFC, 0xC9, 0x06, 0xF8, 0xC6, 0x07, 
    0xFC, 0xD5, 0x01, 0x64, 0x67, 0x30, 0x00, 0x1B, 0x51, 0x04, 0x2A, 0x4B, 
    0x00, 0x27, 0x4C, 0x00, 0x27, 0x4C, 0x00, 0x27, 0x4C, 0x00, 0x27, 0x4C, 
    0x00, 0x27, 0x4C, 0x00, 0x27, 0x4C, 0x01, 0x28, 0x4D, 0x00, 0x23, 0x48, 
    0x15, 0x39, 0x5B, 0x1E, 0x41, 0x61, 0x00, 0x22, 0x47, 0x01, 0x28, 0x4D, 
    0x00, 0x27, 0x4C, 0x00, 0x27, 0x4C, 0x00, 0x27, 0x4C, 0x00, 0x27, 0x4C, 
    0x00, 0x27, 0x4C, 0x00, 0x27, 0x4C, 0x00, 0x27, 0x4C, 0x00, 0x27, 0x4C, 
    0x00, 0x27, 0x4C, 0x00, 0x27, 0x4C, 0x00, 0x27, 0x4C, 0x00, 0x27, 0x4C, 
    0x00, 0x27, 0x4C, 0x00, 0x27, 0x4C, 0x00, 0x27, 0x4C, 0x00, 0x27, 0x4C, 
    0x00, 0x27, 0x4C, 0x00, 0x27, 0x4C, 0x00, 0x27, 0x4C, 0x00, 0x27, 0x4C, 
    0x00, 0x27, 0x4C, 0x00, 0x27, 0x4C, 0x00, 0x27, 0x4C, 0x00, 0x27, 0x4C, 
    0x00, 0x27, 0x4C, 0x00, 0x27, 0x4C, 0x00, 0x27, 0x4C, 0x00, 0x27, 0x4C, 
    0x00, 0x27, 0x4C, 0x00, 0x27, 0x4C, 0x00, 0x27, 0x4C, 0x00, 0x27, 0x4C, 
    0x00, 0x27, 0x4C, 0x00, 0x27, 0x4C, 0x00, 0x27, 0x4C, 0x00, 0x27, 0x4C, 
    0x00, 0x27, 0x4C, 0x00, 0x27, 0x4C, 0x00, 0x27, 0x4C, 0x00, 0x27, 0x4C, 
    0x00, 0x27, 0x4C, 0x00, 0x27, 0x4C, 0x00, 0x27, 0x4C, 0x00, 0x27, 0x4C, 
    0x00, 0x27, 0x4C, 0x00, 0x27, 0x4C, 0x00, 0x27, 0x4C, 0x00, 0x27, 0x4C, 
    0x00, 0x27, 0x4C, 0x00, 0x27, 0x4C, 0x00, 0x27, 0x4C, 0x00, 0x27, 0x4C, 
    0x00, 0x27, 0x4C, 0x00, 0x27, 0x4C, 0x00, 0x27, 0x4C, 0x00, 0x27, 0x4C, 
    0x00, 0x27, 0x4C, 0x00, 0x27, 0x4C, 0x00, 0x27, 0x4C, 0x00, 0x27, 0x4C, 
    0x00, 0x27, 0x4C, 0x00, 0x27, 0x4C, 0x00, 0x27, 0x4C, 0x00, 0x27, 0x4C, 
    0x00, 0x27, 0x4C, 0x00, 0x27, 0x4C, 0x00, 0x27, 0x4C, 0x00, 0x27, 0x4C, 
    0x00, 0x27, 0x4C, 0x00, 0x27, 0x4C, 0x00, 0x27, 0x4C, 0x00, 0x27, 0x4C, 
    0x00, 0x27, 0x4C, 0x00, 0x27, 0x4C, 0x00, 0x27, 0x4C, 0x00, 0x27, 0x4C, 
    0x00, 0x27, 0x4C, 0x00, 0x27, 0x4C, 0x00, 0x27, 0x4C, 0x00, 0x27, 0x4C, 
    0x00, 0x27, 0x4C, 0x00, 0x27, 0x4C, 0x00, 0x27, 0x4C, 0x00, 0x27, 0x4C, 
    0x00, 0x27, 0x4C, 0x00, 0x27, 0x4C, 0x00, 0x27, 0x4C, 0x00, 0x27, 0x4C, 
    0x00, 0x27, 0x4C, 0x00, 0x27, 0x4C, 0x00, 0x27, 0x4C, 0x00, 0x27, 0x4C, 
    0x00, 0x27, 0x4C, 0x00, 0x27, 0x4C, 0x00, 0x27, 0x4C, 0x00, 0x27, 0x4C, 
    0x00, 0x27, 0x4C, 0x00, 0x27, 0x4C, 0x00, 0x27, 0x4C, 0x00, 0x27, 0x4C, 
    0x00, 0x27, 0x4C, 0x00, 0x27, 0x4C, 0x00, 0x27, 0x4C, 0x00, 0x27, 0x4C, 
    0x00, 0x27, 0x4C, 0x00, 0x27, 0x4C, 0x00, 0x27, 0x4C, 0x00, 0x27, 0x4C, 
    0x00, 0x27, 0x4C, 0x00, 0x27, 0x4C, 0x00, 0x27, 0x4C, 0x00, 0x27, 0x4C, 
    0x00, 0x27, 0x4C, 0x00, 0x27, 0x4C, 0x00, 0x27, 0x4C, 0x00, 0x27, 0x4C, 
    0x00, 0x27, 0x4C, 0x00, 0x27, 0x4C, 0x00, 0x27, 0x4C, 0x00, 0x27, 0x4C, 
    0x00, 0x27, 0x4C, 0x00, 0x27, 0x4C, 0x00, 0x27, 0x4C, 0x00, 0x27, 0x4C, 
    0x00, 0x27, 0x4C, 0x00, 0x27, 0x4C, 0x00, 0x27, 0x4C, 0x00, 0x27, 0x4C, 
    0x00, 0x27, 0x4C, 0x00, 0x27, 0x4C, 0x00, 0x27, 0x4C, 0x00, 0x27, 0x4C, 
    0x00, 0x27, 0x4C, 0x00, 0x27, 0x4C, 0x00, 0x27, 0x4C, 0x00, 0x27, 0x4C, 
    0x00, 0x27, 0x4C, 0x00, 0x27, 0x4C, 0x00, 0x27, 0x4C, 0x00, 0x27, 0x4C, 
    0x00, 0x27, 0x4C, 0x00, 0x27, 0x4C, 0x00, 0x27, 0x4C, 0x00, 0x27, 0x4C, 
    0x00, 0x27, 0x4C, 0x00, 0x27, 0x4C, 0x00, 0x27, 0x4C, 0x00, 0x27, 0x4C, 
    0x00, 0x27, 0x4C, 0x00, 0x27, 0x4C, 0x00, 0x27, 0x4C, 0x00, 0x27, 0x4C, 
    0x00, 0x27, 0x4C, 0x00, 0x27, 0x4C, 0x00, 0x27, 0x4C, 0x00, 0x27, 0x4C, 
    0x00, 0x27, 0x4C, 0x00, 0x27, 0x4C, 0x00, 0x27, 0x4C, 0x00, 0x27, 0x4C, 
    0x00, 0x27, 0x4C, 0x00, 0x27, 0x4C, 0x00, 0x27, 0x4C, 0x00, 0x27, 0x4C, 
    0x00, 0x27, 0x4C, 0x00, 0x27, 0x4C, 0x00, 0x27, 0x4C, 0x00, 0x27, 0x4C, 
    0x00, 0x27, 0x4C, 0x00, 0x27, 0x4C, 0x00, 0x27, 0x4C, 0x00, 0x27, 0x4C, 
    0x00, 0x27, 0x4C, 0x00, 0x27, 0x4C, 0x00, 0x27, 0x4C, 0x00, 0x27, 0x4C, 
    0x00, 0x27, 0x4C, 0x00, 0x27, 0x4C, 0x00, 0x27, 0x4C, 0x00, 0x27, 0x4C, 
    0x00, 0x27, 0x4C, 0x00, 0x27, 0x4C, 0x00, 0x27, 0x4C, 0x00, 0x27, 0x4C, 
    0x00, 0x27, 0x4C, 0x00, 0x27, 0x4C, 0x00, 0x27, 0x4C, 0x00, 0x27, 0x4C, 
    0x00, 0x27, 0x4C, 0x00, 0x27, 0x4C, 0x00, 0x27, 0x4C, 0x00, 0x27, 0x4C, 
    0x00, 0x27, 0x4C, 0x00, 0x27, 0x4C, 0x00, 0x27, 0x4C, 0x00, 0x27, 0x4C, 
    0x00, 0x27, 0x4C, 0x00, 0x27, 0x4C, 0x00, 0x27, 0x4C, 0x00, 0x27, 0x4C, 
    0x00, 0x27, 0x4C, 0x00, 0x27, 0x4C, 0x00, 0x27, 0x4C, 0x00, 0x27, 0x4C, 
    0x00, 0x27, 0x4C, 0x00, 0x27, 0x4C, 0x00, 0x27, 0x4C, 0x00, 0x27, 0x4C, 
    0x00, 0x27, 0x4C, 0x00, 0x27, 0x4C, 0x00, 0x27, 0x4C, 0x00, 0x27, 0x4C, 
    0x00, 0x27, 0x4C, 0x00, 0x27, 0x4C, 0x00, 0x27, 0x4C, 0x00, 0x27, 0x4C, 
    0x00, 0x27, 0x4C, 0x00, 0x27, 0x4C, 0x00, 0x27, 0x4C, 0x00, 0x27, 0x4C, 
    0x00, 0x27, 0x4C, 0x00, 0x27, 0x4C, 0x00, 0x27, 0x4C, 0x00, 0x27, 0x4C, 
    0x00, 0x27, 0x4C, 0x00, 0x27, 0x4C, 0x00, 0x27, 0x4C, 0x00, 0x27, 0x4C, 
    0x00, 0x27, 0x4C, 0x00, 0x27, 0x4C, 0x00, 0x27, 0x4C, 0x00, 0x27, 0x4C, 
    0x00, 0x27, 0x4C, 0x00, 0x27, 0x4C, 0x00, 0x27, 0x4C, 0x00, 0x27, 0x4C, 
    0x00, 0x27, 0x4C, 0x00, 0x27, 0x4C, 0x00, 0x27, 0x4C, 0x00, 0x27, 0x4C, 
    0x00, 0x27, 0x4C, 0x00, 0x27, 0x4C, 0x00, 0x27, 0x4C, 0x00, 0x27, 0x4C, 
    0x00, 0x27, 0x4C, 0x00, 0x27, 0x4C, 0x00, 0x27, 0x4C, 0x00, 0x27, 0x4C, 
    0x00, 0x27, 0x4C, 0x00, 0x27, 0x4C, 0x00, 0x27, 0x4C, 0x00, 0x27, 0x4C, 
    0x00, 0x27, 0x4C, 0x00, 0x27, 0x4C, 0x00, 0x27, 0x4C, 0x00, 0x27, 0x4C, 
    0x00, 0x27, 0x4C, 0x00, 0x27, 0x4C, 0x00, 0x27, 0x4C, 0x00, 0x27, 0x4C, 
    0x00, 0x27, 0x4C, 0x00, 0x27, 0x4C, 0x00, 0x27, 0x4C, 0x00, 0x27, 0x4C, 
    0x00, 0x27, 0x4C, 0x00, 0x27, 0x4C, 0x00, 0x27, 0x4C, 0x00, 0x27, 0x4C, 
    0x00, 0x27, 0x4C, 0x00, 0x27, 0x4C, 0x00, 0x27, 0x4C, 0x00, 0x27, 0x4C, 
    0x00, 0x27, 0x4C, 0x00, 0x27, 0x4C, 0x00, 0x27, 0x4C, 0x00, 0x27, 0x4C, 
    0x00, 0x27, 0x4C, 0x00, 0x27, 0x4C, 0x00, 0x27, 0x4C, 0x00, 0x27, 0x4C, 
    0x00, 0x27, 0x4C, 0x00, 0x27, 0x4C, 0x00, 0x27, 0x4C, 0x00, 0x27, 0x4C, 
    0x00, 0x27, 0x4C, 0x00, 0x27, 0x4C, 0x00, 0x27, 0x4C, 0x00, 0x27, 0x4C, 
    0x00, 0x27, 0x4C, 0x00, 0x27, 0x4C, 0x00, 0x27, 0x4C, 0x00, 0x27, 0x4C, 
    0x00, 0x27, 0x4C, 0x00, 0x27, 0x4C, 0x00, 0x27, 0x4C, 0x00, 0x27, 0x4C, 
    0x00, 0x27, 0x4C, 0x00, 0x27, 0x4C, 0x00, 0x27, 0x4C, 0x00, 0x27, 0x4C, 
    0x00, 0x27, 0x4C, 0x00, 0x27, 0x4C, 0x00, 0x27, 0x4C, 0x00, 0x27, 0x4C, 
    0x00, 0x27, 0x4C, 0x00, 0x27, 0x4C, 0x00, 0x27, 0x4C, 0x00, 0x27, 0x4C, 
    0x00, 0x27, 0x4C, 0x00, 0x27, 0x4C, 0x00, 0x27, 0x4C, 0x00, 0x27, 0x4C, 
    0x00, 0x27, 0x4C, 0x00, 0x27, 0x4C, 0x00, 0x27, 0x4C, 0x00, 0x27, 0x4C, 
    0x00, 0x27, 0x4C, 0x00, 0x27, 0x4C, 0x00, 0x27, 0x4C, 0x00, 0x27, 0x4C, 
    0x00, 0x27, 0x4C, 0x00, 0x27, 0x4C, 0x00, 0x27, 0x4C, 0x00, 0x27, 0x4C, 
    0x00, 0x27, 0x4C, 0x00, 0x27, 0x4C, 0x00, 0x27, 0x4C, 0x00, 0x27, 0x4C, 
    0x00, 0x27, 0x4C, 0x00, 0x27, 0x4C, 0x00, 0x27, 0x4C, 0x00, 0x27, 0x4C, 
    0x00, 0x27, 0x4C, 0x00, 0x27, 0x4C, 0x00, 0x27, 0x4C, 0x00, 0x27, 0x4C, 
    0x00, 0x27, 0x4C, 0x00, 0x27, 0x4C, 0x00, 0x27, 0x4C, 0x00, 0x27, 0x4C, 
    0x00, 0x27, 0x4C, 0x00, 0x27, 0x4C, 0x00, 0x27, 0x4C, 0x00, 0x27, 0x4C, 
    0x00, 0x27, 0x4C, 0x00, 0x27, 0x4C, 0x00, 0x27, 0x4C, 0x00, 0x27, 0x4C, 
    0x00, 0x27, 0x4C, 0x00, 0x27, 0x4C, 0x00, 0x27, 0x4C, 0x00, 0x27, 0x4C, 
    0x00, 0x27, 0x4C, 0x00, 0x27, 0x4C, 0x00, 0x27, 0x4C, 0x00, 0x27, 0x4C, 
    0x00, 0x27, 0x4C, 0x00, 0x27, 0x4C, 0x00, 0x27, 0x4C, 0x00, 0x27, 0x4C, 
    0x00, 0x27, 0x4C, 0x00, 0x27, 0x4C, 0x00, 0x27, 0x4C, 0x00, 0x27, 0x4C, 
    0x00, 0x27, 0x4C, 0x00, 0x27, 0x4C, 0x00, 0x27, 0x4C, 0x00, 0x27, 0x4C, 
    0x04, 0x2A, 0x4B, 0x00, 0x1B, 0x51, 0x6A, 0x6B, 0x2F, 0xFF, 0xD7, 0x00, 
    0xFB, 0xC8, 0x06, 0xFF, 0xCB, 0x05, 0xFF, 0xCB, 0x05, 0xFF, 0xCB, 0x05, 
    0xFF, 0xCB, 0x05, 0xFF, 0xCB, 0x05, 0xFF, 0xCB, 0x05, 0xFF, 0xCB, 0x05, 
    0xFF, 0xCB, 0x05, 0xFF, 0xCB, 0x05, 0xFF, 0xCB, 0x05, 0xFF, 0xCB, 0x05, 
    0xFF, 0xCB, 0x05, 0xFF, 0xCB, 0x05, 0xFF, 0xCB, 0x05, 0xFF, 0xCB, 0x05, 
    0xFF, 0xCB, 0x05, 0xFF, 0xCB, 0x05, 0xFF, 0xCB, 0x05, 0xFF, 0xCB, 0x05, 
    0xFF, 0xCB, 0x05, 0xFF, 0xCB, 0x05, 0xFF, 0xCB, 0x05, 0xFF, 0xCB, 0x05, 
    0xFF, 0xCB, 0x05, 0xFF, 0xCB, 0x05, 0xFE, 0xC9, 0x06, 0xFF, 0xD0, 0x04, 
    0xF3, 0xC7, 0x03, 0x26, 0x3A, 0x3D, 0x00, 0x20, 0x50, 0x03, 0x2A, 0x4B, 
    0x00, 0x27, 0x4C, 0x00, 0x27, 0x4C, 0x00, 0x27, 0x4C, 0x00, 0x27, 0x4C, 
    0x00, 0x27, 0x4C, 0x00, 0x27, 0x4C, 0x00, 0x27, 0x4C, 0x00, 0x27, 0x4C, 
    0x00, 0x27, 0x4C, 0x00, 0x27, 0x4C, 0x00, 0x27, 0x4C, 0x00, 0x27, 0x4C, 
    0x00, 0x27, 0x4C, 0x00, 0x27, 0x4C, 0x00, 0x27, 0x4C, 0x00, 0x27, 0x4C, 
    0x00, 0x27, 0x4C, 0x00, 0x27, 0x4C, 0x00, 0x27, 0x4C, 0x00, 0x27, 0x4C, 
    0x00, 0x27, 0x4C, 0x00, 0x27, 0x4C, 0x00, 0x27, 0x4C, 0x00, 0x27, 0x4C, 
    0x00, 0x27, 0x4C, 0x00, 0x27, 0x4C, 0x00, 0x27, 0x4C, 0x00, 0x27, 0x4C, 
    0x03, 0x2A, 0x4B, 0x00, 0x20, 0x50, 0x24, 0x3B, 0x43, 0xF2, 0xC8, 0x06, 
    0xFF, 0xD0, 0x03, 0xFD, 0xC9, 0x06, 0xFF, 0xCB, 0x05, 0xFF, 0xCB, 0x05, 
    0xFF, 0xCB, 0x05, 0xFF, 0xCB, 0x05, 0xFF, 0xCB, 0x05, 0xFF, 0xCB, 0x05, 
    0xFF, 0xCB, 0x05, 0xFF, 0xCB, 0x05, 0xFF, 0xCB, 0x05, 0xFF, 0xCB, 0x05, 
    0xFF, 0xCB, 0x05, 0xFF, 0xCB, 0x05, 0xFF, 0xCB, 0x05, 0xFF, 0xCB, 0x05, 
    0xFF, 0xCB, 0x05, 0xFF, 0xCB, 0x05, 0xFF, 0xCB, 0x05, 0xFF, 0xCB, 0x05, 
    0xFF, 0xCB, 0x05, 0xFF, 0xCB, 0x05, 0xFF, 0xCB, 0x05, 0xFF, 0xCB, 0x05, 
    0xFF, 0xCB, 0x05, 0xFF, 0xCB, 0x05, 0xFF, 0xCB, 0x05, 0xFB, 0xC8, 0x06, 
    0xFF, 0xD7, 0x00, 0x65, 0x68, 0x30, 0x00, 0x1B, 0x51, 0x04, 0x2A, 0x4B, 
    0x00, 0x27, 0x4C, 0x00, 0x27, 0x4C, 0x00, 0x27, 0x4C, 0x00, 0x27, 0x4C, 
    0x00, 0x27, 0x4C, 0x00, 0x27, 0x4C, 0x02, 0x28, 0x4D, 0x00, 0x1E, 0x44, 
    0x2C, 0x4D, 0x6B, 0x41, 0x5E, 0x79, 0x00, 0x1C, 0x42, 0x02, 0x29, 0x4E, 
    0x00, 0x27, 0x4C, 0x00, 0x27, 0x4C, 0x00, 0x27, 0x4C, 0x00, 0x27, 0x4C, 
    0x00, 0x27, 0x4C, 0x00, 0x27, 0x4C, 0x00, 0x27, 0x4C, 0x00, 0x27, 0x4C, 
    0x00, 0x27, 0x4C, 0x00, 0x27, 0x4C, 0x00, 0x27, 0x4C, 0x00, 0x27, 0x4C, 
    0x00, 0x27, 0x4C, 0x00, 0x27, 0x4C, 0x00, 0x27, 0x4C, 0x00, 0x27, 0x4C, 
    0x00, 0x27, 0x4C, 0x00, 0x27, 0x4C, 0x00, 0x27, 0x4C, 0x00, 0x27, 0x4C, 
    0x00, 0x27, 0x4C, 0x00, 0x27, 0x4C, 0x00, 0x27, 0x4C, 0x00, 0x27, 0x4C, 
    0x00, 0x27, 0x4C, 0x00, 0x27, 0x4C, 0x00, 0x27, 0x4C, 0x00, 0x27, 0x4C, 
    0x00, 0x27, 0x4C, 0x00, 0x27, 0x4C, 0x00, 0x27, 0x4C, 0x00, 0x27, 0x4C, 
    0x00, 0x27, 0x4C, 0x00, 0x27, 0x4C, 0x00, 0x27, 0x4C, 0x00, 0x27, 0x4C, 
    0x00, 0x27, 0x4C, 0x00, 0x27, 0x4C, 0x00, 0x27, 0x4C, 0x00, 0x27, 0x4C, 
    0x00, 0x27, 0x4C, 0x00, 0x27, 0x4C, 0x00, 0x27, 0x4C, 0x00, 0x27, 0x4C, 
    0x00, 0x27, 0x4C, 0x00, 0x27, 0x4C, 0x00, 0x27, 0x4C, 0x00, 0x27, 0x4C, 
    0x00, 0x27, 0x4C, 0x00, 0x27, 0x4C, 0x00, 0x27, 0x4C, 0x00, 0x27, 0x4C, 
    0x00, 0x27, 0x4C, 0x00, 0x27, 0x4C, 0x00, 0x27, 0x4C, 0x00, 0x27, 0x4C, 
    0x00, 0x27, 0x4C, 0x00, 0x27, 0x4C, 0x00, 0x27, 0x4C, 0x00, 0x27, 0x4C, 
    0x00, 0x27, 0x4C, 0x00, 0x27, 0x4C, 0x00, 0x27, 0x4C, 0x00, 0x27, 0x4C, 
    0x00, 0x27, 0x4C, 0x00, 0x27, 0x4C, 0x00, 0x27, 0x4C, 0x00, 0x27, 0x4C, 
    0x00, 0x27, 0x4C, 0x00, 0x27, 0x4C, 0x00, 0x27, 0x4C, 0x00, 0x27, 0x4C, 
    0x00, 0x27, 0x4C, 0x00, 0x27, 0x4C, 0x00, 0x27, 0x4C, 0x00, 0x27, 0x4C, 
    0x00, 0x27, 0x4C, 0x00, 0x27, 0x4C, 0x00, 0x27, 0x4C, 0x00, 0x27, 0x4C, 
    0x00, 0x27, 0x4C, 0x00, 0x27, 0x4C, 0x00, 0x27, 0x4C, 0x00, 0x27, 0x4C, 
    0x00, 0x27, 0x4C, 0x00, 0x27, 0x4C, 0x00, 0x27, 0x4C, 0x00, 0x27, 0x4C, 
    0x00, 0x27, 0x4C, 0x00, 0x27, 0x4C, 0x00, 0x27, 0x4C, 0x00, 0x27, 0x4C, 
    0x00, 0x27, 0x4C, 0x00, 0x27, 0x4C, 0x00, 0x27, 0x4C, 0x00, 0x27, 0x4C, 
    0x00, 0x27, 0x4C, 0x00, 0x27, 0x4C, 0x00, 0x27, 0x4C, 0x00, 0x27, 0x4C, 
    0x00, 0x27, 0x4C, 0x00, 0x27, 0x4C, 0x00, 0x27, 0x4C, 0x00, 0x27, 0x4C, 
    0x00, 0x27, 0x4C, 0x00, 0x27, 0x4C, 0x00, 0x27, 0x4C, 0x00, 0x27, 0x4C, 
    0x00, 0x27, 0x4C, 0x00, 0x27, 0x4C, 0x00, 0x27, 0x4C, 0x00, 0x27, 0x4C, 
    0x00, 0x27, 0x4C, 0x00, 0x27, 0x4C, 0x00, 0x27, 0x4C, 0x00, 0x27, 0x4C, 
    0x00, 0x27, 0x4C, 0x00, 0x27, 0x4C, 0x00, 0x27, 0x4C, 0x00, 0x27, 0x4C, 
    0x00, 0x27, 0x4C, 0x00, 0x27, 0x4C, 0x00, 0x27, 0x4C, 0x00, 0x27, 0x4C, 
    0x00, 0x27, 0x4C, 0x00, 0x27, 0x4C, 0x00, 0x27, 0x4C, 0x00, 0x27, 0x4C, 
    0x00, 0x27, 0x4C, 0x00, 0x27, 0x4C, 0x00, 0x27, 0x4C, 0x00, 0x27, 0x4C, 
    0x00, 0x27, 0x4C, 0x00, 0x27, 0x4C, 0x00, 0x27, 0x4C, 0x00, 0x27, 0x4C, 
    0x00, 0x27, 0x4C, 0x00, 0x27, 0x4C, 0x00, 0x27, 0x4C, 0x00, 0x27, 0x4C, 
    0x00, 0x27, 0x4C, 0x00, 0x27, 0x4C, 0x00, 0x27, 0x4C, 0x00, 0x27, 0x4C, 
    0x00, 0x27, 0x4C, 0x00, 0x27, 0x4C, 0x00, 0x27, 0x4C, 0x00, 0x27, 0x4C, 
    0x00, 0x27, 0x4C, 0x00, 0x27, 0x4C, 0x00, 0x27, 0x4C, 0x00, 0x27, 0x4C, 
    0x00, 0x27, 0x4C, 0x00, 0x27, 0x4C, 0x00, 0x27, 0x4C, 0x00, 0x27, 0x4C, 
    0x00, 0x27, 0x4C, 0x00, 0x27, 0x4C, 0x00, 0x27, 0x4C, 0x00, 0x27, 0x4C, 
    0x00, 0x27, 0x4C, 0x00, 0x27, 0x4C, 0x00, 0x27, 0x4C, 0x00, 0x27, 0x4C, 
    0x00, 0x27, 0x4C, 0x00, 0x27, 0x4C, 0x00, 0x27, 0x4C, 0x00, 0x27, 0x4C, 
    0x00, 0x27, 0x4C, 0x00, 0x27, 0x4C, 0x00, 0x27, 0x4C, 0x00, 0x27, 0x4C, 
    0x00, 0x27, 0x4C, 0x00, 0x27, 0x4C, 0x00, 0x27, 0x4C, 0x00, 0x27, 0x4C, 
    0x00, 0x27, 0x4C, 0x00, 0x27, 0x4C, 0x00, 0x27, 0x4C, 0x00, 0x27, 0x4C, 
    0x00, 0x27, 0x4C, 0x00, 0x27, 0x4C, 0x00, 0x27, 0x4C, 0x00, 0x27, 0x4C, 
    0x00, 0x27, 0x4C, 0x00, 0x27, 0x4C, 0x00, 0x27, 0x4C, 0x00, 0x27, 0x4C, 
    0x00, 0x27, 0x4C, 0x00, 0x27, 0x4C, 0x00, 0x27, 0x4C, 0x00, 0x27, 0x4C, 
    0x00, 0x27, 0x4C, 0x00, 0x27, 0x4C, 0x00, 0x27, 0x4C, 0x00, 0x27, 0x4C, 
    0x00, 0x27, 0x4C, 0x00, 0x27, 0x4C, 0x00, 0x27, 0x4C, 0x00, 0x27, 0x4C, 
    0x00, 0x27, 0x4C, 0x00, 0x27, 0x4C, 0x00, 0x27, 0x4C, 0x00, 0x27, 0x4C, 
    0x00, 0x27, 0x4C, 0x00, 0x27, 0x4C, 0x00, 0x27, 0x4C, 0x00, 0x27, 0x4C, 
    0x00, 0x27, 0x4C, 0x00, 0x27, 0x4C, 0x00, 0x27, 0x4C, 0x00, 0x27, 0x4C, 
    0x00, 0x27, 0x4C, 0x00, 0x27, 0x4C, 0x00, 0x27, 0x4C, 0x00, 0x27, 0x4C, 
    0x00, 0x27, 0x4C, 0x00, 0x27, 0x4C, 0x00, 0x27, 0x4C, 0x00, 0x27, 0x4C, 
    0x00, 0x27, 0x4C, 0x00, 0x27, 0x4C, 0x00, 0x27, 0x4C, 0x00, 0x27, 0x4C, 
    0x00, 0x27, 0x4C, 0x00, 0x27, 0x4C, 0x00, 0x27, 0x4C, 0x00, 0x27, 0x4C, 
    0x00, 0x27, 0x4C, 0x00, 0x27, 0x4C, 0x00, 0x27, 0x4C, 0x00, 0x27, 0x4C, 
    0x00, 0x27, 0x4C, 0x00, 0x27, 0x4C, 0x00, 0x27, 0x4C, 0x00, 0x27, 0x4C, 
    0x00, 0x27, 0x4C, 0x00, 0x27, 0x4C, 0x00, 0x27, 0x4C, 0x00, 0x27, 0x4C, 
    0x00, 0x27, 0x4C, 0x00, 0x27, 0x4C, 0x00, 0x27, 0x4C, 0x00, 0x27, 0x4C, 
    0x00, 0x27, 0x4C, 0x00, 0x27, 0x4C, 0x00, 0x27, 0x4C, 0x00, 0x27, 0x4C, 
    0x00, 0x27, 0x4C, 0x00, 0x27, 0x4C, 0x00, 0x27, 0x4C, 0x00, 0x27, 0x4C, 
    0x00, 0x27, 0x4C, 0x00, 0x27, 0x4C, 0x00, 0x27, 0x4C, 0x00, 0x27, 0x4C, 
    0x00, 0x27, 0x4C, 0x00, 0x27, 0x4C, 0x00, 0x27, 0x4C, 0x00, 0x27, 0x4C, 
    0x00, 0x27, 0x4C, 0x00, 0x27, 0x4C, 0x00, 0x27, 0x4C, 0x00, 0x27, 0x4C, 
    0x00, 0x27, 0x4C, 0x00, 0x27, 0x4C, 0x00, 0x27, 0x4C, 0x00, 0x27, 0x4C, 
    0x00, 0x27, 0x4C, 0x00, 0x27, 0x4C, 0x00, 0x27, 0x4C, 0x00, 0x27, 0x4C, 
    0x00, 0x27, 0x4C, 0x00, 0x27, 0x4C, 0x00, 0x27, 0x4C, 0x00, 0x27, 0x4C, 
    0x00, 0x27, 0x4C, 0x00, 0x27, 0x4C, 0x00, 0x27, 0x4C, 0x00, 0x27, 0x4C, 
    0x00, 0x27, 0x4C, 0x00, 0x27, 0x4C, 0x00, 0x27, 0x4C, 0x00, 0x27, 0x4C, 
    0x00, 0x27, 0x4C, 0x00, 0x27, 0x4C, 0x00, 0x27, 0x4C, 0x00, 0x27, 0x4C, 
    0x00, 0x27, 0x4C, 0x00, 0x27, 0x4C, 0x00, 0x27, 0x4C, 0x00, 0x27, 0x4C, 
    0x00, 0x27, 0x4C, 0x00, 0x27, 0x4C, 0x00, 0x27, 0x4C, 0x00, 0x27, 0x4C, 
    0x00, 0x27, 0x4C, 0x00, 0x27, 0x4C, 0x00, 0x27, 0x4C, 0x00, 0x27, 0x4C, 
    0x00, 0x27, 0x4C, 0x00, 0x27, 0x4C, 0x00, 0x27, 0x4C, 0x00, 0x27, 0x4C, 
    0x00, 0x27, 0x4C, 0x00, 0x27, 0x4C, 0x00, 0x27, 0x4C, 0x00, 0x27, 0x4C, 
    0x00, 0x27, 0x4C, 0x00, 0x27, 0x4C, 0x00, 0x27, 0x4C, 0x00, 0x27, 0x4C, 
    0x00, 0x27, 0x4C, 0x00, 0x27, 0x4C, 0x00, 0x27, 0x4C, 0x00, 0x27, 0x4C, 
    0x00, 0x27, 0x4C, 0x00, 0x27, 0x4C, 0x00, 0x27, 0x4C, 0x00, 0x27, 0x4C, 
    0x00, 0x27, 0x4C, 0x00, 0x27, 0x4C, 0x00, 0x27, 0x4C, 0x00, 0x27, 0x4C, 
    0x00, 0x27, 0x4C, 0x00, 0x27, 0x4C, 0x00, 0x27, 0x4C, 0x00, 0x27, 0x4C, 
    0x00, 0x27, 0x4C, 0x00, 0x27, 0x4C, 0x00, 0x27, 0x4C, 0x00, 0x27, 0x4C, 
    0x00, 0x27, 0x4C, 0x00, 0x27, 0x4C, 0x00, 0x27, 0x4C, 0x00, 0x27, 0x4C, 
    0x00, 0x27, 0x4C, 0x00, 0x27, 0x4C, 0x00, 0x27, 0x4C, 0x00, 0x27, 0x4C, 
    0x00, 0x27, 0x4C, 0x00, 0x27, 0x4C, 0x00, 0x27, 0x4C, 0x00, 0x27, 0x4C, 
    0x00, 0x27, 0x4C, 0x00, 0x27, 0x4C, 0x00, 0x27, 0x4C, 0x00, 0x27, 0x4C, 
    0x00, 0x27, 0x4C, 0x00, 0x27, 0x4C, 0x00, 0x27, 0x4C, 0x00, 0x27, 0x4C, 
    0x00, 0x27, 0x4C, 0x00, 0x27, 0x4C, 0x00, 0x27, 0x4C, 0x00, 0x27, 0x4C, 
    0x00, 0x27, 0x4C, 0x00, 0x27, 0x4C, 0x00, 0x27, 0x4C, 0x00, 0x27, 0x4C, 
    0x00, 0x27, 0x4C, 0x00, 0x27, 0x4C, 0x00, 0x27, 0x4C, 0x00, 0x27, 0x4C, 
    0x00, 0x27, 0x4C, 0x00, 0x27, 0x4C, 0x00, 0x27, 0x4C, 0x00, 0x27, 0x4C, 
    0x04, 0x2A, 0x4B, 0x00, 0x1B, 0x51, 0x6A, 0x6B, 0x2F, 0xFF, 0xD7, 0x00, 
    0xFB, 0xC8, 0x06, 0xFF, 0xCB, 0x05, 0xFF, 0xCB, 0x05, 0xFF, 0xCB, 0x05, 
    0xFF, 0xCB, 0x05, 0xFF, 0xCB, 0x05, 0xFF, 0xCB, 0x05, 0xFF, 0xCB, 0x05, 
    0xFF, 0xCB, 0x05, 0xFF, 0xCB, 0x05, 0xFF, 0xCB, 0x05, 0xFF, 0xCB, 0x05, 
    0xFF, 0xCB, 0x05, 0xFF, 0xCB, 0x05, 0xFF, 0xCB, 0x05, 0xFF, 0xCB, 0x05, 
    0xFF, 0xCB, 0x05, 0xFF, 0xCB, 0x05, 0xFF, 0xCB, 0x05, 0xFF, 0xCB, 0x05, 
    0xFF, 0xCB, 0x05, 0xFF, 0xCB, 0x05, 0xFF, 0xCB, 0x05, 0xFF, 0xCB, 0x05, 
    0xFF, 0xCB, 0x05, 0xFF, 0xCB, 0x05, 0xFF, 0xCB, 0x05, 0xFC, 0xC8, 0x06, 
    0xFF, 0xD3, 0x02, 0xC7, 0xA9, 0x11, 0x0D, 0x29, 0x4B, 0x00, 0x24, 0x4D, 
    0x01, 0x28, 0x4B, 0x00, 0x27, 0x4C, 0x00, 0x27, 0x4C, 0x00, 0x27, 0x4C, 
    0x00, 0x27, 0x4C, 0x00, 0x27, 0x4C, 0x00, 0x27, 0x4C, 0x00, 0x27, 0x4C, 
    0x00, 0x27, 0x4C, 0x00, 0x27, 0x4C, 0x00, 0x27, 0x4C, 0x00, 0x27, 0x4C, 
    0x00, 0x27, 0x4C, 0x00, 0x27, 0x4C, 0x00, 0x27, 0x4C, 0x00, 0x27, 0x4C, 
    0x00, 0x27, 0x4C, 0x00, 0x27, 0x4C, 0x00, 0x27, 0x4C, 0x00, 0x27, 0x4C, 
    0x00, 0x27, 0x4C, 0x00, 0x27, 0x4C, 0x00, 0x27, 0x4C, 0x00, 0x27, 0x4C, 
    0x00, 0x27, 0x4C, 0x00, 0x27, 0x4C, 0x00, 0x27, 0x4C, 0x01, 0x28, 0x4C, 
    0x00, 0x24, 0x4D, 0x08, 0x25, 0x49, 0xC1, 0xA4, 0x12, 0xFF, 0xD4, 0x02, 
    0xFB, 0xC8, 0x07, 0xFF, 0xCB, 0x05, 0xFF, 0xCB, 0x05, 0xFF, 0xCB, 0x05, 
    0xFF, 0xCB, 0x05, 0xFF, 0xCB, 0x05, 0xFF, 0xCB, 0x05, 0xFF, 0xCB, 0x05, 
    0xFF, 0xCB, 0x05, 0xFF, 0xCB, 0x05, 0xFF, 0xCB, 0x05, 0xFF, 0xCB, 0x05, 
    0xFF, 0xCB, 0x05, 0xFF, 0xCB, 0x05, 0xFF, 0xCB, 0x05, 0xFF, 0xCB, 0x05, 
    0xFF, 0xCB, 0x05, 0xFF, 0xCB, 0x05, 0xFF, 0xCB, 0x05, 0xFF, 0xCB, 0x05, 
    0xFF, 0xCB, 0x05, 0xFF, 0xCB, 0x05, 0xFF, 0xCB, 0x05, 0xFF, 0xCB, 0x05, 
    0xFF, 0xCB, 0x05, 0xFF, 0xCB, 0x05, 0xFF, 0xCB, 0x05, 0xFB, 0xC8, 0x06, 
    0xFF, 0xD7, 0x00, 0x65, 0x68, 0x30, 0x00, 0x1B, 0x51, 0x04, 0x2A, 0x4B, 
    0x00, 0x27, 0x4C, 0x00, 0x27, 0x4C, 0x00, 0x27, 0x4C, 0x00, 0x27, 0x4C, 
    0x00, 0x27, 0x4C, 0x00, 0x27, 0x4C, 0x02, 0x28, 0x4D, 0x00, 0x1F, 0x45, 
    0x28, 0x49, 0x68, 0x3B, 0x59, 0x75, 0x00, 0x1D, 0x43, 0x02, 0x29, 0x4E, 
    0x00, 0x27, 0x4C, 0x00, 0x27, 0x4C, 0x00, 0x27, 0x4C, 0x00, 0x27, 0x4C, 
    0x00, 0x27, 0x4C, 0x00, 0x27, 0x4C, 0x00, 0x27, 0x4C, 0x00, 0x27, 0x4C, 
    0x00, 0x27, 0x4C, 0x00, 0x27, 0x4C, 0x00, 0x27, 0x4C, 0x00, 0x27, 0x4C, 
    0x00, 0x27, 0x4C, 0x00, 0x27, 0x4C, 0x00, 0x27, 0x4C, 0x00, 0x27, 0x4C, 
    0x00, 0x27, 0x4C, 0x00, 0x27, 0x4C, 0x00, 0x27, 0x4C, 0x00, 0x27, 0x4C, 
    0x00, 0x27, 0x4C, 0x00, 0x27, 0x4C, 0x00, 0x27, 0x4C, 0x00, 0x27, 0x4C, 
    0x00, 0x27, 0x4C, 0x00, 0x27, 0x4C, 0x00, 0x27, 0x4C, 0x00, 0x27, 0x4C, 
    0x00, 0x27, 0x4C, 0x00, 0x27, 0x4C, 0x00, 0x27, 0x4C, 0x00, 0x27, 0x4C, 
    0x00, 0x27, 0x4C, 0x00, 0x27, 0x4C, 0x00, 0x27, 0x4C, 0x00, 0x27, 0x4C, 
    0x00, 0x27, 0x4C, 0x00, 0x27, 0x4C, 0x00, 0x27, 0x4C, 0x00, 0x27, 0x4C, 
    0x00, 0x27, 0x4C, 0x00, 0x27, 0x4C, 0x00, 0x27, 0x4C, 0x00, 0x27, 0x4C, 
    0x00, 0x27, 0x4C, 0x00, 0x27, 0x4C, 0x00, 0x27, 0x4C, 0x00, 0x27, 0x4C, 
    0x00, 0x27, 0x4C, 0x00, 0x27, 0x4C, 0x00, 0x27, 0x4C, 0x00, 0x27, 0x4C, 
    0x00, 0x27, 0x4C, 0x00, 0x27, 0x4C, 0x00, 0x27, 0x4C, 0x00, 0x27, 0x4C, 
    0x00, 0x27, 0x4C, 0x00, 0x27, 0x4C, 0x00, 0x27, 0x4C, 0x00, 0x27, 0x4C, 
    0x00, 0x27, 0x4C, 0x00, 0x27, 0x4C, 0x00, 0x27, 0x4C, 0x00, 0x27, 0x4C, 
    0x00, 0x27, 0x4C, 0x00, 0x27, 0x4C, 0x00, 0x27, 0x4C, 0x00, 0x27, 0x4C, 
    0x00, 0x27, 0x4C, 0x00, 0x27, 0x4C, 0x00, 0x27, 0x4C, 0x00, 0x27, 0x4C, 
    0x00, 0x27, 0x4C, 0x00, 0x27, 0x4C, 0x00, 0x27, 0x4C, 0x00, 0x27, 0x4C, 
    0x00, 0x27, 0x4C, 0x00, 0x27, 0x4C, 0x00, 0x27, 0x4C, 0x00, 0x27, 0x4C, 
    0x00, 0x27, 0x4C, 0x00, 0x27, 0x4C, 0x00, 0x27, 0x4C, 0x00, 0x27, 0x4C, 
    0x00, 0x27, 0x4C, 0x00, 0x27, 0x4C, 0x00, 0x27, 0x4C, 0x00, 0x27, 0x4C, 
    0x00, 0x27, 0x4C, 0x00, 0x27, 0x4C, 0x00, 0x27, 0x4C, 0x00, 0x27, 0x4C, 
    0x00, 0x27, 0x4C, 0x00, 0x27, 0x4C, 0x00, 0x27, 0x4C, 0x00, 0x27, 0x4C, 
    0x00, 0x27, 0x4C, 0x00, 0x27, 0x4C, 0x00, 0x27, 0x4C, 0x00, 0x27, 0x4C, 
    0x00, 0x27, 0x4C, 0x00, 0x27, 0x4C, 0x00, 0x27, 0x4C, 0x00, 0x27, 0x4C, 
    0x00, 0x27, 0x4C, 0x00, 0x27, 0x4C, 0x00, 0x27, 0x4C, 0x00, 0x27, 0x4C, 
    0x00, 0x27, 0x4C, 0x00, 0x27, 0x4C, 0x00, 0x27, 0x4C, 0x00, 0x27, 0x4C, 
    0x00, 0x27, 0x4C, 0x00, 0x27, 0x4C, 0x00, 0x27, 0x4C, 0x00, 0x27, 0x4C, 
    0x00, 0x27, 0x4C, 0x00, 0x27, 0x4C, 0x00, 0x27, 0x4C, 0x00, 0x27, 0x4C, 
    0x00, 0x27, 0x4C, 0x00, 0x27, 0x4C, 0x00, 0x27, 0x4C, 0x00, 0x27, 0x4C, 
    0x00, 0x27, 0x4C, 0x00, 0x27, 0x4C, 0x00, 0x27, 0x4C, 0x00, 0x27, 0x4C, 
    0x00, 0x27, 0x4C, 0x00, 0x27, 0x4C, 0x00, 0x27, 0x4C, 0x00, 0x27, 0x4C, 
    0x00, 0x27, 0x4C, 0x00, 0x27, 0x4C, 0x00, 0x27, 0x4C, 0x00, 0x27, 0x4C, 
    0x00, 0x27, 0x4C, 0x00, 0x27, 0x4C, 0x00, 0x27, 0x4C, 0x00, 0x27, 0x4C, 
    0x00, 0x27, 0x4C, 0x00, 0x27, 0x4C, 0x00, 0x27, 0x4C, 0x00, 0x27, 0x4C, 
    0x00, 0x27, 0x4C, 0x00, 0x27, 0x4C, 0x00, 0x27, 0x4C, 0x00, 0x27, 0x4C, 
    0x00, 0x27, 0x4C, 0x00, 0x27, 0x4C, 0x00, 0x27, 0x4C, 0x00, 0x27, 0x4C, 
    0x00, 0x27, 0x4C, 0x00, 0x27, 0x4C, 0x00, 0x27, 0x4C, 0x00, 0x27, 0x4C, 
    0x00, 0x27, 0x4C, 0x00, 0x27, 0x4C, 0x00, 0x27, 0x4C, 0x00, 0x27, 0x4C, 
    0x00, 0x27, 0x4C, 0x00, 0x27, 0x4C, 0x00, 0x27, 0x4C, 0x00, 0x27, 0x4C, 
    0x00, 0x27, 0x4C, 0x00, 0x27, 0x4C, 0x00, 0x27, 0x4C, 0x00, 0x27, 0x4C, 
    0x00, 0x27, 0x4C, 0x00, 0x27, 0x4C, 0x00, 0x27, 0x4C, 0x00, 0x27, 0x4C, 
    0x00, 0x27, 0x4C, 0x00, 0x27, 0x4C, 0x00, 0x27, 0x4C, 0x00, 0x27, 0x4C, 
    0x00, 0x27, 0x4C, 0x00, 0x27, 0x4C, 0x00, 0x27, 0x4C, 0x00, 0x27, 0x4C, 
    0x00, 0x27, 0x4C, 0x00, 0x27, 0x4C, 0x00, 0x27, 0x4C, 0x00, 0x27, 0x4C, 
    0x00, 0x27, 0x4C, 0x00, 0x27, 0x4C, 0x00, 0x27, 0x4C, 0x00, 0x27, 0x4C, 
    0x00, 0x27, 0x4C, 0x00, 0x27, 0x4C, 0x00, 0x27, 0x4C, 0x00, 0x27, 0x4C, 
    0x00, 0x27, 0x4C, 0x00, 0x27, 0x4C, 0x00, 0x27, 0x4C, 0x00, 0x27, 0x4C, 
    0x00, 0x27, 0x4C, 0x00, 0x27, 0x4C, 0x00, 0x27, 0x4C, 0x00, 0x27, 0x4C, 
    0x00, 0x27, 0x4C, 0x00, 0x27, 0x4C, 0x00, 0x27, 0x4C, 0x00, 0x27, 0x4C, 
    0x00, 0x27, 0x4C, 0x00, 0x27, 0x4C, 0x00, 0x27, 0x4C, 0x00, 0x27, 0x4C, 
    0x00, 0x27, 0x4C, 0x00, 0x27, 0x4C, 0x00, 0x27, 0x4C, 0x00, 0x27, 0x4C, 
    0x00, 0x27, 0x4C, 0x00, 0x27, 0x4C, 0x00, 0x27, 0x4C, 0x00, 0x27, 0x4C, 
    0x00, 0x27, 0x4C, 0x00, 0x27, 0x4C, 0x00, 0x27, 0x4C, 0x00, 0x27, 0x4C, 
    0x00, 0x27, 0x4C, 0x00, 0x27, 0x4C, 0x00, 0x27, 0x4C, 0x00, 0x27, 0x4C, 
    0x00, 0x27, 0x4C, 0x00, 0x27, 0x4C, 0x00, 0x27, 0x4C, 0x00, 0x27, 0x4C, 
    0x00, 0x27, 0x4C, 0x00, 0x27, 0x4C, 0x00, 0x27, 0x4C, 0x00, 0x27, 0x4C, 
    0x00, 0x27, 0x4C, 0x00, 0x27, 0x4C, 0x00, 0x27, 0x4C, 0x00, 0x27, 0x4C, 
    0x00, 0x27, 0x4C, 0x00, 0x27, 0x4C, 0x00, 0x27, 0x4C, 0x00, 0x27, 0x4C, 
    0x00, 0x27, 0x4C, 0x00, 0x27, 0x4C, 0x00, 0x27, 0x4C, 0x00, 0x27, 0x4C, 
    0x00, 0x27, 0x4C, 0x00, 0x27, 0x4C, 0x00, 0x27, 0x4C, 0x00, 0x27, 0x4C, 
    0x00, 0x27, 0x4C, 0x00, 0x27, 0x4C, 0x00, 0x27, 0x4C, 0x00, 0x27, 0x4C, 
    0x00, 0x27, 0x4C, 0x00, 0x27, 0x4C, 0x00, 0x27, 0x4C, 0x00, 0x27, 0x4C, 
    0x00, 0x27, 0x4C, 0x00, 0x27, 0x4C, 0x00, 0x27, 0x4C, 0x00, 0x27, 0x4C, 
    0x00, 0x27, 0x4C, 0x00, 0x27, 0x4C, 0x00, 0x27, 0x4C, 0x00, 0x27, 0x4C, 
    0x00, 0x27, 0x4C, 0x00, 0x27, 0x4C, 0x00, 0x27, 0x4C, 0x00, 0x27, 0x4C, 
    0x00, 0x27, 0x4C, 0x00, 0x27, 0x4C, 0x00, 0x27, 0x4C, 0x00, 0x27, 0x4C, 
    0x00, 0x27, 0x4C, 0x00, 0x27, 0x4C, 0x00, 0x27, 0x4C, 0x00, 0x27, 0x4C, 
    0x00, 0x27, 0x4C, 0x00, 0x27, 0x4C, 0x00, 0x27, 0x4C, 0x00, 0x27, 0x4C, 
    0x00, 0x27, 0x4C, 0x00, 0x27, 0x4C, 0x00, 0x27, 0x4C, 0x00, 0x27, 0x4C, 
    0x00, 0x27, 0x4C, 0x00, 0x27, 0x4C, 0x00, 0x27, 0x4C, 0x00, 0x27, 0x4C, 
    0x00, 0x27, 0x4C, 0x00, 0x27, 0x4C, 0x00, 0x27, 0x4C, 0x00, 0x27, 0x4C, 
    0x00, 0x27, 0x4C, 0x00, 0x27, 0x4C, 0x00, 0x27, 0x4C, 0x00, 0x27, 0x4C, 
    0x00, 0x27, 0x4C, 0x00, 0x27, 0x4C, 0x00, 0x27, 0x4C, 0x00, 0x27, 0x4C, 
    0x00, 0x27, 0x4C, 0x00, 0x27, 0x4C, 0x00, 0x27, 0x4C, 0x00, 0x27, 0x4C, 
    0x00, 0x27, 0x4C, 0x00, 0x27, 0x4C, 0x00, 0x27, 0x4C, 0x00, 0x27, 0x4C, 
    0x00, 0x27, 0x4C, 0x00, 0x27, 0x4C, 0x00, 0x27, 0x4C, 0x00, 0x27, 0x4C, 
    0x00, 0x27, 0x4C, 0x00, 0x27, 0x4C, 0x00, 0x27, 0x4C, 0x00, 0x27, 0x4C, 
    0x00, 0x27, 0x4C, 0x00, 0x27, 0x4C, 0x00, 0x27, 0x4C, 0x00, 0x27, 0x4C, 
    0x00, 0x27, 0x4C, 0x00, 0x27, 0x4C, 0x00, 0x27, 0x4C, 0x00, 0x27, 0x4C, 
    0x00, 0x27, 0x4C, 0x00, 0x27, 0x4C, 0x00, 0x27, 0x4C, 0x00, 0x27, 0x4C, 
    0x00, 0x27, 0x4C, 0x00, 0x27, 0x4C, 0x00, 0x27, 0x4C, 0x00, 0x27, 0x4C, 
    0x00, 0x27, 0x4C, 0x00, 0x27, 0x4C, 0x00, 0x27, 0x4C, 0x00, 0x27, 0x4C, 
    0x00, 0x27, 0x4C, 0x00, 0x27, 0x4C, 0x00, 0x27, 0x4C, 0x00, 0x27, 0x4C, 
    0x00, 0x27, 0x4C, 0x00, 0x27, 0x4C, 0x00, 0x27, 0x4C, 0x00, 0x27, 0x4C, 
    0x00, 0x27, 0x4C, 0x00, 0x27, 0x4C, 0x00, 0x27, 0x4C, 0x00, 0x27, 0x4C, 
    0x00, 0x27, 0x4C, 0x00, 0x27, 0x4C, 0x00, 0x27, 0x4C, 0x00, 0x27, 0x4C, 
    0x00, 0x27, 0x4C, 0x00, 0x27, 0x4C, 0x00, 0x27, 0x4C, 0x00, 0x27, 0x4C, 
    0x00, 0x27, 0x4C, 0x00, 0x27, 0x4C, 0x00, 0x27, 0x4C, 0x00, 0x27, 0x4C, 
    0x00, 0x27, 0x4C, 0x00, 0x27, 0x4C, 0x00, 0x27, 0x4C, 0x00, 0x27, 0x4C, 
    0x00, 0x27, 0x4C, 0x00, 0x27, 0x4C, 0x00, 0x27, 0x4C, 0x00, 0x27, 0x4C, 
    0x04, 0x2A, 0x4B, 0x00, 0x1B, 0x51, 0x6A, 0x6B, 0x2F, 0xFF, 0xD7, 0x00, 
    0xFB, 0xC8, 0x06, 0xFF, 0xCB, 0x05, 0xFF, 0xCB, 0x05, 0xFF, 0xCB, 0x05, 
    0xFF, 0xCB, 0x05, 0xFF, 0xCB, 0x05, 0xFF, 0xCB, 0x05, 0xFF, 0xCB, 0x05, 
    0xFF, 0xCB, 0x05, 0xFF, 0xCB, 0x05, 0xFF, 0xCB, 0x05, 0xFF, 0xCB, 0x05, 
    0xFF, 0xCB, 0x05, 0xFF, 0xCB, 0x05, 0xFF, 0xCB, 0x05, 0xFF, 0xCB, 0x05, 
    0xFF, 0xCB, 0x05, 0xFF, 0xCB, 0x05, 0xFF, 0xCB, 0x05, 0xFF, 0xCB, 0x05, 
    0xFF, 0xCB, 0x05, 0xFF, 0xCB, 0x05, 0xFF, 0xCB, 0x05, 0xFF, 0xCB, 0x05, 
    0xFF, 0xCB, 0x05, 0xFF, 0xCB, 0x05, 0xFF, 0xCB, 0x05, 0xFF, 0xCB, 0x05, 
    0xFB, 0xC8, 0x06, 0xFF, 0xD7, 0x01, 0xA3, 0x92, 0x1D, 0x0A, 0x25, 0x4E, 
    0x05, 0x29, 0x4F, 0x01, 0x28, 0x4B, 0x00, 0x27, 0x4C, 0x00, 0x27, 0x4C, 
    0x00, 0x27, 0x4C, 0x00, 0x27, 0x4C, 0x00, 0x27, 0x4C, 0x00, 0x27, 0x4C, 
    0x00, 0x27, 0x4C, 0x00, 0x27, 0x4C, 0x00, 0x27, 0x4C, 0x00, 0x27, 0x4C, 
    0x00, 0x27, 0x4C, 0x00, 0x27, 0x4C, 0x00, 0x27, 0x4C, 0x00, 0x27, 0x4C, 
    0x00, 0x27, 0x4C, 0x00, 0x27, 0x4C, 0x00, 0x27, 0x4C, 0x00, 0x27, 0x4C, 
    0x00, 0x27, 0x4C, 0x00, 0x27, 0x4C, 0x00, 0x27, 0x4C, 0x00, 0x27, 0x4C, 
    0x00, 0x27, 0x4C, 0x00, 0x27, 0x4C, 0x01, 0x28, 0x4C, 0x05, 0x27, 0x4C, 
    0x0B, 0x25, 0x4C, 0xA1, 0x90, 0x1C, 0xFF, 0xD6, 0x00, 0xFB, 0xC8, 0x06, 
    0xFF, 0xCB, 0x05, 0xFF, 0xCB, 0x05, 0xFF, 0xCB, 0x05, 0xFF, 0xCB, 0x05, 
    0xFF, 0xCB, 0x05, 0xFF, 0xCB, 0x05, 0xFF, 0xCB, 0x05, 0xFF, 0xCB, 0x05, 
    0xFF, 0xCB, 0x05, 0xFF, 0xCB, 0x05, 0xFF, 0xCB, 0x05, 0xFF, 0xCB, 0x05, 
    0xFF, 0xCB, 0x05, 0xFF, 0xCB, 0x05, 0xFF, 0xCB, 0x05, 0xFF, 0xCB, 0x05, 
    0xFF, 0xCB, 0x05, 0xFF, 0xCB, 0x05, 0xFF, 0xCB, 0x05, 0xFF, 0xCB, 0x05, 
    0xFF, 0xCB, 0x05, 0xFF, 0xCB, 0x05, 0xFF, 0xCB, 0x05, 0xFF, 0xCB, 0x05, 
    0xFF, 0xCB, 0x05, 0xFF, 0xCB, 0x05, 0xFF, 0xCB, 0x05, 0xFB, 0xC8, 0x06, 
    0xFF, 0xD7, 0x00, 0x65, 0x68, 0x30, 0x00, 0x1B, 0x51, 0x04, 0x2A, 0x4B, 
    0x00, 0x27, 0x4C, 0x00, 0x27, 0x4C, 0x00, 0x27, 0x4C, 0x00, 0x27, 0x4C, 
    0x00, 0x27, 0x4C, 0x00, 0x27, 0x4C, 0x02, 0x28, 0x4D, 0x00, 0x1F, 0x45, 
    0x29, 0x4A, 0x69, 0x3C, 0x5A, 0x76, 0x00, 0x1D, 0x43, 0x02, 0x29, 0x4E, 
    0x00, 0x27, 0x4C, 0x00, 0x27, 0x4C, 0x00, 0x27, 0x4C, 0x00, 0x27, 0x4C, 
    0x00, 0x27, 0x4C, 0x00, 0x27, 0x4C, 0x00, 0x27, 0x4C, 0x00, 0x27, 0x4C, 
    0x00, 0x27, 0x4C, 0x00, 0x27, 0x4C, 0x00, 0x27, 0x4C, 0x00, 0x27, 0x4C, 
    0x00, 0x27, 0x4C, 0x00, 0x27, 0x4C, 0x00, 0x27, 0x4C, 0x00, 0x27, 0x4C, 
    0x00, 0x27, 0x4C, 0x00, 0x27, 0x4C, 0x00, 0x27, 0x4C, 0x00, 0x27, 0x4C, 
    0x00, 0x27, 0x4C, 0x00, 0x27, 0x4C, 0x00, 0x27, 0x4C, 0x00, 0x27, 0x4C, 
    0x00, 0x27, 0x4C, 0x00, 0x27, 0x4C, 0x00, 0x27, 0x4C, 0x00, 0x27, 0x4C, 
    0x00, 0x27, 0x4C, 0x00, 0x27, 0x4C, 0x00, 0x27, 0x4C, 0x00, 0x27, 0x4C, 
    0x00, 0x27, 0x4C, 0x00, 0x27, 0x4C, 0x00, 0x27, 0x4C, 0x00, 0x27, 0x4C, 
    0x00, 0x27, 0x4C, 0x00, 0x27, 0x4C, 0x00, 0x27, 0x4C, 0x00, 0x27, 0x4C, 
    0x00, 0x27, 0x4C, 0x00, 0x27, 0x4C, 0x00, 0x27, 0x4C, 0x00, 0x27, 0x4C, 
    0x00, 0x27, 0x4C, 0x00, 0x27, 0x4C, 0x00, 0x27, 0x4C, 0x00, 0x27, 0x4C, 
    0x00, 0x27, 0x4C, 0x00, 0x27, 0x4C, 0x00, 0x27, 0x4C, 0x00, 0x27, 0x4C, 
    0x00, 0x27, 0x4C, 0x00, 0x27, 0x4C, 0x00, 0x27, 0x4C, 0x00, 0x27, 0x4C, 
    0x00, 0x27, 0x4C, 0x00, 0x27, 0x4C, 0x00, 0x27, 0x4C, 0x00, 0x27, 0x4C, 
    0x00, 0x27, 0x4C, 0x00, 0x27, 0x4C, 0x00, 0x27, 0x4C, 0x00, 0x27, 0x4C, 
    0x00, 0x27, 0x4C, 0x00, 0x27, 0x4C, 0x00, 0x27, 0x4C, 0x00, 0x27, 0x4C, 
    0x00, 0x27, 0x4C, 0x00, 0x27, 0x4C, 0x00, 0x27, 0x4C, 0x00, 0x27, 0x4C, 
    0x00, 0x27, 0x4C, 0x00, 0x27, 0x4C, 0x00, 0x27, 0x4C, 0x00, 0x27, 0x4C, 
    0x00, 0x27, 0x4C, 0x00, 0x27, 0x4C, 0x00, 0x27, 0x4C, 0x00, 0x27, 0x4C, 
    0x00, 0x27, 0x4C, 0x00, 0x27, 0x4C, 0x00, 0x27, 0x4C, 0x00, 0x27, 0x4C, 
    0x00, 0x27, 0x4C, 0x00, 0x27, 0x4C, 0x00, 0x27, 0x4C, 0x00, 0x27, 0x4C, 
    0x00, 0x27, 0x4C, 0x00, 0x27, 0x4C, 0x00, 0x27, 0x4C, 0x00, 0x27, 0x4C, 
    0x00, 0x27, 0x4C, 0x00, 0x27, 0x4C, 0x00, 0x27, 0x4C, 0x00, 0x27, 0x4C, 
    0x00, 0x27, 0x4C, 0x00, 0x27, 0x4C, 0x00, 0x27, 0x4C, 0x00, 0x27, 0x4C, 
    0x00, 0x27, 0x4C, 0x00, 0x27, 0x4C, 0x00, 0x27, 0x4C, 0x00, 0x27, 0x4C, 
    0x00, 0x27, 0x4C, 0x00, 0x27, 0x4C, 0x00, 0x27, 0x4C, 0x00, 0x27, 0x4C, 
    0x00, 0x27, 0x4C, 0x00, 0x27, 0x4C, 0x00, 0x27, 0x4C, 0x00, 0x27, 0x4C, 
    0x00, 0x27, 0x4C, 0x00, 0x27, 0x4C, 0x00, 0x27, 0x4C, 0x00, 0x27, 0x4C, 
    0x00, 0x27, 0x4C, 0x00, 0x27, 0x4C, 0x00, 0x27, 0x4C, 0x00, 0x27, 0x4C, 
    0x00, 0x27, 0x4C, 0x00, 0x27, 0x4C, 0x00, 0x27, 0x4C, 0x00, 0x27, 0x4C, 
    0x00, 0x27, 0x4C, 0x00, 0x27, 0x4C, 0x00, 0x27, 0x4C, 0x00, 0x27, 0x4C, 
    0x00, 0x27, 0x4C, 0x00, 0x27, 0x4C, 0x00, 0x27, 0x4C, 0x00, 0x27, 0x4C, 
    0x00, 0x27, 0x4C, 0x00, 0x27, 0x4C, 0x00, 0x27, 0x4C, 0x00, 0x27, 0x4C, 
    0x00, 0x27, 0x4C, 0x00, 0x27, 0x4C, 0x00, 0x27, 0x4C, 0x00, 0x27, 0x4C, 
    0x00, 0x27, 0x4C, 0x00, 0x27, 0x4C, 0x00, 0x27, 0x4C, 0x00, 0x27, 0x4C, 
    0x00, 0x27, 0x4C, 0x00, 0x27, 0x4C, 0x00, 0x27, 0x4C, 0x00, 0x27, 0x4C, 
    0x00, 0x27, 0x4C, 0x00, 0x27, 0x4C, 0x00, 0x27, 0x4C, 0x00, 0x27, 0x4C, 
    0x00, 0x27, 0x4C, 0x00, 0x27, 0x4C, 0x00, 0x27, 0x4C, 0x00, 0x27, 0x4C, 
    0x00, 0x27, 0x4C, 0x00, 0x27, 0x4C, 0x00, 0x27, 0x4C, 0x00, 0x27, 0x4C, 
    0x00, 0x27, 0x4C, 0x00, 0x27, 0x4C, 0x00, 0x27, 0x4C, 0x00, 0x27, 0x4C, 
    0x00, 0x27, 0x4C, 0x00, 0x27, 0x4C, 0x00, 0x27, 0x4C, 0x00, 0x27, 0x4C, 
    0x00, 0x27, 0x4C, 0x00, 0x27, 0x4C, 0x00, 0x27, 0x4C, 0x00, 0x27, 0x4C, 
    0x00, 0x27, 0x4C, 0x00, 0x27, 0x4C, 0x00, 0x27, 0x4C, 0x00, 0x27, 0x4C, 
    0x00, 0x27, 0x4C, 0x00, 0x27, 0x4C, 0x00, 0x27, 0x4C, 0x00, 0x27, 0x4C, 
    0x00, 0x27, 0x4C, 0x00, 0x27, 0x4C, 0x00, 0x27, 0x4C, 0x00, 0x27, 0x4C, 
    0x00, 0x27, 0x4C, 0x00, 0x27, 0x4C, 0x00, 0x27, 0x4C, 0x00, 0x27, 0x4C, 
    0x00, 0x27, 0x4C, 0x00, 0x27, 0x4C, 0x00, 0x27, 0x4C, 0x00, 0x27, 0x4C, 
    0x00, 0x27, 0x4C, 0x00, 0x27, 0x4C, 0x00, 0x27, 0x4C, 0x00, 0x27, 0x4C, 
    0x00, 0x27, 0x4C, 0x00, 0x27, 0x4C, 0x00, 0x27, 0x4C, 0x00, 0x27, 0x4C, 
    0x00, 0x27, 0x4C, 0x00, 0x27, 0x4C, 0x00, 0x27, 0x4C, 0x00, 0x27, 0x4C, 
    0x00, 0x27, 0x4C, 0x00, 0x27, 0x4C, 0x00, 0x27, 0x4C, 0x00, 0x27, 0x4C, 
    0x00, 0x27, 0x4C, 0x00, 0x27, 0x4C, 0x00, 0x27, 0x4C, 0x00, 0x27, 0x4C, 
    0x00, 0x27, 0x4C, 0x00, 0x27, 0x4C, 0x00, 0x27, 0x4C, 0x00, 0x27, 0x4C, 
    0x00, 0x27, 0x4C, 0x00, 0x27, 0x4C, 0x00, 0x27, 0x4C, 0x00, 0x27, 0x4C, 
    0x00, 0x27, 0x4C, 0x00, 0x27, 0x4C, 0x00, 0x27, 0x4C, 0x00, 0x27, 0x4C, 
    0x00, 0x27, 0x4C, 0x00, 0x27, 0x4C, 0x00, 0x27, 0x4C, 0x00, 0x27, 0x4C, 
    0x00, 0x27, 0x4C, 0x00, 0x27, 0x4C, 0x00, 0x27, 0x4C, 0x00, 0x27, 0x4C, 
    0x00, 0x27, 0x4C, 0x00, 0x27, 0x4C, 0x00, 0x27, 0x4C, 0x00, 0x27, 0x4C, 
    0x00, 0x27, 0x4C, 0x00, 0x27, 0x4C, 0x00, 0x27, 0x4C, 0x00, 0x27, 0x4C, 
    0x00, 0x27, 0x4C, 0x00, 0x27, 0x4C, 0x00, 0x27, 0x4C, 0x00, 0x27, 0x4C, 
    0x00, 0x27, 0x4C, 0x00, 0x27, 0x4C, 0x00, 0x27, 0x4C, 0x00, 0x27, 0x4C, 
    0x00, 0x27, 0x4C, 0x00, 0x27, 0x4C, 0x00, 0x27, 0x4C, 0x00, 0x27, 0x4C, 
    0x00, 0x27, 0x4C, 0x00, 0x27, 0x4C, 0x00, 0x27, 0x4C, 0x00, 0x27, 0x4C, 
    0x00, 0x27, 0x4C, 0x00, 0x27, 0x4C, 0x00, 0x27, 0x4C, 0x00, 0x27, 0x4C, 
    0x00, 0x27, 0x4C, 0x00, 0x27, 0x4C, 0x00, 0x27, 0x4C, 0x00, 0x27, 0x4C, 
    0x00, 0x27, 0x4C, 0x00, 0x27, 0x4C, 0x00, 0x27, 0x4C, 0x00, 0x27, 0x4C, 
    0x00, 0x27, 0x4C, 0x00, 0x27, 0x4C, 0x00, 0x27, 0x4C, 0x00, 0x27, 0x4C, 
    0x00, 0x27, 0x4C, 0x00, 0x27, 0x4C, 0x00, 0x27, 0x4C, 0x00, 0x27, 0x4C, 
    0x00, 0x27, 0x4C, 0x00, 0x27, 0x4C, 0x00, 0x27, 0x4C, 0x00, 0x27, 0x4C, 
    0x00, 0x27, 0x4C, 0x00, 0x27, 0x4C, 0x00, 0x27, 0x4C, 0x00, 0x27, 0x4C, 
    0x00, 0x27, 0x4C, 0x00, 0x27, 0x4C, 0x00, 0x27, 0x4C, 0x00, 0x27, 0x4C, 
    0x00, 0x27, 0x4C, 0x00, 0x27, 0x4C, 0x00, 0x27, 0x4C, 0x00, 0x27, 0x4C, 
    0x00, 0x27, 0x4C, 0x00, 0x27, 0x4C, 0x00, 0x27, 0x4C, 0x00, 0x27, 0x4C, 
    0x00, 0x27, 0x4C, 0x00, 0x27, 0x4C, 0x00, 0x27, 0x4C, 0x00, 0x27, 0x4C, 
    0x00, 0x27, 0x4C, 0x00, 0x27, 0x4C, 0x00, 0x27, 0x4C, 0x00, 0x27, 0x4C, 
    0x00, 0x27, 0x4C, 0x00, 0x27, 0x4C, 0x00, 0x27, 0x4C, 0x00, 0x27, 0x4C, 
    0x00, 0x27, 0x4C, 0x00, 0x27, 0x4C, 0x00, 0x27, 0x4C, 0x00, 0x27, 0x4C, 
    0x00, 0x27, 0x4C, 0x00, 0x27, 0x4C, 0x00, 0x27, 0x4C, 0x00, 0x27, 0x4C, 
    0x00, 0x27, 0x4C, 0x00, 0x27, 0x4C, 0x00, 0x27, 0x4C, 0x00, 0x27, 0x4C, 
    0x00, 0x27, 0x4C, 0x00, 0x27, 0x4C, 0x00, 0x27, 0x4C, 0x00, 0x27, 0x4C, 
    0x00, 0x27, 0x4C, 0x00, 0x27, 0x4C, 0x00, 0x27, 0x4C, 0x00, 0x27, 0x4C, 
    0x00, 0x27, 0x4C, 0x00, 0x27, 0x4C, 0x00, 0x27, 0x4C, 0x00, 0x27, 0x4C, 
    0x00, 0x27, 0x4C, 0x00, 0x27, 0x4C, 0x00, 0x27, 0x4C, 0x00, 0x27, 0x4C, 
    0x00, 0x27, 0x4C, 0x00, 0x27, 0x4C, 0x00, 0x27, 0x4C, 0x00, 0x27, 0x4C, 
    0x00, 0x27, 0x4C, 0x00, 0x27, 0x4C, 0x00, 0x27, 0x4C, 0x00, 0x27, 0x4C, 
    0x00, 0x27, 0x4C, 0x00, 0x27, 0x4C, 0x00, 0x27, 0x4C, 0x00, 0x27, 0x4C, 
    0x00, 0x27, 0x4C, 0x00, 0x27, 0x4C, 0x00, 0x27, 0x4C, 0x00, 0x27, 0x4C, 
    0x00, 0x27, 0x4C, 0x00, 0x27, 0x4C, 0x00, 0x27, 0x4C, 0x00, 0x27, 0x4C, 
    0x00, 0x27, 0x4C, 0x00, 0x27, 0x4C, 0x00, 0x27, 0x4C, 0x00, 0x27, 0x4C, 
    0x00, 0x27, 0x4C, 0x00, 0x27, 0x4C, 0x00, 0x27, 0x4C, 0x00, 0x27, 0x4C, 
    0x00, 0x27, 0x4C, 0x00, 0x27, 0x4C, 0x00, 0x27, 0x4C, 0x00, 0x27, 0x4C, 
    0x04, 0x2A, 0x4B, 0x00, 0x1B, 0x51, 0x6A, 0x6B, 0x2F, 0xFF, 0xD7, 0x00, 
    0xFB, 0xC8, 0x06, 0xFF, 0xCB, 0x05, 0xFF, 0xCB, 0x05, 0xFF, 0xCB, 0x05, 
    0xFF, 0xCB, 0x05, 0xFF, 0xCB, 0x05, 0xFF, 0xCB, 0x05, 0xFF, 0xCB, 0x05, 
    0xFF, 0xCB, 0x05, 0xFF, 0xCB, 0x05, 0xFF, 0xCB, 0x05, 0xFF, 0xCB, 0x05, 
    0xFF, 0xCB, 0x05, 0xFF, 0xCB, 0x05, 0xFF, 0xCB, 0x05, 0xFF, 0xCB, 0x05, 
    0xFF, 0xCB, 0x05, 0xFF, 0xCB, 0x05, 0xFF, 0xCB, 0x05, 0xFF, 0xCB, 0x05, 
    0xFF, 0xCB, 0x05, 0xFF, 0xCB, 0x05, 0xFF, 0xCB, 0x05, 0xFF, 0xCB, 0x05, 
    0xFF, 0xCB, 0x05, 0xFF, 0xCB, 0x05, 0xFF, 0xCB, 0x05, 0xFF, 0xCB, 0x05, 
    0xFF, 0xCB, 0x05, 0xFB, 0xC7, 0x06, 0xFF, 0xD8, 0x01, 0xAE, 0x93, 0x14, 
    0x00, 0x14, 0x42, 0x02, 0x2A, 0x4E, 0x00, 0x27, 0x4C, 0x00, 0x27, 0x4C, 
    0x00, 0x27, 0x4C, 0x00, 0x27, 0x4C, 0x00, 0x27, 0x4C, 0x00, 0x27, 0x4C, 
    0x00, 0x27, 0x4C, 0x00, 0x27, 0x4C, 0x00, 0x27, 0x4C, 0x00, 0x27, 0x4C, 
    0x00, 0x27, 0x4C, 0x00, 0x27, 0x4C, 0x00, 0x27, 0x4C, 0x00, 0x27, 0x4C, 
    0x00, 0x27, 0x4C, 0x00, 0x27, 0x4C, 0x00, 0x27, 0x4C, 0x00, 0x27, 0x4C, 
    0x00, 0x27, 0x4C, 0x00, 0x27, 0x4C, 0x00, 0x27, 0x4C, 0x00, 0x27, 0x4C, 
    0x00, 0x27, 0x4C, 0x00, 0x27, 0x4C, 0x03, 0x29, 0x4B, 0x00, 0x19, 0x52, 
    0xA7, 0x92, 0x1A, 0xFF, 0xD9, 0x00, 0xFB, 0xC8, 0x07, 0xFF, 0xCB, 0x05, 
    0xFF, 0xCB, 0x05, 0xFF, 0xCB, 0x05, 0xFF, 0xCB, 0x05, 0xFF, 0xCB, 0x05, 
    0xFF, 0xCB, 0x05, 0xFF, 0xCB, 0x05, 0xFF, 0xCB, 0x05, 0xFF, 0xCB, 0x05, 
    0xFF, 0xCB, 0x05, 0xFF, 0xCB, 0x05, 0xFF, 0xCB, 0x05, 0xFF, 0xCB, 0x05, 
    0xFF, 0xCB, 0x05, 0xFF, 0xCB, 0x05, 0xFF, 0xCB, 0x05, 0xFF, 0xCB, 0x05, 
    0xFF, 0xCB, 0x05, 0xFF, 0xCB, 0x05, 0xFF, 0xCB, 0x05, 0xFF, 0xCB, 0x05, 
    0xFF, 0xCB, 0x05, 0xFF, 0xCB, 0x05, 0xFF, 0xCB, 0x05, 0xFF, 0xCB, 0x05, 
    0xFF, 0xCB, 0x05, 0xFF, 0xCB, 0x05, 0xFF, 0xCB, 0x05, 0xFB, 0xC8, 0x06, 
    0xFF, 0xD7, 0x00, 0x65, 0x68, 0x30, 0x00, 0x1B, 0x51, 0x04, 0x2A, 0x4B, 
    0x00, 0x27, 0x4C, 0x00, 0x27, 0x4C, 0x00, 0x27, 0x4C, 0x00, 0x27, 0x4C, 
    0x00, 0x27, 0x4C, 0x00, 0x27, 0x4C, 0x02, 0x28, 0x4D, 0x00, 0x1F, 0x45, 
    0x29, 0x4A, 0x69, 0x3C, 0x5A, 0x76, 0x00, 0x1D, 0x43, 0x02, 0x29, 0x4E, 
    0x00, 0x27, 0x4C, 0x00, 0x27, 0x4C, 0x00, 0x27, 0x4C, 0x00, 0x27, 0x4C, 
    0x00, 0x27, 0x4C, 0x00, 0x27, 0x4C, 0x00, 0x27, 0x4C, 0x00, 0x27, 0x4C, 
    0x00, 0x27, 0x4C, 0x00, 0x27, 0x4C, 0x00, 0x27, 0x4C, 0x00, 0x27, 0x4C, 
    0x00, 0x27, 0x4C, 0x00, 0x27, 0x4C, 0x00, 0x27, 0x4C, 0x00, 0x27, 0x4C, 
    0x00, 0x27, 0x4C, 0x00, 0x27, 0x4C, 0x00, 0x27, 0x4C, 0x00, 0x27, 0x4C, 
    0x00, 0x27, 0x4C, 0x00, 0x27, 0x4C, 0x00, 0x27, 0x4C, 0x00, 0x27, 0x4C, 
    0x00, 0x27, 0x4C, 0x00, 0x27, 0x4C, 0x00, 0x27, 0x4C, 0x00, 0x27, 0x4C, 
    0x00, 0x27, 0x4C, 0x00, 0x27, 0x4C, 0x00, 0x27, 0x4C, 0x00, 0x27, 0x4C, 
    0x00, 0x27, 0x4C, 0x00, 0x27, 0x4C, 0x00, 0x27, 0x4C, 0x00, 0x27, 0x4C, 
    0x00, 0x27, 0x4C, 0x00, 0x27, 0x4C, 0x00, 0x27, 0x4C, 0x00, 0x27, 0x4C, 
    0x00, 0x27, 0x4C, 0x00, 0x27, 0x4C, 0x00, 0x27, 0x4C, 0x00, 0x27, 0x4C, 
    0x00, 0x27, 0x4C, 0x00, 0x27, 0x4C, 0x00, 0x27, 0x4C, 0x00, 0x27, 0x4C, 
    0x00, 0x27, 0x4C, 0x00, 0x27, 0x4C, 0x00, 0x27, 0x4C, 0x00, 0x27, 0x4C, 
    0x00, 0x27, 0x4C, 0x00, 0x27, 0x4C, 0x00, 0x27, 0x4C, 0x00, 0x27, 0x4C, 
    0x00, 0x27, 0x4C, 0x00, 0x27, 0x4C, 0x00, 0x27, 0x4C, 0x00, 0x27, 0x4C, 
    0x00, 0x27, 0x4C, 0x00, 0x27, 0x4C, 0x00, 0x27, 0x4C, 0x00, 0x27, 0x4C, 
    0x00, 0x27, 0x4C, 0x00, 0x27, 0x4C, 0x00, 0x27, 0x4C, 0x00, 0x27, 0x4C, 
    0x00, 0x27, 0x4C, 0x00, 0x27, 0x4C, 0x00, 0x27, 0x4C, 0x00, 0x27, 0x4C, 
    0x00, 0x27, 0x4C, 0x00, 0x27, 0x4C, 0x00, 0x27, 0x4C, 0x00, 0x27, 0x4C, 
    0x00, 0x27, 0x4C, 0x00, 0x27, 0x4C, 0x00, 0x27, 0x4C, 0x00, 0x27, 0x4C, 
    0x00, 0x27, 0x4C, 0x00, 0x27, 0x4C, 0x00, 0x27, 0x4C, 0x00, 0x27, 0x4C, 
    0x00, 0x27, 0x4C, 0x00, 0x27, 0x4C, 0x00, 0x27, 0x4C, 0x00, 0x27, 0x4C, 
    0x00, 0x27, 0x4C, 0x00, 0x27, 0x4C, 0x00, 0x27, 0x4C, 0x00, 0x27, 0x4C, 
    0x00, 0x27, 0x4C, 0x00, 0x27, 0x4C, 0x00, 0x27, 0x4C, 0x00, 0x27, 0x4C, 
    0x00, 0x27, 0x4C, 0x00, 0x27, 0x4C, 0x00, 0x27, 0x4C, 0x00, 0x27, 0x4C, 
    0x00, 0x27, 0x4C, 0x00, 0x27, 0x4C, 0x00, 0x27, 0x4C, 0x00, 0x27, 0x4C, 
    0x00, 0x27, 0x4C, 0x00, 0x27, 0x4C, 0x00, 0x27, 0x4C, 0x00, 0x27, 0x4C, 
    0x00, 0x27, 0x4C, 0x00, 0x27, 0x4C, 0x00, 0x27, 0x4C, 0x00, 0x27, 0x4C, 
    0x00, 0x27, 0x4C, 0x00, 0x27, 0x4C, 0x00, 0x27, 0x4C, 0x00, 0x27, 0x4C, 
    0x00, 0x27, 0x4C, 0x00, 0x27, 0x4C, 0x00, 0x27, 0x4C, 0x00, 0x27, 0x4C, 
    0x00, 0x27, 0x4C, 0x00, 0x27, 0x4C, 0x00, 0x27, 0x4C, 0x00, 0x27, 0x4C, 
    0x00, 0x27, 0x4C, 0x00, 0x27, 0x4C, 0x00, 0x27, 0x4C, 0x00, 0x27, 0x4C, 
    0x00, 0x27, 0x4C, 0x00, 0x27, 0x4C, 0x00, 0x27, 0x4C, 0x00, 0x27, 0x4C, 
    0x00, 0x27, 0x4C, 0x00, 0x27, 0x4C, 0x00, 0x27, 0x4C, 0x00, 0x27, 0x4C, 
    0x00, 0x27, 0x4C, 0x00, 0x27, 0x4C, 0x00, 0x27, 0x4C, 0x00, 0x27, 0x4C, 
    0x00, 0x27, 0x4C, 0x00, 0x27, 0x4C, 0x00, 0x27, 0x4C, 0x00, 0x27, 0x4C, 
    0x00, 0x27, 0x4C, 0x00, 0x27, 0x4C, 0x00, 0x27, 0x4C, 0x00, 0x27, 0x4C, 
    0x00, 0x27, 0x4C, 0x00, 0x27, 0x4C, 0x00, 0x27, 0x4C, 0x00, 0x27, 0x4C, 
    0x00, 0x27, 0x4C, 0x00, 0x27, 0x4C, 0x00, 0x27, 0x4C, 0x00, 0x27, 0x4C, 
    0x00, 0x27, 0x4C, 0x00, 0x27, 0x4C, 0x00, 0x27, 0x4C, 0x00, 0x27, 0x4C, 
    0x00, 0x27, 0x4C, 0x00, 0x27, 0x4C, 0x00, 0x27, 0x4C, 0x00, 0x27, 0x4C, 
    0x00, 0x27, 0x4C, 0x00, 0x27, 0x4C, 0x00, 0x27, 0x4C, 0x00, 0x27, 0x4C, 
    0x00, 0x27, 0x4C, 0x00, 0x27, 0x4C, 0x00, 0x27, 0x4C, 0x00, 0x27, 0x4C, 
    0x00, 0x27, 0x4C, 0x00, 0x27, 0x4C, 0x00, 0x27, 0x4C, 0x00, 0x27, 0x4C, 
    0x00, 0x27, 0x4C, 0x00, 0x27, 0x4C, 0x00, 0x27, 0x4C, 0x00, 0x27, 0x4C, 
    0x00, 0x27, 0x4C, 0x00, 0x27, 0x4C, 0x00, 0x27, 0x4C, 0x00, 0x27, 0x4C, 
    0x00, 0x27, 0x4C, 0x00, 0x27, 0x4C, 0x00, 0x27, 0x4C, 0x00, 0x27, 0x4C, 
    0x00, 0x27, 0x4C, 0x00, 0x27, 0x4C, 0x00, 0x27, 0x4C, 0x00, 0x27, 0x4C, 
    0x00, 0x27, 0x4C, 0x00, 0x27, 0x4C, 0x00, 0x27, 0x4C, 0x00, 0x27, 0x4C, 
    0x00, 0x27, 0x4C, 0x00, 0x27, 0x4C, 0x00, 0x27, 0x4C, 0x00, 0x27, 0x4C, 
    0x00, 0x27, 0x4C, 0x00, 0x27, 0x4C, 0x00, 0x27, 0x4C, 0x00, 0x27, 0x4C, 
    0x00, 0x27, 0x4C, 0x00, 0x27, 0x4C, 0x00, 0x27, 0x4C, 0x00, 0x27, 0x4C, 
    0x00, 0x27, 0x4C, 0x00, 0x27, 0x4C, 0x00, 0x27, 0x4C, 0x00, 0x27, 0x4C, 
    0x00, 0x27, 0x4C, 0x00, 0x27, 0x4C, 0x00, 0x27, 0x4C, 0x00, 0x27, 0x4C, 
    0x00, 0x27, 0x4C, 0x00, 0x27, 0x4C, 0x00, 0x27, 0x4C, 0x00, 0x27, 0x4C, 
    0x00, 0x27, 0x4C, 0x00, 0x27, 0x4C, 0x00, 0x27, 0x4C, 0x00, 0x27, 0x4C, 
    0x00, 0x27, 0x4C, 0x00, 0x27, 0x4C, 0x00, 0x27, 0x4C, 0x00, 0x27, 0x4C, 
    0x00, 0x27, 0x4C, 0x00, 0x27, 0x4C, 0x00, 0x27, 0x4C, 0x00, 0x27, 0x4C, 
    0x00, 0x27, 0x4C, 0x00, 0x27, 0x4C, 0x00, 0x27, 0x4C, 0x00, 0x27, 0x4C, 
    0x00, 0x27, 0x4C, 0x00, 0x27, 0x4C, 0x00, 0x27, 0x4C, 0x00, 0x27, 0x4C, 
    0x00, 0x27, 0x4C, 0x00, 0x27, 0x4C, 0x00, 0x27, 0x4C, 0x00, 0x27, 0x4C, 
    0x00, 0x27, 0x4C, 0x00, 0x27, 0x4C, 0x00, 0x27, 0x4C, 0x00, 0x27, 0x4C, 
    0x00, 0x27, 0x4C, 0x00, 0x27, 0x4C, 0x00, 0x27, 0x4C, 0x00, 0x27, 0x4C, 
    0x00, 0x27, 0x4C, 0x00, 0x27, 0x4C, 0x00, 0x27, 0x4C, 0x00, 0x27, 0x4C, 
    0x00, 0x27, 0x4C, 0x00, 0x27, 0x4C, 0x00, 0x27, 0x4C, 0x00, 0x27, 0x4C, 
    0x00, 0x27, 0x4C, 0x00, 0x27, 0x4C, 0x00, 0x27, 0x4C, 0x00, 0x27, 0x4C, 
    0x00, 0x27, 0x4C, 0x00, 0x27, 0x4C, 0x00, 0x27, 0x4C, 0x00, 0x27, 0x4C, 
    0x00, 0x27, 0x4C, 0x00, 0x27, 0x4C, 0x00, 0x27, 0x4C, 0x00, 0x27, 0x4C, 
    0x00, 0x27, 0x4C, 0x00, 0x27, 0x4C, 0x00, 0x27, 0x4C, 0x00, 0x27, 0x4C, 
    0x00, 0x27, 0x4C, 0x00, 0x27, 0x4C, 0x00, 0x27, 0x4C, 0x00, 0x27, 0x4C, 
    0x00, 0x27, 0x4C, 0x00, 0x27, 0x4C, 0x00, 0x27, 0x4C, 0x00, 0x27, 0x4C, 
    0x00, 0x27, 0x4C, 0x00, 0x27, 0x4C, 0x00, 0x27, 0x4C, 0x00, 0x27, 0x4C, 
    0x00, 0x27, 0x4C, 0x00, 0x27, 0x4C, 0x00, 0x27, 0x4C, 0x00, 0x27, 0x4C, 
    0x00, 0x27, 0x4C, 0x00, 0x27, 0x4C, 0x00, 0x27, 0x4C, 0x00, 0x27, 0x4C, 
    0x00, 0x27, 0x4C, 0x00, 0x27, 0x4C, 0x00, 0x27, 0x4C, 0x00, 0x27, 0x4C, 
    0x00, 0x27, 0x4C, 0x00, 0x27, 0x4C, 0x00, 0x27, 0x4C, 0x00, 0x27, 0x4C, 
    0x00, 0x27, 0x4C, 0x00, 0x27, 0x4C, 0x00, 0x27, 0x4C, 0x00, 0x27, 0x4C, 
    0x00, 0x27, 0x4C, 0x00, 0x27, 0x4C, 0x00, 0x27, 0x4C, 0x00, 0x27, 0x4C, 
    0x00, 0x27, 0x4C, 0x00, 0x27, 0x4C, 0x00, 0x27, 0x4C, 0x00, 0x27, 0x4C, 
    0x00, 0x27, 0x4C, 0x00, 0x27, 0x4C, 0x00, 0x27, 0x4C, 0x00, 0x27, 0x4C, 
    0x00, 0x27, 0x4C, 0x00, 0x27, 0x4C, 0x00, 0x27, 0x4C, 0x00, 0x27, 0x4C, 
    0x00, 0x27, 0x4C, 0x00, 0x27, 0x4C, 0x00, 0x27, 0x4C, 0x00, 0x27, 0x4C, 
    0x00, 0x27, 0x4C, 0x00, 0x27, 0x4C, 0x00, 0x27, 0x4C, 0x00, 0x27, 0x4C, 
    0x00, 0x27, 0x4C, 0x00, 0x27, 0x4C, 0x00, 0x27, 0x4C, 0x00, 0x27, 0x4C, 
    0x00, 0x27, 0x4C, 0x00, 0x27, 0x4C, 0x00, 0x27, 0x4C, 0x00, 0x27, 0x4C, 
    0x00, 0x27, 0x4C, 0x00, 0x27, 0x4C, 0x00, 0x27, 0x4C, 0x00, 0x27, 0x4C, 
    0x00, 0x27, 0x4C, 0x00, 0x27, 0x4C, 0x00, 0x27, 0x4C, 0x00, 0x27, 0x4C, 
    0x00, 0x27, 0x4C, 0x00, 0x27, 0x4C, 0x00, 0x27, 0x4C, 0x00, 0x27, 0x4C, 
    0x00, 0x27, 0x4C, 0x00, 0x27, 0x4C, 0x00, 0x27, 0x4C, 0x00, 0x27, 0x4C, 
    0x00, 0x27, 0x4C, 0x00, 0x27, 0x4C, 0x00, 0x27, 0x4C, 0x00, 0x27, 0x4C, 
    0x00, 0x27, 0x4C, 0x00, 0x27, 0x4C, 0x00, 0x27, 0x4C, 0x00, 0x27, 0x4C, 
    0x00, 0x27, 0x4C, 0x00, 0x27, 0x4C, 0x00, 0x27, 0x4C, 0x00, 0x27, 0x4C, 
    0x04, 0x2A, 0x4B, 0x00, 0x1B, 0x51, 0x6A, 0x6B, 0x2F, 0xFF, 0xD7, 0x00, 
    0xFB, 0xC8, 0x06, 0xFF, 0xCB, 0x05, 0xFF, 0xCB, 0x05, 0xFF, 0xCB, 0x05, 
    0xFF, 0xCB, 0x05, 0xFF, 0xCB, 0x05, 0xFF, 0xCB, 0x05, 0xFF, 0xCB, 0x05, 
    0xFF, 0xCB, 0x05, 0xFF, 0xCB, 0x05, 0xFF, 0xCB, 0x05, 0xFF, 0xCB, 0x05, 
    0xFF, 0xCB, 0x05, 0xFF, 0xCB, 0x05, 0xFF, 0xCB, 0x05, 0xFF, 0xCB, 0x05, 
    0xFF, 0xCB, 0x05, 0xFF, 0xCB, 0x05, 0xFF, 0xCB, 0x05, 0xFF, 0xCB, 0x05, 
    0xFF, 0xCB, 0x05, 0xFF, 0xCB, 0x05, 0xFF, 0xCB, 0x05, 0xFF, 0xCB, 0x05, 
    0xFF, 0xCB, 0x05, 0xFF, 0xCB, 0x05, 0xFF, 0xCB, 0x05, 0xFF, 0xCB, 0x05, 
    0xFF, 0xCB, 0x05, 0xFF, 0xCB, 0x05, 0xFB, 0xCA, 0x07, 0xFC, 0xCE, 0x00, 
    0x86, 0x77, 0x1B, 0x00, 0x1F, 0x50, 0x02, 0x29, 0x4B, 0x00, 0x27, 0x4C, 
    0x00, 0x27, 0x4C, 0x00, 0x27, 0x4C, 0x00, 0x27, 0x4C, 0x00, 0x27, 0x4C, 
    0x00, 0x27, 0x4C, 0x00, 0x27, 0x4C, 0x00, 0x27, 0x4C, 0x00, 0x27, 0x4C, 
    0x00, 0x27, 0x4C, 0x00, 0x27, 0x4C, 0x00, 0x27, 0x4C, 0x00, 0x27, 0x4C, 
    0x00, 0x27, 0x4C, 0x00, 0x27, 0x4C, 0x00, 0x27, 0x4C, 0x00, 0x27, 0x4C, 
    0x00, 0x27, 0x4C, 0x00, 0x27, 0x4C, 0x00, 0x27, 0x4C, 0x00, 0x27, 0x4C, 
    0x00, 0x27, 0x4C, 0x03, 0x29, 0x4B, 0x00, 0x1E, 0x4F, 0x7F, 0x77, 0x26, 
    0xFC, 0xD1, 0x03, 0xFB, 0xC9, 0x06, 0xFF, 0xCB, 0x05, 0xFF, 0xCB, 0x05, 
    0xFF, 0xCB, 0x05, 0xFF, 0xCB, 0x05, 0xFF, 0xCB, 0x05, 0xFF, 0xCB, 0x05, 
    0xFF, 0xCB, 0x05, 0xFF, 0xCB, 0x05, 0xFF, 0xCB, 0x05, 0xFF, 0xCB, 0x05, 
    0xFF, 0xCB, 0x05, 0xFF, 0xCB, 0x05, 0xFF, 0xCB, 0x05, 0xFF, 0xCB, 0x05, 
    0xFF, 0xCB, 0x05, 0xFF, 0xCB, 0x05, 0xFF, 0xCB, 0x05, 0xFF, 0xCB, 0x05, 
    0xFF, 0xCB, 0x05, 0xFF, 0xCB, 0x05, 0xFF, 0xCB, 0x05, 0xFF, 0xCB, 0x05, 
    0xFF, 0xCB, 0x05, 0xFF, 0xCB, 0x05, 0xFF, 0xCB, 0x05, 0xFF, 0xCB, 0x05, 
    0xFF, 0xCB, 0x05, 0xFF, 0xCB, 0x05, 0xFF, 0xCB, 0x05, 0xFB, 0xC8, 0x06, 
    0xFF, 0xD7, 0x00, 0x65, 0x68, 0x30, 0x00, 0x1B, 0x51, 0x04, 0x2A, 0x4B, 
    0x00, 0x27, 0x4C, 0x00, 0x27, 0x4C, 0x00, 0x27, 0x4C, 0x00, 0x27, 0x4C, 
    0x00, 0x27, 0x4C, 0x00, 0x27, 0x4C, 0x02, 0x28, 0x4D, 0x00, 0x1F, 0x45, 
    0x29, 0x4A, 0x69, 0x3C, 0x5A, 0x76, 0x00, 0x1D, 0x43, 0x02, 0x29, 0x4E, 
    0x00, 0x27, 0x4C, 0x00, 0x27, 0x4C, 0x00, 0x27, 0x4C, 0x00, 0x27, 0x4C, 
    0x00, 0x27, 0x4C, 0x00, 0x27, 0x4C, 0x00, 0x27, 0x4C, 0x00, 0x27, 0x4C, 
    0x00, 0x27, 0x4C, 0x00, 0x27, 0x4C, 0x00, 0x27, 0x4C, 0x00, 0x27, 0x4C, 
    0x00, 0x27, 0x4C, 0x00, 0x27, 0x4C, 0x00, 0x27, 0x4C, 0x00, 0x27, 0x4C, 
    0x00, 0x27, 0x4C, 0x00, 0x27, 0x4C, 0x00, 0x27, 0x4C, 0x00, 0x27, 0x4C, 
    0x00, 0x27, 0x4C, 0x00, 0x27, 0x4C, 0x00, 0x27, 0x4C, 0x00, 0x27, 0x4C, 
    0x00, 0x27, 0x4C, 0x00, 0x27, 0x4C, 0x00, 0x27, 0x4C, 0x00, 0x27, 0x4C, 
    0x00, 0x27, 0x4C, 0x00, 0x27, 0x4C, 0x00, 0x27, 0x4C, 0x00, 0x27, 0x4C, 
    0x00, 0x27, 0x4C, 0x00, 0x27, 0x4C, 0x00, 0x27, 0x4C, 0x00, 0x27, 0x4C, 
    0x00, 0x27, 0x4C, 0x00, 0x27, 0x4C, 0x00, 0x27, 0x4C, 0x00, 0x27, 0x4C, 
    0x00, 0x27, 0x4C, 0x00, 0x27, 0x4C, 0x00, 0x27, 0x4C, 0x00, 0x27, 0x4C, 
    0x00, 0x27, 0x4C, 0x00, 0x27, 0x4C, 0x00, 0x27, 0x4C, 0x00, 0x27, 0x4C, 
    0x00, 0x27, 0x4C, 0x00, 0x27, 0x4C, 0x00, 0x27, 0x4C, 0x00, 0x27, 0x4C, 
    0x00, 0x27, 0x4C, 0x00, 0x27, 0x4C, 0x00, 0x27, 0x4C, 0x00, 0x27, 0x4C, 
    0x00, 0x27, 0x4C, 0x00, 0x27, 0x4C, 0x00, 0x27, 0x4C, 0x00, 0x27, 0x4C, 
    0x00, 0x27, 0x4C, 0x00, 0x27, 0x4C, 0x00, 0x27, 0x4C, 0x00, 0x27, 0x4C, 
    0x00, 0x27, 0x4C, 0x00, 0x27, 0x4C, 0x00, 0x27, 0x4C, 0x00, 0x27, 0x4C, 
    0x00, 0x27, 0x4C, 0x00, 0x27, 0x4C, 0x00, 0x27, 0x4C, 0x00, 0x27, 0x4C, 
    0x00, 0x27, 0x4C, 0x00, 0x27, 0x4C, 0x00, 0x27, 0x4C, 0x00, 0x27, 0x4C, 
    0x00, 0x27, 0x4C, 0x00, 0x27, 0x4C, 0x00, 0x27, 0x4C, 0x00, 0x27, 0x4C, 
    0x00, 0x27, 0x4C, 0x00, 0x27, 0x4C, 0x00, 0x27, 0x4C, 0x00, 0x27, 0x4C, 
    0x00, 0x27, 0x4C, 0x00, 0x27, 0x4C, 0x00, 0x27, 0x4C, 0x00, 0x27, 0x4C, 
    0x00, 0x27, 0x4C, 0x00, 0x27, 0x4C, 0x00, 0x27, 0x4C, 0x00, 0x27, 0x4C, 
    0x00, 0x27, 0x4C, 0x00, 0x27, 0x4C, 0x00, 0x27, 0x4C, 0x00, 0x27, 0x4C, 
    0x00, 0x27, 0x4C, 0x00, 0x27, 0x4C, 0x00, 0x27, 0x4C, 0x00, 0x27, 0x4C, 
    0x00, 0x27, 0x4C, 0x00, 0x27, 0x4C, 0x00, 0x27, 0x4C, 0x00, 0x27, 0x4C, 
    0x00, 0x27, 0x4C, 0x00, 0x27, 0x4C, 0x00, 0x27, 0x4C, 0x00, 0x27, 0x4C, 
    0x00, 0x27, 0x4C, 0x00, 0x27, 0x4C, 0x00, 0x27, 0x4C, 0x00, 0x27, 0x4C, 
    0x00, 0x27, 0x4C, 0x00, 0x27, 0x4C, 0x00, 0x27, 0x4C, 0x00, 0x27, 0x4C, 
    0x00, 0x27, 0x4C, 0x00, 0x27, 0x4C, 0x00, 0x27, 0x4C, 0x00, 0x27, 0x4C, 
    0x00, 0x27, 0x4C, 0x00, 0x27, 0x4C, 0x00, 0x27, 0x4C, 0x00, 0x27, 0x4C, 
    0x00, 0x27, 0x4C, 0x00, 0x27, 0x4C, 0x00, 0x27, 0x4C, 0x00, 0x27, 0x4C, 
    0x00, 0x27, 0x4C, 0x00, 0x27, 0x4C, 0x00, 0x27, 0x4C, 0x00, 0x27, 0x4C, 
    0x00, 0x27, 0x4C, 0x00, 0x27, 0x4C, 0x00, 0x27, 0x4C, 0x00, 0x27, 0x4C, 
    0x00, 0x27, 0x4C, 0x00, 0x27, 0x4C, 0x00, 0x27, 0x4C, 0x00, 0x27, 0x4C, 
    0x00, 0x27, 0x4C, 0x00, 0x27, 0x4C, 0x00, 0x27, 0x4C, 0x00, 0x27, 0x4C, 
    0x00, 0x27, 0x4C, 0x00, 0x27, 0x4C, 0x00, 0x27, 0x4C, 0x00, 0x27, 0x4C, 
    0x00, 0x27, 0x4C, 0x00, 0x27, 0x4C, 0x00, 0x27, 0x4C, 0x00, 0x27, 0x4C, 
    0x00, 0x27, 0x4C, 0x00, 0x27, 0x4C, 0x00, 0x27, 0x4C, 0x00, 0x27, 0x4C, 
    0x00, 0x27, 0x4C, 0x00, 0x27, 0x4C, 0x00, 0x27, 0x4C, 0x00, 0x27, 0x4C, 
    0x00, 0x27, 0x4C, 0x00, 0x27, 0x4C, 0x00, 0x27, 0x4C, 0x00, 0x27, 0x4C, 
    0x00, 0x27, 0x4C, 0x00, 0x27, 0x4C, 0x00, 0x27, 0x4C, 0x00, 0x27, 0x4C, 
    0x00, 0x27, 0x4C, 0x00, 0x27, 0x4C, 0x00, 0x27, 0x4C, 0x00, 0x27, 0x4C, 
    0x00, 0x27, 0x4C, 0x00, 0x27, 0x4C, 0x00, 0x27, 0x4C, 0x00, 0x27, 0x4C, 
    0x00, 0x27, 0x4C, 0x00, 0x27, 0x4C, 0x00, 0x27, 0x4C, 0x00, 0x27, 0x4C, 
    0x00, 0x27, 0x4C, 0x00, 0x27, 0x4C, 0x00, 0x27, 0x4C, 0x00, 0x27, 0x4C, 
    0x00, 0x27, 0x4C, 0x00, 0x27, 0x4C, 0x00, 0x27, 0x4C, 0x00, 0x27, 0x4C, 
    0x00, 0x27, 0x4C, 0x00, 0x27, 0x4C, 0x00, 0x27, 0x4C, 0x00, 0x27, 0x4C, 
    0x00, 0x27, 0x4C, 0x00, 0x27, 0x4C, 0x00, 0x27, 0x4C, 0x00, 0x27, 0x4C, 
    0x00, 0x27, 0x4C, 0x00, 0x27, 0x4C, 0x00, 0x27, 0x4C, 0x00, 0x27, 0x4C, 
    0x00, 0x27, 0x4C, 0x00, 0x27, 0x4C, 0x00, 0x27, 0x4C, 0x00, 0x27, 0x4C, 
    0x00, 0x27, 0x4C, 0x00, 0x27, 0x4C, 0x00, 0x27, 0x4C, 0x00, 0x27, 0x4C, 
    0x00, 0x27, 0x4C, 0x00, 0x27, 0x4C, 0x00, 0x27, 0x4C, 0x00, 0x27, 0x4C, 
    0x00, 0x27, 0x4C, 0x00, 0x27, 0x4C, 0x00, 0x27, 0x4C, 0x00, 0x27, 0x4C, 
    0x00, 0x27, 0x4C, 0x00, 0x27, 0x4C, 0x00, 0x27, 0x4C, 0x00, 0x27, 0x4C, 
    0x00, 0x27, 0x4C, 0x00, 0x27, 0x4C, 0x00, 0x27, 0x4C, 0x00, 0x27, 0x4C, 
    0x00, 0x27, 0x4C, 0x00, 0x27, 0x4C, 0x00, 0x27, 0x4C, 0x00, 0x27, 0x4C, 
    0x00, 0x27, 0x4C, 0x00, 0x27, 0x4C, 0x00, 0x27, 0x4C, 0x00, 0x27, 0x4C, 
    0x00, 0x27, 0x4C, 0x00, 0x27, 0x4C, 0x00, 0x27, 0x4C, 0x00, 0x27, 0x4C, 
    0x00, 0x27, 0x4C, 0x00, 0x27, 0x4C, 0x00, 0x27, 0x4C, 0x00, 0x27, 0x4C, 
    0x00, 0x27, 0x4C, 0x00, 0x27, 0x4C, 0x00, 0x27, 0x4C, 0x00, 0x27, 0x4C, 
    0x00, 0x27, 0x4C, 0x00, 0x27, 0x4C, 0x00, 0x27, 0x4C, 0x00, 0x27, 0x4C, 
    0x00, 0x27, 0x4C, 0x00, 0x27, 0x4C, 0x00, 0x27, 0x4C, 0x00, 0x27, 0x4C, 
    0x00, 0x27, 0x4C, 0x00, 0x27, 0x4C, 0x00, 0x27, 0x4C, 0x00, 0x27, 0x4C, 
    0x00, 0x27, 0x4C, 0x00, 0x27, 0x4C, 0x00, 0x27, 0x4C, 0x00, 0x27, 0x4C, 
    0x00, 0x27, 0x4C, 0x00, 0x27, 0x4C, 0x00, 0x27, 0x4C, 0x00, 0x27, 0x4C, 
    0x00, 0x27, 0x4C, 0x00, 0x27, 0x4C, 0x00, 0x27, 0x4C, 0x00, 0x27, 0x4C, 
    0x00, 0x27, 0x4C, 0x00, 0x27, 0x4C, 0x00, 0x27, 0x4C, 0x00, 0x27, 0x4C, 
    0x00, 0x27, 0x4C, 0x00, 0x27, 0x4C, 0x00, 0x27, 0x4C, 0x00, 0x27, 0x4C, 
    0x00, 0x27, 0x4C, 0x00, 0x27, 0x4C, 0x00, 0x27, 0x4C, 0x00, 0x27, 0x4C, 
    0x00, 0x27, 0x4C, 0x00, 0x27, 0x4C, 0x00, 0x27, 0x4C, 0x00, 0x27, 0x4C, 
    0x00, 0x27, 0x4C, 0x00, 0x27, 0x4C, 0x00, 0x27, 0x4C, 0x00, 0x27, 0x4C, 
    0x00, 0x27, 0x4C, 0x00, 0x27, 0x4C, 0x00, 0x27, 0x4C, 0x00, 0x27, 0x4C, 
    0x00, 0x27, 0x4C, 0x00, 0x27, 0x4C, 0x00, 0x27, 0x4C, 0x00, 0x27, 0x4C, 
    0x00, 0x27, 0x4C, 0x00, 0x27, 0x4C, 0x00, 0x27, 0x4C, 0x00, 0x27, 0x4C, 
    0x00, 0x27, 0x4C, 0x00, 0x27, 0x4C, 0x00, 0x27, 0x4C, 0x00, 0x27, 0x4C, 
    0x00, 0x27, 0x4C, 0x00, 0x27, 0x4C, 0x00, 0x27, 0x4C, 0x00, 0x27, 0x4C, 
    0x00, 0x27, 0x4C, 0x00, 0x27, 0x4C, 0x00, 0x27, 0x4C, 0x00, 0x27, 0x4C, 
    0x00, 0x27, 0x4C, 0x00, 0x27, 0x4C, 0x00, 0x27, 0x4C, 0x00, 0x27, 0x4C, 
    0x00, 0x27, 0x4C, 0x00, 0x27, 0x4C, 0x00, 0x27, 0x4C, 0x00, 0x27, 0x4C, 
    0x00, 0x27, 0x4C, 0x00, 0x27, 0x4C, 0x00, 0x27, 0x4C, 0x00, 0x27, 0x4C, 
    0x00, 0x27, 0x4C, 0x00, 0x27, 0x4C, 0x00, 0x27, 0x4C, 0x00, 0x27, 0x4C, 
    0x00, 0x27, 0x4C, 0x00, 0x27, 0x4C, 0x00, 0x27, 0x4C, 0x00, 0x27, 0x4C, 
    0x00, 0x27, 0x4C, 0x00, 0x27, 0x4C, 0x00, 0x27, 0x4C, 0x00, 0x27, 0x4C, 
    0x00, 0x27, 0x4C, 0x00, 0x27, 0x4C, 0x00, 0x27, 0x4C, 0x00, 0x27, 0x4C, 
    0x00, 0x27, 0x4C, 0x00, 0x27, 0x4C, 0x00, 0x27, 0x4C, 0x00, 0x27, 0x4C, 
    0x00, 0x27, 0x4C, 0x00, 0x27, 0x4C, 0x00, 0x27, 0x4C, 0x00, 0x27, 0x4C, 
    0x00, 0x27, 0x4C, 0x00, 0x27, 0x4C, 0x00, 0x27, 0x4C, 0x00, 0x27, 0x4C, 
    0x00, 0x27, 0x4C, 0x00, 0x27, 0x4C, 0x00, 0x27, 0x4C, 0x00, 0x27, 0x4C, 
    0x00, 0x27, 0x4C, 0x00, 0x27, 0x4C, 0x00, 0x27, 0x4C, 0x00, 0x27, 0x4C, 
    0x00, 0x27, 0x4C, 0x00, 0x27, 0x4C, 0x00, 0x27, 0x4C, 0x00, 0x27, 0x4C, 
    0x00, 0x27, 0x4C, 0x00, 0x27, 0x4C, 0x00, 0x27, 0x4C, 0x00, 0x27, 0x4C, 
    0x04, 0x2A, 0x4B, 0x00, 0x1B, 0x51, 0x6A, 0x6B, 0x2F, 0xFF, 0xD7, 0x00, 
    0xFB, 0xC8, 0x06, 0xFF, 0xCB, 0x05, 0xFF, 0xCB, 0x05, 0xFF, 0xCB, 0x05, 
    0xFF, 0xCB, 0x05, 0xFF, 0xCB, 0x05, 0xFF, 0xCB, 0x05, 0xFF, 0xCB, 0x05, 
    0xFF, 0xCB, 0x05, 0xFF, 0xCB, 0x05, 0xFF, 0xCB, 0x05, 0xFF, 0xCB, 0x05, 
    0xFF, 0xCB, 0x05, 0xFF, 0xCB, 0x05, 0xFF, 0xCB, 0x05, 0xFF, 0xCB, 0x05, 
    0xFF, 0xCB, 0x05, 0xFF, 0xCB, 0x05, 0xFF, 0xCB, 0x05, 0xFF, 0xCB, 0x05, 
    0xFF, 0xCB, 0x05, 0xFF, 0xCB, 0x05, 0xFF, 0xCB, 0x05, 0xFF, 0xCB, 0x05, 
    0xFF, 0xCB, 0x05, 0xFF, 0xCB, 0x05, 0xFF, 0xCB, 0x05, 0xFF, 0xCB, 0x05, 
    0xFF, 0xCB, 0x05, 0xFF, 0xCB, 0x05, 0xFF, 0xCA, 0x05, 0xFD, 0xCC, 0x06, 
    0xFF, 0xD4, 0x01, 0x39, 0x44, 0x30, 0x01, 0x1F, 0x51, 0x03, 0x29, 0x4B, 
    0x00, 0x27, 0x4C, 0x00, 0x27, 0x4C, 0x00, 0x27, 0x4C, 0x00, 0x27, 0x4C, 
    0x00, 0x27, 0x4C, 0x00, 0x27, 0x4C, 0x00, 0x27, 0x4C, 0x00, 0x27, 0x4C, 
    0x00, 0x27, 0x4C, 0x00, 0x27, 0x4C, 0x00, 0x27, 0x4C, 0x00, 0x27, 0x4C, 
    0x00, 0x27, 0x4C, 0x00, 0x27, 0x4C, 0x00, 0x27, 0x4C, 0x00, 0x27, 0x4C, 
    0x00, 0x27, 0x4C, 0x00, 0x27, 0x4C, 0x00, 0x27, 0x4C, 0x00, 0x27, 0x4C, 
    0x03, 0x2A, 0x4B, 0x00, 0x1E, 0x4F, 0x39, 0x4B, 0x3C, 0xFF, 0xD4, 0x00, 
    0xFE, 0xCB, 0x05, 0xFF, 0xCB, 0x05, 0xFF, 0xCB, 0x05, 0xFF, 0xCB, 0x05, 
    0xFF, 0xCB, 0x05, 0xFF, 0xCB, 0x05, 0xFF, 0xCB, 0x05, 0xFF, 0xCB, 0x05, 
    0xFF, 0xCB, 0x05, 0xFF, 0xCB, 0x05, 0xFF, 0xCB, 0x05, 0xFF, 0xCB, 0x05, 
    0xFF, 0xCB, 0x05, 0xFF, 0xCB, 0x05, 0xFF, 0xCB, 0x05, 0xFF, 0xCB, 0x05, 
    0xFF, 0xCB, 0x05, 0xFF, 0xCB, 0x05, 0xFF, 0xCB, 0x05, 0xFF, 0xCB, 0x05, 
    0xFF, 0xCB, 0x05, 0xFF, 0xCB, 0x05, 0xFF, 0xCB, 0x05, 0xFF, 0xCB, 0x05, 
    0xFF, 0xCB, 0x05, 0xFF, 0xCB, 0x05, 0xFF, 0xCB, 0x05, 0xFF, 0xCB, 0x05, 
    0xFF, 0xCB, 0x05, 0xFF, 0xCB, 0x05, 0xFF, 0xCB, 0x05, 0xFB, 0xC8, 0x06, 
    0xFF, 0xD7, 0x00, 0x65, 0x68, 0x30, 0x00, 0x1B, 0x51, 0x04, 0x2A, 0x4B, 
    0x00, 0x27, 0x4C, 0x00, 0x27, 0x4C, 0x00, 0x27, 0x4C, 0x00, 0x27, 0x4C, 
    0x00, 0x27, 0x4C, 0x00, 0x27, 0x4C, 0x02, 0x28, 0x4D, 0x00, 0x1F, 0x45, 
    0x29, 0x4A, 0x69, 0x3C, 0x5A, 0x76, 0x00, 0x1D, 0x43, 0x02, 0x29, 0x4E, 
    0x00, 0x27, 0x4C, 0x00, 0x27, 0x4C, 0x00, 0x27, 0x4C, 0x00, 0x27, 0x4C, 
    0x00, 0x27, 0x4C, 0x00, 0x27, 0x4C, 0x00, 0x27, 0x4C, 0x00, 0x27, 0x4C, 
    0x00, 0x27, 0x4C, 0x00, 0x27, 0x4C, 0x00, 0x27, 0x4C, 0x00, 0x27, 0x4C, 
    0x00, 0x27, 0x4C, 0x00, 0x27, 0x4C, 0x00, 0x27, 0x4C, 0x00, 0x27, 0x4C, 
    0x00, 0x27, 0x4C, 0x00, 0x27, 0x4C, 0x00, 0x27, 0x4C, 0x00, 0x27, 0x4C, 
    0x00, 0x27, 0x4C, 0x00, 0x27, 0x4C, 0x00, 0x27, 0x4C, 0x00, 0x27, 0x4C, 
    0x00, 0x27, 0x4C, 0x00, 0x27, 0x4C, 0x00, 0x27, 0x4C, 0x00, 0x27, 0x4C, 
    0x00, 0x27, 0x4C, 0x00, 0x27, 0x4C, 0x00, 0x27, 0x4C, 0x00, 0x27, 0x4C, 
    0x00, 0x27, 0x4C, 0x00, 0x27, 0x4C, 0x00, 0x27, 0x4C, 0x00, 0x27, 0x4C, 
    0x00, 0x27, 0x4C, 0x00, 0x27, 0x4C, 0x00, 0x27, 0x4C, 0x00, 0x27, 0x4C, 
    0x00, 0x27, 0x4C, 0x00, 0x27, 0x4C, 0x00, 0x27, 0x4C, 0x00, 0x27, 0x4C, 
    0x00, 0x27, 0x4C, 0x00, 0x27, 0x4C, 0x00, 0x27, 0x4C, 0x00, 0x27, 0x4C, 
    0x00, 0x27, 0x4C, 0x00, 0x27, 0x4C, 0x00, 0x27, 0x4C, 0x00, 0x27, 0x4C, 
    0x00, 0x27, 0x4C, 0x00, 0x27, 0x4C, 0x00, 0x27, 0x4C, 0x00, 0x27, 0x4C, 
    0x00, 0x27, 0x4C, 0x00, 0x27, 0x4C, 0x00, 0x27, 0x4C, 0x00, 0x27, 0x4C, 
    0x00, 0x27, 0x4C, 0x00, 0x27, 0x4C, 0x00, 0x27, 0x4C, 0x00, 0x27, 0x4C, 
    0x00, 0x27, 0x4C, 0x00, 0x27, 0x4C, 0x00, 0x27, 0x4C, 0x00, 0x27, 0x4C, 
    0x00, 0x27, 0x4C, 0x00, 0x27, 0x4C, 0x00, 0x27, 0x4C, 0x00, 0x27, 0x4C, 
    0x00, 0x27, 0x4C, 0x00, 0x27, 0x4C, 0x00, 0x27, 0x4C, 0x00, 0x27, 0x4C, 
    0x00, 0x27, 0x4C, 0x00, 0x27, 0x4C, 0x00, 0x27, 0x4C, 0x00, 0x27, 0x4C, 
    0x00, 0x27, 0x4C, 0x00, 0x27, 0x4C, 0x00, 0x27, 0x4C, 0x00, 0x27, 0x4C, 
    0x00, 0x27, 0x4C, 0x00, 0x27, 0x4C, 0x00, 0x27, 0x4C, 0x00, 0x27, 0x4C, 
    0x00, 0x27, 0x4C, 0x00, 0x27, 0x4C, 0x00, 0x27, 0x4C, 0x00, 0x27, 0x4C, 
    0x00, 0x27, 0x4C, 0x00, 0x27, 0x4C, 0x00, 0x27, 0x4C, 0x00, 0x27, 0x4C, 
    0x00, 0x27, 0x4C, 0x00, 0x27, 0x4C, 0x00, 0x27, 0x4C, 0x00, 0x27, 0x4C, 
    0x00, 0x27, 0x4C, 0x00, 0x27, 0x4C, 0x00, 0x27, 0x4C, 0x00, 0x27, 0x4C, 
    0x00, 0x27, 0x4C, 0x00, 0x27, 0x4C, 0x00, 0x27, 0x4C, 0x00, 0x27, 0x4C, 
    0x00, 0x27, 0x4C, 0x00, 0x27, 0x4C, 0x00, 0x27, 0x4C, 0x00, 0x27, 0x4C, 
    0x00, 0x27, 0x4C, 0x00, 0x27, 0x4C, 0x00, 0x27, 0x4C, 0x00, 0x27, 0x4C, 
    0x00, 0x27, 0x4C, 0x00, 0x27, 0x4C, 0x00, 0x27, 0x4C, 0x00, 0x27, 0x4C, 
    0x00, 0x27, 0x4C, 0x00, 0x27, 0x4C, 0x00, 0x27, 0x4C, 0x00, 0x27, 0x4C, 
    0x00, 0x27, 0x4C, 0x00, 0x27, 0x4C, 0x00, 0x27, 0x4C, 0x00, 0x27, 0x4C, 
    0x00, 0x27, 0x4C, 0x00, 0x27, 0x4C, 0x00, 0x27, 0x4C, 0x00, 0x27, 0x4C, 
    0x00, 0x27, 0x4C, 0x00, 0x27, 0x4C, 0x00, 0x27, 0x4C, 0x00, 0x27, 0x4C, 
    0x00, 0x27, 0x4C, 0x00, 0x27, 0x4C, 0x00, 0x27, 0x4C, 0x00, 0x27, 0x4C, 
    0x00, 0x27, 0x4C, 0x00, 0x27, 0x4C, 0x00, 0x27, 0x4C, 0x00, 0x27, 0x4C, 
    0x00, 0x27, 0x4C, 0x00, 0x27, 0x4C, 0x00, 0x27, 0x4C, 0x00, 0x27, 0x4C, 
    0x00, 0x27, 0x4C, 0x00, 0x27, 0x4C, 0x00, 0x27, 0x4C, 0x00, 0x27, 0x4C, 
    0x00, 0x27, 0x4C, 0x00, 0x27, 0x4C, 0x00, 0x27, 0x4C, 0x00, 0x27, 0x4C, 
    0x00, 0x27, 0x4C, 0x00, 0x27, 0x4C, 0x00, 0x27, 0x4C, 0x00, 0x27, 0x4C, 
    0x00, 0x27, 0x4C, 0x00, 0x27, 0x4C, 0x00, 0x27, 0x4C, 0x00, 0x27, 0x4C, 
    0x00, 0x27, 0x4C, 0x00, 0x27, 0x4C, 0x00, 0x27, 0x4C, 0x00, 0x27, 0x4C, 
    0x00, 0x27, 0x4C, 0x00, 0x27, 0x4C, 0x00, 0x27, 0x4C, 0x00, 0x27, 0x4C, 
    0x00, 0x27, 0x4C, 0x00, 0x27, 0x4C, 0x00, 0x27, 0x4C, 0x00, 0x27, 0x4C, 
    0x00, 0x27, 0x4C, 0x00, 0x27, 0x4C, 0x00, 0x27, 0x4C, 0x00, 0x27, 0x4C, 
    0x00, 0x27, 0x4C, 0x00, 0x27, 0x4C, 0x00, 0x27, 0x4C, 0x00, 0x27, 0x4C, 
    0x00, 0x27, 0x4C, 0x00, 0x27, 0x4C, 0x00, 0x27, 0x4C, 0x00, 0x27, 0x4C, 
    0x00, 0x27, 0x4C, 0x00, 0x27, 0x4C, 0x00, 0x27, 0x4C, 0x00, 0x27, 0x4C, 
    0x00, 0x27, 0x4C, 0x00, 0x27, 0x4C, 0x00, 0x27, 0x4C, 0x00, 0x27, 0x4C, 
    0x00, 0x27, 0x4C, 0x00, 0x27, 0x4C, 0x00, 0x27, 0x4C, 0x00, 0x27, 0x4C, 
    0x00, 0x27, 0x4C, 0x00, 0x27, 0x4C, 0x00, 0x27, 0x4C, 0x00, 0x27, 0x4C, 
    0x00, 0x27, 0x4C, 0x00, 0x27, 0x4C, 0x00, 0x27, 0x4C, 0x00, 0x27, 0x4C, 
    0x00, 0x27, 0x4C, 0x00, 0x27, 0x4C, 0x00, 0x27, 0x4C, 0x00, 0x27, 0x4C, 
    0x00, 0x27, 0x4C, 0x00, 0x27, 0x4C, 0x00, 0x27, 0x4C, 0x00, 0x27, 0x4C, 
    0x00, 0x27, 0x4C, 0x00, 0x27, 0x4C, 0x00, 0x27, 0x4C, 0x00, 0x27, 0x4C, 
    0x00, 0x27, 0x4C, 0x00, 0x27, 0x4C, 0x00, 0x27, 0x4C, 0x00, 0x27, 0x4C, 
    0x00, 0x27, 0x4C, 0x00, 0x27, 0x4C, 0x00, 0x27, 0x4C, 0x00, 0x27, 0x4C, 
    0x00, 0x27, 0x4C, 0x00, 0x27, 0x4C, 0x00, 0x27, 0x4C, 0x00, 0x27, 0x4C, 
    0x00, 0x27, 0x4C, 0x00, 0x27, 0x4C, 0x00, 0x27, 0x4C, 0x00, 0x27, 0x4C, 
    0x00, 0x27, 0x4C, 0x00, 0x27, 0x4C, 0x00, 0x27, 0x4C, 0x00, 0x27, 0x4C, 
    0x00, 0x27, 0x4C, 0x00, 0x27, 0x4C, 0x00, 0x27, 0x4C, 0x00, 0x27, 0x4C, 
    0x00, 0x27, 0x4C, 0x00, 0x27, 0x4C, 0x00, 0x27, 0x4C, 0x00, 0x27, 0x4C, 
    0x00, 0x27, 0x4C, 0x00, 0x27, 0x4C, 0x00, 0x27, 0x4C, 0x00, 0x27, 0x4C, 
    0x00, 0x27, 0x4C, 0x00, 0x27, 0x4C, 0x00, 0x27, 0x4C, 0x00, 0x27, 0x4C, 
    0x00, 0x27, 0x4C, 0x00, 0x27, 0x4C, 0x00, 0x27, 0x4C, 0x00, 0x27, 0x4C, 
    0x00, 0x27, 0x4C, 0x00, 0x27, 0x4C, 0x00, 0x27, 0x4C, 0x00, 0x27, 0x4C, 
    0x00, 0x27, 0x4C, 0x00, 0x27, 0x4C, 0x00, 0x27, 0x4C, 0x00, 0x27, 0x4C, 
    0x00, 0x27, 0x4C, 0x00, 0x27, 0x4C, 0x00, 0x27, 0x4C, 0x00, 0x27, 0x4C, 
    0x00, 0x27, 0x4C, 0x00, 0x27, 0x4C, 0x00, 0x27, 0x4C, 0x00, 0x27, 0x4C, 
    0x00, 0x27, 0x4C, 0x00, 0x27, 0x4C, 0x00, 0x27, 0x4C, 0x00, 0x27, 0x4C, 
    0x00, 0x27, 0x4C, 0x00, 0x27, 0x4C, 0x00, 0x27, 0x4C, 0x00, 0x27, 0x4C, 
    0x00, 0x27, 0x4C, 0x00, 0x27, 0x4C, 0x00, 0x27, 0x4C, 0x00, 0x27, 0x4C, 
    0x00, 0x27, 0x4C, 0x00, 0x27, 0x4C, 0x00, 0x27, 0x4C, 0x00, 0x27, 0x4C, 
    0x00, 0x27, 0x4C, 0x00, 0x27, 0x4C, 0x00, 0x27, 0x4C, 0x00, 0x27, 0x4C, 
    0x00, 0x27, 0x4C, 0x00, 0x27, 0x4C, 0x00, 0x27, 0x4C, 0x00, 0x27, 0x4C, 
    0x00, 0x27, 0x4C, 0x00, 0x27, 0x4C, 0x00, 0x27, 0x4C, 0x00, 0x27, 0x4C, 
    0x00, 0x27, 0x4C, 0x00, 0x27, 0x4C, 0x00, 0x27, 0x4C, 0x00, 0x27, 0x4C, 
    0x00, 0x27, 0x4C, 0x00, 0x27, 0x4C, 0x00, 0x27, 0x4C, 0x00, 0x27, 0x4C, 
    0x00, 0x27, 0x4C, 0x00, 0x27, 0x4C, 0x00, 0x27, 0x4C, 0x00, 0x27, 0x4C, 
    0x00, 0x27, 0x4C, 0x00, 0x27, 0x4C, 0x00, 0x27, 0x4C, 0x00, 0x27, 0x4C, 
    0x00, 0x27, 0x4C, 0x00, 0x27, 0x4C, 0x00, 0x27, 0x4C, 0x00, 0x27, 0x4C, 
    0x00, 0x27, 0x4C, 0x00, 0x27, 0x4C, 0x00, 0x27, 0x4C, 0x00, 0x27, 0x4C, 
    0x00, 0x27, 0x4C, 0x00, 0x27, 0x4C, 0x00, 0x27, 0x4C, 0x00, 0x27, 0x4C, 
    0x00, 0x27, 0x4C, 0x00, 0x27, 0x4C, 0x00, 0x27, 0x4C, 0x00, 0x27, 0x4C, 
    0x00, 0x27, 0x4C, 0x00, 0x27, 0x4C, 0x00, 0x27, 0x4C, 0x00, 0x27, 0x4C, 
    0x00, 0x27, 0x4C, 0x00, 0x27, 0x4C, 0x00, 0x27, 0x4C, 0x00, 0x27, 0x4C, 
    0x00, 0x27, 0x4C, 0x00, 0x27, 0x4C, 0x00, 0x27, 0x4C, 0x00, 0x27, 0x4C, 
    0x00, 0x27, 0x4C, 0x00, 0x27, 0x4C, 0x00, 0x27, 0x4C, 0x00, 0x27, 0x4C, 
    0x00, 0x27, 0x4C, 0x00, 0x27, 0x4C, 0x00, 0x27, 0x4C, 0x00, 0x27, 0x4C, 
    0x00, 0x27, 0x4C, 0x00, 0x27, 0x4C, 0x00, 0x27, 0x4C, 0x00, 0x27, 0x4C, 
    0x00, 0x27, 0x4C, 0x00, 0x27, 0x4C, 0x00, 0x27, 0x4C, 0x00, 0x27, 0x4C, 
    0x00, 0x27, 0x4C, 0x00, 0x27, 0x4C, 0x00, 0x27, 0x4C, 0x00, 0x27, 0x4C, 
    0x04, 0x2A, 0x4B, 0x00, 0x1B, 0x51, 0x6A, 0x6B, 0x2F, 0xFF, 0xD7, 0x00, 
    0xFB, 0xC8, 0x06, 0xFF, 0xCB, 0x05, 0xFF, 0xCB, 0x05, 0xFF, 0xCB, 0x05, 
    0xFF, 0xCB, 0x05, 0xFF, 0xCB, 0x05, 0xFF, 0xCB, 0x05, 0xFF, 0xCB, 0x05, 
    0xFF, 0xCB, 0x05, 0xFF, 0xCB, 0x05, 0xFF, 0xCB, 0x05, 0xFF, 0xCB, 0x05, 
    0xFF, 0xCB, 0x05, 0xFF, 0xCB, 0x05, 0xFF, 0xCB, 0x05, 0xFF, 0xCB, 0x05, 
    0xFF, 0xCB, 0x05, 0xFF, 0xCB, 0x05, 0xFF, 0xCB, 0x05, 0xFF, 0xCB, 0x05, 
    0xFF, 0xCB, 0x05, 0xFF, 0xCB, 0x05, 0xFF, 0xCB, 0x05, 0xFF, 0xCB, 0x05, 
    0xFF, 0xCB, 0x05, 0xFF, 0xCB, 0x05, 0xFF, 0xCB, 0x05, 0xFF, 0xCB, 0x05, 
    0xFF, 0xCB, 0x05, 0xFF, 0xCB, 0x05, 0xFF, 0xCB, 0x05, 0xFB, 0xC8, 0x06, 
    0xFE, 0xD4, 0x01, 0xAA, 0x95, 0x1D, 0x00, 0x1C, 0x51, 0x04, 0x28, 0x4C, 
    0x01, 0x27, 0x4C, 0x00, 0x27, 0x4C, 0x00, 0x27, 0x4C, 0x00, 0x27, 0x4C, 
    0x00, 0x27, 0x4C, 0x00, 0x27, 0x4C, 0x00, 0x27, 0x4C, 0x00, 0x27, 0x4C, 
    0x00, 0x27, 0x4C, 0x00, 0x27, 0x4C, 0x00, 0x27, 0x4C, 0x00, 0x27, 0x4C, 
    0x00, 0x27, 0x4C, 0x00, 0x27, 0x4C, 0x00, 0x27, 0x4C, 0x00, 0x27, 0x4C, 
    0x00, 0x27, 0x4C, 0x00, 0x27, 0x4C, 0x00, 0x27, 0x4C, 0x00, 0x27, 0x4C, 
    0x04, 0x29, 0x4C, 0x00, 0x1E, 0x51, 0xAD, 0x97, 0x1C, 0xFE, 0xD5, 0x01, 
    0xFB, 0xC8, 0x06, 0xFF, 0xCB, 0x05, 0xFF, 0xCB, 0x05, 0xFF, 0xCB, 0x05, 
    0xFF, 0xCB, 0x05, 0xFF, 0xCB, 0x05, 0xFF, 0xCB, 0x05, 0xFF, 0xCB, 0x05, 
    0xFF, 0xCB, 0x05, 0xFF, 0xCB, 0x05, 0xFF, 0xCB, 0x05, 0xFF, 0xCB, 0x05, 
    0xFF, 0xCB, 0x05, 0xFF, 0xCB, 0x05, 0xFF, 0xCB, 0x05, 0xFF, 0xCB, 0x05, 
    0xFF, 0xCB, 0x05, 0xFF, 0xCB, 0x05, 0xFF, 0xCB, 0x05, 0xFF, 0xCB, 0x05, 
    0xFF, 0xCB, 0x05, 0xFF, 0xCB, 0x05, 0xFF, 0xCB, 0x05, 0xFF, 0xCB, 0x05, 
    0xFF, 0xCB, 0x05, 0xFF, 0xCB, 0x05, 0xFF, 0xCB, 0x05, 0xFF, 0xCB, 0x05, 
    0xFF, 0xCB, 0x05, 0xFF, 0xCB, 0x05, 0xFF, 0xCB, 0x05, 0xFB, 0xC8, 0x06, 
    0xFF, 0xD7, 0x00, 0x65, 0x68, 0x30, 0x00, 0x1B, 0x51, 0x04, 0x2A, 0x4B, 
    0x00, 0x27, 0x4C, 0x00, 0x27, 0x4C, 0x00, 0x27, 0x4C, 0x00, 0x27, 0x4C, 
    0x00, 0x27, 0x4C, 0x00, 0x27, 0x4C, 0x02, 0x28, 0x4D, 0x00, 0x1F, 0x45, 
    0x29, 0x4A, 0x69, 0x3C, 0x5A, 0x76, 0x00, 0x1D, 0x43, 0x02, 0x29, 0x4E, 
    0x00, 0x27, 0x4C, 0x00, 0x27, 0x4C, 0x00, 0x27, 0x4C, 0x00, 0x27, 0x4C, 
    0x00, 0x27, 0x4C, 0x00, 0x27, 0x4C, 0x00, 0x27, 0x4C, 0x00, 0x27, 0x4C, 
    0x00, 0x27, 0x4C, 0x00, 0x27, 0x4C, 0x00, 0x27, 0x4C, 0x00, 0x27, 0x4C, 
    0x00, 0x27, 0x4C, 0x00, 0x27, 0x4C, 0x00, 0x27, 0x4C, 0x00, 0x27, 0x4C, 
    0x00, 0x27, 0x4C, 0x00, 0x27, 0x4C, 0x00, 0x27, 0x4C, 0x00, 0x27, 0x4C, 
    0x00, 0x27, 0x4C, 0x00, 0x27, 0x4C, 0x00, 0x27, 0x4C, 0x00, 0x27, 0x4C, 
    0x00, 0x27, 0x4C, 0x00, 0x27, 0x4C, 0x00, 0x27, 0x4C, 0x00, 0x27, 0x4C, 
    0x00, 0x27, 0x4C, 0x00, 0x27, 0x4C, 0x00, 0x27, 0x4C, 0x00, 0x27, 0x4C, 
    0x00, 0x27, 0x4C, 0x00, 0x27, 0x4C, 0x00, 0x27, 0x4C, 0x00, 0x27, 0x4C, 
    0x00, 0x27, 0x4C, 0x00, 0x27, 0x4C, 0x00, 0x27, 0x4C, 0x00, 0x27, 0x4C, 
    0x00, 0x27, 0x4C, 0x00, 0x27, 0x4C, 0x00, 0x27, 0x4C, 0x00, 0x27, 0x4C, 
    0x00, 0x27, 0x4C, 0x00, 0x27, 0x4C, 0x00, 0x27, 0x4C, 0x00, 0x27, 0x4C, 
    0x00, 0x27, 0x4C, 0x00, 0x27, 0x4C, 0x00, 0x27, 0x4C, 0x00, 0x27, 0x4C, 
    0x00, 0x27, 0x4C, 0x00, 0x27, 0x4C, 0x00, 0x27, 0x4C, 0x00, 0x27, 0x4C, 
    0x00, 0x27, 0x4C, 0x00, 0x27, 0x4C, 0x00, 0x27, 0x4C, 0x00, 0x27, 0x4C, 
    0x00, 0x27, 0x4C, 0x00, 0x27, 0x4C, 0x00, 0x27, 0x4C, 0x00, 0x27, 0x4C, 
    0x00, 0x27, 0x4C, 0x00, 0x27, 0x4C, 0x00, 0x27, 0x4C, 0x00, 0x27, 0x4C, 
    0x00, 0x27, 0x4C, 0x00, 0x27, 0x4C, 0x00, 0x27, 0x4C, 0x00, 0x27, 0x4C, 
    0x00, 0x27, 0x4C, 0x00, 0x27, 0x4C, 0x00, 0x27, 0x4C, 0x00, 0x27, 0x4C, 
    0x00, 0x27, 0x4C, 0x00, 0x27, 0x4C, 0x00, 0x27, 0x4C, 0x00, 0x27, 0x4C, 
    0x00, 0x27, 0x4C, 0x00, 0x27, 0x4C, 0x00, 0x27, 0x4C, 0x00, 0x27, 0x4C, 
    0x00, 0x27, 0x4C, 0x00, 0x27, 0x4C, 0x00, 0x27, 0x4C, 0x00, 0x27, 0x4C, 
    0x00, 0x27, 0x4C, 0x00, 0x27, 0x4C, 0x00, 0x27, 0x4C, 0x00, 0x27, 0x4C, 
    0x00, 0x27, 0x4C, 0x00, 0x27, 0x4C, 0x00, 0x27, 0x4C, 0x00, 0x27, 0x4C, 
    0x00, 0x27, 0x4C, 0x00, 0x27, 0x4C, 0x00, 0x27, 0x4C, 0x00, 0x27, 0x4C, 
    0x00, 0x27, 0x4C, 0x00, 0x27, 0x4C, 0x00, 0x27, 0x4C, 0x00, 0x27, 0x4C, 
    0x00, 0x27, 0x4C, 0x00, 0x27, 0x4C, 0x00, 0x27, 0x4C, 0x00, 0x27, 0x4C, 
    0x00, 0x27, 0x4C, 0x00, 0x27, 0x4C, 0x00, 0x27, 0x4C, 0x00, 0x27, 0x4C, 
    0x00, 0x27, 0x4C, 0x00, 0x27, 0x4C, 0x00, 0x27, 0x4C, 0x00, 0x27, 0x4C, 
    0x00, 0x27, 0x4C, 0x00, 0x27, 0x4C, 0x00, 0x27, 0x4C, 0x00, 0x27, 0x4C, 
    0x00, 0x27, 0x4C, 0x00, 0x27, 0x4C, 0x00, 0x27, 0x4C, 0x00, 0x27, 0x4C, 
    0x00, 0x27, 0x4C, 0x00, 0x27, 0x4C, 0x00, 0x27, 0x4C, 0x00, 0x27, 0x4C, 
    0x00, 0x27, 0x4C, 0x00, 0x27, 0x4C, 0x00, 0x27, 0x4C, 0x00, 0x27, 0x4C, 
    0x00, 0x27, 0x4C, 0x00, 0x27, 0x4C, 0x00, 0x27, 0x4C, 0x00, 0x27, 0x4C, 
    0x00, 0x27, 0x4C, 0x00, 0x27, 0x4C, 0x00, 0x27, 0x4C, 0x00, 0x27, 0x4C, 
    0x00, 0x27, 0x4C, 0x00, 0x27, 0x4C, 0x00, 0x27, 0x4C, 0x00, 0x27, 0x4C, 
    0x00, 0x27, 0x4C, 0x00, 0x27, 0x4C, 0x00, 0x27, 0x4C, 0x00, 0x27, 0x4C, 
    0x00, 0x27, 0x4C, 0x00, 0x27, 0x4C, 0x00, 0x27, 0x4C, 0x00, 0x27, 0x4C, 
    0x00, 0x27, 0x4C, 0x00, 0x27, 0x4C, 0x00, 0x27, 0x4C, 0x00, 0x27, 0x4C, 
    0x00, 0x27, 0x4C, 0x00, 0x27, 0x4C, 0x00, 0x27, 0x4C, 0x00, 0x27, 0x4C, 
    0x00, 0x27, 0x4C, 0x00, 0x27, 0x4C, 0x00, 0x27, 0x4C, 0x00, 0x27, 0x4C, 
    0x00, 0x27, 0x4C, 0x00, 0x27, 0x4C, 0x00, 0x27, 0x4C, 0x00, 0x27, 0x4C, 
    0x00, 0x27, 0x4C, 0x00, 0x27, 0x4C, 0x00, 0x27, 0x4C, 0x00, 0x27, 0x4C, 
    0x00, 0x27, 0x4C, 0x00, 0x27, 0x4C, 0x00, 0x27, 0x4C, 0x00, 0x27, 0x4C, 
    0x00, 0x27, 0x4C, 0x00, 0x27, 0x4C, 0x00, 0x27, 0x4C, 0x00, 0x27, 0x4C, 
    0x00, 0x27, 0x4C, 0x00, 0x27, 0x4C, 0x00, 0x27, 0x4C, 0x00, 0x27, 0x4C, 
    0x00, 0x27, 0x4C, 0x00, 0x27, 0x4C, 0x00, 0x27, 0x4C, 0x00, 0x27, 0x4C, 
    0x00, 0x27, 0x4C, 0x00, 0x27, 0x4C, 0x00, 0x27, 0x4C, 0x00, 0x27, 0x4C, 
    0x00, 0x27, 0x4C, 0x00, 0x27, 0x4C, 0x00, 0x27, 0x4C, 0x00, 0x27, 0x4C, 
    0x00, 0x27, 0x4C, 0x00, 0x27, 0x4C, 0x00, 0x27, 0x4C, 0x00, 0x27, 0x4C, 
    0x00, 0x27, 0x4C, 0x00, 0x27, 0x4C, 0x00, 0x27, 0x4C, 0x00, 0x27, 0x4C, 
    0x00, 0x27, 0x4C, 0x00, 0x27, 0x4C, 0x00, 0x27, 0x4C, 0x00, 0x27, 0x4C, 
    0x00, 0x27, 0x4C, 0x00, 0x27, 0x4C, 0x00, 0x27, 0x4C, 0x00, 0x27, 0x4C, 
    0x00, 0x27, 0x4C, 0x00, 0x27, 0x4C, 0x00, 0x27, 0x4C, 0x00, 0x27, 0x4C, 
    0x00, 0x27, 0x4C, 0x00, 0x27, 0x4C, 0x00, 0x27, 0x4C, 0x00, 0x27, 0x4C, 
    0x00, 0x27, 0x4C, 0x00, 0x27, 0x4C, 0x00, 0x27, 0x4C, 0x00, 0x27, 0x4C, 
    0x00, 0x27, 0x4C, 0x00, 0x27, 0x4C, 0x00, 0x27, 0x4C, 0x00, 0x27, 0x4C, 
    0x00, 0x27, 0x4C, 0x00, 0x27, 0x4C, 0x00, 0x27, 0x4C, 0x00, 0x27, 0x4C, 
    0x00, 0x27, 0x4C, 0x00, 0x27, 0x4C, 0x00, 0x27, 0x4C, 0x00, 0x27, 0x4C, 
    0x00, 0x27, 0x4C, 0x00, 0x27, 0x4C, 0x00, 0x27, 0x4C, 0x00, 0x27, 0x4C, 
    0x00, 0x27, 0x4C, 0x00, 0x27, 0x4C, 0x00, 0x27, 0x4C, 0x00, 0x27, 0x4C, 
    0x00, 0x27, 0x4C, 0x00, 0x27, 0x4C, 0x00, 0x27, 0x4C, 0x00, 0x27, 0x4C, 
    0x00, 0x27, 0x4C, 0x00, 0x27, 0x4C, 0x00, 0x27, 0x4C, 0x00, 0x27, 0x4C, 
    0x00, 0x27, 0x4C, 0x00, 0x27, 0x4C, 0x00, 0x27, 0x4C, 0x00, 0x27, 0x4C, 
    0x00, 0x27, 0x4C, 0x00, 0x27, 0x4C, 0x00, 0x27, 0x4C, 0x00, 0x27, 0x4C, 
    0x00, 0x27, 0x4C, 0x00, 0x27, 0x4C, 0x00, 0x27, 0x4C, 0x00, 0x27, 0x4C, 
    0x00, 0x27, 0x4C, 0x00, 0x27, 0x4C, 0x00, 0x27, 0x4C, 0x00, 0x27, 0x4C, 
    0x00, 0x27, 0x4C, 0x00, 0x27, 0x4C, 0x00, 0x27, 0x4C, 0x00, 0x27, 0x4C, 
    0x00, 0x27, 0x4C, 0x00, 0x27, 0x4C, 0x00, 0x27, 0x4C, 0x00, 0x27, 0x4C, 
    0x00, 0x27, 0x4C, 0x00, 0x27, 0x4C, 0x00, 0x27, 0x4C, 0x00, 0x27, 0x4C, 
    0x00, 0x27, 0x4C, 0x00, 0x27, 0x4C, 0x00, 0x27, 0x4C, 0x00, 0x27, 0x4C, 
    0x00, 0x27, 0x4C, 0x00, 0x27, 0x4C, 0x00, 0x27, 0x4C, 0x00, 0x27, 0x4C, 
    0x00, 0x27, 0x4C, 0x00, 0x27, 0x4C, 0x00, 0x27, 0x4C, 0x00, 0x27, 0x4C, 
    0x00, 0x27, 0x4C, 0x00, 0x27, 0x4C, 0x00, 0x27, 0x4C, 0x00, 0x27, 0x4C, 
    0x00, 0x27, 0x4C, 0x00, 0x27, 0x4C, 0x00, 0x27, 0x4C, 0x00, 0x27, 0x4C, 
    0x00, 0x27, 0x4C, 0x00, 0x27, 0x4C, 0x00, 0x27, 0x4C, 0x00, 0x27, 0x4C, 
    0x00, 0x27, 0x4C, 0x00, 0x27, 0x4C, 0x00, 0x27, 0x4C, 0x00, 0x27, 0x4C, 
    0x00, 0x27, 0x4C, 0x00, 0x27, 0x4C, 0x00, 0x27, 0x4C, 0x00, 0x27, 0x4C, 
    0x00, 0x27, 0x4C, 0x00, 0x27, 0x4C, 0x00, 0x27, 0x4C, 0x00, 0x27, 0x4C, 
    0x00, 0x27, 0x4C, 0x00, 0x27, 0x4C, 0x00, 0x27, 0x4C, 0x00, 0x27, 0x4C, 
    0x00, 0x27, 0x4C, 0x00, 0x27, 0x4C, 0x00, 0x27, 0x4C, 0x00, 0x27, 0x4C, 
    0x00, 0x27, 0x4C, 0x00, 0x27, 0x4C, 0x00, 0x27, 0x4C, 0x00, 0x27, 0x4C, 
    0x00, 0x27, 0x4C, 0x00, 0x27, 0x4C, 0x00, 0x27, 0x4C, 0x00, 0x27, 0x4C, 
    0x00, 0x27, 0x4C, 0x00, 0x27, 0x4C, 0x00, 0x27, 0x4C, 0x00, 0x27, 0x4C, 
    0x00, 0x27, 0x4C, 0x00, 0x27, 0x4C, 0x00, 0x27, 0x4C, 0x00, 0x27, 0x4C, 
    0x00, 0x27, 0x4C, 0x00, 0x27, 0x4C, 0x00, 0x27, 0x4C, 0x00, 0x27, 0x4C, 
    0x00, 0x27, 0x4C, 0x00, 0x27, 0x4C, 0x00, 0x27, 0x4C, 0x00, 0x27, 0x4C, 
    0x00, 0x27, 0x4C, 0x00, 0x27, 0x4C, 0x00, 0x27, 0x4C, 0x00, 0x27, 0x4C, 
    0x00, 0x27, 0x4C, 0x00, 0x27, 0x4C, 0x00, 0x27, 0x4C, 0x00, 0x27, 0x4C, 
    0x00, 0x27, 0x4C, 0x00, 0x27, 0x4C, 0x00, 0x27, 0x4C, 0x00, 0x27, 0x4C, 
    0x00, 0x27, 0x4C, 0x00, 0x27, 0x4C, 0x00, 0x27, 0x4C, 0x00, 0x27, 0x4C, 
    0x00, 0x27, 0x4C, 0x00, 0x27, 0x4C, 0x00, 0x27, 0x4C, 0x00, 0x27, 0x4C, 
    0x04, 0x2A, 0x4B, 0x00, 0x1B, 0x51, 0x6A, 0x6B, 0x2F, 0xFF, 0xD7, 0x00, 
    0xFB, 0xC8, 0x06, 0xFF, 0xCB, 0x05, 0xFF, 0xCB, 0x05, 0xFF, 0xCB, 0x05, 
    0xFF, 0xCB, 0x05, 0xFF, 0xCB, 0x05, 0xFF, 0xCB, 0x05, 0xFF, 0xCB, 0x05, 
    0xFF, 0xCB, 0x05, 0xFF, 0xCB, 0x05, 0xFF, 0xCB, 0x05, 0xFF, 0xCB, 0x05, 
    0xFF, 0xCB, 0x05, 0xFF, 0xCB, 0x05, 0xFF, 0xCB, 0x05, 0xFF, 0xCB, 0x05, 
    0xFF, 0xCB, 0x05, 0xFF, 0xCB, 0x05, 0xFF, 0xCB, 0x05, 0xFF, 0xCB, 0x05, 
    0xFF, 0xCB, 0x05, 0xFF, 0xCB, 0x05, 0xFF, 0xCB, 0x05, 0xFF, 0xCB, 0x05, 
    0xFF, 0xCB, 0x05, 0xFF, 0xCB, 0x05, 0xFF, 0xCB, 0x05, 0xFF, 0xCB, 0x05, 
    0xFF, 0xCB, 0x05, 0xFF, 0xCB, 0x05, 0xFF, 0xCB, 0x05, 0xFF, 0xCB, 0x05, 
    0xFC, 0xC9, 0x06, 0xFF, 0xD6, 0x01, 0x92, 0x83, 0x1F, 0x00, 0x1E, 0x4F, 
    0x04, 0x29, 0x4C, 0x00, 0x27, 0x4C, 0x00, 0x27, 0x4C, 0x00, 0x27, 0x4C, 
    0x00, 0x27, 0x4C, 0x00, 0x27, 0x4C, 0x00, 0x27, 0x4C, 0x00, 0x27, 0x4C, 
    0x00, 0x27, 0x4C, 0x00, 0x27, 0x4C, 0x00, 0x27, 0x4C, 0x00, 0x27, 0x4C, 
    0x00, 0x27, 0x4C, 0x00, 0x27, 0x4C, 0x00, 0x27, 0x4C, 0x00, 0x27, 0x4C, 
    0x00, 0x27, 0x4C, 0x00, 0x27, 0x4C, 0x00, 0x27, 0x4C, 0x05, 0x2A, 0x4C, 
    0x00, 0x1A, 0x4F, 0x88, 0x7B, 0x1E, 0xFF, 0xD7, 0x01, 0xFC, 0xC8, 0x06, 
    0xFF, 0xCB, 0x05, 0xFF, 0xCB, 0x05, 0xFF, 0xCB, 0x05, 0xFF, 0xCB, 0x05, 
    0xFF, 0xCB, 0x05, 0xFF, 0xCB, 0x05, 0xFF, 0xCB, 0x05, 0xFF, 0xCB, 0x05, 
    0xFF, 0xCB, 0x05, 0xFF, 0xCB, 0x05, 0xFF, 0xCB, 0x05, 0xFF, 0xCB, 0x05, 
    0xFF, 0xCB, 0x05, 0xFF, 0xCB, 0x05, 0xFF, 0xCB, 0x05, 0xFF, 0xCB, 0x05, 
    0xFF, 0xCB, 0x05, 0xFF, 0xCB, 0x05, 0xFF, 0xCB, 0x05, 0xFF, 0xCB, 0x05, 
    0xFF, 0xCB, 0x05, 0xFF, 0xCB, 0x05, 0xFF, 0xCB, 0x05, 0xFF, 0xCB, 0x05, 
    0xFF, 0xCB, 0x05, 0xFF, 0xCB, 0x05, 0xFF, 0xCB, 0x05, 0xFF, 0xCB, 0x05, 
    0xFF, 0xCB, 0x05, 0xFF, 0xCB, 0x05, 0xFF, 0xCB, 0x05, 0xFB, 0xC8, 0x06, 
    0xFF, 0xD7, 0x00, 0x65, 0x68, 0x30, 0x00, 0x1B, 0x51, 0x04, 0x2A, 0x4B, 
    0x00, 0x27, 0x4C, 0x00, 0x27, 0x4C, 0x00, 0x27, 0x4C, 0x00, 0x27, 0x4C, 
    0x00, 0x27, 0x4C, 0x00, 0x27, 0x4C, 0x02, 0x28, 0x4D, 0x00, 0x1F, 0x45, 
    0x29, 0x4A, 0x69, 0x3C, 0x5A, 0x76, 0x00, 0x1D, 0x43, 0x02, 0x29, 0x4E, 
    0x00, 0x27, 0x4C, 0x00, 0x27, 0x4C, 0x00, 0x27, 0x4C, 0x00, 0x27, 0x4C, 
    0x00, 0x27, 0x4C, 0x00, 0x27, 0x4C, 0x00, 0x27, 0x4C, 0x00, 0x27, 0x4C, 
    0x00, 0x27, 0x4C, 0x00, 0x27, 0x4C, 0x00, 0x27, 0x4C, 0x00, 0x27, 0x4C, 
    0x00, 0x27, 0x4C, 0x00, 0x27, 0x4C, 0x00, 0x27, 0x4C, 0x00, 0x27, 0x4C, 
    0x00, 0x27, 0x4C, 0x00, 0x27, 0x4C, 0x00, 0x27, 0x4C, 0x00, 0x27, 0x4C, 
    0x00, 0x27, 0x4C, 0x00, 0x27, 0x4C, 0x00, 0x27, 0x4C, 0x00, 0x27, 0x4C, 
    0x00, 0x27, 0x4C, 0x00, 0x27, 0x4C, 0x00, 0x27, 0x4C, 0x00, 0x27, 0x4C, 
    0x00, 0x27, 0x4C, 0x00, 0x27, 0x4C, 0x00, 0x27, 0x4C, 0x00, 0x27, 0x4C, 
    0x00, 0x27, 0x4C, 0x00, 0x27, 0x4C, 0x00, 0x27, 0x4C, 0x00, 0x27, 0x4C, 
    0x00, 0x27, 0x4C, 0x00, 0x27, 0x4C, 0x00, 0x27, 0x4C, 0x00, 0x27, 0x4C, 
    0x00, 0x27, 0x4C, 0x00, 0x27, 0x4C, 0x00, 0x27, 0x4C, 0x00, 0x27, 0x4C, 
    0x00, 0x27, 0x4C, 0x00, 0x27, 0x4C, 0x00, 0x27, 0x4C, 0x00, 0x27, 0x4C, 
    0x00, 0x27, 0x4C, 0x00, 0x27, 0x4C, 0x00, 0x27, 0x4C, 0x00, 0x27, 0x4C, 
    0x00, 0x27, 0x4C, 0x00, 0x27, 0x4C, 0x00, 0x27, 0x4C, 0x00, 0x27, 0x4C, 
    0x00, 0x27, 0x4C, 0x00, 0x27, 0x4C, 0x00, 0x27, 0x4C, 0x00, 0x27, 0x4C, 
    0x00, 0x27, 0x4C, 0x00, 0x27, 0x4C, 0x00, 0x27, 0x4C, 0x00, 0x27, 0x4C, 
    0x00, 0x27, 0x4C, 0x00, 0x27, 0x4C, 0x00, 0x27, 0x4C, 0x00, 0x27, 0x4C, 
    0x00, 0x27, 0x4C, 0x00, 0x27, 0x4C, 0x00, 0x27, 0x4C, 0x00, 0x27, 0x4C, 
    0x00, 0x27, 0x4C, 0x00, 0x27, 0x4C, 0x00, 0x27, 0x4C, 0x00, 0x27, 0x4C, 
    0x00, 0x27, 0x4C, 0x00, 0x27, 0x4C, 0x00, 0x27, 0x4C, 0x00, 0x27, 0x4C, 
    0x00, 0x27, 0x4C, 0x00, 0x27, 0x4C, 0x00, 0x27, 0x4C, 0x00, 0x27, 0x4C, 
    0x00, 0x27, 0x4C, 0x00, 0x27, 0x4C, 0x00, 0x27, 0x4C, 0x00, 0x27, 0x4C, 
    0x00, 0x27, 0x4C, 0x00, 0x27, 0x4C, 0x00, 0x27, 0x4C, 0x00, 0x27, 0x4C, 
    0x00, 0x27, 0x4C, 0x00, 0x27, 0x4C, 0x00, 0x27, 0x4C, 0x00, 0x27, 0x4C, 
    0x00, 0x27, 0x4C, 0x00, 0x27, 0x4C, 0x00, 0x27, 0x4C, 0x00, 0x27, 0x4C, 
    0x00, 0x27, 0x4C, 0x00, 0x27, 0x4C, 0x00, 0x27, 0x4C, 0x00, 0x27, 0x4C, 
    0x00, 0x27, 0x4C, 0x00, 0x27, 0x4C, 0x00, 0x27, 0x4C, 0x00, 0x27, 0x4C, 
    0x00, 0x27, 0x4C, 0x00, 0x27, 0x4C, 0x00, 0x27, 0x4C, 0x00, 0x27, 0x4C, 
    0x00, 0x27, 0x4C, 0x00, 0x27, 0x4C, 0x00, 0x27, 0x4C, 0x00, 0x27, 0x4C, 
    0x00, 0x27, 0x4C, 0x00, 0x27, 0x4C, 0x00, 0x27, 0x4C, 0x00, 0x27, 0x4C, 
    0x00, 0x27, 0x4C, 0x00, 0x27, 0x4C, 0x00, 0x27, 0x4C, 0x00, 0x27, 0x4C, 
    0x00, 0x27, 0x4C, 0x00, 0x27, 0x4C, 0x00, 0x27, 0x4C, 0x00, 0x27, 0x4C, 
    0x00, 0x27, 0x4C, 0x00, 0x27, 0x4C, 0x00, 0x27, 0x4C, 0x00, 0x27, 0x4C, 
    0x00, 0x27, 0x4C, 0x00, 0x27, 0x4C, 0x00, 0x27, 0x4C, 0x00, 0x27, 0x4C, 
    0x00, 0x27, 0x4C, 0x00, 0x27, 0x4C, 0x00, 0x27, 0x4C, 0x00, 0x27, 0x4C, 
    0x00, 0x27, 0x4C, 0x00, 0x27, 0x4C, 0x00, 0x27, 0x4C, 0x00, 0x27, 0x4C, 
    0x00, 0x27, 0x4C, 0x00, 0x27, 0x4C, 0x00, 0x27, 0x4C, 0x00, 0x27, 0x4C, 
    0x00, 0x27, 0x4C, 0x00, 0x27, 0x4C, 0x00, 0x27, 0x4C, 0x00, 0x27, 0x4C, 
    0x00, 0x27, 0x4C, 0x00, 0x27, 0x4C, 0x00, 0x27, 0x4C, 0x00, 0x27, 0x4C, 
    0x00, 0x27, 0x4C, 0x00, 0x27, 0x4C, 0x00, 0x27, 0x4C, 0x00, 0x27, 0x4C, 
    0x00, 0x27, 0x4C, 0x00, 0x27, 0x4C, 0x00, 0x27, 0x4C, 0x00, 0x27, 0x4C, 
    0x00, 0x27, 0x4C, 0x00, 0x27, 0x4C, 0x00, 0x27, 0x4C, 0x00, 0x27, 0x4C, 
    0x00, 0x27, 0x4C, 0x00, 0x27, 0x4C, 0x00, 0x27, 0x4C, 0x00, 0x27, 0x4C, 
    0x00, 0x27, 0x4C, 0x00, 0x27, 0x4C, 0x00, 0x27, 0x4C, 0x00, 0x27, 0x4C, 
    0x00, 0x27, 0x4C, 0x00, 0x27, 0x4C, 0x00, 0x27, 0x4C, 0x00, 0x27, 0x4C, 
    0x00, 0x27, 0x4C, 0x00, 0x27, 0x4C, 0x00, 0x27, 0x4C, 0x00, 0x27, 0x4C, 
    0x00, 0x27, 0x4C, 0x00, 0x27, 0x4C, 0x00, 0x27, 0x4C, 0x00, 0x27, 0x4C, 
    0x00, 0x27, 0x4C, 0x00, 0x27, 0x4C, 0x00, 0x27, 0x4C, 0x00, 0x27, 0x4C, 
    0x00, 0x27, 0x4C, 0x00, 0x27, 0x4C, 0x00, 0x27, 0x4C, 0x00, 0x27, 0x4C, 
    0x00, 0x27, 0x4C, 0x00, 0x27, 0x4C, 0x00, 0x27, 0x4C, 0x00, 0x27, 0x4C, 
    0x00, 0x27, 0x4C, 0x00, 0x27, 0x4C, 0x00, 0x27, 0x4C, 0x00, 0x27, 0x4C, 
    0x00, 0x27, 0x4C, 0x00, 0x27, 0x4C, 0x00, 0x27, 0x4C, 0x00, 0x27, 0x4C, 
    0x00, 0x27, 0x4C, 0x00, 0x27, 0x4C, 0x00, 0x27, 0x4C, 0x00, 0x27, 0x4C, 
    0x00, 0x27, 0x4C, 0x00, 0x27, 0x4C, 0x00, 0x27, 0x4C, 0x00, 0x27, 0x4C, 
    0x00, 0x27, 0x4C, 0x00, 0x27, 0x4C, 0x00, 0x27, 0x4C, 0x00, 0x27, 0x4C, 
    0x00, 0x27, 0x4C, 0x00, 0x27, 0x4C, 0x00, 0x27, 0x4C, 0x00, 0x27, 0x4C, 
    0x00, 0x27, 0x4C, 0x00, 0x27, 0x4C, 0x00, 0x27, 0x4C, 0x00, 0x27, 0x4C, 
    0x00, 0x27, 0x4C, 0x00, 0x27, 0x4C, 0x00, 0x27, 0x4C, 0x00, 0x27, 0x4C, 
    0x00, 0x27, 0x4C, 0x00, 0x27, 0x4C, 0x00, 0x27, 0x4C, 0x00, 0x27, 0x4C, 
    0x00, 0x27, 0x4C, 0x00, 0x27, 0x4C, 0x00, 0x27, 0x4C, 0x00, 0x27, 0x4C, 
    0x00, 0x27, 0x4C, 0x00, 0x27, 0x4C, 0x00, 0x27, 0x4C, 0x00, 0x27, 0x4C, 
    0x00, 0x27, 0x4C, 0x00, 0x27, 0x4C, 0x00, 0x27, 0x4C, 0x00, 0x27, 0x4C, 
    0x00, 0x27, 0x4C, 0x00, 0x27, 0x4C, 0x00, 0x27, 0x4C, 0x01, 0x28, 0x4D, 
    0x02, 0x29, 0x4E, 0x02, 0x29, 0x4E, 0x02, 0x29, 0x4E, 0x02, 0x29, 0x4D, 
    0x00, 0x27, 0x4C, 0x00, 0x27, 0x4C, 0x00, 0x27, 0x4C, 0x00, 0x27, 0x4C, 
    0x00, 0x27, 0x4C, 0x00, 0x27, 0x4C, 0x00, 0x27, 0x4C, 0x00, 0x27, 0x4C, 
    0x00, 0x27, 0x4C, 0x00, 0x27, 0x4C, 0x00, 0x27, 0x4C, 0x00, 0x27, 0x4C, 
    0x00, 0x27, 0x4C, 0x00, 0x27, 0x4C, 0x00, 0x27, 0x4C, 0x00, 0x27, 0x4C, 
    0x00, 0x27, 0x4C, 0x00, 0x27, 0x4C, 0x00, 0x27, 0x4C, 0x00, 0x27, 0x4C, 
    0x00, 0x27, 0x4C, 0x00, 0x27, 0x4C, 0x00, 0x27, 0x4C, 0x00, 0x27, 0x4C, 
    0x00, 0x27, 0x4C, 0x00, 0x27, 0x4C, 0x00, 0x27, 0x4C, 0x00, 0x27, 0x4C, 
    0x00, 0x27, 0x4C, 0x00, 0x27, 0x4C, 0x00, 0x27, 0x4C, 0x00, 0x27, 0x4C, 
    0x00, 0x27, 0x4C, 0x00, 0x27, 0x4C, 0x00, 0x27, 0x4C, 0x00, 0x27, 0x4C, 
    0x00, 0x27, 0x4C, 0x00, 0x27, 0x4C, 0x00, 0x27, 0x4C, 0x00, 0x27, 0x4C, 
    0x00, 0x27, 0x4C, 0x00, 0x27, 0x4C, 0x00, 0x27, 0x4C, 0x00, 0x27, 0x4C, 
    0x00, 0x27, 0x4C, 0x00, 0x27, 0x4C, 0x00, 0x27, 0x4C, 0x00, 0x27, 0x4C, 
    0x00, 0x27, 0x4C, 0x00, 0x27, 0x4C, 0x00, 0x27, 0x4C, 0x00, 0x27, 0x4C, 
    0x00, 0x27, 0x4C, 0x00, 0x27, 0x4C, 0x00, 0x27, 0x4C, 0x00, 0x27, 0x4C, 
    0x00, 0x27, 0x4C, 0x00, 0x27, 0x4C, 0x00, 0x27, 0x4C, 0x00, 0x27, 0x4C, 
    0x00, 0x27, 0x4C, 0x00, 0x27, 0x4C, 0x00, 0x27, 0x4C, 0x00, 0x27, 0x4C, 
    0x00, 0x27, 0x4C, 0x00, 0x27, 0x4C, 0x00, 0x27, 0x4C, 0x00, 0x27, 0x4C, 
    0x00, 0x27, 0x4C, 0x00, 0x27, 0x4C, 0x00, 0x27, 0x4C, 0x00, 0x27, 0x4C, 
    0x00, 0x27, 0x4C, 0x00, 0x27, 0x4C, 0x00, 0x27, 0x4C, 0x00, 0x27, 0x4C, 
    0x00, 0x27, 0x4C, 0x00, 0x27, 0x4C, 0x00, 0x27, 0x4C, 0x00, 0x27, 0x4C, 
    0x00, 0x27, 0x4C, 0x00, 0x27, 0x4C, 0x00, 0x27, 0x4C, 0x00, 0x27, 0x4C, 
    0x00, 0x27, 0x4C, 0x00, 0x27, 0x4C, 0x00, 0x27, 0x4C, 0x00, 0x27, 0x4C, 
    0x00, 0x27, 0x4C, 0x00, 0x27, 0x4C, 0x00, 0x27, 0x4C, 0x00, 0x27, 0x4C, 
    0x00, 0x27, 0x4C, 0x00, 0x27, 0x4C, 0x00, 0x27, 0x4C, 0x00, 0x27, 0x4C, 
    0x00, 0x27, 0x4C, 0x00, 0x27, 0x4C, 0x00, 0x27, 0x4C, 0x00, 0x27, 0x4C, 
    0x00, 0x27, 0x4C, 0x00, 0x27, 0x4C, 0x00, 0x27, 0x4C, 0x00, 0x27, 0x4C, 
    0x00, 0x27, 0x4C, 0x00, 0x27, 0x4C, 0x00, 0x27, 0x4C, 0x00, 0x27, 0x4C, 
    0x00, 0x27, 0x4C, 0x00, 0x27, 0x4C, 0x00, 0x27, 0x4C, 0x00, 0x27, 0x4C, 
    0x04, 0x2A, 0x4B, 0x00, 0x1B, 0x51, 0x6A, 0x6B, 0x2F, 0xFF, 0xD7, 0x00, 
    0xFB, 0xC8, 0x06, 0xFF, 0xCB, 0x05, 0xFF, 0xCB, 0x05, 0xFF, 0xCB, 0x05, 
    0xFF, 0xCB, 0x05, 0xFF, 0xCB, 0x05, 0xFF, 0xCB, 0x05, 0xFF, 0xCB, 0x05, 
    0xFF, 0xCB, 0x05, 0xFF, 0xCB, 0x05, 0xFF, 0xCB, 0x05, 0xFF, 0xCB, 0x05, 
    0xFF, 0xCB, 0x05, 0xFF, 0xCB, 0x05, 0xFF, 0xCB, 0x05, 0xFF, 0xCB, 0x05, 
    0xFF, 0xCB, 0x05, 0xFF, 0xCB, 0x05, 0xFF, 0xCB, 0x05, 0xFF, 0xCB, 0x05, 
    0xFF, 0xCB, 0x05, 0xFF, 0xCB, 0x05, 0xFF, 0xCB, 0x05, 0xFF, 0xCB, 0x05, 
    0xFF, 0xCB, 0x05, 0xFF, 0xCB, 0x05, 0xFF, 0xCB, 0x05, 0xFF, 0xCB, 0x05, 
    0xFF, 0xCB, 0x05, 0xFF, 0xCB, 0x05, 0xFF, 0xCB, 0x05, 0xFF, 0xCB, 0x05, 
    0xFF, 0xCB, 0x05, 0xFB, 0xC9, 0x06, 0xFF, 0xD8, 0x00, 0x6A, 0x6A, 0x2C, 
    0x00, 0x19, 0x52, 0x06, 0x2B, 0x4A, 0x00, 0x27, 0x4C, 0x00, 0x27, 0x4C, 
    0x00, 0x27, 0x4C, 0x00, 0x27, 0x4C, 0x00, 0x27, 0x4C, 0x00, 0x27, 0x4C, 
    0x00, 0x27, 0x4C, 0x00, 0x27, 0x4C, 0x00, 0x27, 0x4C, 0x00, 0x27, 0x4C, 
    0x00, 0x27, 0x4C, 0x00, 0x27, 0x4C, 0x00, 0x27, 0x4C, 0x00, 0x27, 0x4C, 
    0x00, 0x27, 0x4C, 0x00, 0x27, 0x4C, 0x06, 0x2B, 0x4A, 0x00, 0x19, 0x52, 
    0x62, 0x63, 0x2A, 0xFF, 0xD5, 0x00, 0xFB, 0xC9, 0x06, 0xFF, 0xCB, 0x05, 
    0xFF, 0xCB, 0x05, 0xFF, 0xCB, 0x05, 0xFF, 0xCB, 0x05, 0xFF, 0xCB, 0x05, 
    0xFF, 0xCB, 0x05, 0xFF, 0xCB, 0x05, 0xFF, 0xCB, 0x05, 0xFF, 0xCB, 0x05, 
    0xFF, 0xCB, 0x05, 0xFF, 0xCB, 0x05, 0xFF, 0xCB, 0x05, 0xFF, 0xCB, 0x05, 
    0xFF, 0xCB, 0x05, 0xFF, 0xCB, 0x05, 0xFF, 0xCB, 0x05, 0xFF, 0xCB, 0x05, 
    0xFF, 0xCB, 0x05, 0xFF, 0xCB, 0x05, 0xFF, 0xCB, 0x05, 0xFF, 0xCB, 0x05, 
    0xFF, 0xCB, 0x05, 0xFF, 0xCB, 0x05, 0xFF, 0xCB, 0x05, 0xFF, 0xCB, 0x05, 
    0xFF, 0xCB, 0x05, 0xFF, 0xCB, 0x05, 0xFF, 0xCB, 0x05, 0xFF, 0xCB, 0x05, 
    0xFF, 0xCB, 0x05, 0xFF, 0xCB, 0x05, 0xFF, 0xCB, 0x05, 0xFB, 0xC8, 0x06, 
    0xFF, 0xD7, 0x00, 0x65, 0x68, 0x30, 0x00, 0x1B, 0x51, 0x04, 0x2A, 0x4B, 
    0x00, 0x27, 0x4C, 0x00, 0x27, 0x4C, 0x00, 0x27, 0x4C, 0x00, 0x27, 0x4C, 
    0x00, 0x27, 0x4C, 0x00, 0x27, 0x4C, 0x02, 0x28, 0x4D, 0x00, 0x1F, 0x45, 
    0x29, 0x4A, 0x69, 0x3C, 0x5A, 0x76, 0x00, 0x1D, 0x43, 0x02, 0x29, 0x4E, 
    0x00, 0x27, 0x4C, 0x00, 0x27, 0x4C, 0x00, 0x27, 0x4C, 0x00, 0x27, 0x4C, 
    0x00, 0x27, 0x4C, 0x00, 0x27, 0x4C, 0x00, 0x27, 0x4C, 0x00, 0x27, 0x4C, 
    0x00, 0x27, 0x4C, 0x00, 0x27, 0x4C, 0x00, 0x27, 0x4C, 0x00, 0x27, 0x4C, 
    0x00, 0x27, 0x4C, 0x00, 0x27, 0x4C, 0x00, 0x27, 0x4C, 0x00, 0x27, 0x4C, 
    0x00, 0x27, 0x4C, 0x00, 0x27, 0x4C, 0x00, 0x27, 0x4C, 0x00, 0x27, 0x4C, 
    0x00, 0x27, 0x4C, 0x00, 0x27, 0x4C, 0x00, 0x27, 0x4C, 0x00, 0x27, 0x4C, 
    0x00, 0x27, 0x4C, 0x00, 0x27, 0x4C, 0x00, 0x27, 0x4C, 0x00, 0x27, 0x4C, 
    0x00, 0x27, 0x4C, 0x00, 0x27, 0x4C, 0x00, 0x27, 0x4C, 0x00, 0x27, 0x4C, 
    0x00, 0x27, 0x4C, 0x00, 0x27, 0x4C, 0x00, 0x27, 0x4C, 0x00, 0x27, 0x4C, 
    0x00, 0x27, 0x4C, 0x00, 0x27, 0x4C, 0x00, 0x27, 0x4C, 0x00, 0x27, 0x4C, 
    0x00, 0x27, 0x4C, 0x00, 0x27, 0x4C, 0x00, 0x27, 0x4C, 0x00, 0x27, 0x4C, 
    0x00, 0x27, 0x4C, 0x00, 0x27, 0x4C, 0x00, 0x27, 0x4C, 0x00, 0x27, 0x4C, 
    0x00, 0x27, 0x4C, 0x00, 0x27, 0x4C, 0x00, 0x27, 0x4C, 0x00, 0x27, 0x4C, 
    0x00, 0x27, 0x4C, 0x00, 0x27, 0x4C, 0x00, 0x27, 0x4C, 0x00, 0x27, 0x4C, 
    0x00, 0x27, 0x4C, 0x00, 0x27, 0x4C, 0x00, 0x27, 0x4C, 0x00, 0x27, 0x4C, 
    0x00, 0x27, 0x4C, 0x00, 0x27, 0x4C, 0x00, 0x27, 0x4C, 0x00, 0x27, 0x4C, 
    0x00, 0x27, 0x4C, 0x00, 0x27, 0x4C, 0x00, 0x27, 0x4C, 0x00, 0x27, 0x4C, 
    0x00, 0x27, 0x4C, 0x00, 0x27, 0x4C, 0x00, 0x27, 0x4C, 0x00, 0x27, 0x4C, 
    0x00, 0x27, 0x4C, 0x00, 0x27, 0x4C, 0x00, 0x27, 0x4C, 0x00, 0x27, 0x4C, 
    0x00, 0x27, 0x4C, 0x00, 0x27, 0x4C, 0x00, 0x27, 0x4C, 0x00, 0x27, 0x4C, 
    0x00, 0x27, 0x4C, 0x00, 0x27, 0x4C, 0x00, 0x27, 0x4C, 0x00, 0x27, 0x4C, 
    0x00, 0x27, 0x4C, 0x00, 0x27, 0x4C, 0x00, 0x27, 0x4C, 0x00, 0x27, 0x4C, 
    0x00, 0x27, 0x4C, 0x00, 0x27, 0x4C, 0x00, 0x27, 0x4C, 0x00, 0x27, 0x4C, 
    0x00, 0x27, 0x4C, 0x00, 0x27, 0x4C, 0x00, 0x27, 0x4C, 0x00, 0x27, 0x4C, 
    0x00, 0x27, 0x4C, 0x00, 0x27, 0x4C, 0x00, 0x27, 0x4C, 0x00, 0x27, 0x4C, 
    0x00, 0x27, 0x4C, 0x00, 0x27, 0x4C, 0x00, 0x27, 0x4C, 0x00, 0x27, 0x4C, 
    0x00, 0x27, 0x4C, 0x00, 0x27, 0x4C, 0x00, 0x27, 0x4C, 0x00, 0x27, 0x4C, 
    0x00, 0x27, 0x4C, 0x00, 0x27, 0x4C, 0x00, 0x27, 0x4C, 0x00, 0x27, 0x4C, 
    0x00, 0x27, 0x4C, 0x00, 0x27, 0x4C, 0x00, 0x27, 0x4C, 0x00, 0x27, 0x4C, 
    0x00, 0x27, 0x4C, 0x00, 0x27, 0x4C, 0x00, 0x27, 0x4C, 0x00, 0x27, 0x4C, 
    0x00, 0x27, 0x4C, 0x00, 0x27, 0x4C, 0x00, 0x27, 0x4C, 0x00, 0x27, 0x4C, 
    0x00, 0x27, 0x4C, 0x00, 0x27, 0x4C, 0x00, 0x27, 0x4C, 0x00, 0x27, 0x4C, 
    0x00, 0x27, 0x4C, 0x00, 0x27, 0x4C, 0x00, 0x27, 0x4C, 0x00, 0x27, 0x4C, 
    0x00, 0x27, 0x4C, 0x00, 0x27, 0x4C, 0x00, 0x27, 0x4C, 0x00, 0x27, 0x4C, 
    0x00, 0x27, 0x4C, 0x00, 0x27, 0x4C, 0x00, 0x27, 0x4C, 0x00, 0x27, 0x4C, 
    0x00, 0x27, 0x4C, 0x00, 0x27, 0x4C, 0x00, 0x27, 0x4C, 0x00, 0x27, 0x4C, 
    0x00, 0x27, 0x4C, 0x00, 0x27, 0x4C, 0x00, 0x27, 0x4C, 0x00, 0x27, 0x4C, 
    0x00, 0x27, 0x4C, 0x00, 0x27, 0x4C, 0x00, 0x27, 0x4C, 0x00, 0x27, 0x4C, 
    0x00, 0x27, 0x4C, 0x00, 0x27, 0x4C, 0x00, 0x27, 0x4C, 0x00, 0x27, 0x4C, 
    0x00, 0x27, 0x4C, 0x00, 0x27, 0x4C, 0x00, 0x27, 0x4C, 0x00, 0x27, 0x4C, 
    0x00, 0x27, 0x4C, 0x00, 0x27, 0x4C, 0x00, 0x27, 0x4C, 0x00, 0x27, 0x4C, 
    0x00, 0x27, 0x4C, 0x00, 0x27, 0x4C, 0x00, 0x27, 0x4C, 0x00, 0x27, 0x4C, 
    0x00, 0x27, 0x4C, 0x00, 0x27, 0x4C, 0x00, 0x27, 0x4C, 0x00, 0x27, 0x4C, 
    0x00, 0x27, 0x4C, 0x00, 0x27, 0x4C, 0x00, 0x27, 0x4C, 0x00, 0x27, 0x4C, 
    0x00, 0x27, 0x4C, 0x00, 0x27, 0x4C, 0x00, 0x27, 0x4C, 0x00, 0x27, 0x4C, 
    0x00, 0x27, 0x4C, 0x00, 0x27, 0x4C, 0x00, 0x27, 0x4C, 0x00, 0x27, 0x4C, 
    0x00, 0x27, 0x4C, 0x00, 0x27, 0x4C, 0x00, 0x27, 0x4C, 0x00, 0x27, 0x4C, 
    0x00, 0x27, 0x4C, 0x00, 0x27, 0x4C, 0x00, 0x27, 0x4C, 0x00, 0x27, 0x4C, 
    0x00, 0x27, 0x4C, 0x00, 0x27, 0x4C, 0x00, 0x27, 0x4C, 0x00, 0x27, 0x4C, 
    0x00, 0x27, 0x4C, 0x00, 0x27, 0x4C, 0x00, 0x27, 0x4C, 0x00, 0x27, 0x4C, 
    0x00, 0x27, 0x4C, 0x00, 0x27, 0x4C, 0x00, 0x27, 0x4C, 0x00, 0x27, 0x4C, 
    0x00, 0x27, 0x4C, 0x00, 0x27, 0x4C, 0x00, 0x27, 0x4C, 0x00, 0x27, 0x4C, 
    0x00, 0x27, 0x4C, 0x00, 0x27, 0x4C, 0x00, 0x27, 0x4C, 0x01, 0x29, 0x4E, 
    0x03, 0x29, 0x4D, 0x00, 0x27, 0x4C, 0x01, 0x28, 0x4D, 0x03, 0x2A, 0x4E, 
    0x00, 0x27, 0x4C, 0x00, 0x27, 0x4C, 0x00, 0x27, 0x4C, 0x00, 0x27, 0x4C, 
    0x00, 0x27, 0x4C, 0x00, 0x27, 0x4C, 0x00, 0x27, 0x4C, 0x00, 0x27, 0x4C, 
    0x00, 0x27, 0x4C, 0x00, 0x27, 0x4C, 0x00, 0x27, 0x4C, 0x00, 0x27, 0x4C, 
    0x00, 0x27, 0x4C, 0x00, 0x27, 0x4C, 0x00, 0x27, 0x4C, 0x00, 0x27, 0x4C, 
    0x00, 0x27, 0x4C, 0x00, 0x27, 0x4C, 0x00, 0x27, 0x4C, 0x00, 0x27, 0x4C, 
    0x00, 0x27, 0x4C, 0x00, 0x27, 0x4C, 0x00, 0x27, 0x4C, 0x00, 0x27, 0x4C, 
    0x00, 0x27, 0x4C, 0x00, 0x27, 0x4C, 0x00, 0x27, 0x4C, 0x00, 0x27, 0x4C, 
    0x00, 0x27, 0x4C, 0x00, 0x27, 0x4C, 0x00, 0x27, 0x4C, 0x00, 0x27, 0x4C, 
    0x00, 0x27, 0x4C, 0x00, 0x27, 0x4C, 0x00, 0x28, 0x4C, 0x00, 0x22, 0x47, 
    0x00, 0x1E, 0x45, 0x00, 0x1E, 0x45, 0x00, 0x1E, 0x45, 0x00, 0x1F, 0x46, 
    0x00, 0x27, 0x4C, 0x00, 0x27, 0x4C, 0x00, 0x27, 0x4C, 0x00, 0x27, 0x4C, 
    0x00, 0x27, 0x4C, 0x00, 0x27, 0x4C, 0x00, 0x27, 0x4C, 0x00, 0x27, 0x4C, 
    0x00, 0x27, 0x4C, 0x00, 0x27, 0x4C, 0x00, 0x27, 0x4C, 0x00, 0x27, 0x4C, 
    0x00, 0x27, 0x4C, 0x00, 0x27, 0x4C, 0x00, 0x27, 0x4C, 0x00, 0x27, 0x4C, 
    0x00, 0x27, 0x4C, 0x00, 0x27, 0x4C, 0x00, 0x27, 0x4C, 0x00, 0x27, 0x4C, 
    0x00, 0x27, 0x4C, 0x00, 0x27, 0x4C, 0x00, 0x27, 0x4C, 0x00, 0x27, 0x4C, 
    0x00, 0x27, 0x4C, 0x00, 0x27, 0x4C, 0x00, 0x27, 0x4C, 0x00, 0x27, 0x4C, 
    0x00, 0x27, 0x4C, 0x00, 0x27, 0x4C, 0x00, 0x27, 0x4C, 0x00, 0x27, 0x4C, 
    0x00, 0x27, 0x4C, 0x00, 0x27, 0x4C, 0x00, 0x27, 0x4C, 0x00, 0x27, 0x4C, 
    0x00, 0x27, 0x4C, 0x00, 0x27, 0x4C, 0x00, 0x27, 0x4C, 0x00, 0x27, 0x4C, 
    0x00, 0x27, 0x4C, 0x00, 0x27, 0x4C, 0x00, 0x27, 0x4C, 0x00, 0x27, 0x4C, 
    0x00, 0x27, 0x4C, 0x00, 0x27, 0x4C, 0x00, 0x27, 0x4C, 0x00, 0x27, 0x4C, 
    0x00, 0x27, 0x4C, 0x00, 0x27, 0x4C, 0x00, 0x27, 0x4C, 0x00, 0x27, 0x4C, 
    0x00, 0x27, 0x4C, 0x00, 0x27, 0x4C, 0x00, 0x27, 0x4C, 0x00, 0x27, 0x4C, 
    0x00, 0x27, 0x4C, 0x00, 0x27, 0x4C, 0x00, 0x27, 0x4C, 0x00, 0x27, 0x4C, 
    0x00, 0x27, 0x4C, 0x00, 0x27, 0x4C, 0x00, 0x27, 0x4C, 0x00, 0x27, 0x4C, 
    0x00, 0x27, 0x4C, 0x00, 0x27, 0x4C, 0x00, 0x27, 0x4C, 0x00, 0x27, 0x4C, 
    0x00, 0x27, 0x4C, 0x00, 0x27, 0x4C, 0x00, 0x27, 0x4C, 0x00, 0x27, 0x4C, 
    0x00, 0x27, 0x4C, 0x00, 0x27, 0x4C, 0x00, 0x27, 0x4C, 0x00, 0x27, 0x4C, 
    0x00, 0x27, 0x4C, 0x00, 0x27, 0x4C, 0x00, 0x27, 0x4C, 0x00, 0x27, 0x4C, 
    0x00, 0x27, 0x4C, 0x00, 0x27, 0x4C, 0x00, 0x27, 0x4C, 0x00, 0x27, 0x4C, 
    0x00, 0x27, 0x4C, 0x00, 0x27, 0x4C, 0x00, 0x27, 0x4C, 0x00, 0x27, 0x4C, 
    0x00, 0x27, 0x4C, 0x00, 0x27, 0x4C, 0x00, 0x27, 0x4C, 0x00, 0x27, 0x4C, 
    0x00, 0x27, 0x4C, 0x00, 0x27, 0x4C, 0x00, 0x27, 0x4C, 0x00, 0x27, 0x4C, 
    0x00, 0x27, 0x4C, 0x00, 0x27, 0x4C, 0x00, 0x27, 0x4C, 0x00, 0x27, 0x4C, 
    0x00, 0x27, 0x4C, 0x00, 0x27, 0x4C, 0x00, 0x27, 0x4C, 0x00, 0x27, 0x4C, 
    0x00, 0x27, 0x4C, 0x00, 0x27, 0x4C, 0x00, 0x27, 0x4C, 0x00, 0x27, 0x4C, 
    0x00, 0x27, 0x4C, 0x00, 0x27, 0x4C, 0x00, 0x27, 0x4C, 0x00, 0x27, 0x4C, 
    0x04, 0x2A, 0x4B, 0x00, 0x1B, 0x51, 0x6A, 0x6B, 0x2F, 0xFF, 0xD7, 0x00, 
    0xFB, 0xC8, 0x06, 0xFF, 0xCB, 0x05, 0xFF, 0xCB, 0x05, 0xFF, 0xCB, 0x05, 
    0xFF, 0xCB, 0x05, 0xFF, 0xCB, 0x05, 0xFF, 0xCB, 0x05, 0xFF, 0xCB, 0x05, 
    0xFF, 0xCB, 0x05, 0xFF, 0xCB, 0x05, 0xFF, 0xCB, 0x05, 0xFF, 0xCB, 0x05, 
    0xFF, 0xCB, 0x05, 0xFF, 0xCB, 0x05, 0xFF, 0xCB, 0x05, 0xFF, 0xCB, 0x05, 
    0xFF, 0xCB, 0x05, 0xFF, 0xCB, 0x05, 0xFF, 0xCB, 0x05, 0xFF, 0xCB, 0x05, 
    0xFF, 0xCB, 0x05, 0xFF, 0xCB, 0x05, 0xFF, 0xCB, 0x05, 0xFF, 0xCB, 0x05, 
    0xFF, 0xCB, 0x05, 0xFF, 0xCB, 0x05, 0xFF, 0xCB, 0x05, 0xFF, 0xCB, 0x05, 
    0xFF, 0xCB, 0x05, 0xFF, 0xCB, 0x05, 0xFF, 0xCB, 0x05, 0xFF, 0xCB, 0x05, 
    0xFF, 0xCB, 0x05, 0xFE, 0xCA, 0x05, 0xFA, 0xCB, 0x06, 0xF9, 0xCF, 0x02, 
    0x62, 0x63, 0x32, 0x00, 0x17, 0x52, 0x03, 0x29, 0x4B, 0x00, 0x27, 0x4C, 
    0x00, 0x27, 0x4C, 0x00, 0x27, 0x4C, 0x00, 0x27, 0x4C, 0x00, 0x27, 0x4C, 
    0x00, 0x27, 0x4C, 0x00, 0x27, 0x4C, 0x00, 0x27, 0x4C, 0x00, 0x27, 0x4C, 
    0x00, 0x27, 0x4C, 0x00, 0x27, 0x4C, 0x00, 0x27, 0x4C, 0x00, 0x27, 0x4C, 
    0x00, 0x27, 0x4C, 0x03, 0x2A, 0x4B, 0x00, 0x16, 0x53, 0x63, 0x63, 0x30, 
    0xF7, 0xCE, 0x02, 0xFB, 0xCC, 0x06, 0xFE, 0xCA, 0x05, 0xFF, 0xCB, 0x05, 
    0xFF, 0xCB, 0x05, 0xFF, 0xCB, 0x05, 0xFF, 0xCB, 0x05, 0xFF, 0xCB, 0x05, 
    0xFF, 0xCB, 0x05, 0xFF, 0xCB, 0x05, 0xFF, 0xCB, 0x05, 0xFF, 0xCB, 0x05, 
    0xFF, 0xCB, 0x05, 0xFF, 0xCB, 0x05, 0xFF, 0xCB, 0x05, 0xFF, 0xCB, 0x05, 
    0xFF, 0xCB, 0x05, 0xFF, 0xCB, 0x05, 0xFF, 0xCB, 0x05, 0xFF, 0xCB, 0x05, 
    0xFF, 0xCB, 0x05, 0xFF, 0xCB, 0x05, 0xFF, 0xCB, 0x05, 0xFF, 0xCB, 0x05, 
    0xFF, 0xCB, 0x05, 0xFF, 0xCB, 0x05, 0xFF, 0xCB, 0x05, 0xFF, 0xCB, 0x05, 
    0xFF, 0xCB, 0x05, 0xFF, 0xCB, 0x05, 0xFF, 0xCB, 0x05, 0xFF, 0xCB, 0x05, 
    0xFF, 0xCB, 0x05, 0xFF, 0xCB, 0x05, 0xFF, 0xCB, 0x05, 0xFB, 0xC8, 0x06, 
    0xFF, 0xD7, 0x00, 0x65, 0x68, 0x30, 0x00, 0x1B, 0x51, 0x04, 0x2A, 0x4B, 
    0x00, 0x27, 0x4C, 0x00, 0x27, 0x4C, 0x00, 0x27, 0x4C, 0x00, 0x27, 0x4C, 
    0x00, 0x27, 0x4C, 0x00, 0x27, 0x4C, 0x02, 0x28, 0x4D, 0x00, 0x1F, 0x45, 
    0x29, 0x4A, 0x69, 0x3C, 0x5A, 0x76, 0x00, 0x1D, 0x43, 0x02, 0x29, 0x4E, 
    0x00, 0x27, 0x4C, 0x00, 0x27, 0x4C, 0x00, 0x27, 0x4C, 0x00, 0x27, 0x4C, 
    0x00, 0x27, 0x4C, 0x00, 0x27, 0x4C, 0x00, 0x27, 0x4C, 0x00, 0x27, 0x4C, 
    0x00, 0x27, 0x4C, 0x00, 0x27, 0x4C, 0x00, 0x27, 0x4C, 0x00, 0x27, 0x4C, 
    0x00, 0x27, 0x4C, 0x00, 0x27, 0x4C, 0x00, 0x27, 0x4C, 0x00, 0x27, 0x4C, 
    0x00, 0x27, 0x4C, 0x00, 0x27, 0x4C, 0x00, 0x27, 0x4C, 0x00, 0x27, 0x4C, 
    0x00, 0x27, 0x4C, 0x00, 0x27, 0x4C, 0x00, 0x27, 0x4C, 0x01, 0x28, 0x4D, 
    0x02, 0x29, 0x4D, 0x02, 0x28, 0x4D, 0x02, 0x29, 0x4D, 0x02, 0x29, 0x4D, 
    0x02, 0x29, 0x4D, 0x02, 0x29, 0x4D, 0x02, 0x29, 0x4D, 0x02, 0x29, 0x4D, 
    0x02, 0x29, 0x4D, 0x02, 0x29, 0x4D, 0x02, 0x29, 0x4D, 0x02, 0x29, 0x4D, 
    0x02, 0x29, 0x4D, 0x02, 0x29, 0x4D, 0x02, 0x29, 0x4D, 0x02, 0x29, 0x4D, 
    0x02, 0x29, 0x4D, 0x02, 0x28, 0x4D, 0x02, 0x29, 0x4D, 0x01, 0x28, 0x4D, 
    0x00, 0x27, 0x4C, 0x00, 0x27, 0x4C, 0x00, 0x27, 0x4C, 0x00, 0x27, 0x4C, 
    0x00, 0x27, 0x4C, 0x00, 0x27, 0x4C, 0x00, 0x27, 0x4C, 0x00, 0x27, 0x4C, 
    0x01, 0x28, 0x4D, 0x02, 0x29, 0x4D, 0x02, 0x29, 0x4D, 0x02, 0x29, 0x4D, 
    0x02, 0x29, 0x4D, 0x02, 0x29, 0x4D, 0x02, 0x29, 0x4D, 0x02, 0x29, 0x4D, 
    0x02, 0x29, 0x4D, 0x02, 0x29, 0x4D, 0x02, 0x29, 0x4D, 0x02, 0x29, 0x4D, 
    0x02, 0x29, 0x4D, 0x02, 0x29, 0x4D, 0x02, 0x29, 0x4D, 0x02, 0x29, 0x4D, 
    0x02, 0x29, 0x4D, 0x02, 0x29, 0x4D, 0x02, 0x28, 0x4D, 0x02, 0x29, 0x4D, 
    0x01, 0x28, 0x4D, 0x00, 0x27, 0x4C, 0x00, 0x27, 0x4C, 0x00, 0x27, 0x4C, 
    0x00, 0x27, 0x4C, 0x00, 0x27, 0x4C, 0x00, 0x27, 0x4C, 0x00, 0x27, 0x4C, 
    0x00, 0x27, 0x4C, 0x00, 0x27, 0x4C, 0x00, 0x27, 0x4C, 0x00, 0x27, 0x4C, 
    0x00, 0x27, 0x4C, 0x00, 0x27, 0x4C, 0x00, 0x27, 0x4C, 0x00, 0x27, 0x4C, 
    0x00, 0x27, 0x4C, 0x00, 0x27, 0x4C, 0x00, 0x27, 0x4C, 0x00, 0x27, 0x4C, 
    0x01, 0x28, 0x4D, 0x02, 0x29, 0x4E, 0x04, 0x2A, 0x4F, 0x04, 0x2A, 0x4F, 
    0x04, 0x2A, 0x4F, 0x03, 0x2A, 0x4E, 0x03, 0x2A, 0x4E, 0x03, 0x2A, 0x4E, 
    0x03, 0x2A, 0x4E, 0x04, 0x2A, 0x4E, 0x04, 0x2A, 0x4F, 0x04, 0x2A, 0x4F, 
    0x03, 0x2A, 0x4E, 0x02, 0x28, 0x4D, 0x01, 0x27, 0x4C, 0x00, 0x27, 0x4C, 
    0x00, 0x27, 0x4C, 0x00, 0x27, 0x4C, 0x00, 0x27, 0x4C, 0x00, 0x27, 0x4C, 
    0x00, 0x27, 0x4C, 0x00, 0x27, 0x4C, 0x00, 0x27, 0x4C, 0x00, 0x27, 0x4C, 
    0x00, 0x27, 0x4C, 0x00, 0x27, 0x4C, 0x00, 0x27, 0x4C, 0x00, 0x27, 0x4C, 
    0x00, 0x27, 0x4C, 0x00, 0x27, 0x4C, 0x01, 0x28, 0x4D, 0x02, 0x29, 0x4E, 
    0x04, 0x2A, 0x4F, 0x04, 0x2A, 0x4F, 0x04, 0x2A, 0x4E, 0x03, 0x2A, 0x4E, 
    0x03, 0x2A, 0x4E, 0x03, 0x2A, 0x4E, 0x03, 0x2A, 0x4E, 0x04, 0x2A, 0x4F, 
    0x04, 0x2A, 0x4F, 0x04, 0x2A, 0x4F, 0x03, 0x2A, 0x4E, 0x02, 0x28, 0x4D, 
    0x00, 0x27, 0x4C, 0x00, 0x27, 0x4C, 0x00, 0x27, 0x4C, 0x00, 0x27, 0x4C, 
    0x00, 0x27, 0x4C, 0x00, 0x27, 0x4C, 0x00, 0x27, 0x4C, 0x00, 0x27, 0x4C, 
    0x00, 0x27, 0x4C, 0x00, 0x27, 0x4C, 0x00, 0x27, 0x4C, 0x00, 0x27, 0x4C, 
    0x00, 0x27, 0x4C, 0x00, 0x27, 0x4C, 0x00, 0x27, 0x4C, 0x00, 0x27, 0x4C, 
    0x00, 0x27, 0x4C, 0x00, 0x27, 0x4C, 0x00, 0x27, 0x4C, 0x00, 0x27, 0x4C, 
    0x00, 0x27, 0x4C, 0x00, 0x27, 0x4C, 0x00, 0x27, 0x4C, 0x00, 0x27, 0x4C, 
    0x00, 0x27, 0x4C, 0x00, 0x27, 0x4C, 0x00, 0x27, 0x4C, 0x00, 0x27, 0x4C, 
    0x00, 0x27, 0x4C, 0x00, 0x27, 0x4C, 0x00, 0x27, 0x4C, 0x00, 0x27, 0x4C, 
    0x01, 0x28, 0x4D, 0x02, 0x29, 0x4E, 0x04, 0x2A, 0x4F, 0x04, 0x2A, 0x4F, 
    0x04, 0x2A, 0x4E, 0x03, 0x2A, 0x4E, 0x03, 0x2A, 0x4E, 0x03, 0x2A, 0x4E, 
    0x03, 0x2A, 0x4E, 0x04, 0x2A, 0x4F, 0x04, 0x2A, 0x4F, 0x04, 0x2A, 0x4F, 
    0x03, 0x29, 0x4E, 0x01, 0x28, 0x4D, 0x00, 0x27, 0x4C, 0x00, 0x27, 0x4C, 
    0x00, 0x27, 0x4C, 0x00, 0x27, 0x4C, 0x00, 0x27, 0x4C, 0x00, 0x27, 0x4C, 
    0x00, 0x27, 0x4C, 0x00, 0x27, 0x4C, 0x00, 0x27, 0x4C, 0x00, 0x27, 0x4C, 
    0x00, 0x27, 0x4C, 0x00, 0x27, 0x4C, 0x00, 0x27, 0x4C, 0x00, 0x27, 0x4C, 
    0x00, 0x27, 0x4C, 0x00, 0x27, 0x4C, 0x00, 0x27, 0x4C, 0x00, 0x27, 0x4C, 
    0x00, 0x27, 0x4C, 0x00, 0x27, 0x4C, 0x00, 0x27, 0x4C, 0x00, 0x27, 0x4C, 
    0x00, 0x27, 0x4C, 0x00, 0x27, 0x4C, 0x00, 0x27, 0x4C, 0x00, 0x27, 0x4C, 
    0x00, 0x27, 0x4C, 0x00, 0x27, 0x4C, 0x01, 0x29, 0x4D, 0x00, 0x20, 0x45, 
    0x00, 0x1D, 0x45, 0x00, 0x26, 0x4B, 0x00, 0x20, 0x45, 0x00, 0x1C, 0x44, 
    0x01, 0x29, 0x4E, 0x00, 0x27, 0x4C, 0x00, 0x27, 0x4C, 0x00, 0x27, 0x4C, 
    0x00, 0x27, 0x4C, 0x00, 0x27, 0x4C, 0x00, 0x27, 0x4C, 0x00, 0x27, 0x4C, 
    0x00, 0x27, 0x4C, 0x00, 0x27, 0x4C, 0x00, 0x27, 0x4C, 0x00, 0x27, 0x4C, 
    0x00, 0x27, 0x4C, 0x00, 0x27, 0x4C, 0x00, 0x27, 0x4C, 0x00, 0x27, 0x4C, 
    0x00, 0x27, 0x4C, 0x00, 0x27, 0x4C, 0x00, 0x27, 0x4C, 0x00, 0x27, 0x4C, 
    0x00, 0x27, 0x4C, 0x00, 0x27, 0x4C, 0x00, 0x27, 0x4C, 0x00, 0x27, 0x4C, 
    0x00, 0x27, 0x4C, 0x00, 0x27, 0x4C, 0x00, 0x27, 0x4C, 0x00, 0x27, 0x4C, 
    0x00, 0x27, 0x4C, 0x00, 0x27, 0x4C, 0x00, 0x27, 0x4C, 0x00, 0x27, 0x4C, 
    0x00, 0x27, 0x4C, 0x01, 0x28, 0x4C, 0x00, 0x24, 0x4B, 0x17, 0x3E, 0x63, 
    0x2E, 0x4E, 0x6D, 0x2D, 0x4D, 0x6C, 0x2E, 0x4E, 0x6D, 0x2D, 0x4B, 0x67, 
    0x06, 0x29, 0x4C, 0x00, 0x26, 0x4C, 0x00, 0x27, 0x4C, 0x00, 0x27, 0x4C, 
    0x00, 0x27, 0x4C, 0x00, 0x27, 0x4C, 0x00, 0x27, 0x4C, 0x00, 0x27, 0x4C, 
    0x00, 0x27, 0x4C, 0x00, 0x27, 0x4C, 0x00, 0x27, 0x4C, 0x00, 0x27, 0x4C, 
    0x00, 0x27, 0x4C, 0x00, 0x27, 0x4C, 0x00, 0x27, 0x4C, 0x00, 0x27, 0x4C, 
    0x00, 0x27, 0x4C, 0x00, 0x27, 0x4C, 0x00, 0x27, 0x4C, 0x00, 0x27, 0x4C, 
    0x00, 0x27, 0x4C, 0x00, 0x27, 0x4C, 0x00, 0x27, 0x4C, 0x00, 0x27, 0x4C, 
    0x00, 0x27, 0x4C, 0x00, 0x27, 0x4C, 0x00, 0x27, 0x4C, 0x00, 0x27, 0x4C, 
    0x00, 0x27, 0x4C, 0x00, 0x27, 0x4C, 0x00, 0x27, 0x4C, 0x00, 0x27, 0x4C, 
    0x00, 0x27, 0x4C, 0x00, 0x27, 0x4C, 0x00, 0x27, 0x4C, 0x00, 0x27, 0x4C, 
    0x00, 0x27, 0x4C, 0x00, 0x27, 0x4C, 0x00, 0x27, 0x4C, 0x00, 0x27, 0x4C, 
    0x00, 0x27, 0x4C, 0x00, 0x27, 0x4C, 0x00, 0x27, 0x4C, 0x00, 0x27, 0x4C, 
    0x00, 0x27, 0x4C, 0x00, 0x27, 0x4C, 0x00, 0x27, 0x4C, 0x00, 0x27, 0x4C, 
    0x00, 0x27, 0x4C, 0x00, 0x27, 0x4C, 0x00, 0x27, 0x4C, 0x00, 0x27, 0x4C, 
    0x00, 0x27, 0x4C, 0x00, 0x27, 0x4C, 0x00, 0x27, 0x4C, 0x00, 0x27, 0x4C, 
    0x00, 0x27, 0x4C, 0x00, 0x27, 0x4C, 0x00, 0x27, 0x4C, 0x00, 0x27, 0x4C, 
    0x00, 0x27, 0x4C, 0x00, 0x27, 0x4C, 0x00, 0x27, 0x4C, 0x00, 0x27, 0x4C, 
    0x00, 0x27, 0x4C, 0x00, 0x27, 0x4C, 0x00, 0x27, 0x4C, 0x00, 0x27, 0x4C, 
    0x00, 0x27, 0x4C, 0x00, 0x27, 0x4C, 0x00, 0x27, 0x4C, 0x00, 0x27, 0x4C, 
    0x00, 0x27, 0x4C, 0x00, 0x27, 0x4C, 0x00, 0x27, 0x4C, 0x00, 0x27, 0x4C, 
    0x00, 0x27, 0x4C, 0x00, 0x27, 0x4C, 0x00, 0x27, 0x4C, 0x00, 0x27, 0x4C, 
    0x00, 0x27, 0x4C, 0x00, 0x27, 0x4C, 0x00, 0x27, 0x4C, 0x00, 0x27, 0x4C, 
    0x00, 0x27, 0x4C, 0x00, 0x27, 0x4C, 0x00, 0x27, 0x4C, 0x00, 0x27, 0x4C, 
    0x00, 0x27, 0x4C, 0x00, 0x27, 0x4C, 0x00, 0x27, 0x4C, 0x00, 0x27, 0x4C, 
    0x00, 0x27, 0x4C, 0x00, 0x27, 0x4C, 0x00, 0x27, 0x4C, 0x00, 0x27, 0x4C, 
    0x00, 0x27, 0x4C, 0x00, 0x27, 0x4C, 0x00, 0x27, 0x4C, 0x00, 0x27, 0x4C, 
    0x00, 0x27, 0x4C, 0x00, 0x27, 0x4C, 0x00, 0x27, 0x4C, 0x00, 0x27, 0x4C, 
    0x00, 0x27, 0x4C, 0x00, 0x27, 0x4C, 0x00, 0x27, 0x4C, 0x00, 0x27, 0x4C, 
    0x00, 0x27, 0x4C, 0x00, 0x27, 0x4C, 0x00, 0x27, 0x4C, 0x00, 0x27, 0x4C, 
    0x04, 0x2A, 0x4B, 0x00, 0x1B, 0x51, 0x6A, 0x6B, 0x2F, 0xFF, 0xD7, 0x00, 
    0xFB, 0xC8, 0x06, 0xFF, 0xCB, 0x05, 0xFF, 0xCB, 0x05, 0xFF, 0xCB, 0x05, 
    0xFF, 0xCB, 0x05, 0xFF, 0xCB, 0x05, 0xFF, 0xCB, 0x05, 0xFF, 0xCB, 0x05, 
    0xFF, 0xCB, 0x05, 0xFF, 0xCB, 0x05, 0xFF, 0xCB, 0x05, 0xFF, 0xCB, 0x05, 
    0xFF, 0xCB, 0x05, 0xFF, 0xCB, 0x05, 0xFF, 0xCB, 0x05, 0xFF, 0xCB, 0x05, 
    0xFF, 0xCB, 0x05, 0xFF, 0xCB, 0x05, 0xFF, 0xCB, 0x05, 0xFF, 0xCB, 0x05, 
    0xFF, 0xCB, 0x05, 0xFF, 0xCB, 0x05, 0xFF, 0xCB, 0x05, 0xFF, 0xCB, 0x05, 
    0xFF, 0xCB, 0x05, 0xFF, 0xCB, 0x05, 0xFF, 0xCB, 0x05, 0xFF, 0xCB, 0x05, 
    0xFF, 0xCB, 0x05, 0xFF, 0xCB, 0x05, 0xFF, 0xCB, 0x05, 0xFF, 0xCB, 0x05, 
    0xFF, 0xCB, 0x05, 0xFF, 0xCB, 0x05, 0xFE, 0xCA, 0x05, 0xFE, 0xCE, 0x04, 
    0xF7, 0xCB, 0x03, 0x5E, 0x61, 0x31, 0x01, 0x22, 0x4E, 0x02, 0x29, 0x4B, 
    0x00, 0x27, 0x4C, 0x00, 0x27, 0x4C, 0x00, 0x27, 0x4C, 0x00, 0x27, 0x4C, 
    0x00, 0x27, 0x4C, 0x00, 0x27, 0x4C, 0x00, 0x27, 0x4C, 0x00, 0x27, 0x4C, 
    0x00, 0x27, 0x4C, 0x00, 0x27, 0x4C, 0x00, 0x27, 0x4C, 0x00, 0x27, 0x4C, 
    0x02, 0x28, 0x4B, 0x01, 0x23, 0x4E, 0x5B, 0x5E, 0x30, 0xF2, 0xC7, 0x03, 
    0xFF, 0xCF, 0x05, 0xFE, 0xC9, 0x05, 0xFF, 0xCB, 0x05, 0xFF, 0xCB, 0x05, 
    0xFF, 0xCB, 0x05, 0xFF, 0xCB, 0x05, 0xFF, 0xCB, 0x05, 0xFF, 0xCB, 0x05, 
    0xFF, 0xCB, 0x05, 0xFF, 0xCB, 0x05, 0xFF, 0xCB, 0x05, 0xFF, 0xCB, 0x05, 
    0xFF, 0xCB, 0x05, 0xFF, 0xCB, 0x05, 0xFF, 0xCB, 0x05, 0xFF, 0xCB, 0x05, 
    0xFF, 0xCB, 0x05, 0xFF, 0xCB, 0x05, 0xFF, 0xCB, 0x05, 0xFF, 0xCB, 0x05, 
    0xFF, 0xCB, 0x05, 0xFF, 0xCB, 0x05, 0xFF, 0xCB, 0x05, 0xFF, 0xCB, 0x05, 
    0xFF, 0xCB, 0x05, 0xFF, 0xCB, 0x05, 0xFF, 0xCB, 0x05, 0xFF, 0xCB, 0x05, 
    0xFF, 0xCB, 0x05, 0xFF, 0xCB, 0x05, 0xFF, 0xCB, 0x05, 0xFF, 0xCB, 0x05, 
    0xFF, 0xCB, 0x05, 0xFF, 0xCB, 0x05, 0xFF, 0xCB, 0x05, 0xFB, 0xC8, 0x06, 
    0xFF, 0xD7, 0x00, 0x65, 0x68, 0x30, 0x00, 0x1B, 0x51, 0x04, 0x2A, 0x4B, 
    0x00, 0x27, 0x4C, 0x00, 0x27, 0x4C, 0x00, 0x27, 0x4C, 0x00, 0x27, 0x4C, 
    0x00, 0x27, 0x4C, 0x00, 0x27, 0x4C, 0x02, 0x28, 0x4D, 0x00, 0x1F, 0x45, 
    0x29, 0x4A, 0x69, 0x3C, 0x5A, 0x76, 0x00, 0x1D, 0x43, 0x02, 0x29, 0x4E, 
    0x00, 0x27, 0x4C, 0x00, 0x27, 0x4C, 0x00, 0x27, 0x4C, 0x00, 0x27, 0x4C, 
    0x00, 0x27, 0x4C, 0x00, 0x27, 0x4C, 0x00, 0x27, 0x4C, 0x00, 0x27, 0x4C, 
    0x00, 0x27, 0x4C, 0x00, 0x27, 0x4C, 0x00, 0x27, 0x4C, 0x00, 0x27, 0x4C, 
    0x00, 0x27, 0x4C, 0x00, 0x27, 0x4C, 0x00, 0x27, 0x4C, 0x00, 0x27, 0x4C, 
    0x00, 0x27, 0x4C, 0x00, 0x27, 0x4C, 0x00, 0x27, 0x4C, 0x00, 0x27, 0x4C, 
    0x00, 0x27, 0x4C, 0x00, 0x27, 0x4C, 0x00, 0x27, 0x4C, 0x00, 0x22, 0x47, 
    0x00, 0x20, 0x46, 0x00, 0x20, 0x47, 0x00, 0x20, 0x46, 0x00, 0x20, 0x46, 
    0x00, 0x20, 0x46, 0x00, 0x20, 0x46, 0x00, 0x20, 0x46, 0x00, 0x20, 0x46, 
    0x00, 0x20, 0x46, 0x00, 0x20, 0x46, 0x00, 0x20, 0x46, 0x00, 0x20, 0x46, 
    0x00, 0x20, 0x46, 0x00, 0x20, 0x46, 0x00, 0x20, 0x46, 0x00, 0x20, 0x46, 
    0x00, 0x20, 0x46, 0x00, 0x20, 0x47, 0x00, 0x20, 0x46, 0x00, 0x23, 0x49, 
    0x00, 0x27, 0x4C, 0x00, 0x27, 0x4C, 0x00, 0x27, 0x4C, 0x00, 0x27, 0x4C, 
    0x00, 0x27, 0x4C, 0x00, 0x27, 0x4C, 0x00, 0x27, 0x4C, 0x00, 0x27, 0x4C, 
    0x00, 0x22, 0x47, 0x00, 0x20, 0x46, 0x00, 0x20, 0x46, 0x00, 0x20, 0x46, 
    0x00, 0x20, 0x46, 0x00, 0x20, 0x46, 0x00, 0x20, 0x46, 0x00, 0x20, 0x46, 
    0x00, 0x20, 0x46, 0x00, 0x20, 0x46, 0x00, 0x20, 0x46, 0x00, 0x20, 0x46, 
    0x00, 0x20, 0x46, 0x00, 0x20, 0x46, 0x00, 0x20, 0x46, 0x00, 0x20, 0x46, 
    0x00, 0x20, 0x46, 0x00, 0x20, 0x46, 0x00, 0x20, 0x47, 0x00, 0x20, 0x46, 
    0x00, 0x23, 0x49, 0x00, 0x27, 0x4C, 0x00, 0x27, 0x4C, 0x00, 0x27, 0x4C, 
    0x00, 0x27, 0x4C, 0x00, 0x27, 0x4C, 0x00, 0x27, 0x4C, 0x00, 0x27, 0x4C, 
    0x00, 0x27, 0x4C, 0x00, 0x27, 0x4C, 0x00, 0x27, 0x4C, 0x00, 0x27, 0x4C, 
    0x00, 0x27, 0x4C, 0x00, 0x27, 0x4C, 0x00, 0x27, 0x4C, 0x00, 0x27, 0x4C, 
    0x00, 0x27, 0x4C, 0x00, 0x27, 0x4C, 0x03, 0x2A, 0x4E, 0x04, 0x2A, 0x4F, 
    0x00, 0x26, 0x4B, 0x00, 0x1F, 0x45, 0x00, 0x19, 0x40, 0x00, 0x18, 0x40, 
    0x00, 0x19, 0x41, 0x00, 0x1A, 0x41, 0x00, 0x1A, 0x41, 0x00, 0x1A, 0x41, 
    0x00, 0x1A, 0x41, 0x00, 0x1A, 0x41, 0x00, 0x19, 0x40, 0x00, 0x18, 0x3F, 
    0x00, 0x1B, 0x43, 0x00, 0x21, 0x48, 0x00, 0x27, 0x4D, 0x04, 0x2A, 0x4F, 
    0x01, 0x28, 0x4C, 0x00, 0x27, 0x4C, 0x00, 0x27, 0x4C, 0x00, 0x27, 0x4C, 
    0x00, 0x27, 0x4C, 0x00, 0x27, 0x4C, 0x00, 0x27, 0x4C, 0x00, 0x27, 0x4C, 
    0x00, 0x27, 0x4C, 0x00, 0x27, 0x4C, 0x00, 0x27, 0x4C, 0x00, 0x27, 0x4C, 
    0x02, 0x29, 0x4E, 0x04, 0x2A, 0x4F, 0x00, 0x26, 0x4B, 0x00, 0x1F, 0x45, 
    0x00, 0x19, 0x40, 0x00, 0x19, 0x40, 0x00, 0x1A, 0x41, 0x00, 0x1A, 0x41, 
    0x00, 0x1A, 0x41, 0x00, 0x1A, 0x41, 0x00, 0x1A, 0x41, 0x00, 0x19, 0x41, 
    0x00, 0x19, 0x40, 0x00, 0x18, 0x3F, 0x00, 0x1C, 0x44, 0x00, 0x23, 0x49, 
    0x02, 0x29, 0x4E, 0x01, 0x28, 0x4C, 0x00, 0x27, 0x4C, 0x00, 0x27, 0x4C, 
    0x00, 0x27, 0x4C, 0x00, 0x27, 0x4C, 0x00, 0x27, 0x4C, 0x00, 0x27, 0x4C, 
    0x00, 0x27, 0x4C, 0x00, 0x27, 0x4C, 0x00, 0x27, 0x4C, 0x00, 0x27, 0x4C, 
    0x00, 0x27, 0x4C, 0x00, 0x27, 0x4C, 0x00, 0x27, 0x4C, 0x00, 0x27, 0x4C, 
    0x00, 0x27, 0x4C, 0x00, 0x27, 0x4C, 0x00, 0x27, 0x4C, 0x00, 0x27, 0x4C, 
    0x00, 0x27, 0x4C, 0x00, 0x27, 0x4C, 0x00, 0x27, 0x4C, 0x00, 0x27, 0x4C, 
    0x00, 0x27, 0x4C, 0x00, 0x27, 0x4C, 0x00, 0x27, 0x4C, 0x00, 0x27, 0x4C, 
    0x00, 0x27, 0x4C, 0x00, 0x27, 0x4D, 0x03, 0x2A, 0x4E, 0x03, 0x2A, 0x4E, 
    0x00, 0x24, 0x49, 0x00, 0x1E, 0x43, 0x00, 0x18, 0x3F, 0x00, 0x19, 0x40, 
    0x00, 0x1A, 0x41, 0x00, 0x1A, 0x41, 0x00, 0x1A, 0x41, 0x00, 0x1A, 0x41, 
    0x00, 0x1A, 0x41, 0x00, 0x19, 0x41, 0x00, 0x18, 0x40, 0x00, 0x18, 0x40, 
    0x00, 0x1D, 0x45, 0x00, 0x24, 0x4B, 0x02, 0x29, 0x4E, 0x00, 0x27, 0x4C, 
    0x00, 0x27, 0x4C, 0x00, 0x27, 0x4C, 0x00, 0x27, 0x4C, 0x00, 0x27, 0x4C, 
    0x00, 0x27, 0x4C, 0x00, 0x27, 0x4C, 0x00, 0x27, 0x4C, 0x00, 0x27, 0x4C, 
    0x00, 0x27, 0x4C, 0x00, 0x27, 0x4C, 0x00, 0x27, 0x4C, 0x00, 0x27, 0x4C, 
    0x00, 0x27, 0x4C, 0x00, 0x27, 0x4C, 0x00, 0x27, 0x4C, 0x00, 0x27, 0x4C, 
    0x00, 0x27, 0x4C, 0x00, 0x27, 0x4C, 0x00, 0x27, 0x4C, 0x00, 0x27, 0x4C, 
    0x00, 0x27, 0x4C, 0x00, 0x27, 0x4C, 0x00, 0x27, 0x4C, 0x00, 0x27, 0x4C, 
    0x00, 0x27, 0x4C, 0x02, 0x29, 0x4E, 0x00, 0x1F, 0x45, 0x1C, 0x46, 0x6E, 
    0x9D, 0xB6, 0xCA, 0xD6, 0xDC, 0xE2, 0xC4, 0xC6, 0xCB, 0x5C, 0x64, 0x73, 
    0x00, 0x1E, 0x44, 0x02, 0x29, 0x4E, 0x00, 0x27, 0x4C, 0x00, 0x27, 0x4C, 
    0x00, 0x27, 0x4C, 0x00, 0x27, 0x4C, 0x00, 0x27, 0x4C, 0x00, 0x27, 0x4C, 
    0x00, 0x27, 0x4C, 0x00, 0x27, 0x4C, 0x00, 0x27, 0x4C, 0x00, 0x27, 0x4C, 
    0x00, 0x27, 0x4C, 0x00, 0x27, 0x4C, 0x00, 0x27, 0x4C, 0x00, 0x27, 0x4C, 
    0x00, 0x27, 0x4C, 0x00, 0x27, 0x4C, 0x00, 0x27, 0x4C, 0x00, 0x27, 0x4C, 
    0x00, 0x27, 0x4C, 0x00, 0x27, 0x4C, 0x00, 0x27, 0x4C, 0x00, 0x27, 0x4C, 
    0x00, 0x27, 0x4C, 0x00, 0x27, 0x4C, 0x00, 0x27, 0x4C, 0x00, 0x27, 0x4C, 
    0x00, 0x27, 0x4C, 0x00, 0x27, 0x4C, 0x00, 0x27, 0x4C, 0x00, 0x27, 0x4C, 
    0x00, 0x27, 0x4C, 0x04, 0x2B, 0x4E, 0x00, 0x17, 0x45, 0x82, 0xA9, 0xCB, 
    0xFF, 0xFF, 0xFF, 0xFF, 0xFE, 0xFE, 0xFF, 0xFF, 0xFF, 0xFE, 0xEF, 0xE3, 
    0x23, 0x32, 0x4E, 0x00, 0x24, 0x4B, 0x02, 0x28, 0x4C, 0x00, 0x27, 0x4C, 
    0x00, 0x27, 0x4C, 0x00, 0x27, 0x4C, 0x00, 0x27, 0x4C, 0x00, 0x27, 0x4C, 
    0x00, 0x27, 0x4C, 0x00, 0x27, 0x4C, 0x00, 0x27, 0x4C, 0x00, 0x27, 0x4C, 
    0x00, 0x27, 0x4C, 0x00, 0x27, 0x4C, 0x00, 0x27, 0x4C, 0x00, 0x27, 0x4C, 
    0x00, 0x27, 0x4C, 0x00, 0x27, 0x4C, 0x00, 0x27, 0x4C, 0x00, 0x27, 0x4C, 
    0x00, 0x27, 0x4C, 0x00, 0x27, 0x4C, 0x00, 0x27, 0x4C, 0x00, 0x27, 0x4C, 
    0x00, 0x27, 0x4C, 0x00, 0x27, 0x4C, 0x00, 0x27, 0x4C, 0x00, 0x27, 0x4C, 
    0x00, 0x27, 0x4C, 0x00, 0x27, 0x4C, 0x00, 0x27, 0x4C, 0x00, 0x27, 0x4C, 
    0x00, 0x27, 0x4C, 0x00, 0x27, 0x4C, 0x00, 0x27, 0x4C, 0x00, 0x27, 0x4C, 
    0x00, 0x27, 0x4C, 0x00, 0x27, 0x4C, 0x00, 0x27, 0x4C, 0x00, 0x27, 0x4C, 
    0x00, 0x27, 0x4C, 0x00, 0x27, 0x4C, 0x00, 0x27, 0x4C, 0x00, 0x27, 0x4C, 
    0x00, 0x27, 0x4C, 0x00, 0x27, 0x4C, 0x00, 0x27, 0x4C, 0x00, 0x27, 0x4C, 
    0x00, 0x27, 0x4C, 0x00, 0x27, 0x4C, 0x00, 0x27, 0x4C, 0x00, 0x27, 0x4C, 
    0x00, 0x27, 0x4C, 0x00, 0x27, 0x4C, 0x00, 0x27, 0x4C, 0x00, 0x27, 0x4C, 
    0x00, 0x27, 0x4C, 0x00, 0x27, 0x4C, 0x00, 0x27, 0x4C, 0x00, 0x27, 0x4C, 
    0x00, 0x27, 0x4C, 0x00, 0x27, 0x4C, 0x00, 0x27, 0x4C, 0x00, 0x27, 0x4C, 
    0x00, 0x27, 0x4C, 0x00, 0x27, 0x4C, 0x00, 0x27, 0x4C, 0x00, 0x27, 0x4C, 
    0x00, 0x27, 0x4C, 0x00, 0x27, 0x4C, 0x00, 0x27, 0x4C, 0x00, 0x27, 0x4C, 
    0x00, 0x27, 0x4C, 0x00, 0x27, 0x4C, 0x00, 0x27, 0x4C, 0x00, 0x27, 0x4C, 
    0x00, 0x27, 0x4C, 0x00, 0x27, 0x4C, 0x00, 0x27, 0x4C, 0x00, 0x27, 0x4C, 
    0x00, 0x27, 0x4C, 0x00, 0x27, 0x4C, 0x00, 0x27, 0x4C, 0x00, 0x27, 0x4C, 
    0x00, 0x27, 0x4C, 0x00, 0x27, 0x4C, 0x00, 0x27, 0x4C, 0x00, 0x27, 0x4C, 
    0x00, 0x27, 0x4C, 0x00, 0x27, 0x4C, 0x00, 0x27, 0x4C, 0x00, 0x27, 0x4C, 
    0x00, 0x27, 0x4C, 0x00, 0x27, 0x4C, 0x00, 0x27, 0x4C, 0x00, 0x27, 0x4C, 
    0x00, 0x27, 0x4C, 0x00, 0x27, 0x4C, 0x00, 0x27, 0x4C, 0x00, 0x27, 0x4C, 
    0x00, 0x27, 0x4C, 0x00, 0x27, 0x4C, 0x00, 0x27, 0x4C, 0x00, 0x27, 0x4C, 
    0x00, 0x27, 0x4C, 0x00, 0x27, 0x4C, 0x00, 0x27, 0x4C, 0x00, 0x27, 0x4C, 
    0x00, 0x27, 0x4C, 0x00, 0x27, 0x4C, 0x00, 0x27, 0x4C, 0x00, 0x27, 0x4C, 
    0x04, 0x2A, 0x4B, 0x00, 0x1B, 0x51, 0x6A, 0x6B, 0x2F, 0xFF, 0xD7, 0x00, 
    0xFB, 0xC8, 0x06, 0xFF, 0xCB, 0x05, 0xFF, 0xCB, 0x05, 0xFF, 0xCB, 0x05, 
    0xFF, 0xCB, 0x05, 0xFF, 0xCB, 0x05, 0xFF, 0xCB, 0x05, 0xFF, 0xCB, 0x05, 
    0xFF, 0xCB, 0x05, 0xFF, 0xCB, 0x05, 0xFF, 0xCB, 0x05, 0xFF, 0xCB, 0x05, 
    0xFF, 0xCB, 0x05, 0xFF, 0xCB, 0x05, 0xFF, 0xCB, 0x05, 0xFF, 0xCB, 0x05, 
    0xFF, 0xCB, 0x05, 0xFF, 0xCB, 0x05, 0xFF, 0xCB, 0x05, 0xFF, 0xCB, 0x05, 
    0xFF, 0xCB, 0x05, 0xFF, 0xCB, 0x05, 0xFF, 0xCB, 0x05, 0xFF, 0xCB, 0x05, 
    0xFF, 0xCB, 0x05, 0xFF, 0xCB, 0x05, 0xFF, 0xCB, 0x05, 0xFF, 0xCB, 0x05, 
    0xFF, 0xCB, 0x05, 0xFF, 0xCB, 0x05, 0xFF, 0xCB, 0x05, 0xFF, 0xCB, 0x05, 
    0xFF, 0xCB, 0x05, 0xFF, 0xCB, 0x05, 0xFF, 0xCB, 0x05, 0xFD, 0xCA, 0x06, 
    0xFF, 0xCE, 0x04, 0xFF, 0xD0, 0x03, 0x21, 0x3B, 0x43, 0x01, 0x22, 0x4E, 
    0x02, 0x28, 0x4C, 0x00, 0x27, 0x4C, 0x00, 0x27, 0x4C, 0x00, 0x27, 0x4C, 
    0x00, 0x27, 0x4C, 0x00, 0x27, 0x4C, 0x00, 0x27, 0x4C, 0x00, 0x27, 0x4C, 
    0x00, 0x27, 0x4C, 0x00, 0x27, 0x4C, 0x00, 0x27, 0x4C, 0x02, 0x28, 0x4B, 
    0x01, 0x22, 0x4E, 0x22, 0x3B, 0x42, 0xFF, 0xD0, 0x02, 0xFF, 0xCE, 0x04, 
    0xFD, 0xC9, 0x05, 0xFF, 0xCB, 0x05, 0xFF, 0xCB, 0x05, 0xFF, 0xCB, 0x05, 
    0xFF, 0xCB, 0x05, 0xFF, 0xCB, 0x05, 0xFF, 0xCB, 0x05, 0xFF, 0xCB, 0x05, 
    0xFF, 0xCB, 0x05, 0xFF, 0xCB, 0x05, 0xFF, 0xCB, 0x05, 0xFF, 0xCB, 0x05, 
    0xFF, 0xCB, 0x05, 0xFF, 0xCB, 0x05, 0xFF, 0xCB, 0x05, 0xFF, 0xCB, 0x05, 
    0xFF, 0xCB, 0x05, 0xFF, 0xCB, 0x05, 0xFF, 0xCB, 0x05, 0xFF, 0xCB, 0x05, 
    0xFF, 0xCB, 0x05, 0xFF, 0xCB, 0x05, 0xFF, 0xCB, 0x05, 0xFF, 0xCB, 0x05, 
    0xFF, 0xCB, 0x05, 0xFF, 0xCB, 0x05, 0xFF, 0xCB, 0x05, 0xFF, 0xCB, 0x05, 
    0xFF, 0xCB, 0x05, 0xFF, 0xCB, 0x05, 0xFF, 0xCB, 0x05, 0xFF, 0xCB, 0x05, 
    0xFF, 0xCB, 0x05, 0xFF, 0xCB, 0x05, 0xFF, 0xCB, 0x05, 0xFB, 0xC8, 0x06, 
    0xFF, 0xD7, 0x00, 0x65, 0x68, 0x30, 0x00, 0x1B, 0x51, 0x04, 0x2A, 0x4B, 
    0x00, 0x27, 0x4C, 0x00, 0x27, 0x4C, 0x00, 0x27, 0x4C, 0x00, 0x27, 0x4C, 
    0x00, 0x27, 0x4C, 0x00, 0x27, 0x4C, 0x02, 0x28, 0x4D, 0x00, 0x1F, 0x45, 
    0x29, 0x4A, 0x69, 0x3C, 0x5A, 0x76, 0x00, 0x1D, 0x43, 0x02, 0x29, 0x4E, 
    0x00, 0x27, 0x4C, 0x00, 0x27, 0x4C, 0x00, 0x27, 0x4C, 0x00, 0x27, 0x4C, 
    0x00, 0x27, 0x4C, 0x00, 0x27, 0x4C, 0x00, 0x27, 0x4C, 0x00, 0x27, 0x4C, 
    0x00, 0x27, 0x4C, 0x00, 0x27, 0x4C, 0x00, 0x27, 0x4C, 0x00, 0x27, 0x4C, 
    0x00, 0x27, 0x4C, 0x00, 0x27, 0x4C, 0x00, 0x27, 0x4C, 0x00, 0x27, 0x4C, 
    0x00, 0x27, 0x4C, 0x00, 0x27, 0x4C, 0x00, 0x27, 0x4C, 0x00, 0x27, 0x4C, 
    0x00, 0x27, 0x4C, 0x00, 0x27, 0x4C, 0x00, 0x26, 0x4C, 0x15, 0x3C, 0x5F, 
    0x21, 0x43, 0x63, 0x21, 0x42, 0x63, 0x21, 0x43, 0x63, 0x21, 0x43, 0x63, 
    0x21, 0x43, 0x63, 0x21, 0x43, 0x63, 0x21, 0x43, 0x63, 0x21, 0x43, 0x63, 
    0x21, 0x43, 0x63, 0x21, 0x43, 0x63, 0x21, 0x43, 0x63, 0x21, 0x43, 0x63, 
    0x21, 0x43, 0x63, 0x21, 0x43, 0x63, 0x21, 0x43, 0x63, 0x21, 0x43, 0x63, 
    0x21, 0x43, 0x63, 0x21, 0x42, 0x63, 0x21, 0x43, 0x63, 0x18, 0x38, 0x58, 
    0x00, 0x25, 0x4A, 0x00, 0x27, 0x4C, 0x00, 0x27, 0x4C, 0x00, 0x27, 0x4C, 
    0x00, 0x27, 0x4C, 0x00, 0x27, 0x4C, 0x00, 0x27, 0x4C, 0x00, 0x26, 0x4D, 
    0x16, 0x3C, 0x5F, 0x21, 0x43, 0x63, 0x21, 0x43, 0x63, 0x21, 0x43, 0x63, 
    0x21, 0x43, 0x63, 0x21, 0x43, 0x63, 0x21, 0x43, 0x63, 0x21, 0x43, 0x63, 
    0x21, 0x43, 0x63, 0x21, 0x43, 0x63, 0x21, 0x43, 0x63, 0x21, 0x43, 0x63, 
    0x21, 0x43, 0x63, 0x21, 0x43, 0x63, 0x21, 0x43, 0x63, 0x21, 0x43, 0x63, 
    0x21, 0x43, 0x63, 0x21, 0x43, 0x63, 0x21, 0x42, 0x63, 0x21, 0x43, 0x63, 
    0x17, 0x38, 0x57, 0x00, 0x25, 0x4A, 0x00, 0x27, 0x4C, 0x00, 0x27, 0x4C, 
    0x00, 0x27, 0x4C, 0x00, 0x27, 0x4C, 0x00, 0x27, 0x4C, 0x00, 0x27, 0x4C, 
    0x00, 0x27, 0x4C, 0x00, 0x27, 0x4C, 0x00, 0x27, 0x4C, 0x00, 0x27, 0x4C, 
    0x00, 0x27, 0x4C, 0x00, 0x27, 0x4C, 0x00, 0x27, 0x4C, 0x00, 0x27, 0x4C, 
    0x03, 0x2A, 0x4F, 0x01, 0x27, 0x4B, 0x00, 0x1C, 0x42, 0x00, 0x19, 0x41, 
    0x02, 0x2A, 0x51, 0x26, 0x4C, 0x6D, 0x56, 0x72, 0x8D, 0x72, 0x8B, 0xA4, 
    0x99, 0xAA, 0xB9, 0xA9, 0xB6, 0xC5, 0xAF, 0xBB, 0xC7, 0xAF, 0xBB, 0xC7, 
    0xAC, 0xB8, 0xC1, 0xA1, 0xAF, 0xBC, 0x8B, 0x98, 0xA9, 0x6D, 0x7E, 0x94, 
    0x4D, 0x64, 0x7A, 0x21, 0x42, 0x5D, 0x00, 0x26, 0x48, 0x00, 0x18, 0x3F, 
    0x00, 0x23, 0x4A, 0x00, 0x28, 0x4C, 0x00, 0x27, 0x4C, 0x00, 0x27, 0x4C, 
    0x00, 0x27, 0x4C, 0x00, 0x27, 0x4C, 0x00, 0x27, 0x4C, 0x00, 0x27, 0x4C, 
    0x00, 0x27, 0x4C, 0x00, 0x27, 0x4C, 0x02, 0x29, 0x4E, 0x02, 0x29, 0x4D, 
    0x00, 0x1E, 0x43, 0x00, 0x18, 0x40, 0x03, 0x2A, 0x50, 0x28, 0x4A, 0x6F, 
    0x58, 0x73, 0x90, 0x75, 0x93, 0xA5, 0x9D, 0xAF, 0xBE, 0xAD, 0xB9, 0xC7, 
    0xAF, 0xBB, 0xC7, 0xAF, 0xBB, 0xC7, 0xA8, 0xB5, 0xC1, 0xA1, 0xAE, 0xB8, 
    0x89, 0x96, 0xA3, 0x66, 0x7D, 0x93, 0x48, 0x60, 0x76, 0x1B, 0x38, 0x57, 
    0x00, 0x1E, 0x44, 0x00, 0x24, 0x4B, 0x00, 0x28, 0x4C, 0x00, 0x27, 0x4C, 
    0x00, 0x27, 0x4C, 0x00, 0x27, 0x4C, 0x00, 0x27, 0x4C, 0x00, 0x27, 0x4C, 
    0x00, 0x27, 0x4C, 0x00, 0x27, 0x4C, 0x00, 0x27, 0x4C, 0x00, 0x27, 0x4C, 
    0x00, 0x27, 0x4C, 0x00, 0x27, 0x4C, 0x00, 0x27, 0x4C, 0x00, 0x27, 0x4C, 
    0x00, 0x27, 0x4C, 0x00, 0x27, 0x4C, 0x00, 0x27, 0x4C, 0x00, 0x27, 0x4C, 
    0x00, 0x27, 0x4C, 0x00, 0x27, 0x4C, 0x00, 0x27, 0x4C, 0x00, 0x27, 0x4C, 
    0x00, 0x27, 0x4C, 0x00, 0x27, 0x4C, 0x00, 0x27, 0x4C, 0x00, 0x27, 0x4C, 
    0x02, 0x2A, 0x4F, 0x01, 0x27, 0x4B, 0x00, 0x1B, 0x41, 0x00, 0x1A, 0x43, 
    0x0B, 0x30, 0x56, 0x33, 0x52, 0x77, 0x60, 0x7B, 0x94, 0x80, 0x9C, 0xAC, 
    0xA3, 0xB3, 0xC1, 0xAE, 0xBA, 0xC7, 0xAF, 0xBB, 0xC7, 0xAE, 0xBA, 0xC6, 
    0xA6, 0xB3, 0xBF, 0x9E, 0xAB, 0xB4, 0x80, 0x8F, 0x9E, 0x61, 0x79, 0x8F, 
    0x3C, 0x56, 0x6E, 0x12, 0x30, 0x51, 0x00, 0x1D, 0x44, 0x00, 0x27, 0x4C, 
    0x00, 0x27, 0x4C, 0x00, 0x27, 0x4C, 0x00, 0x27, 0x4C, 0x00, 0x27, 0x4C, 
    0x00, 0x27, 0x4C, 0x00, 0x27, 0x4C, 0x00, 0x27, 0x4C, 0x00, 0x27, 0x4C, 
    0x00, 0x27, 0x4C, 0x00, 0x27, 0x4C, 0x00, 0x27, 0x4C, 0x00, 0x27, 0x4C, 
    0x00, 0x27, 0x4C, 0x00, 0x27, 0x4C, 0x00, 0x27, 0x4C, 0x00, 0x27, 0x4C, 
    0x00, 0x27, 0x4C, 0x00, 0x27, 0x4C, 0x00, 0x27, 0x4C, 0x00, 0x27, 0x4C, 
    0x00, 0x27, 0x4C, 0x00, 0x27, 0x4C, 0x00, 0x27, 0x4C, 0x00, 0x27, 0x4C, 
    0x01, 0x28, 0x4D, 0x01, 0x23, 0x47, 0x0C, 0x37, 0x65, 0xD4, 0xEB, 0xF7, 
    0xFF, 0xFF, 0xFF, 0xFF, 0xFF, 0xFF, 0xFF, 0xFF, 0xFF, 0xFF, 0xFF, 0xF9, 
    0x55, 0x59, 0x66, 0x00, 0x1E, 0x47, 0x03, 0x29, 0x4D, 0x00, 0x27, 0x4C, 
    0x00, 0x27, 0x4C, 0x00, 0x27, 0x4C, 0x00, 0x27, 0x4C, 0x00, 0x27, 0x4C, 
    0x00, 0x27, 0x4C, 0x00, 0x27, 0x4C, 0x00, 0x27, 0x4C, 0x00, 0x27, 0x4C, 
    0x00, 0x27, 0x4C, 0x00, 0x27, 0x4C, 0x00, 0x27, 0x4C, 0x00, 0x27, 0x4C, 
    0x00, 0x27, 0x4C, 0x00, 0x27, 0x4C, 0x00, 0x27, 0x4C, 0x00, 0x27, 0x4C, 
    0x00, 0x27, 0x4C, 0x00, 0x27, 0x4C, 0x00, 0x27, 0x4C, 0x00, 0x27, 0x4C, 
    0x00, 0x27, 0x4C, 0x00, 0x27, 0x4C, 0x00, 0x27, 0x4C, 0x00, 0x27, 0x4C, 
    0x00, 0x27, 0x4C, 0x00, 0x27, 0x4C, 0x00, 0x27, 0x4C, 0x00, 0x27, 0x4C, 
    0x00, 0x27, 0x4C, 0x04, 0x2B, 0x4E, 0x00, 0x17, 0x45, 0x80, 0xA7, 0xC9, 
    0xFE, 0xFE, 0xFF, 0xF9, 0xF9, 0xFB, 0xFE, 0xFE, 0xFF, 0xF8, 0xEA, 0xE0, 
    0x22, 0x32, 0x4E, 0x00, 0x24, 0x4B, 0x02, 0x28, 0x4C, 0x00, 0x27, 0x4C, 
    0x00, 0x27, 0x4C, 0x00, 0x27, 0x4C, 0x00, 0x27, 0x4C, 0x00, 0x27, 0x4C, 
    0x00, 0x27, 0x4C, 0x00, 0x27, 0x4C, 0x00, 0x27, 0x4C, 0x00, 0x27, 0x4C, 
    0x00, 0x27, 0x4C, 0x00, 0x27, 0x4C, 0x00, 0x27, 0x4C, 0x00, 0x27, 0x4C, 
    0x00, 0x27, 0x4C, 0x00, 0x27, 0x4C, 0x00, 0x27, 0x4C, 0x00, 0x27, 0x4C, 
    0x00, 0x27, 0x4C, 0x00, 0x27, 0x4C, 0x00, 0x27, 0x4C, 0x00, 0x27, 0x4C, 
    0x00, 0x27, 0x4C, 0x00, 0x27, 0x4C, 0x00, 0x27, 0x4C, 0x00, 0x27, 0x4C, 
    0x00, 0x27, 0x4C, 0x00, 0x27, 0x4C, 0x00, 0x27, 0x4C, 0x00, 0x27, 0x4C, 
    0x00, 0x27, 0x4C, 0x00, 0x27, 0x4C, 0x00, 0x27, 0x4C, 0x00, 0x27, 0x4C, 
    0x00, 0x27, 0x4C, 0x00, 0x27, 0x4C, 0x00, 0x27, 0x4C, 0x00, 0x27, 0x4C, 
    0x00, 0x27, 0x4C, 0x00, 0x27, 0x4C, 0x00, 0x27, 0x4C, 0x00, 0x27, 0x4C, 
    0x00, 0x27, 0x4C, 0x00, 0x27, 0x4C, 0x00, 0x27, 0x4C, 0x00, 0x27, 0x4C, 
    0x00, 0x27, 0x4C, 0x00, 0x27, 0x4C, 0x00, 0x27, 0x4C, 0x00, 0x27, 0x4C, 
    0x00, 0x27, 0x4C, 0x00, 0x27, 0x4C, 0x00, 0x27, 0x4C, 0x00, 0x27, 0x4C, 
    0x00, 0x27, 0x4C, 0x00, 0x27, 0x4C, 0x00, 0x27, 0x4C, 0x00, 0x27, 0x4C, 
    0x00, 0x27, 0x4C, 0x00, 0x27, 0x4C, 0x00, 0x27, 0x4C, 0x00, 0x27, 0x4C, 
    0x00, 0x27, 0x4C, 0x00, 0x27, 0x4C, 0x00, 0x27, 0x4C, 0x00, 0x27, 0x4C, 
    0x00, 0x27, 0x4C, 0x00, 0x27, 0x4C, 0x00, 0x27, 0x4C, 0x00, 0x27, 0x4C, 
    0x00, 0x27, 0x4C, 0x00, 0x27, 0x4C, 0x00, 0x27, 0x4C, 0x00, 0x27, 0x4C, 
    0x00, 0x27, 0x4C, 0x00, 0x27, 0x4C, 0x00, 0x27, 0x4C, 0x00, 0x27, 0x4C, 
    0x00, 0x27, 0x4C, 0x00, 0x27, 0x4C, 0x00, 0x27, 0x4C, 0x00, 0x27, 0x4C, 
    0x00, 0x27, 0x4C, 0x00, 0x27, 0x4C, 0x00, 0x27, 0x4C, 0x00, 0x27, 0x4C, 
    0x00, 0x27, 0x4C, 0x00, 0x27, 0x4C, 0x00, 0x27, 0x4C, 0x00, 0x27, 0x4C, 
    0x00, 0x27, 0x4C, 0x00, 0x27, 0x4C, 0x00, 0x27, 0x4C, 0x00, 0x27, 0x4C, 
    0x00, 0x27, 0x4C, 0x00, 0x27, 0x4C, 0x00, 0x27, 0x4C, 0x00, 0x27, 0x4C, 
    0x00, 0x27, 0x4C, 0x00, 0x27, 0x4C, 0x00, 0x27, 0x4C, 0x00, 0x27, 0x4C, 
    0x00, 0x27, 0x4C, 0x00, 0x27, 0x4C, 0x00, 0x27, 0x4C, 0x00, 0x27, 0x4C, 
    0x00, 0x27, 0x4C, 0x00, 0x27, 0x4C, 0x00, 0x27, 0x4C, 0x00, 0x27, 0x4C, 
    0x04, 0x2A, 0x4B, 0x00, 0x1B, 0x51, 0x69, 0x6A, 0x2F, 0xFC, 0xD5, 0x01, 
    0xF8, 0xC6, 0x07, 0xFC, 0xC9, 0x06, 0xFC, 0xC9, 0x06, 0xFC, 0xC9, 0x06, 
    0xFC, 0xC9, 0x06, 0xFC, 0xC9, 0x05, 0xFF, 0xCB, 0x05, 0xFF, 0xCB, 0x05, 
    0xFF, 0xCB, 0x05, 0xFF, 0xCB, 0x05, 0xFF, 0xCB, 0x05, 0xFF, 0xCB, 0x05, 
    0xFF, 0xCB, 0x05, 0xFF, 0xCB, 0x05, 0xFF, 0xCB, 0x05, 0xFF, 0xCB, 0x05, 
    0xFF, 0xCB, 0x05, 0xFF, 0xCB, 0x05, 0xFF, 0xCB, 0x05, 0xFF, 0xCB, 0x05, 
    0xFF, 0xCB, 0x05, 0xFF, 0xCB, 0x05, 0xFF, 0xCB, 0x05, 0xFF, 0xCB, 0x05, 
    0xFF, 0xCB, 0x05, 0xFF, 0xCB, 0x05, 0xFF, 0xCB, 0x05, 0xFF, 0xCB, 0x05, 
    0xFF, 0xCB, 0x05, 0xFF, 0xCB, 0x05, 0xFF, 0xCB, 0x05, 0xFF, 0xCB, 0x05, 
    0xFF, 0xCB, 0x05, 0xFF, 0xCB, 0x05, 0xFF, 0xCB, 0x05, 0xFF, 0xCB, 0x05, 
    0xFB, 0xC8, 0x06, 0xFE, 0xD5, 0x01, 0x91, 0x84, 0x24, 0x00, 0x1B, 0x52, 
    0x04, 0x2A, 0x4A, 0x00, 0x27, 0x4C, 0x00, 0x27, 0x4C, 0x00, 0x27, 0x4C, 
    0x00, 0x27, 0x4C, 0x00, 0x27, 0x4C, 0x00, 0x27, 0x4C, 0x00, 0x27, 0x4C, 
    0x00, 0x27, 0x4C, 0x00, 0x27, 0x4C, 0x00, 0x27, 0x4C, 0x03, 0x2A, 0x4B, 
    0x00, 0x1C, 0x51, 0x94, 0x85, 0x23, 0xFE, 0xD5, 0x01, 0xFA, 0xC8, 0x06, 
    0xFF, 0xCB, 0x05, 0xFF, 0xCB, 0x05, 0xFF, 0xCB, 0x05, 0xFF, 0xCB, 0x05, 
    0xFF, 0xCB, 0x05, 0xFF, 0xCB, 0x05, 0xFF, 0xCB, 0x05, 0xFF, 0xCB, 0x05, 
    0xFF, 0xCB, 0x05, 0xFF, 0xCB, 0x05, 0xFF, 0xCB, 0x05, 0xFF, 0xCB, 0x05, 
    0xFF, 0xCB, 0x05, 0xFF, 0xCB, 0x05, 0xFF, 0xCB, 0x05, 0xFF, 0xCB, 0x05, 
    0xFF, 0xCB, 0x05, 0xFF, 0xCB, 0x05, 0xFF, 0xCB, 0x05, 0xFF, 0xCB, 0x05, 
    0xFF, 0xCB, 0x05, 0xFF, 0xCB, 0x05, 0xFF, 0xCB, 0x05, 0xFF, 0xCB, 0x05, 
    0xFF, 0xCB, 0x05, 0xFF, 0xCB, 0x05, 0xFF, 0xCB, 0x05, 0xFF, 0xCB, 0x05, 
    0xFF, 0xCB, 0x05, 0xFF, 0xCB, 0x05, 0xFC, 0xC9, 0x05, 0xFC, 0xC9, 0x06, 
    0xFC, 0xC9, 0x06, 0xFC, 0xC9, 0x06, 0xFC, 0xC9, 0x06, 0xF8, 0xC6, 0x07, 
    0xFC, 0xD5, 0x01, 0x64, 0x67, 0x30, 0x00, 0x1B, 0x51, 0x04, 0x2A, 0x4B, 
    0x00, 0x27, 0x4C, 0x00, 0x27, 0x4C, 0x00, 0x27, 0x4C, 0x00, 0x27, 0x4C, 
    0x00, 0x27, 0x4C, 0x00, 0x27, 0x4C, 0x02, 0x28, 0x4D, 0x00, 0x1F, 0x45, 
    0x29, 0x4A, 0x69, 0x3C, 0x5A, 0x76, 0x00, 0x1D, 0x43, 0x02, 0x29, 0x4E, 
    0x00, 0x27, 0x4C, 0x00, 0x27, 0x4C, 0x00, 0x27, 0x4C, 0x00, 0x27, 0x4C, 
    0x00, 0x27, 0x4C, 0x00, 0x27, 0x4C, 0x00, 0x27, 0x4C, 0x00, 0x27, 0x4C, 
    0x00, 0x27, 0x4C, 0x00, 0x27, 0x4C, 0x00, 0x27, 0x4C, 0x00, 0x27, 0x4C, 
    0x00, 0x27, 0x4C, 0x00, 0x27, 0x4C, 0x00, 0x27, 0x4C, 0x00, 0x27, 0x4C, 
    0x00, 0x27, 0x4C, 0x00, 0x27, 0x4C, 0x00, 0x27, 0x4C, 0x00, 0x27, 0x4C, 
    0x00, 0x27, 0x4C, 0x03, 0x29, 0x4B, 0x00, 0x1C, 0x4D, 0xA2, 0xC4, 0xDE, 
    0xFC, 0xFD, 0xFD, 0xF9, 0xFA, 0xFB, 0xFC, 0xFD, 0xFD, 0xFC, 0xFD, 0xFD, 
    0xFC, 0xFD, 0xFD, 0xFC, 0xFD, 0xFD, 0xFC, 0xFD, 0xFD, 0xFC, 0xFD, 0xFD, 
    0xFC, 0xFD, 0xFD, 0xFC, 0xFD, 0xFD, 0xFC, 0xFD, 0xFD, 0xFC, 0xFD, 0xFD, 
    0xFC, 0xFD, 0xFD, 0xFC, 0xFD, 0xFD, 0xFC, 0xFD, 0xFD, 0xFC, 0xFD, 0xFD, 
    0xFC, 0xFD, 0xFD, 0xF9, 0xFA, 0xFA, 0xFC, 0xFD, 0xFD, 0xB9, 0xAC, 0xA7, 
    0x00, 0x19, 0x40, 0x02, 0x2A, 0x4F, 0x00, 0x27, 0x4C, 0x00, 0x27, 0x4C, 
    0x00, 0x27, 0x4C, 0x00, 0x27, 0x4D, 0x03, 0x29, 0x4B, 0x00, 0x1E, 0x50, 
    0xA9, 0xCA, 0xE1, 0xFC, 0xFD, 0xFD, 0xF9, 0xFB, 0xFC, 0xFC, 0xFD, 0xFD, 
    0xFC, 0xFD, 0xFD, 0xFC, 0xFD, 0xFD, 0xFC, 0xFD, 0xFD, 0xFC, 0xFD, 0xFD, 
    0xFC, 0xFD, 0xFD, 0xFC, 0xFD, 0xFD, 0xFC, 0xFD, 0xFD, 0xFC, 0xFD, 0xFD, 
    0xFC, 0xFD, 0xFD, 0xFC, 0xFD, 0xFD, 0xFC, 0xFD, 0xFD, 0xFC, 0xFD, 0xFD, 
    0xFC, 0xFD, 0xFD, 0xFC, 0xFD, 0xFD, 0xF9, 0xFA, 0xFA, 0xFC, 0xFD, 0xFD, 
    0xB2, 0xA6, 0xA2, 0x00, 0x18, 0x40, 0x02, 0x2A, 0x4F, 0x00, 0x27, 0x4C, 
    0x00, 0x27, 0x4C, 0x00, 0x27, 0x4C, 0x00, 0x27, 0x4C, 0x00, 0x27, 0x4C, 
    0x00, 0x27, 0x4C, 0x00, 0x27, 0x4C, 0x00, 0x27, 0x4C, 0x00, 0x27, 0x4C, 
    0x00, 0x27, 0x4C, 0x00, 0x27, 0x4C, 0x02, 0x29, 0x4E, 0x02, 0x27, 0x4B, 
    0x00, 0x1A, 0x40, 0x00, 0x26, 0x4E, 0x3B, 0x5F, 0x81, 0x93, 0xA8, 0xBB, 
    0xD5, 0xDF, 0xE7, 0xFC, 0xFF, 0xFF, 0xFF, 0xFF, 0xFF, 0xFF, 0xFF, 0xFF, 
    0xFF, 0xFF, 0xFF, 0xFF, 0xFF, 0xFF, 0xFF, 0xFF, 0xFF, 0xFF, 0xFF, 0xFF, 
    0xFF, 0xFF, 0xFF, 0xFF, 0xFF, 0xFF, 0xFF, 0xFF, 0xFF, 0xFF, 0xFF, 0xFF, 
    0xFF, 0xFF, 0xFF, 0xF9, 0xF9, 0xF7, 0xD2, 0xD7, 0xD5, 0x91, 0x96, 0xA1, 
    0x29, 0x39, 0x55, 0x01, 0x24, 0x4A, 0x01, 0x28, 0x4D, 0x00, 0x27, 0x4C, 
    0x00, 0x27, 0x4C, 0x00, 0x27, 0x4C, 0x00, 0x27, 0x4C, 0x00, 0x27, 0x4C, 
    0x00, 0x27, 0x4C, 0x03, 0x2A, 0x4F, 0x00, 0x20, 0x44, 0x00, 0x1C, 0x47, 
    0x2C, 0x50, 0x7A, 0x88, 0x9F, 0xB8, 0xD6, 0xDE, 0xE7, 0xFD, 0xFE, 0xFF, 
    0xFF, 0xFF, 0xFF, 0xFF, 0xFF, 0xFF, 0xFF, 0xFF, 0xFF, 0xFF, 0xFF, 0xFF, 
    0xFF, 0xFF, 0xFF, 0xFF, 0xFF, 0xFF, 0xFF, 0xFF, 0xFF, 0xFF, 0xFF, 0xFF, 
    0xFF, 0xFF, 0xFF, 0xFF, 0xFF, 0xFF, 0xFF, 0xFF, 0xFF, 0xF3, 0xF1, 0xF0, 
    0xBC, 0xBA, 0xB9, 0x19, 0x32, 0x4F, 0x00, 0x25, 0x4C, 0x01, 0x28, 0x4D, 
    0x00, 0x27, 0x4C, 0x00, 0x27, 0x4C, 0x00, 0x27, 0x4C, 0x00, 0x27, 0x4C, 
    0x00, 0x27, 0x4C, 0x00, 0x27, 0x4C, 0x00, 0x27, 0x4C, 0x00, 0x27, 0x4C, 
    0x00, 0x27, 0x4C, 0x00, 0x27, 0x4C, 0x00, 0x27, 0x4C, 0x00, 0x27, 0x4C, 
    0x00, 0x27, 0x4C, 0x00, 0x27, 0x4C, 0x00, 0x27, 0x4C, 0x00, 0x27, 0x4C, 
    0x00, 0x27, 0x4C, 0x00, 0x27, 0x4C, 0x00, 0x27, 0x4C, 0x00, 0x27, 0x4C, 
    0x00, 0x27, 0x4C, 0x00, 0x27, 0x4C, 0x00, 0x27, 0x4D, 0x03, 0x2A, 0x4E, 
    0x00, 0x1C, 0x41, 0x00, 0x24, 0x4F, 0x43, 0x63, 0x8A, 0x9E, 0xB1, 0xC4, 
    0xE0, 0xE7, 0xEE, 0xFF, 0xFF, 0xFF, 0xFF, 0xFF, 0xFF, 0xFF, 0xFF, 0xFF, 
    0xFF, 0xFF, 0xFF, 0xFF, 0xFF, 0xFF, 0xFF, 0xFF, 0xFF, 0xFF, 0xFF, 0xFF, 
    0xFF, 0xFF, 0xFF, 0xFF, 0xFF, 0xFF, 0xFF, 0xFF, 0xFF, 0xFF, 0xFF, 0xFF, 
    0xFF, 0xFF, 0xFF, 0xEA, 0xE7, 0xE8, 0x9C, 0x99, 0x9D, 0x03, 0x23, 0x46, 
    0x01, 0x28, 0x4D, 0x01, 0x27, 0x4C, 0x00, 0x27, 0x4C, 0x00, 0x27, 0x4C, 
    0x00, 0x27, 0x4C, 0x00, 0x27, 0x4C, 0x00, 0x27, 0x4C, 0x00, 0x27, 0x4C, 
    0x00, 0x27, 0x4C, 0x00, 0x27, 0x4C, 0x00, 0x27, 0x4C, 0x01, 0x28, 0x4D, 
    0x03, 0x2A, 0x4F, 0x03, 0x2A, 0x4E, 0x00, 0x27, 0x4C, 0x00, 0x27, 0x4C, 
    0x00, 0x27, 0x4C, 0x00, 0x27, 0x4C, 0x00, 0x27, 0x4C, 0x00, 0x27, 0x4C, 
    0x00, 0x27, 0x4C, 0x00, 0x27, 0x4C, 0x00, 0x27, 0x4C, 0x00, 0x27, 0x4C, 
    0x03, 0x2A, 0x4F, 0x00, 0x19, 0x3F, 0x44, 0x75, 0x9F, 0xFF, 0xFF, 0xFF, 
    0xFA, 0xFA, 0xFA, 0xFD, 0xFE, 0xFE, 0xF9, 0xF9, 0xFA, 0xFC, 0xFD, 0xFF, 
    0xB3, 0xA6, 0xA1, 0x00, 0x18, 0x3F, 0x02, 0x2A, 0x4F, 0x00, 0x27, 0x4C, 
    0x00, 0x27, 0x4C, 0x00, 0x27, 0x4C, 0x00, 0x27, 0x4C, 0x00, 0x27, 0x4C, 
    0x00, 0x27, 0x4C, 0x00, 0x27, 0x4C, 0x00, 0x27, 0x4C, 0x00, 0x27, 0x4C, 
    0x00, 0x27, 0x4C, 0x00, 0x27, 0x4C, 0x00, 0x27, 0x4C, 0x00, 0x27, 0x4C, 
    0x00, 0x27, 0x4C, 0x00, 0x27, 0x4C, 0x00, 0x27, 0x4C, 0x00, 0x27, 0x4C, 
    0x00, 0x27, 0x4C, 0x00, 0x27, 0x4C, 0x00, 0x27, 0x4C, 0x00, 0x27, 0x4C, 
    0x00, 0x27, 0x4C, 0x00, 0x27, 0x4C, 0x00, 0x27, 0x4C, 0x00, 0x27, 0x4C, 
    0x00, 0x27, 0x4C, 0x00, 0x27, 0x4C, 0x00, 0x27, 0x4C, 0x00, 0x27, 0x4C, 
    0x00, 0x27, 0x4C, 0x04, 0x2B, 0x4E, 0x00, 0x17, 0x45, 0x80, 0xA7, 0xC9, 
    0xFF, 0xFF, 0xFF, 0xFA, 0xFA, 0xFB, 0xFF, 0xFF, 0xFF, 0xF9, 0xEB, 0xE0, 
    0x22, 0x32, 0x4E, 0x00, 0x24, 0x4B, 0x02, 0x28, 0x4C, 0x00, 0x27, 0x4C, 
    0x00, 0x27, 0x4C, 0x00, 0x27, 0x4C, 0x00, 0x27, 0x4C, 0x00, 0x27, 0x4C, 
    0x00, 0x27, 0x4C, 0x00, 0x27, 0x4C, 0x00, 0x27, 0x4C, 0x00, 0x27, 0x4C, 
    0x00, 0x27, 0x4C, 0x00, 0x27, 0x4C, 0x00, 0x27, 0x4C, 0x00, 0x27, 0x4C, 
    0x00, 0x27, 0x4C, 0x00, 0x27, 0x4C, 0x00, 0x27, 0x4C, 0x00, 0x27, 0x4C, 
    0x00, 0x27, 0x4C, 0x00, 0x27, 0x4C, 0x00, 0x27, 0x4C, 0x00, 0x27, 0x4C, 
    0x00, 0x27, 0x4C, 0x00, 0x27, 0x4C, 0x00, 0x27, 0x4C, 0x00, 0x27, 0x4C, 
    0x00, 0x27, 0x4C, 0x00, 0x27, 0x4C, 0x00, 0x27, 0x4C, 0x00, 0x27, 0x4C, 
    0x00, 0x27, 0x4C, 0x00, 0x27, 0x4C, 0x00, 0x27, 0x4C, 0x00, 0x27, 0x4C, 
    0x00, 0x27, 0x4C, 0x00, 0x27, 0x4C, 0x00, 0x27, 0x4C, 0x00, 0x27, 0x4C, 
    0x00, 0x27, 0x4C, 0x00, 0x27, 0x4C, 0x00, 0x27, 0x4C, 0x00, 0x27, 0x4C, 
    0x00, 0x27, 0x4C, 0x00, 0x27, 0x4C, 0x00, 0x27, 0x4C, 0x00, 0x27, 0x4C, 
    0x00, 0x27, 0x4C, 0x00, 0x27, 0x4C, 0x00, 0x27, 0x4C, 0x00, 0x27, 0x4C, 
    0x00, 0x27, 0x4C, 0x00, 0x27, 0x4C, 0x00, 0x27, 0x4C, 0x00, 0x27, 0x4C, 
    0x00, 0x27, 0x4C, 0x00, 0x27, 0x4C, 0x00, 0x27, 0x4C, 0x00, 0x27, 0x4C, 
    0x00, 0x27, 0x4C, 0x00, 0x27, 0x4C, 0x00, 0x27, 0x4C, 0x00, 0x27, 0x4C, 
    0x00, 0x27, 0x4C, 0x00, 0x27, 0x4C, 0x00, 0x27, 0x4C, 0x00, 0x27, 0x4C, 
    0x00, 0x27, 0x4C, 0x00, 0x27, 0x4C, 0x00, 0x27, 0x4C, 0x00, 0x27, 0x4C, 
    0x00, 0x27, 0x4C, 0x00, 0x27, 0x4C, 0x00, 0x27, 0x4C, 0x00, 0x27, 0x4C, 
    0x00, 0x27, 0x4C, 0x00, 0x27, 0x4C, 0x00, 0x27, 0x4C, 0x00, 0x27, 0x4C, 
    0x00, 0x27, 0x4C, 0x00, 0x27, 0x4C, 0x00, 0x27, 0x4C, 0x00, 0x27, 0x4C, 
    0x00, 0x27, 0x4C, 0x00, 0x27, 0x4C, 0x00, 0x27, 0x4C, 0x00, 0x27, 0x4C, 
    0x00, 0x27, 0x4C, 0x00, 0x27, 0x4C, 0x00, 0x27, 0x4C, 0x00, 0x27, 0x4C, 
    0x00, 0x27, 0x4C, 0x00, 0x27, 0x4C, 0x00, 0x27, 0x4C, 0x00, 0x27, 0x4C, 
    0x00, 0x27, 0x4C, 0x00, 0x27, 0x4C, 0x00, 0x27, 0x4C, 0x00, 0x27, 0x4C, 
    0x00, 0x27, 0x4C, 0x00, 0x27, 0x4C, 0x00, 0x27, 0x4C, 0x00, 0x27, 0x4C, 
    0x00, 0x27, 0x4C, 0x00, 0x27, 0x4C, 0x00, 0x27, 0x4C, 0x00, 0x27, 0x4C, 
    0x00, 0x27, 0x4C, 0x00, 0x27, 0x4C, 0x00, 0x27, 0x4C, 0x00, 0x27, 0x4C, 
    0x04, 0x2A, 0x4B, 0x00, 0x1A, 0x51, 0x70, 0x6F, 0x2E, 0xFF, 0xE2, 0x00, 
    0xFF, 0xD2, 0x03, 0xFF, 0xD5, 0x02, 0xFF, 0xD5, 0x02, 0xFF, 0xD5, 0x02, 
    0xFF, 0xD5, 0x02, 0xFF, 0xD3, 0x03, 0xFF, 0xCB, 0x05, 0xFF, 0xCB, 0x05, 
    0xFF, 0xCB, 0x05, 0xFF, 0xCB, 0x05, 0xFF, 0xCB, 0x05, 0xFF, 0xCB, 0x05, 
    0xFF, 0xCB, 0x05, 0xFF, 0xCB, 0x05, 0xFF, 0xCB, 0x05, 0xFF, 0xCB, 0x05, 
    0xFF, 0xCB, 0x05, 0xFF, 0xCB, 0x05, 0xFF, 0xCB, 0x05, 0xFF, 0xCB, 0x05, 
    0xFF, 0xCB, 0x05, 0xFF, 0xCB, 0x05, 0xFF, 0xCB, 0x05, 0xFF, 0xCB, 0x05, 
    0xFF, 0xCB, 0x05, 0xFF, 0xCB, 0x05, 0xFF, 0xCB, 0x05, 0xFF, 0xCB, 0x05, 
    0xFF, 0xCB, 0x05, 0xFF, 0xCB, 0x05, 0xFF, 0xCB, 0x05, 0xFF, 0xCB, 0x05, 
    0xFF, 0xCB, 0x05, 0xFF, 0xCB, 0x05, 0xFF, 0xCB, 0x05, 0xFF, 0xCB, 0x05, 
    0xFD, 0xCA, 0x05, 0xFE, 0xD0, 0x04, 0xDF, 0xB6, 0x09, 0x0D, 0x29, 0x42, 
    0x03, 0x27, 0x4E, 0x02, 0x29, 0x4B, 0x00, 0x27, 0x4C, 0x00, 0x27, 0x4C, 
    0x00, 0x27, 0x4C, 0x00, 0x27, 0x4C, 0x00, 0x27, 0x4C, 0x00, 0x27, 0x4C, 
    0x00, 0x27, 0x4C, 0x00, 0x27, 0x4C, 0x02, 0x28, 0x4B, 0x03, 0x26, 0x4D, 
    0x09, 0x26, 0x47, 0xDD, 0xB4, 0x09, 0xFE, 0xD1, 0x04, 0xFD, 0xCA, 0x05, 
    0xFF, 0xCB, 0x05, 0xFF, 0xCB, 0x05, 0xFF, 0xCB, 0x05, 0xFF, 0xCB, 0x05, 
    0xFF, 0xCB, 0x05, 0xFF, 0xCB, 0x05, 0xFF, 0xCB, 0x05, 0xFF, 0xCB, 0x05, 
    0xFF, 0xCB, 0x05, 0xFF, 0xCB, 0x05, 0xFF, 0xCB, 0x05, 0xFF, 0xCB, 0x05, 
    0xFF, 0xCB, 0x05, 0xFF, 0xCB, 0x05, 0xFF, 0xCB, 0x05, 0xFF, 0xCB, 0x05, 
    0xFF, 0xCB, 0x05, 0xFF, 0xCB, 0x05, 0xFF, 0xCB, 0x05, 0xFF, 0xCB, 0x05, 
    0xFF, 0xCB, 0x05, 0xFF, 0xCB, 0x05, 0xFF, 0xCB, 0x05, 0xFF, 0xCB, 0x05, 
    0xFF, 0xCB, 0x05, 0xFF, 0xCB, 0x05, 0xFF, 0xCB, 0x05, 0xFF, 0xCB, 0x05, 
    0xFF, 0xCB, 0x05, 0xFF, 0xCB, 0x05, 0xFF, 0xD3, 0x03, 0xFF, 0xD5, 0x02, 
    0xFF, 0xD5, 0x02, 0xFF, 0xD5, 0x02, 0xFF, 0xD5, 0x02, 0xFF, 0xD2, 0x03, 
    0xFF, 0xE2, 0x00, 0x6B, 0x6C, 0x2F, 0x00, 0x1A, 0x51, 0x04, 0x2A, 0x4B, 
    0x00, 0x27, 0x4C, 0x00, 0x27, 0x4C, 0x00, 0x27, 0x4C, 0x00, 0x27, 0x4C, 
    0x00, 0x27, 0x4C, 0x00, 0x27, 0x4C, 0x02, 0x28, 0x4D, 0x00, 0x1F, 0x45, 
    0x29, 0x4A, 0x69, 0x3C, 0x5A, 0x76, 0x00, 0x1D, 0x43, 0x02, 0x29, 0x4E, 
    0x00, 0x27, 0x4C, 0x00, 0x27, 0x4C, 0x00, 0x27, 0x4C, 0x00, 0x27, 0x4C, 
    0x00, 0x27, 0x4C, 0x00, 0x27, 0x4C, 0x00, 0x27, 0x4C, 0x00, 0x27, 0x4C, 
    0x00, 0x27, 0x4C, 0x00, 0x27, 0x4C, 0x00, 0x27, 0x4C, 0x00, 0x27, 0x4C, 
    0x00, 0x27, 0x4C, 0x00, 0x27, 0x4C, 0x00, 0x27, 0x4C, 0x00, 0x27, 0x4C, 
    0x00, 0x27, 0x4C, 0x00, 0x27, 0x4C, 0x00, 0x27, 0x4C, 0x00, 0x27, 0x4C, 
    0x00, 0x27, 0x4C, 0x03, 0x29, 0x4B, 0x00, 0x1C, 0x4D, 0xA5, 0xC7, 0xE1, 
    0xFF, 0xFF, 0xFF, 0xFD, 0xFD, 0xFE, 0xFF, 0xFF, 0xFF, 0xFF, 0xFF, 0xFF, 
    0xFD, 0xFD, 0xFE, 0xFD, 0xFD, 0xFE, 0xFD, 0xFD, 0xFE, 0xFD, 0xFD, 0xFE, 
    0xFD, 0xFD, 0xFE, 0xFD, 0xFD, 0xFE, 0xFD, 0xFD, 0xFE, 0xFD, 0xFD, 0xFE, 
    0xFD, 0xFD, 0xFE, 0xFD, 0xFD, 0xFE, 0xFD, 0xFD, 0xFE, 0xFD, 0xFD, 0xFE, 
    0xFD, 0xFD, 0xFE, 0xFA, 0xFA, 0xFB, 0xFD, 0xFD, 0xFE, 0xBA, 0xAC, 0xA7, 
    0x00, 0x19, 0x40, 0x02, 0x2A, 0x4F, 0x00, 0x27, 0x4C, 0x00, 0x27, 0x4C, 
    0x00, 0x27, 0x4C, 0x00, 0x27, 0x4D, 0x03, 0x29, 0x4B, 0x00, 0x1E, 0x50, 
    0xAC, 0xCD, 0xE4, 0xFF, 0xFF, 0xFF, 0xFD, 0xFE, 0xFF, 0xFF, 0xFF, 0xFF, 
    0xFF, 0xFF, 0xFF, 0xFD, 0xFD, 0xFE, 0xFD, 0xFD, 0xFE, 0xFD, 0xFD, 0xFE, 
    0xFD, 0xFD, 0xFE, 0xFD, 0xFD, 0xFE, 0xFD, 0xFD, 0xFE, 0xFD, 0xFD, 0xFE, 
    0xFD, 0xFD, 0xFE, 0xFD, 0xFD, 0xFE, 0xFD, 0xFD, 0xFE, 0xFD, 0xFD, 0xFE, 
    0xFD, 0xFD, 0xFE, 0xFD, 0xFD, 0xFE, 0xFA, 0xFA, 0xFB, 0xFD, 0xFD, 0xFE, 
    0xB3, 0xA6, 0xA2, 0x00, 0x18, 0x40, 0x02, 0x2A, 0x4F, 0x00, 0x27, 0x4C, 
    0x00, 0x27, 0x4C, 0x00, 0x27, 0x4C, 0x00, 0x27, 0x4C, 0x00, 0x27, 0x4C, 
    0x00, 0x27, 0x4C, 0x00, 0x27, 0x4C, 0x00, 0x27, 0x4C, 0x00, 0x27, 0x4C, 
    0x00, 0x27, 0x4C, 0x03, 0x2B, 0x4F, 0x00, 0x1D, 0x42, 0x00, 0x25, 0x4D, 
    0x55, 0x75, 0x94, 0xC4, 0xD3, 0xE0, 0xFF, 0xFF, 0xFF, 0xFF, 0xFF, 0xFF, 
    0xFF, 0xFF, 0xFF, 0xFE, 0xFE, 0xFD, 0xF8, 0xF9, 0xFA, 0xF7, 0xF8, 0xFA, 
    0xF9, 0xFA, 0xFB, 0xFA, 0xFB, 0xFC, 0xFB, 0xFC, 0xFC, 0xFB, 0xFC, 0xFC, 
    0xFA, 0xFB, 0xFC, 0xF9, 0xFA, 0xFB, 0xF7, 0xF8, 0xF9, 0xF7, 0xF8, 0xFA, 
    0xFA, 0xFB, 0xFC, 0xFF, 0xFF, 0xFF, 0xFF, 0xFF, 0xFF, 0xFF, 0xFF, 0xFF, 
    0x75, 0x71, 0x73, 0x00, 0x1A, 0x44, 0x04, 0x2A, 0x4E, 0x00, 0x27, 0x4C, 
    0x00, 0x27, 0x4C, 0x00, 0x27, 0x4C, 0x00, 0x27, 0x4C, 0x00, 0x27, 0x4C, 
    0x03, 0x2A, 0x4E, 0x00, 0x1A, 0x41, 0x1F, 0x48, 0x6F, 0xA0, 0xB7, 0xCD, 
    0xFA, 0xFE, 0xFF, 0xFF, 0xFF, 0xFF, 0xFF, 0xFF, 0xFF, 0xFE, 0xFD, 0xFD, 
    0xF8, 0xF9, 0xF9, 0xF7, 0xF9, 0xFA, 0xFA, 0xFB, 0xFC, 0xFB, 0xFC, 0xFC, 
    0xFB, 0xFC, 0xFC, 0xFB, 0xFB, 0xFC, 0xF9, 0xFA, 0xFB, 0xF7, 0xF9, 0xFA, 
    0xF7, 0xF8, 0xFA, 0xF8, 0xF9, 0xFA, 0xFC, 0xFC, 0xFD, 0xFF, 0xFF, 0xFF, 
    0xFF, 0xFF, 0xF5, 0x32, 0x44, 0x57, 0x00, 0x20, 0x4A, 0x02, 0x28, 0x4D, 
    0x00, 0x27, 0x4C, 0x00, 0x27, 0x4C, 0x00, 0x27, 0x4C, 0x00, 0x27, 0x4C, 
    0x00, 0x27, 0x4C, 0x00, 0x27, 0x4C, 0x00, 0x27, 0x4C, 0x00, 0x27, 0x4C, 
    0x00, 0x27, 0x4C, 0x00, 0x27, 0x4C, 0x00, 0x27, 0x4C, 0x00, 0x27, 0x4C, 
    0x00, 0x27, 0x4C, 0x00, 0x27, 0x4C, 0x00, 0x27, 0x4C, 0x00, 0x27, 0x4C, 
    0x00, 0x27, 0x4C, 0x00, 0x27, 0x4C, 0x00, 0x27, 0x4C, 0x00, 0x27, 0x4C, 
    0x00, 0x27, 0x4C, 0x00, 0x28, 0x4D, 0x02, 0x28, 0x4B, 0x00, 0x1A, 0x43, 
    0x3A, 0x61, 0x86, 0xBC, 0xCE, 0xE0, 0xFF, 0xFF, 0xFF, 0xFF, 0xFF, 0xFF, 
    0xFF, 0xFF, 0xFF, 0xFC, 0xFC, 0xFC, 0xF7, 0xF8, 0xF9, 0xF8, 0xF9, 0xFB, 
    0xFA, 0xFB, 0xFC, 0xFB, 0xFC, 0xFC, 0xFB, 0xFC, 0xFC, 0xFB, 0xFB, 0xFC, 
    0xF9, 0xFA, 0xFB, 0xF7, 0xF8, 0xF9, 0xF7, 0xF8, 0xFA, 0xF9, 0xFA, 0xFB, 
    0xFB, 0xFC, 0xFD, 0xFF, 0xFF, 0xFF, 0xF0, 0xE0, 0xD3, 0x06, 0x26, 0x45, 
    0x00, 0x27, 0x4D, 0x01, 0x27, 0x4C, 0x00, 0x27, 0x4C, 0x00, 0x27, 0x4C, 
    0x00, 0x27, 0x4C, 0x00, 0x27, 0x4C, 0x00, 0x27, 0x4C, 0x00, 0x27, 0x4C, 
    0x00, 0x27, 0x4C, 0x02, 0x29, 0x4E, 0x02, 0x29, 0x4D, 0x00, 0x22, 0x48, 
    0x00, 0x1A, 0x41, 0x00, 0x1B, 0x43, 0x00, 0x27, 0x4C, 0x00, 0x27, 0x4C, 
    0x00, 0x27, 0x4C, 0x00, 0x27, 0x4C, 0x00, 0x27, 0x4C, 0x00, 0x27, 0x4C, 
    0x00, 0x27, 0x4C, 0x00, 0x27, 0x4C, 0x00, 0x27, 0x4C, 0x00, 0x27, 0x4C, 
    0x02, 0x2A, 0x4F, 0x00, 0x1C, 0x41, 0x2F, 0x61, 0x8D, 0xFF, 0xFF, 0xFF, 
    0xFE, 0xFC, 0xFB, 0xFA, 0xFB, 0xFC, 0xF8, 0xFA, 0xFC, 0xFF, 0xFF, 0xFF, 
    0x9B, 0x91, 0x90, 0x00, 0x18, 0x41, 0x03, 0x2A, 0x4F, 0x00, 0x27, 0x4C, 
    0x00, 0x27, 0x4C, 0x00, 0x27, 0x4C, 0x00, 0x27, 0x4C, 0x00, 0x27, 0x4C, 
    0x00, 0x27, 0x4C, 0x00, 0x27, 0x4C, 0x00, 0x27, 0x4C, 0x00, 0x27, 0x4C, 
    0x00, 0x27, 0x4C, 0x00, 0x27, 0x4C, 0x00, 0x27, 0x4C, 0x00, 0x27, 0x4C, 
    0x00, 0x27, 0x4C, 0x00, 0x27, 0x4C, 0x00, 0x27, 0x4C, 0x00, 0x27, 0x4C, 
    0x00, 0x27, 0x4C, 0x00, 0x27, 0x4C, 0x00, 0x27, 0x4C, 0x00, 0x27, 0x4C, 
    0x00, 0x27, 0x4C, 0x00, 0x27, 0x4C, 0x00, 0x27, 0x4C, 0x00, 0x27, 0x4C, 
    0x00, 0x27, 0x4C, 0x00, 0x27, 0x4C, 0x00, 0x27, 0x4C, 0x00, 0x27, 0x4C, 
    0x00, 0x27, 0x4C, 0x04, 0x2B, 0x4E, 0x00, 0x17, 0x45, 0x80, 0xA7, 0xC9, 
    0xFF, 0xFF, 0xFF, 0xFA, 0xFA, 0xFB, 0xFF, 0xFF, 0xFF, 0xF9, 0xEB, 0xE0, 
    0x22, 0x32, 0x4E, 0x00, 0x24, 0x4B, 0x02, 0x28, 0x4C, 0x00, 0x27, 0x4C, 
    0x00, 0x27, 0x4C, 0x00, 0x27, 0x4C, 0x00, 0x27, 0x4C, 0x00, 0x27, 0x4C, 
    0x00, 0x27, 0x4C, 0x00, 0x27, 0x4C, 0x00, 0x27, 0x4C, 0x00, 0x27, 0x4C, 
    0x00, 0x27, 0x4C, 0x00, 0x27, 0x4C, 0x00, 0x27, 0x4C, 0x00, 0x27, 0x4C, 
    0x00, 0x27, 0x4C, 0x00, 0x27, 0x4C, 0x00, 0x27, 0x4C, 0x00, 0x27, 0x4C, 
    0x00, 0x27, 0x4C, 0x00, 0x27, 0x4C, 0x00, 0x27, 0x4C, 0x00, 0x27, 0x4C, 
    0x00, 0x27, 0x4C, 0x00, 0x27, 0x4C, 0x00, 0x27, 0x4C, 0x00, 0x27, 0x4C, 
    0x00, 0x27, 0x4C, 0x00, 0x27, 0x4C, 0x00, 0x27, 0x4C, 0x00, 0x27, 0x4C, 
    0x00, 0x27, 0x4C, 0x00, 0x27, 0x4C, 0x00, 0x27, 0x4C, 0x00, 0x27, 0x4C, 
    0x00, 0x27, 0x4C, 0x00, 0x27, 0x4C, 0x00, 0x27, 0x4C, 0x00, 0x27, 0x4C, 
    0x00, 0x27, 0x4C, 0x00, 0x27, 0x4C, 0x00, 0x27, 0x4C, 0x00, 0x27, 0x4C, 
    0x00, 0x27, 0x4C, 0x00, 0x27, 0x4C, 0x00, 0x27, 0x4C, 0x00, 0x27, 0x4C, 
    0x00, 0x27, 0x4C, 0x00, 0x27, 0x4C, 0x00, 0x27, 0x4C, 0x00, 0x27, 0x4C, 
    0x00, 0x27, 0x4C, 0x00, 0x27, 0x4C, 0x00, 0x27, 0x4C, 0x00, 0x27, 0x4C, 
    0x00, 0x27, 0x4C, 0x00, 0x27, 0x4C, 0x00, 0x27, 0x4C, 0x00, 0x27, 0x4C, 
    0x00, 0x27, 0x4C, 0x00, 0x27, 0x4C, 0x00, 0x27, 0x4C, 0x00, 0x27, 0x4C, 
    0x00, 0x27, 0x4C, 0x00, 0x27, 0x4C, 0x00, 0x27, 0x4C, 0x00, 0x27, 0x4C, 
    0x00, 0x27, 0x4C, 0x00, 0x27, 0x4C, 0x00, 0x27, 0x4C, 0x00, 0x27, 0x4C, 
    0x00, 0x27, 0x4C, 0x00, 0x27, 0x4C, 0x00, 0x27, 0x4C, 0x00, 0x27, 0x4C, 
    0x00, 0x27, 0x4C, 0x00, 0x27, 0x4C, 0x00, 0x27, 0x4C, 0x00, 0x27, 0x4C, 
    0x00, 0x27, 0x4C, 0x00, 0x27, 0x4C, 0x00, 0x27, 0x4C, 0x00, 0x27, 0x4C, 
    0x00, 0x27, 0x4C, 0x00, 0x27, 0x4C, 0x00, 0x27, 0x4C, 0x00, 0x27, 0x4C, 
    0x00, 0x27, 0x4C, 0x00, 0x27, 0x4C, 0x00, 0x27, 0x4C, 0x00, 0x27, 0x4C, 
    0x00, 0x27, 0x4C, 0x00, 0x27, 0x4C, 0x00, 0x27, 0x4C, 0x00, 0x27, 0x4C, 
    0x00, 0x27, 0x4C, 0x00, 0x27, 0x4C, 0x00, 0x27, 0x4C, 0x00, 0x27, 0x4C, 
    0x00, 0x27, 0x4C, 0x00, 0x27, 0x4C, 0x00, 0x27, 0x4C, 0x00, 0x27, 0x4C, 
    0x00, 0x27, 0x4C, 0x00, 0x27, 0x4C, 0x00, 0x27, 0x4C, 0x00, 0x27, 0x4C, 
    0x00, 0x27, 0x4C, 0x00, 0x27, 0x4C, 0x00, 0x27, 0x4C, 0x00, 0x27, 0x4C, 
    0x03, 0x29, 0x4B, 0x00, 0x1F, 0x50, 0x4A, 0x54, 0x34, 0xB5, 0x9D, 0x0D, 
    0xB0, 0x92, 0x11, 0xB2, 0x94, 0x10, 0xB2, 0x94, 0x10, 0xB3, 0x95, 0x10, 
    0xB1, 0x92, 0x11, 0xC1, 0x9F, 0x0E, 0xFF, 0xCC, 0x05, 0xFF, 0xCB, 0x05, 
    0xFF, 0xCB, 0x05, 0xFF, 0xCB, 0x05, 0xFF, 0xCB, 0x05, 0xFF, 0xCB, 0x05, 
    0xFF, 0xCB, 0x05, 0xFF, 0xCB, 0x05, 0xFF, 0xCB, 0x05, 0xFF, 0xCB, 0x05, 
    0xFF, 0xCB, 0x05, 0xFF, 0xCB, 0x05, 0xFF, 0xCB, 0x05, 0xFF, 0xCB, 0x05, 
    0xFF, 0xCB, 0x05, 0xFF, 0xCB, 0x05, 0xFF, 0xCB, 0x05, 0xFF, 0xCB, 0x05, 
    0xFF, 0xCB, 0x05, 0xFF, 0xCB, 0x05, 0xFF, 0xCB, 0x05, 0xFF, 0xCB, 0x05, 
    0xFF, 0xCB, 0x05, 0xFF, 0xCB, 0x05, 0xFF, 0xCB, 0x05, 0xFF, 0xCB, 0x05, 
    0xFF, 0xCB, 0x05, 0xFF, 0xCB, 0x05, 0xFF, 0xCB, 0x05, 0xFF, 0xCB, 0x05, 
    0xFF, 0xCB, 0x05, 0xFC, 0xC8, 0x06, 0xFF, 0xD5, 0x00, 0x9F, 0x8A, 0x19, 
    0x00, 0x18, 0x52, 0x00, 0x26, 0x4D, 0x01, 0x28, 0x4B, 0x00, 0x27, 0x4C, 
    0x00, 0x27, 0x4C, 0x00, 0x27, 0x4C, 0x00, 0x27, 0x4C, 0x00, 0x27, 0x4C, 
    0x00, 0x27, 0x4C, 0x01, 0x28, 0x4B, 0x00, 0x27, 0x4D, 0x00, 0x17, 0x51, 
    0x99, 0x86, 0x1A, 0xFF, 0xD5, 0x01, 0xFC, 0xC8, 0x06, 0xFF, 0xCB, 0x05, 
    0xFF, 0xCB, 0x05, 0xFF, 0xCB, 0x05, 0xFF, 0xCB, 0x05, 0xFF, 0xCB, 0x05, 
    0xFF, 0xCB, 0x05, 0xFF, 0xCB, 0x05, 0xFF, 0xCB, 0x05, 0xFF, 0xCB, 0x05, 
    0xFF, 0xCB, 0x05, 0xFF, 0xCB, 0x05, 0xFF, 0xCB, 0x05, 0xFF, 0xCB, 0x05, 
    0xFF, 0xCB, 0x05, 0xFF, 0xCB, 0x05, 0xFF, 0xCB, 0x05, 0xFF, 0xCB, 0x05, 
    0xFF, 0xCB, 0x05, 0xFF, 0xCB, 0x05, 0xFF, 0xCB, 0x05, 0xFF, 0xCB, 0x05, 
    0xFF, 0xCB, 0x05, 0xFF, 0xCB, 0x05, 0xFF, 0xCB, 0x05, 0xFF, 0xCB, 0x05, 
    0xFF, 0xCB, 0x05, 0xFF, 0xCB, 0x05, 0xFF, 0xCB, 0x05, 0xFF, 0xCB, 0x05, 
    0xFF, 0xCB, 0x05, 0xFF, 0xCC, 0x05, 0xC0, 0x9E, 0x0E, 0xB1, 0x92, 0x11, 
    0xB3, 0x95, 0x10, 0xB2, 0x94, 0x10, 0xB2, 0x94, 0x10, 0xB0, 0x92, 0x11, 
    0xB5, 0x9D, 0x0D, 0x47, 0x52, 0x34, 0x00, 0x1F, 0x50, 0x03, 0x29, 0x4B, 
    0x00, 0x27, 0x4C, 0x00, 0x27, 0x4C, 0x00, 0x27, 0x4C, 0x00, 0x27, 0x4C, 
    0x00, 0x27, 0x4C, 0x00, 0x27, 0x4C, 0x02, 0x28, 0x4D, 0x00, 0x1F, 0x45, 
    0x29, 0x4A, 0x69, 0x3C, 0x5A, 0x76, 0x00, 0x1D, 0x43, 0x02, 0x29, 0x4E, 
    0x00, 0x27, 0x4C, 0x00, 0x27, 0x4C, 0x00, 0x27, 0x4C, 0x00, 0x27, 0x4C, 
    0x00, 0x27, 0x4C, 0x00, 0x27, 0x4C, 0x00, 0x27, 0x4C, 0x00, 0x27, 0x4C, 
    0x00, 0x27, 0x4C, 0x00, 0x27, 0x4C, 0x00, 0x27, 0x4C, 0x00, 0x27, 0x4C, 
    0x00, 0x27, 0x4C, 0x00, 0x27, 0x4C, 0x00, 0x27, 0x4C, 0x00, 0x27, 0x4C, 
    0x00, 0x27, 0x4C, 0x00, 0x27, 0x4C, 0x00, 0x27, 0x4C, 0x00, 0x27, 0x4C, 
    0x00, 0x27, 0x4C, 0x03, 0x29, 0x4B, 0x00, 0x1C, 0x4D, 0xA4, 0xC6, 0xE0, 
    0xFE, 0xFF, 0xFF, 0xFB, 0xFC, 0xFD, 0xFE, 0xFF, 0xFF, 0xFF, 0xFF, 0xFF, 
    0xFF, 0xFF, 0xFF, 0xFF, 0xFF, 0xFF, 0xFF, 0xFF, 0xFF, 0xFF, 0xFF, 0xFF, 
    0xFF, 0xFF, 0xFF, 0xFF, 0xFF, 0xFF, 0xFF, 0xFF, 0xFF, 0xFF, 0xFF, 0xFF, 
    0xFF, 0xFF, 0xFF, 0xFF, 0xFF, 0xFF, 0xFF, 0xFF, 0xFF, 0xFF, 0xFF, 0xFF, 
    0xFF, 0xFF, 0xFF, 0xFF, 0xFF, 0xFF, 0xFF, 0xFF, 0xFF, 0xC5, 0xB4, 0xAD, 
    0x00, 0x18, 0x3F, 0x02, 0x2A, 0x4F, 0x00, 0x27, 0x4C, 0x00, 0x27, 0x4C, 
    0x00, 0x27, 0x4C, 0x00, 0x27, 0x4D, 0x03, 0x29, 0x4B, 0x00, 0x1E, 0x50, 
    0xAB, 0xCC, 0xE3, 0xFE, 0xFF, 0xFF, 0xFC, 0xFD, 0xFE, 0xFE, 0xFF, 0xFF, 
    0xFF, 0xFF, 0xFF, 0xFF, 0xFF, 0xFF, 0xFF, 0xFF, 0xFF, 0xFF, 0xFF, 0xFF, 
    0xFF, 0xFF, 0xFF, 0xFF, 0xFF, 0xFF, 0xFF, 0xFF, 0xFF, 0xFF, 0xFF, 0xFF, 
    0xFF, 0xFF, 0xFF, 0xFF, 0xFF, 0xFF, 0xFF, 0xFF, 0xFF, 0xFF, 0xFF, 0xFF, 
    0xFF, 0xFF, 0xFF, 0xFF, 0xFF, 0xFF, 0xFF, 0xFF, 0xFF, 0xFF, 0xFF, 0xFF, 
    0xBE, 0xAE, 0xA8, 0x00, 0x17, 0x3F, 0x02, 0x2A, 0x4F, 0x00, 0x27, 0x4C, 
    0x00, 0x27, 0x4C, 0x00, 0x27, 0x4C, 0x00, 0x27, 0x4C, 0x00, 0x27, 0x4C, 
    0x00, 0x27, 0x4C, 0x00, 0x27, 0x4C, 0x00, 0x27, 0x4C, 0x00, 0x28, 0x4D, 
    0x04, 0x29, 0x4D, 0x00, 0x18, 0x41, 0x2B, 0x53, 0x7A, 0xB4, 0xCF, 0xDD, 
    0xFF, 0xFF, 0xFF, 0xFF, 0xFF, 0xFF, 0xFE, 0xFD, 0xFD, 0xF8, 0xF9, 0xFA, 
    0xFB, 0xFC, 0xFE, 0xFF, 0xFF, 0xFF, 0xFF, 0xFF, 0xFF, 0xFF, 0xFF, 0xFF, 
    0xFF, 0xFF, 0xFF, 0xFF, 0xFF, 0xFF, 0xFF, 0xFF, 0xFF, 0xFF, 0xFF, 0xFF, 
    0xFF, 0xFF, 0xFF, 0xFF, 0xFF, 0xFF, 0xFF, 0xFF, 0xFF, 0xFF, 0xFF, 0xFF, 
    0xFF, 0xFF, 0xFF, 0xFF, 0xFF, 0xFF, 0xF5, 0xF8, 0xF9, 0xF9, 0xFA, 0xFB, 
    0x6E, 0x6D, 0x71, 0x00, 0x1B, 0x44, 0x04, 0x2A, 0x4E, 0x00, 0x27, 0x4C, 
    0x00, 0x27, 0x4C, 0x00, 0x27, 0x4C, 0x00, 0x27, 0x4C, 0x03, 0x2A, 0x4E, 
    0x00, 0x19, 0x41, 0x49, 0x70, 0x97, 0xEA, 0xF5, 0xFC, 0xFF, 0xFF, 0xFF, 
    0xFF, 0xFF, 0xFE, 0xF9, 0xFA, 0xFA, 0xFC, 0xFD, 0xFE, 0xFF, 0xFF, 0xFF, 
    0xFF, 0xFF, 0xFF, 0xFF, 0xFF, 0xFF, 0xFF, 0xFF, 0xFF, 0xFF, 0xFF, 0xFF, 
    0xFF, 0xFF, 0xFF, 0xFF, 0xFF, 0xFF, 0xFF, 0xFF, 0xFF, 0xFF, 0xFF, 0xFF, 
    0xFF, 0xFF, 0xFF, 0xFF, 0xFF, 0xFF, 0xFF, 0xFF, 0xFE, 0xFA, 0xFB, 0xFB, 
    0xFA, 0xF3, 0xE9, 0x2E, 0x42, 0x56, 0x00, 0x21, 0x4A, 0x02, 0x28, 0x4D, 
    0x00, 0x27, 0x4C, 0x00, 0x27, 0x4C, 0x00, 0x27, 0x4C, 0x00, 0x27, 0x4C, 
    0x00, 0x27, 0x4C, 0x00, 0x27, 0x4C, 0x00, 0x27, 0x4C, 0x00, 0x27, 0x4C, 
    0x00, 0x27, 0x4C, 0x00, 0x27, 0x4C, 0x00, 0x27, 0x4C, 0x00, 0x27, 0x4C, 
    0x00, 0x27, 0x4C, 0x00, 0x27, 0x4C, 0x00, 0x27, 0x4C, 0x00, 0x27, 0x4C, 
    0x00, 0x27, 0x4C, 0x00, 0x27, 0x4C, 0x00, 0x27, 0x4C, 0x00, 0x27, 0x4C, 
    0x00, 0x28, 0x4D, 0x04, 0x27, 0x4B, 0x00, 0x1D, 0x49, 0x73, 0x98, 0xB7, 
    0xFC, 0xFF, 0xFF, 0xFF, 0xFF, 0xFF, 0xFD, 0xFD, 0xFC, 0xF9, 0xF9, 0xFA, 
    0xFE, 0xFF, 0xFF, 0xFF, 0xFF, 0xFF, 0xFF, 0xFF, 0xFF, 0xFF, 0xFF, 0xFF, 
    0xFF, 0xFF, 0xFF, 0xFF, 0xFF, 0xFF, 0xFF, 0xFF, 0xFF, 0xFF, 0xFF, 0xFF, 
    0xFF, 0xFF, 0xFF, 0xFF, 0xFF, 0xFF, 0xFF, 0xFF, 0xFF, 0xFF, 0xFF, 0xFF, 
    0xFD, 0xFD, 0xFC, 0xFA, 0xFB, 0xFB, 0xDF, 0xD2, 0xC9, 0x06, 0x26, 0x45, 
    0x00, 0x27, 0x4D, 0x01, 0x27, 0x4C, 0x00, 0x27, 0x4C, 0x00, 0x27, 0x4C, 
    0x00, 0x27, 0x4C, 0x00, 0x27, 0x4C, 0x00, 0x27, 0x4C, 0x00, 0x27, 0x4C, 
    0x00, 0x28, 0x4C, 0x00, 0x1D, 0x43, 0x00, 0x1E, 0x46, 0x15, 0x3A, 0x5D, 
    0x51, 0x72, 0x8E, 0x8F, 0x9A, 0xA4, 0x13, 0x30, 0x4C, 0x00, 0x25, 0x4C, 
    0x01, 0x28, 0x4C, 0x00, 0x27, 0x4C, 0x00, 0x27, 0x4C, 0x00, 0x27, 0x4C, 
    0x00, 0x27, 0x4C, 0x00, 0x27, 0x4C, 0x00, 0x27, 0x4C, 0x00, 0x27, 0x4C, 
    0x00, 0x27, 0x4C, 0x02, 0x28, 0x4B, 0x00, 0x21, 0x4D, 0x89, 0xAF, 0xCC, 
    0xFF, 0xFF, 0xFF, 0xFF, 0xFF, 0xFF, 0xFF, 0xFF, 0xFF, 0xD6, 0xCE, 0xC9, 
    0x1E, 0x31, 0x4C, 0x01, 0x24, 0x4C, 0x02, 0x28, 0x4C, 0x00, 0x27, 0x4C, 
    0x00, 0x27, 0x4C, 0x00, 0x27, 0x4C, 0x00, 0x27, 0x4C, 0x00, 0x27, 0x4C, 
    0x00, 0x27, 0x4C, 0x00, 0x27, 0x4C, 0x00, 0x27, 0x4C, 0x00, 0x27, 0x4C, 
    0x00, 0x27, 0x4C, 0x00, 0x27, 0x4C, 0x00, 0x27, 0x4C, 0x00, 0x27, 0x4C, 
    0x00, 0x27, 0x4C, 0x00, 0x27, 0x4C, 0x00, 0x27, 0x4C, 0x00, 0x27, 0x4C, 
    0x00, 0x27, 0x4C, 0x00, 0x27, 0x4C, 0x00, 0x27, 0x4C, 0x00, 0x27, 0x4C, 
    0x00, 0x27, 0x4C, 0x00, 0x27, 0x4C, 0x00, 0x27, 0x4C, 0x00, 0x27, 0x4C, 
    0x00, 0x27, 0x4C, 0x00, 0x27, 0x4C, 0x00, 0x27, 0x4C, 0x00, 0x27, 0x4C, 
    0x00, 0x27, 0x4C, 0x04, 0x2B, 0x4E, 0x00, 0x17, 0x45, 0x80, 0xA7, 0xC9, 
    0xFF, 0xFF, 0xFF, 0xFA, 0xFA, 0xFB, 0xFF, 0xFF, 0xFF, 0xF9, 0xEB, 0xE0, 
    0x22, 0x32, 0x4E, 0x00, 0x24, 0x4B, 0x02, 0x28, 0x4C, 0x00, 0x27, 0x4C, 
    0x00, 0x27, 0x4C, 0x00, 0x27, 0x4C, 0x00, 0x27, 0x4C, 0x00, 0x27, 0x4C, 
    0x00, 0x27, 0x4C, 0x00, 0x27, 0x4C, 0x00, 0x27, 0x4C, 0x00, 0x27, 0x4C, 
    0x00, 0x27, 0x4C, 0x00, 0x27, 0x4C, 0x00, 0x27, 0x4C, 0x00, 0x27, 0x4C, 
    0x00, 0x27, 0x4C, 0x00, 0x27, 0x4C, 0x00, 0x27, 0x4C, 0x00, 0x27, 0x4C, 
    0x00, 0x27, 0x4C, 0x00, 0x27, 0x4C, 0x00, 0x27, 0x4C, 0x00, 0x27, 0x4C, 
    0x00, 0x27, 0x4C, 0x00, 0x27, 0x4C, 0x00, 0x27, 0x4C, 0x00, 0x27, 0x4C, 
    0x00, 0x27, 0x4C, 0x00, 0x27, 0x4C, 0x00, 0x27, 0x4C, 0x00, 0x27, 0x4C, 
    0x00, 0x27, 0x4C, 0x00, 0x27, 0x4C, 0x00, 0x27, 0x4C, 0x00, 0x27, 0x4C, 
    0x00, 0x27, 0x4C, 0x00, 0x27, 0x4C, 0x00, 0x27, 0x4C, 0x00, 0x27, 0x4C, 
    0x00, 0x27, 0x4C, 0x00, 0x27, 0x4C, 0x00, 0x27, 0x4C, 0x00, 0x27, 0x4C, 
    0x00, 0x27, 0x4C, 0x00, 0x27, 0x4C, 0x00, 0x27, 0x4C, 0x00, 0x27, 0x4C, 
    0x00, 0x27, 0x4C, 0x00, 0x27, 0x4C, 0x00, 0x27, 0x4C, 0x00, 0x27, 0x4C, 
    0x00, 0x27, 0x4C, 0x00, 0x27, 0x4C, 0x00, 0x27, 0x4C, 0x00, 0x27, 0x4C, 
    0x00, 0x27, 0x4C, 0x00, 0x27, 0x4C, 0x00, 0x27, 0x4C, 0x00, 0x27, 0x4C, 
    0x00, 0x27, 0x4C, 0x00, 0x27, 0x4C, 0x00, 0x27, 0x4C, 0x00, 0x27, 0x4C, 
    0x00, 0x27, 0x4C, 0x00, 0x27, 0x4C, 0x00, 0x27, 0x4C, 0x00, 0x27, 0x4C, 
    0x00, 0x27, 0x4C, 0x00, 0x27, 0x4C, 0x00, 0x27, 0x4C, 0x00, 0x27, 0x4C, 
    0x00, 0x27, 0x4C, 0x00, 0x27, 0x4C, 0x00, 0x27, 0x4C, 0x00, 0x27, 0x4C, 
    0x00, 0x27, 0x4C, 0x00, 0x27, 0x4C, 0x00, 0x27, 0x4C, 0x00, 0x27, 0x4C, 
    0x00, 0x27, 0x4C, 0x00, 0x27, 0x4C, 0x00, 0x27, 0x4C, 0x00, 0x27, 0x4C, 
    0x00, 0x27, 0x4C, 0x00, 0x27, 0x4C, 0x00, 0x27, 0x4C, 0x00, 0x27, 0x4C, 
    0x00, 0x27, 0x4C, 0x00, 0x27, 0x4C, 0x00, 0x27, 0x4C, 0x00, 0x27, 0x4C, 
    0x00, 0x27, 0x4C, 0x00, 0x27, 0x4C, 0x00, 0x27, 0x4C, 0x00, 0x27, 0x4C, 
    0x00, 0x27, 0x4C, 0x00, 0x27, 0x4C, 0x00, 0x27, 0x4C, 0x00, 0x27, 0x4C, 
    0x00, 0x27, 0x4C, 0x00, 0x27, 0x4C, 0x00, 0x27, 0x4C, 0x00, 0x27, 0x4C, 
    0x00, 0x27, 0x4C, 0x00, 0x27, 0x4C, 0x00, 0x27, 0x4C, 0x00, 0x27, 0x4C, 
    0x00, 0x27, 0x4C, 0x00, 0x27, 0x4C, 0x00, 0x27, 0x4C, 0x00, 0x27, 0x4C, 
    0x00, 0x27, 0x4C, 0x00, 0x28, 0x4C, 0x00, 0x24, 0x4C, 0x00, 0x1E, 0x4D, 
    0x00, 0x1F, 0x4D, 0x00, 0x1F, 0x4D, 0x00, 0x1F, 0x4D, 0x00, 0x21, 0x4C, 
    0x00, 0x17, 0x50, 0x27, 0x3F, 0x3F, 0xFF, 0xCF, 0x03, 0xFE, 0xCA, 0x05, 
    0xFF, 0xCB, 0x05, 0xFF, 0xCB, 0x05, 0xFF, 0xCB, 0x05, 0xFF, 0xCB, 0x05, 
    0xFF, 0xCB, 0x05, 0xFF, 0xCB, 0x05, 0xFF, 0xCB, 0x05, 0xFF, 0xCB, 0x05, 
    0xFF, 0xCB, 0x05, 0xFF, 0xCB, 0x05, 0xFF, 0xCB, 0x05, 0xFF, 0xCB, 0x05, 
    0xFF, 0xCB, 0x05, 0xFF, 0xCB, 0x05, 0xFF, 0xCB, 0x05, 0xFF, 0xCB, 0x05, 
    0xFF, 0xCB, 0x05, 0xFF, 0xCB, 0x05, 0xFF, 0xCB, 0x05, 0xFF, 0xCB, 0x05, 
    0xFF, 0xCB, 0x05, 0xFF, 0xCB, 0x05, 0xFF, 0xCB, 0x05, 0xFF, 0xCB, 0x05, 
    0xFF, 0xCB, 0x05, 0xFF, 0xCB, 0x05, 0xFF, 0xCB, 0x05, 0xFF, 0xCB, 0x05, 
    0xFF, 0xCB, 0x05, 0xFF, 0xCB, 0x05, 0xFD, 0xCA, 0x06, 0xFF, 0xD1, 0x02, 
    0x73, 0x73, 0x26, 0x11, 0x2D, 0x4B, 0x04, 0x26, 0x4D, 0x02, 0x28, 0x4B, 
    0x00, 0x27, 0x4C, 0x00, 0x27, 0x4C, 0x00, 0x27, 0x4C, 0x00, 0x27, 0x4C, 
    0x01, 0x28, 0x4B, 0x04, 0x27, 0x4D, 0x0E, 0x2A, 0x4B, 0x6F, 0x6B, 0x25, 
    0xFF, 0xD1, 0x01, 0xFD, 0xCA, 0x06, 0xFF, 0xCB, 0x05, 0xFF, 0xCB, 0x05, 
    0xFF, 0xCB, 0x05, 0xFF, 0xCB, 0x05, 0xFF, 0xCB, 0x05, 0xFF, 0xCB, 0x05, 
    0xFF, 0xCB, 0x05, 0xFF, 0xCB, 0x05, 0xFF, 0xCB, 0x05, 0xFF, 0xCB, 0x05, 
    0xFF, 0xCB, 0x05, 0xFF, 0xCB, 0x05, 0xFF, 0xCB, 0x05, 0xFF, 0xCB, 0x05, 
    0xFF, 0xCB, 0x05, 0xFF, 0xCB, 0x05, 0xFF, 0xCB, 0x05, 0xFF, 0xCB, 0x05, 
    0xFF, 0xCB, 0x05, 0xFF, 0xCB, 0x05, 0xFF, 0xCB, 0x05, 0xFF, 0xCB, 0x05, 
    0xFF, 0xCB, 0x05, 0xFF, 0xCB, 0x05, 0xFF, 0xCB, 0x05, 0xFF, 0xCB, 0x05, 
    0xFF, 0xCB, 0x05, 0xFF, 0xCB, 0x05, 0xFF, 0xCB, 0x05, 0xFF, 0xCB, 0x05, 
    0xFE, 0xCB, 0x05, 0xFF, 0xCE, 0x04, 0x23, 0x3D, 0x40, 0x00, 0x17, 0x50, 
    0x00, 0x20, 0x4C, 0x00, 0x1F, 0x4D, 0x00, 0x1F, 0x4D, 0x00, 0x1F, 0x4D, 
    0x00, 0x1E, 0x4D, 0x00, 0x24, 0x4C, 0x00, 0x28, 0x4C, 0x00, 0x27, 0x4C, 
    0x00, 0x27, 0x4C, 0x00, 0x27, 0x4C, 0x00, 0x27, 0x4C, 0x00, 0x27, 0x4C, 
    0x00, 0x27, 0x4C, 0x00, 0x27, 0x4C, 0x02, 0x28, 0x4D, 0x00, 0x1F, 0x45, 
    0x29, 0x4A, 0x69, 0x3C, 0x5A, 0x76, 0x00, 0x1D, 0x43, 0x02, 0x29, 0x4E, 
    0x00, 0x27, 0x4C, 0x00, 0x27, 0x4C, 0x00, 0x27, 0x4C, 0x00, 0x27, 0x4C, 
    0x00, 0x27, 0x4C, 0x00, 0x27, 0x4C, 0x00, 0x27, 0x4C, 0x00, 0x27, 0x4C, 
    0x00, 0x27, 0x4C, 0x00, 0x27, 0x4C, 0x00, 0x27, 0x4C, 0x00, 0x27, 0x4C, 
    0x00, 0x27, 0x4C, 0x00, 0x27, 0x4C, 0x00, 0x27, 0x4C, 0x00, 0x27, 0x4C, 
    0x00, 0x27, 0x4C, 0x00, 0x27, 0x4C, 0x00, 0x27, 0x4C, 0x00, 0x27, 0x4C, 
    0x00, 0x27, 0x4C, 0x03, 0x29, 0x4B, 0x00, 0x1C, 0x4D, 0xA4, 0xC6, 0xE0, 
    0xFF, 0xFF, 0xFF, 0xFC, 0xFC, 0xFD, 0xFF, 0xFF, 0xFF, 0xFC, 0xF8, 0xF6, 
    0xC4, 0xC8, 0xCF, 0xBC, 0xC6, 0xD0, 0xBD, 0xC7, 0xD0, 0xBC, 0xC6, 0xD0, 
    0xBC, 0xC6, 0xD0, 0xBC, 0xC6, 0xD0, 0xBC, 0xC6, 0xD0, 0xBC, 0xC6, 0xD0, 
    0xBC, 0xC6, 0xD0, 0xBC, 0xC6, 0xD0, 0xBC, 0xC6, 0xD0, 0xBC, 0xC6, 0xD0, 
    0xBC, 0xC6, 0xD0, 0xBA, 0xC4, 0xCE, 0xBC, 0xC6, 0xD0, 0x8A, 0x8A, 0x90, 
    0x00, 0x1D, 0x43, 0x01, 0x29, 0x4E, 0x00, 0x27, 0x4C, 0x00, 0x27, 0x4C, 
    0x00, 0x27, 0x4C, 0x00, 0x27, 0x4D, 0x03, 0x29, 0x4B, 0x00, 0x1E, 0x50, 
    0xAB, 0xCC, 0xE3, 0xFF, 0xFF, 0xFF, 0xFB, 0xFC, 0xFD, 0xFF, 0xFF, 0xFF, 
    0xFB, 0xF7, 0xF4, 0xC2, 0xC8, 0xCF, 0xBC, 0xC6, 0xD0, 0xBC, 0xC7, 0xD0, 
    0xBC, 0xC6, 0xD0, 0xBC, 0xC6, 0xD0, 0xBC, 0xC6, 0xD0, 0xBC, 0xC6, 0xD0, 
    0xBC, 0xC6, 0xD0, 0xBC, 0xC6, 0xD0, 0xBC, 0xC6, 0xD0, 0xBC, 0xC6, 0xD0, 
    0xBC, 0xC6, 0xD0, 0xBC, 0xC6, 0xD0, 0xBA, 0xC4, 0xCE, 0xBC, 0xC6, 0xD0, 
    0x85, 0x85, 0x8C, 0x00, 0x1C, 0x43, 0x01, 0x29, 0x4E, 0x00, 0x27, 0x4C, 
    0x00, 0x27, 0x4C, 0x00, 0x27, 0x4C, 0x00, 0x27, 0x4C, 0x00, 0x27, 0x4C, 
    0x00, 0x27, 0x4C, 0x00, 0x27, 0x4C, 0x00, 0x28, 0x4E, 0x03, 0x27, 0x4A, 
    0x00, 0x1B, 0x46, 0x5E, 0x83, 0xA6, 0xF2, 0xFC, 0xFF, 0xFF, 0xFF, 0xFF, 
    0xFC, 0xFC, 0xFD, 0xFA, 0xFB, 0xFC, 0xFE, 0xFF, 0xFF, 0xFF, 0xFF, 0xFF, 
    0xFF, 0xFF, 0xFF, 0xDF, 0xDB, 0xDD, 0xA8, 0xA8, 0xB6, 0x74, 0x84, 0x94, 
    0x54, 0x69, 0x7D, 0x36, 0x53, 0x70, 0x2C, 0x4B, 0x6A, 0x2C, 0x4C, 0x6C, 
    0x36, 0x54, 0x73, 0x51, 0x6B, 0x85, 0x6E, 0x85, 0x9C, 0x98, 0xAB, 0xBD, 
    0xCB, 0xD6, 0xE1, 0xFA, 0xFE, 0xFF, 0xFF, 0xFF, 0xFF, 0xFF, 0xFF, 0xFF, 
    0x6F, 0x6D, 0x70, 0x00, 0x1B, 0x44, 0x04, 0x2A, 0x4E, 0x00, 0x27, 0x4C, 
    0x00, 0x27, 0x4C, 0x00, 0x27, 0x4C, 0x03, 0x2A, 0x4E, 0x00, 0x19, 0x40, 
    0x4B, 0x77, 0xA0, 0xFB, 0xFF, 0xFF, 0xFF, 0xFF, 0xFE, 0xFB, 0xFC, 0xFD, 
    0xFC, 0xFC, 0xFD, 0xFF, 0xFF, 0xFF, 0xFF, 0xFF, 0xFE, 0xD1, 0xD4, 0xD3, 
    0x8F, 0x97, 0xA8, 0x65, 0x74, 0x88, 0x3D, 0x5A, 0x72, 0x2C, 0x4C, 0x6C, 
    0x2C, 0x4C, 0x6A, 0x31, 0x53, 0x70, 0x48, 0x65, 0x7F, 0x6A, 0x7F, 0x96, 
    0x8D, 0x9B, 0xB5, 0xC4, 0xCF, 0xDA, 0xF5, 0xF9, 0xFD, 0xFF, 0xFF, 0xFF, 
    0xFF, 0xFD, 0xF0, 0x2E, 0x41, 0x55, 0x00, 0x21, 0x4A, 0x02, 0x28, 0x4D, 
    0x00, 0x27, 0x4C, 0x00, 0x27, 0x4C, 0x00, 0x27, 0x4C, 0x00, 0x27, 0x4C, 
    0x00, 0x27, 0x4C, 0x00, 0x27, 0x4C, 0x00, 0x27, 0x4C, 0x00, 0x27, 0x4C, 
    0x00, 0x27, 0x4C, 0x00, 0x27, 0x4C, 0x00, 0x27, 0x4C, 0x00, 0x27, 0x4C, 
    0x00, 0x27, 0x4C, 0x00, 0x27, 0x4C, 0x00, 0x27, 0x4C, 0x00, 0x27, 0x4C, 
    0x00, 0x27, 0x4C, 0x00, 0x27, 0x4C, 0x00, 0x27, 0x4C, 0x00, 0x27, 0x4C, 
    0x02, 0x29, 0x4C, 0x00, 0x1C, 0x46, 0x7F, 0xA6, 0xC5, 0xFF, 0xFF, 0xFF, 
    0xFD, 0xFD, 0xFC, 0xFC, 0xFD, 0xFD, 0xFC, 0xFD, 0xFE, 0xFF, 0xFF, 0xFF, 
    0xFF, 0xFB, 0xF4, 0xC2, 0xC5, 0xC8, 0x80, 0x8C, 0xA0, 0x5B, 0x6E, 0x81, 
    0x37, 0x55, 0x70, 0x2C, 0x4B, 0x6A, 0x2C, 0x4D, 0x6B, 0x35, 0x56, 0x73, 
    0x4F, 0x6C, 0x84, 0x70, 0x84, 0x9C, 0x9C, 0xA7, 0xBE, 0xCE, 0xD8, 0xE2, 
    0xFC, 0xFE, 0xFF, 0xFF, 0xFF, 0xFF, 0xE8, 0xD8, 0xCD, 0x05, 0x25, 0x45, 
    0x00, 0x27, 0x4D, 0x01, 0x27, 0x4C, 0x00, 0x27, 0x4C, 0x00, 0x27, 0x4C, 
    0x00, 0x27, 0x4C, 0x00, 0x27, 0x4C, 0x00, 0x27, 0x4C, 0x02, 0x28, 0x4D, 
    0x01, 0x21, 0x48, 0x45, 0x6C, 0x91, 0xB2, 0xC2, 0xD0, 0xE9, 0xEF, 0xF3, 
    0xFF, 0xFF, 0xFF, 0xFF, 0xEF, 0xE2, 0x18, 0x2F, 0x49, 0x00, 0x25, 0x4D, 
    0x01, 0x28, 0x4C, 0x00, 0x27, 0x4C, 0x00, 0x27, 0x4C, 0x00, 0x27, 0x4C, 
    0x00, 0x27, 0x4C, 0x00, 0x27, 0x4C, 0x00, 0x27, 0x4C, 0x00, 0x27, 0x4C, 
    0x00, 0x27, 0x4C, 0x00, 0x28, 0x4D, 0x01, 0x25, 0x49, 0x00, 0x23, 0x4B, 
    0x3F, 0x63, 0x83, 0x72, 0x87, 0x9C, 0x5D, 0x6F, 0x82, 0x0D, 0x2A, 0x4A, 
    0x00, 0x23, 0x49, 0x01, 0x28, 0x4D, 0x00, 0x27, 0x4C, 0x00, 0x27, 0x4C, 
    0x00, 0x27, 0x4C, 0x00, 0x27, 0x4C, 0x00, 0x27, 0x4C, 0x00, 0x27, 0x4C, 
    0x00, 0x27, 0x4C, 0x00, 0x27, 0x4C, 0x00, 0x27, 0x4C, 0x00, 0x27, 0x4C, 
    0x00, 0x27, 0x4C, 0x00, 0x27, 0x4C, 0x00, 0x27, 0x4C, 0x00, 0x27, 0x4C, 
    0x00, 0x27, 0x4C, 0x00, 0x27, 0x4C, 0x00, 0x27, 0x4C, 0x00, 0x27, 0x4C, 
    0x00, 0x27, 0x4C, 0x00, 0x27, 0x4C, 0x00, 0x27, 0x4C, 0x00, 0x27, 0x4C, 
    0x00, 0x27, 0x4C, 0x00, 0x27, 0x4C, 0x00, 0x27, 0x4C, 0x00, 0x27, 0x4C, 
    0x00, 0x27, 0x4C, 0x00, 0x27, 0x4C, 0x00, 0x27, 0x4C, 0x00, 0x27, 0x4C, 
    0x00, 0x27, 0x4C, 0x04, 0x2B, 0x4E, 0x00, 0x17, 0x45, 0x80, 0xA7, 0xC9, 
    0xFF, 0xFF, 0xFF, 0xFA, 0xFA, 0xFB, 0xFF, 0xFF, 0xFF, 0xF9, 0xEB, 0xE0, 
    0x22, 0x32, 0x4E, 0x00, 0x24, 0x4B, 0x02, 0x28, 0x4C, 0x00, 0x27, 0x4C, 
    0x00, 0x27, 0x4C, 0x00, 0x27, 0x4C, 0x00, 0x27, 0x4C, 0x00, 0x27, 0x4C, 
    0x00, 0x27, 0x4C, 0x00, 0x27, 0x4C, 0x00, 0x27, 0x4C, 0x00, 0x27, 0x4C, 
    0x00, 0x27, 0x4C, 0x00, 0x27, 0x4C, 0x00, 0x27, 0x4C, 0x00, 0x27, 0x4C, 
    0x00, 0x27, 0x4C, 0x00, 0x27, 0x4C, 0x00, 0x27, 0x4C, 0x00, 0x27, 0x4C, 
    0x00, 0x27, 0x4C, 0x00, 0x27, 0x4C, 0x00, 0x27, 0x4C, 0x00, 0x27, 0x4C, 
    0x00, 0x27, 0x4C, 0x00, 0x27, 0x4C, 0x00, 0x27, 0x4C, 0x00, 0x27, 0x4C, 
    0x00, 0x27, 0x4C, 0x00, 0x27, 0x4C, 0x00, 0x27, 0x4C, 0x00, 0x27, 0x4C, 
    0x00, 0x27, 0x4C, 0x00, 0x27, 0x4C, 0x00, 0x27, 0x4C, 0x00, 0x27, 0x4C, 
    0x00, 0x27, 0x4C, 0x00, 0x27, 0x4C, 0x00, 0x27, 0x4C, 0x00, 0x27, 0x4C, 
    0x00, 0x27, 0x4C, 0x00, 0x27, 0x4C, 0x00, 0x27, 0x4C, 0x00, 0x27, 0x4C, 
    0x00, 0x27, 0x4C, 0x00, 0x27, 0x4C, 0x00, 0x27, 0x4C, 0x00, 0x27, 0x4C, 
    0x00, 0x27, 0x4C, 0x00, 0x27, 0x4C, 0x00, 0x27, 0x4C, 0x00, 0x27, 0x4C, 
    0x00, 0x27, 0x4C, 0x00, 0x27, 0x4C, 0x00, 0x27, 0x4C, 0x00, 0x27, 0x4C, 
    0x00, 0x27, 0x4C, 0x00, 0x27, 0x4C, 0x00, 0x27, 0x4C, 0x00, 0x27, 0x4C, 
    0x00, 0x27, 0x4C, 0x00, 0x27, 0x4C, 0x00, 0x27, 0x4C, 0x00, 0x27, 0x4C, 
    0x00, 0x27, 0x4C, 0x00, 0x27, 0x4C, 0x00, 0x27, 0x4C, 0x00, 0x27, 0x4C, 
    0x00, 0x27, 0x4C, 0x00, 0x27, 0x4C, 0x00, 0x27, 0x4C, 0x00, 0x27, 0x4C, 
    0x00, 0x27, 0x4C, 0x00, 0x27, 0x4C, 0x00, 0x27, 0x4C, 0x00, 0x27, 0x4C, 
    0x00, 0x27, 0x4C, 0x00, 0x27, 0x4C, 0x00, 0x27, 0x4C, 0x00, 0x27, 0x4C, 
    0x00, 0x27, 0x4C, 0x00, 0x27, 0x4C, 0x00, 0x27, 0x4C, 0x00, 0x27, 0x4C, 
    0x00, 0x27, 0x4C, 0x00, 0x27, 0x4C, 0x00, 0x27, 0x4C, 0x00, 0x27, 0x4C, 
    0x00, 0x27, 0x4C, 0x00, 0x27, 0x4C, 0x00, 0x27, 0x4C, 0x00, 0x27, 0x4C, 
    0x00, 0x27, 0x4C, 0x00, 0x27, 0x4C, 0x00, 0x27, 0x4C, 0x00, 0x27, 0x4C, 
    0x00, 0x27, 0x4C, 0x00, 0x27, 0x4C, 0x00, 0x27, 0x4C, 0x00, 0x27, 0x4C, 
    0x00, 0x27, 0x4C, 0x00, 0x27, 0x4C, 0x00, 0x27, 0x4C, 0x00, 0x27, 0x4C, 
    0x00, 0x27, 0x4C, 0x00, 0x27, 0x4C, 0x00, 0x27, 0x4C, 0x00, 0x27, 0x4C, 
    0x00, 0x27, 0x4C, 0x00, 0x27, 0x4C, 0x00, 0x27, 0x4C, 0x00, 0x27, 0x4C, 
    0x00, 0x27, 0x4C, 0x00, 0x27, 0x4C, 0x01, 0x28, 0x4C, 0x02, 0x29, 0x4C, 
    0x02, 0x29, 0x4C, 0x02, 0x29, 0x4C, 0x02, 0x29, 0x4C, 0x04, 0x2B, 0x4B, 
    0x02, 0x22, 0x4F, 0x32, 0x47, 0x3F, 0xFF, 0xCF, 0x03, 0xFE, 0xCA, 0x05, 
    0xFF, 0xCB, 0x05, 0xFF, 0xCB, 0x05, 0xFF, 0xCB, 0x05, 0xFF, 0xCB, 0x05, 
    0xFF, 0xCB, 0x05, 0xFF, 0xCB, 0x05, 0xFF, 0xCB, 0x05, 0xFF, 0xCB, 0x05, 
    0xFF, 0xCB, 0x05, 0xFF, 0xCB, 0x05, 0xFF, 0xCB, 0x05, 0xFF, 0xCB, 0x05, 
    0xFF, 0xCB, 0x05, 0xFF, 0xCB, 0x05, 0xFF, 0xCB, 0x05, 0xFF, 0xCB, 0x05, 
    0xFF, 0xCB, 0x05, 0xFF, 0xCB, 0x05, 0xFF, 0xCB, 0x05, 0xFF, 0xCB, 0x05, 
    0xFF, 0xCB, 0x05, 0xFF, 0xCB, 0x05, 0xFF, 0xCB, 0x05, 0xFF, 0xCB, 0x05, 
    0xFF, 0xCB, 0x05, 0xFF, 0xCB, 0x05, 0xFF, 0xCB, 0x05, 0xFF, 0xCB, 0x05, 
    0xFF, 0xCB, 0x05, 0xFF, 0xCB, 0x05, 0xFF, 0xCB, 0x05, 0xFA, 0xC8, 0x06, 
    0xFF, 0xDE, 0x00, 0x91, 0x83, 0x20, 0x00, 0x18, 0x50, 0x04, 0x29, 0x4C, 
    0x00, 0x27, 0x4C, 0x00, 0x27, 0x4C, 0x00, 0x27, 0x4C, 0x00, 0x27, 0x4C, 
    0x05, 0x2A, 0x4C, 0x00, 0x17, 0x50, 0x8C, 0x7E, 0x1F, 0xFF, 0xD9, 0x00, 
    0xFB, 0xC9, 0x06, 0xFF, 0xCB, 0x05, 0xFF, 0xCB, 0x05, 0xFF, 0xCB, 0x05, 
    0xFF, 0xCB, 0x05, 0xFF, 0xCB, 0x05, 0xFF, 0xCB, 0x05, 0xFF, 0xCB, 0x05, 
    0xFF, 0xCB, 0x05, 0xFF, 0xCB, 0x05, 0xFF, 0xCB, 0x05, 0xFF, 0xCB, 0x05, 
    0xFF, 0xCB, 0x05, 0xFF, 0xCB, 0x05, 0xFF, 0xCB, 0x05, 0xFF, 0xCB, 0x05, 
    0xFF, 0xCB, 0x05, 0xFF, 0xCB, 0x05, 0xFF, 0xCB, 0x05, 0xFF, 0xCB, 0x05, 
    0xFF, 0xCB, 0x05, 0xFF, 0xCB, 0x05, 0xFF, 0xCB, 0x05, 0xFF, 0xCB, 0x05, 
    0xFF, 0xCB, 0x05, 0xFF, 0xCB, 0x05, 0xFF, 0xCB, 0x05, 0xFF, 0xCB, 0x05, 
    0xFF, 0xCB, 0x05, 0xFF, 0xCB, 0x05, 0xFF, 0xCB, 0x05, 0xFF, 0xCB, 0x05, 
    0xFE, 0xCB, 0x05, 0xFF, 0xCE, 0x04, 0x2E, 0x45, 0x40, 0x02, 0x22, 0x4F, 
    0x04, 0x2A, 0x4B, 0x02, 0x29, 0x4C, 0x02, 0x29, 0x4C, 0x02, 0x29, 0x4C, 
    0x02, 0x29, 0x4C, 0x01, 0x28, 0x4C, 0x00, 0x27, 0x4C, 0x00, 0x27, 0x4C, 
    0x00, 0x27, 0x4C, 0x00, 0x27, 0x4C, 0x00, 0x27, 0x4C, 0x00, 0x27, 0x4C, 
    0x00, 0x27, 0x4C, 0x00, 0x27, 0x4C, 0x02, 0x28, 0x4D, 0x00, 0x1F, 0x45, 
    0x29, 0x4A, 0x69, 0x3C, 0x5A, 0x76, 0x00, 0x1D, 0x43, 0x02, 0x29, 0x4E, 
    0x00, 0x27, 0x4C, 0x00, 0x27, 0x4C, 0x00, 0x27, 0x4C, 0x00, 0x27, 0x4C, 
    0x00, 0x27, 0x4C, 0x00, 0x27, 0x4C, 0x00, 0x27, 0x4C, 0x00, 0x27, 0x4C, 
    0x00, 0x27, 0x4C, 0x00, 0x27, 0x4C, 0x00, 0x27, 0x4C, 0x00, 0x27, 0x4C, 
    0x00, 0x27, 0x4C, 0x00, 0x27, 0x4C, 0x00, 0x27, 0x4C, 0x00, 0x27, 0x4C, 
    0x00, 0x27, 0x4C, 0x00, 0x27, 0x4C, 0x00, 0x27, 0x4C, 0x00, 0x27, 0x4C, 
    0x00, 0x27, 0x4C, 0x03, 0x29, 0x4B, 0x00, 0x1C, 0x4D, 0xA4, 0xC6, 0xE0, 
    0xFF, 0xFF, 0xFF, 0xFB, 0xFB, 0xFC, 0xFF, 0xFF, 0xFF, 0xF1, 0xE5, 0xD9, 
    0x12, 0x25, 0x40, 0x00, 0x1A, 0x43, 0x00, 0x1E, 0x43, 0x00, 0x1D, 0x43, 
    0x00, 0x1D, 0x43, 0x00, 0x1D, 0x43, 0x00, 0x1D, 0x43, 0x00, 0x1D, 0x43, 
    0x00, 0x1D, 0x43, 0x00, 0x1D, 0x43, 0x00, 0x1D, 0x43, 0x00, 0x1D, 0x43, 
    0x00, 0x1D, 0x43, 0x00, 0x1D, 0x43, 0x00, 0x1D, 0x43, 0x00, 0x21, 0x48, 
    0x00, 0x28, 0x4D, 0x00, 0x27, 0x4C, 0x00, 0x27, 0x4C, 0x00, 0x27, 0x4C, 
    0x00, 0x27, 0x4C, 0x00, 0x27, 0x4D, 0x03, 0x29, 0x4B, 0x00, 0x1E, 0x50, 
    0xAB, 0xCC, 0xE3, 0xFF, 0xFF, 0xFF, 0xFA, 0xFB, 0xFC, 0xFF, 0xFF, 0xFF, 
    0xED, 0xE0, 0xD4, 0x0D, 0x22, 0x3E, 0x00, 0x1C, 0x44, 0x00, 0x1E, 0x43, 
    0x00, 0x1D, 0x43, 0x00, 0x1D, 0x43, 0x00, 0x1D, 0x43, 0x00, 0x1D, 0x43, 
    0x00, 0x1D, 0x43, 0x00, 0x1D, 0x43, 0x00, 0x1D, 0x43, 0x00, 0x1D, 0x43, 
    0x00, 0x1D, 0x43, 0x00, 0x1D, 0x43, 0x00, 0x1D, 0x43, 0x00, 0x1D, 0x43, 
    0x00, 0x21, 0x48, 0x00, 0x28, 0x4D, 0x00, 0x27, 0x4C, 0x00, 0x27, 0x4C, 
    0x00, 0x27, 0x4C, 0x00, 0x27, 0x4C, 0x00, 0x27, 0x4C, 0x00, 0x27, 0x4C, 
    0x00, 0x27, 0x4C, 0x00, 0x28, 0x4D, 0x03, 0x27, 0x4A, 0x00, 0x1F, 0x4B, 
    0x7C, 0xA2, 0xC1, 0xFF, 0xFF, 0xFF, 0xFF, 0xFE, 0xFD, 0xFB, 0xFD, 0xFD, 
    0xFC, 0xFC, 0xFD, 0xFF, 0xFF, 0xFF, 0xFF, 0xFE, 0xF9, 0xB5, 0xB0, 0xB5, 
    0x4E, 0x5C, 0x6E, 0x0A, 0x29, 0x4A, 0x00, 0x19, 0x40, 0x00, 0x17, 0x40, 
    0x00, 0x1B, 0x43, 0x00, 0x1E, 0x44, 0x00, 0x1F, 0x45, 0x00, 0x1E, 0x45, 
    0x00, 0x1D, 0x44, 0x00, 0x1B, 0x41, 0x00, 0x17, 0x3F, 0x00, 0x19, 0x41, 
    0x00, 0x25, 0x4C, 0x26, 0x49, 0x6B, 0x73, 0x8A, 0xA1, 0xCF, 0xDF, 0xE8, 
    0x72, 0x70, 0x74, 0x00, 0x1A, 0x43, 0x04, 0x2A, 0x4E, 0x00, 0x27, 0x4C, 
    0x00, 0x27, 0x4C, 0x02, 0x29, 0x4E, 0x01, 0x1F, 0x43, 0x1E, 0x4E, 0x7B, 
    0xEC, 0xFA, 0xFF, 0xFF, 0xFD, 0xFC, 0xFD, 0xFD, 0xFE, 0xFD, 0xFD, 0xFD, 
    0xFF, 0xFF, 0xFF, 0xD3, 0xCE, 0xCA, 0x4B, 0x57, 0x6A, 0x02, 0x23, 0x45, 
    0x00, 0x18, 0x3F, 0x00, 0x19, 0x41, 0x00, 0x1D, 0x44, 0x00, 0x1E, 0x45, 
    0x00, 0x1E, 0x45, 0x00, 0x1E, 0x44, 0x00, 0x1B, 0x42, 0x00, 0x18, 0x40, 
    0x00, 0x18, 0x40, 0x00, 0x21, 0x49, 0x1F, 0x42, 0x66, 0x6C, 0x8C, 0xA8, 
    0xD6, 0xDB, 0xDB, 0x32, 0x44, 0x59, 0x00, 0x20, 0x49, 0x02, 0x28, 0x4D, 
    0x00, 0x27, 0x4C, 0x00, 0x27, 0x4C, 0x00, 0x27, 0x4C, 0x00, 0x27, 0x4C, 
    0x00, 0x27, 0x4C, 0x00, 0x27, 0x4C, 0x00, 0x27, 0x4C, 0x00, 0x27, 0x4C, 
    0x00, 0x27, 0x4C, 0x00, 0x27, 0x4C, 0x00, 0x27, 0x4C, 0x00, 0x27, 0x4C, 
    0x00, 0x27, 0x4C, 0x00, 0x27, 0x4C, 0x00, 0x27, 0x4C, 0x00, 0x27, 0x4C, 
    0x00, 0x27, 0x4C, 0x00, 0x27, 0x4C, 0x00, 0x27, 0x4C, 0x03, 0x2A, 0x4E, 
    0x00, 0x1A, 0x41, 0x49, 0x79, 0xA3, 0xFF, 0xFF, 0xFF, 0xFB, 0xFB, 0xFB, 
    0xFE, 0xFE, 0xFE, 0xFC, 0xFE, 0xFE, 0xFF, 0xFF, 0xFF, 0xB2, 0xB0, 0xB1, 
    0x33, 0x44, 0x5C, 0x00, 0x1E, 0x42, 0x00, 0x18, 0x40, 0x00, 0x1A, 0x42, 
    0x00, 0x1D, 0x44, 0x00, 0x1F, 0x45, 0x00, 0x1E, 0x45, 0x00, 0x1D, 0x44, 
    0x00, 0x1A, 0x42, 0x00, 0x17, 0x3F, 0x00, 0x19, 0x41, 0x00, 0x26, 0x4D, 
    0x2D, 0x4D, 0x70, 0x86, 0xA4, 0xBD, 0xD0, 0xC8, 0xC4, 0x09, 0x28, 0x46, 
    0x00, 0x26, 0x4D, 0x01, 0x27, 0x4C, 0x00, 0x27, 0x4C, 0x00, 0x27, 0x4C, 
    0x00, 0x27, 0x4C, 0x00, 0x27, 0x4C, 0x00, 0x27, 0x4C, 0x04, 0x29, 0x4D, 
    0x00, 0x1B, 0x47, 0x92, 0xBE, 0xDB, 0xFF, 0xFF, 0xFF, 0xFE, 0xFD, 0xFD, 
    0xFC, 0xFC, 0xFD, 0xED, 0xE0, 0xD7, 0x17, 0x2F, 0x49, 0x00, 0x25, 0x4D, 
    0x01, 0x28, 0x4C, 0x00, 0x27, 0x4C, 0x00, 0x27, 0x4C, 0x00, 0x27, 0x4C, 
    0x00, 0x27, 0x4C, 0x00, 0x27, 0x4C, 0x00, 0x27, 0x4C, 0x00, 0x27, 0x4C, 
    0x00, 0x27, 0x4C, 0x00, 0x27, 0x4C, 0x00, 0x28, 0x4D, 0x01, 0x28, 0x4C, 
    0x00, 0x1C, 0x42, 0x00, 0x17, 0x3F, 0x00, 0x1A, 0x42, 0x00, 0x26, 0x4C, 
    0x01, 0x28, 0x4D, 0x00, 0x27, 0x4C, 0x00, 0x27, 0x4C, 0x00, 0x27, 0x4C, 
    0x00, 0x27, 0x4C, 0x00, 0x27, 0x4C, 0x00, 0x27, 0x4C, 0x00, 0x27, 0x4C, 
    0x00, 0x27, 0x4C, 0x00, 0x27, 0x4C, 0x00, 0x27, 0x4C, 0x00, 0x27, 0x4C, 
    0x00, 0x27, 0x4C, 0x00, 0x27, 0x4C, 0x00, 0x27, 0x4C, 0x00, 0x27, 0x4C, 
    0x00, 0x27, 0x4C, 0x00, 0x27, 0x4C, 0x00, 0x27, 0x4C, 0x00, 0x27, 0x4C, 
    0x00, 0x27, 0x4C, 0x00, 0x27, 0x4C, 0x00, 0x27, 0x4C, 0x00, 0x27, 0x4C, 
    0x00, 0x27, 0x4C, 0x00, 0x27, 0x4C, 0x00, 0x27, 0x4C, 0x00, 0x27, 0x4C, 
    0x00, 0x27, 0x4C, 0x00, 0x27, 0x4C, 0x00, 0x27, 0x4C, 0x00, 0x27, 0x4C, 
    0x00, 0x27, 0x4C, 0x04, 0x2B, 0x4E, 0x00, 0x17, 0x45, 0x80, 0xA7, 0xC9, 
    0xFF, 0xFF, 0xFF, 0xFA, 0xFA, 0xFB, 0xFF, 0xFF, 0xFF, 0xF9, 0xEB, 0xE0, 
    0x22, 0x32, 0x4E, 0x00, 0x24, 0x4B, 0x02, 0x28, 0x4C, 0x00, 0x27, 0x4C, 
    0x00, 0x27, 0x4C, 0x00, 0x27, 0x4C, 0x00, 0x27, 0x4C, 0x00, 0x27, 0x4C, 
    0x00, 0x27, 0x4C, 0x00, 0x27, 0x4C, 0x00, 0x27, 0x4C, 0x00, 0x27, 0x4C, 
    0x00, 0x27, 0x4C, 0x00, 0x27, 0x4C, 0x00, 0x27, 0x4C, 0x00, 0x27, 0x4C, 
    0x00, 0x27, 0x4C, 0x00, 0x27, 0x4C, 0x00, 0x27, 0x4C, 0x00, 0x27, 0x4C, 
    0x00, 0x27, 0x4C, 0x00, 0x27, 0x4C, 0x00, 0x27, 0x4C, 0x00, 0x27, 0x4C, 
    0x00, 0x27, 0x4C, 0x00, 0x27, 0x4C, 0x00, 0x27, 0x4C, 0x00, 0x27, 0x4C, 
    0x00, 0x27, 0x4C, 0x00, 0x27, 0x4C, 0x00, 0x27, 0x4C, 0x00, 0x27, 0x4C, 
    0x00, 0x27, 0x4C, 0x00, 0x27, 0x4C, 0x00, 0x27, 0x4C, 0x00, 0x27, 0x4C, 
    0x00, 0x27, 0x4C, 0x00, 0x27, 0x4C, 0x00, 0x27, 0x4C, 0x00, 0x27, 0x4C, 
    0x00, 0x27, 0x4C, 0x00, 0x27, 0x4C, 0x00, 0x27, 0x4C, 0x00, 0x27, 0x4C, 
    0x00, 0x27, 0x4C, 0x00, 0x27, 0x4C, 0x00, 0x27, 0x4C, 0x00, 0x27, 0x4C, 
    0x00, 0x27, 0x4C, 0x00, 0x27, 0x4C, 0x00, 0x27, 0x4C, 0x00, 0x27, 0x4C, 
    0x00, 0x27, 0x4C, 0x00, 0x27, 0x4C, 0x00, 0x27, 0x4C, 0x00, 0x27, 0x4C, 
    0x00, 0x27, 0x4C, 0x00, 0x27, 0x4C, 0x00, 0x27, 0x4C, 0x00, 0x27, 0x4C, 
    0x00, 0x27, 0x4C, 0x00, 0x27, 0x4C, 0x00, 0x27, 0x4C, 0x00, 0x27, 0x4C, 
    0x00, 0x27, 0x4C, 0x00, 0x27, 0x4C, 0x00, 0x27, 0x4C, 0x00, 0x27, 0x4C, 
    0x00, 0x27, 0x4C, 0x00, 0x27, 0x4C, 0x00, 0x27, 0x4C, 0x00, 0x27, 0x4C, 
    0x00, 0x27, 0x4C, 0x00, 0x27, 0x4C, 0x00, 0x27, 0x4C, 0x00, 0x27, 0x4C, 
    0x00, 0x27, 0x4C, 0x00, 0x27, 0x4C, 0x00, 0x27, 0x4C, 0x00, 0x27, 0x4C, 
    0x00, 0x27, 0x4C, 0x00, 0x27, 0x4C, 0x00, 0x27, 0x4C, 0x00, 0x27, 0x4C, 
    0x00, 0x27, 0x4C, 0x00, 0x27, 0x4C, 0x00, 0x27, 0x4C, 0x00, 0x27, 0x4C, 
    0x00, 0x27, 0x4C, 0x00, 0x27, 0x4C, 0x00, 0x27, 0x4C, 0x00, 0x27, 0x4C, 
    0x00, 0x27, 0x4C, 0x00, 0x27, 0x4C, 0x00, 0x27, 0x4C, 0x00, 0x27, 0x4C, 
    0x00, 0x27, 0x4C, 0x00, 0x27, 0x4C, 0x00, 0x27, 0x4C, 0x00, 0x27, 0x4C, 
    0x00, 0x27, 0x4C, 0x00, 0x27, 0x4C, 0x00, 0x27, 0x4C, 0x00, 0x27, 0x4C, 
    0x00, 0x27, 0x4C, 0x00, 0x27, 0x4C, 0x00, 0x27, 0x4C, 0x00, 0x27, 0x4C, 
    0x00, 0x27, 0x4C, 0x00, 0x27, 0x4C, 0x00, 0x27, 0x4C, 0x00, 0x27, 0x4C, 
    0x00, 0x27, 0x4C, 0x00, 0x27, 0x4C, 0x00, 0x27, 0x4C, 0x00, 0x27, 0x4C, 
    0x00, 0x27, 0x4C, 0x00, 0x27, 0x4C, 0x00, 0x27, 0x4C, 0x02, 0x29, 0x4B, 
    0x00, 0x20, 0x4F, 0x30, 0x46, 0x3F, 0xFF, 0xCF, 0x03, 0xFE, 0xCA, 0x05, 
    0xFF, 0xCB, 0x05, 0xFF, 0xCB, 0x05, 0xFF, 0xCB, 0x05, 0xFF, 0xCB, 0x05, 
    0xFF, 0xCB, 0x05, 0xFF, 0xCB, 0x05, 0xFF, 0xCB, 0x05, 0xFF, 0xCB, 0x05, 
    0xFF, 0xCB, 0x05, 0xFF, 0xCB, 0x05, 0xFF, 0xCB, 0x05, 0xFF, 0xCB, 0x05, 
    0xFF, 0xCB, 0x05, 0xFF, 0xCB, 0x05, 0xFF, 0xCB, 0x05, 0xFF, 0xCB, 0x05, 
    0xFF, 0xCB, 0x05, 0xFF, 0xCB, 0x05, 0xFF, 0xCB, 0x05, 0xFF, 0xCB, 0x05, 
    0xFF, 0xCB, 0x05, 0xFF, 0xCB, 0x05, 0xFF, 0xCB, 0x05, 0xFF, 0xCB, 0x05, 
    0xFF, 0xCB, 0x05, 0xFF, 0xCB, 0x05, 0xFF, 0xCB, 0x05, 0xFF, 0xCB, 0x05, 
    0xFF, 0xCB, 0x05, 0xFF, 0xCB, 0x05, 0xFF, 0xCB, 0x05, 0xFF, 0xCB, 0x05, 
    0xFA, 0xC8, 0x06, 0xFF, 0xD4, 0x00, 0x82, 0x7A, 0x27, 0x00, 0x1D, 0x51, 
    0x04, 0x2A, 0x4B, 0x00, 0x27, 0x4C, 0x00, 0x27, 0x4C, 0x04, 0x2A, 0x4B, 
    0x00, 0x1D, 0x50, 0x81, 0x78, 0x26, 0xFF, 0xD4, 0x00, 0xFA, 0xC9, 0x06, 
    0xFE, 0xCB, 0x05, 0xFF, 0xCB, 0x05, 0xFF, 0xCB, 0x05, 0xFF, 0xCB, 0x05, 
    0xFF, 0xCB, 0x05, 0xFF, 0xCB, 0x05, 0xFF, 0xCB, 0x05, 0xFF, 0xCB, 0x05, 
    0xFF, 0xCB, 0x05, 0xFF, 0xCB, 0x05, 0xFF, 0xCB, 0x05, 0xFF, 0xCB, 0x05, 
    0xFF, 0xCB, 0x05, 0xFF, 0xCB, 0x05, 0xFF, 0xCB, 0x05, 0xFF, 0xCB, 0x05, 
    0xFF, 0xCB, 0x05, 0xFF, 0xCB, 0x05, 0xFF, 0xCB, 0x05, 0xFF, 0xCB, 0x05, 
    0xFF, 0xCB, 0x05, 0xFF, 0xCB, 0x05, 0xFF, 0xCB, 0x05, 0xFF, 0xCB, 0x05, 
    0xFF, 0xCB, 0x05, 0xFF, 0xCB, 0x05, 0xFF, 0xCB, 0x05, 0xFF, 0xCB, 0x05, 
    0xFF, 0xCB, 0x05, 0xFF, 0xCB, 0x05, 0xFF, 0xCB, 0x05, 0xFF, 0xCB, 0x05, 
    0xFE, 0xCB, 0x05, 0xFF, 0xCE, 0x04, 0x2C, 0x44, 0x40, 0x00, 0x20, 0x4F, 
    0x02, 0x28, 0x4B, 0x00, 0x27, 0x4C, 0x00, 0x27, 0x4C, 0x00, 0x27, 0x4C, 
    0x00, 0x27, 0x4C, 0x00, 0x27, 0x4C, 0x00, 0x27, 0x4C, 0x00, 0x27, 0x4C, 
    0x00, 0x27, 0x4C, 0x00, 0x27, 0x4C, 0x00, 0x27, 0x4C, 0x00, 0x27, 0x4C, 
    0x00, 0x27, 0x4C, 0x00, 0x27, 0x4C, 0x02, 0x28, 0x4D, 0x00, 0x1F, 0x45, 
    0x29, 0x4A, 0x69, 0x3C, 0x5A, 0x76, 0x00, 0x1D, 0x43, 0x02, 0x29, 0x4E, 
    0x00, 0x27, 0x4C, 0x00, 0x27, 0x4C, 0x00, 0x27, 0x4C, 0x00, 0x27, 0x4C, 
    0x00, 0x27, 0x4C, 0x00, 0x27, 0x4C, 0x00, 0x27, 0x4C, 0x00, 0x27, 0x4C, 
    0x00, 0x27, 0x4C, 0x00, 0x27, 0x4C, 0x00, 0x27, 0x4C, 0x00, 0x27, 0x4C, 
    0x00, 0x27, 0x4C, 0x00, 0x27, 0x4C, 0x00, 0x27, 0x4C, 0x00, 0x27, 0x4C, 
    0x00, 0x27, 0x4C, 0x00, 0x27, 0x4C, 0x00, 0x27, 0x4C, 0x00, 0x27, 0x4C, 
    0x00, 0x27, 0x4C, 0x03, 0x29, 0x4B, 0x00, 0x1C, 0x4D, 0xA4, 0xC6, 0xE0, 
    0xFF, 0xFF, 0xFF, 0xFB, 0xFB, 0xFC, 0xFF, 0xFF, 0xFF, 0xF2, 0xE6, 0xDB, 
    0x1F, 0x31, 0x4B, 0x03, 0x27, 0x4E, 0x05, 0x2A, 0x4E, 0x03, 0x29, 0x4E, 
    0x03, 0x29, 0x4E, 0x03, 0x29, 0x4E, 0x03, 0x29, 0x4E, 0x03, 0x29, 0x4E, 
    0x03, 0x29, 0x4E, 0x03, 0x29, 0x4E, 0x03, 0x29, 0x4E, 0x03, 0x29, 0x4E, 
    0x03, 0x29, 0x4E, 0x03, 0x29, 0x4E, 0x03, 0x29, 0x4E, 0x02, 0x28, 0x4D, 
    0x00, 0x27, 0x4C, 0x00, 0x27, 0x4C, 0x00, 0x27, 0x4C, 0x00, 0x27, 0x4C, 
    0x00, 0x27, 0x4C, 0x00, 0x27, 0x4D, 0x03, 0x29, 0x4B, 0x00, 0x1E, 0x50, 
    0xAB, 0xCC, 0xE3, 0xFF, 0xFF, 0xFF, 0xFA, 0xFB, 0xFC, 0xFF, 0xFF, 0xFF, 
    0xEE, 0xE1, 0xD6, 0x1A, 0x2E, 0x49, 0x03, 0x28, 0x4F, 0x04, 0x2A, 0x4E, 
    0x03, 0x29, 0x4E, 0x03, 0x29, 0x4E, 0x03, 0x29, 0x4E, 0x03, 0x29, 0x4E, 
    0x03, 0x29, 0x4E, 0x03, 0x29, 0x4E, 0x03, 0x29, 0x4E, 0x03, 0x29, 0x4E, 
    0x03, 0x29, 0x4E, 0x03, 0x29, 0x4E, 0x03, 0x29, 0x4E, 0x03, 0x29, 0x4E, 
    0x02, 0x28, 0x4D, 0x00, 0x27, 0x4C, 0x00, 0x27, 0x4C, 0x00, 0x27, 0x4C, 
    0x00, 0x27, 0x4C, 0x00, 0x27, 0x4C, 0x00, 0x27, 0x4C, 0x00, 0x27, 0x4C, 
    0x00, 0x27, 0x4D, 0x04, 0x28, 0x4B, 0x00, 0x1C, 0x48, 0x84, 0xAA, 0xC9, 
    0xFF, 0xFF, 0xFF, 0xFC, 0xFB, 0xFC, 0xFD, 0xFE, 0xFE, 0xFC, 0xFC, 0xFE, 
    0xFF, 0xFF, 0xFF, 0xCF, 0xCA, 0xC7, 0x42, 0x50, 0x66, 0x00, 0x1A, 0x41, 
    0x00, 0x1C, 0x45, 0x00, 0x26, 0x4C, 0x03, 0x2A, 0x4F, 0x04, 0x2B, 0x4F, 
    0x03, 0x2A, 0x4E, 0x03, 0x29, 0x4E, 0x02, 0x29, 0x4E, 0x02, 0x29, 0x4E, 
    0x03, 0x29, 0x4E, 0x03, 0x2A, 0x4E, 0x04, 0x2B, 0x4F, 0x03, 0x2A, 0x4E, 
    0x00, 0x27, 0x4C, 0x00, 0x1F, 0x45, 0x00, 0x17, 0x3E, 0x03, 0x2E, 0x55, 
    0x14, 0x35, 0x55, 0x00, 0x25, 0x4A, 0x00, 0x27, 0x4C, 0x00, 0x27, 0x4C, 
    0x00, 0x27, 0x4C, 0x03, 0x29, 0x4C, 0x00, 0x1D, 0x49, 0x9C, 0xC2, 0xDE, 
    0xFF, 0xFF, 0xFF, 0xFB, 0xFC, 0xFD, 0xFD, 0xFD, 0xFD, 0xFF, 0xFF, 0xFF, 
    0xC2, 0xBB, 0xB5, 0x10, 0x24, 0x41, 0x00, 0x1C, 0x45, 0x01, 0x28, 0x4E, 
    0x04, 0x2A, 0x4F, 0x04, 0x2A, 0x4F, 0x03, 0x29, 0x4E, 0x02, 0x29, 0x4E, 
    0x02, 0x29, 0x4E, 0x02, 0x29, 0x4E, 0x03, 0x2A, 0x4E, 0x04, 0x2A, 0x4F, 
    0x04, 0x2A, 0x4F, 0x01, 0x28, 0x4D, 0x00, 0x21, 0x46, 0x00, 0x17, 0x40, 
    0x09, 0x31, 0x56, 0x0B, 0x2E, 0x51, 0x00, 0x25, 0x4B, 0x00, 0x27, 0x4C, 
    0x00, 0x27, 0x4C, 0x00, 0x27, 0x4C, 0x00, 0x27, 0x4C, 0x00, 0x27, 0x4C, 
    0x00, 0x27, 0x4C, 0x00, 0x27, 0x4C, 0x00, 0x27, 0x4C, 0x00, 0x27, 0x4C, 
    0x00, 0x27, 0x4C, 0x00, 0x27, 0x4C, 0x00, 0x27, 0x4C, 0x00, 0x27, 0x4C, 
    0x00, 0x27, 0x4C, 0x00, 0x27, 0x4C, 0x00, 0x27, 0x4C, 0x00, 0x27, 0x4C, 
    0x00, 0x27, 0x4C, 0x00, 0x27, 0x4C, 0x00, 0x28, 0x4D, 0x01, 0x24, 0x47, 
    0x05, 0x32, 0x60, 0xD5, 0xEC, 0xFA, 0xFF, 0xFE, 0xFD, 0xFC, 0xFD, 0xFE, 
    0xFD, 0xFD, 0xFD, 0xFF, 0xFF, 0xFE, 0x92, 0x91, 0x90, 0x00, 0x17, 0x3B, 
    0x00, 0x20, 0x49, 0x02, 0x29, 0x4E, 0x04, 0x2B, 0x4F, 0x04, 0x2A, 0x4E, 
    0x03, 0x29, 0x4E, 0x02, 0x29, 0x4E, 0x02, 0x29, 0x4E, 0x03, 0x29, 0x4E, 
    0x03, 0x2A, 0x4E, 0x04, 0x2B, 0x4F, 0x03, 0x2A, 0x4E, 0x00, 0x27, 0x4C, 
    0x00, 0x1E, 0x43, 0x00, 0x1A, 0x43, 0x11, 0x36, 0x59, 0x04, 0x29, 0x4D, 
    0x00, 0x26, 0x4C, 0x00, 0x27, 0x4C, 0x00, 0x27, 0x4C, 0x00, 0x27, 0x4C, 
    0x00, 0x27, 0x4C, 0x00, 0x27, 0x4C, 0x00, 0x27, 0x4C, 0x04, 0x29, 0x4D, 
    0x00, 0x1C, 0x47, 0x87, 0xB2, 0xD0, 0xFC, 0xFC, 0xFD, 0xF9, 0xF9, 0xFA, 
    0xFF, 0xFF, 0xFF, 0xF1, 0xE3, 0xD9, 0x17, 0x2F, 0x49, 0x00, 0x25, 0x4D, 
    0x01, 0x28, 0x4C, 0x00, 0x27, 0x4C, 0x00, 0x27, 0x4C, 0x00, 0x27, 0x4C, 
    0x00, 0x27, 0x4C, 0x00, 0x27, 0x4C, 0x00, 0x27, 0x4C, 0x00, 0x27, 0x4C, 
    0x00, 0x27, 0x4C, 0x00, 0x27, 0x4C, 0x00, 0x27, 0x4C, 0x00, 0x27, 0x4C, 
    0x03, 0x2A, 0x4E, 0x04, 0x2B, 0x4F, 0x04, 0x2A, 0x4E, 0x01, 0x28, 0x4C, 
    0x00, 0x27, 0x4C, 0x00, 0x27, 0x4C, 0x00, 0x27, 0x4C, 0x00, 0x27, 0x4C, 
    0x00, 0x27, 0x4C, 0x00, 0x27, 0x4C, 0x00, 0x27, 0x4C, 0x00, 0x27, 0x4C, 
    0x00, 0x27, 0x4C, 0x00, 0x27, 0x4C, 0x00, 0x27, 0x4C, 0x00, 0x27, 0x4C, 
    0x00, 0x27, 0x4C, 0x00, 0x27, 0x4C, 0x00, 0x27, 0x4C, 0x00, 0x27, 0x4C, 
    0x00, 0x27, 0x4C, 0x00, 0x27, 0x4C, 0x00, 0x27, 0x4C, 0x00, 0x27, 0x4C, 
    0x00, 0x27, 0x4C, 0x00, 0x27, 0x4C, 0x00, 0x27, 0x4C, 0x00, 0x27, 0x4C, 
    0x00, 0x27, 0x4C, 0x00, 0x27, 0x4C, 0x00, 0x27, 0x4C, 0x00, 0x27, 0x4C, 
    0x00, 0x27, 0x4C, 0x00, 0x27, 0x4C, 0x00, 0x27, 0x4C, 0x00, 0x27, 0x4C, 
    0x00, 0x27, 0x4C, 0x04, 0x2B, 0x4E, 0x00, 0x17, 0x45, 0x80, 0xA7, 0xC9, 
    0xFF, 0xFF, 0xFF, 0xFA, 0xFA, 0xFB, 0xFF, 0xFF, 0xFF, 0xF9, 0xEB, 0xE0, 
    0x22, 0x32, 0x4E, 0x00, 0x24, 0x4B, 0x02, 0x28, 0x4C, 0x00, 0x27, 0x4C, 
    0x00, 0x27, 0x4C, 0x00, 0x27, 0x4C, 0x00, 0x27, 0x4C, 0x00, 0x27, 0x4C, 
    0x00, 0x27, 0x4C, 0x00, 0x27, 0x4C, 0x00, 0x27, 0x4C, 0x00, 0x27, 0x4C, 
    0x00, 0x27, 0x4C, 0x00, 0x27, 0x4C, 0x00, 0x27, 0x4C, 0x00, 0x27, 0x4C, 
    0x00, 0x27, 0x4C, 0x00, 0x27, 0x4C, 0x00, 0x27, 0x4C, 0x00, 0x27, 0x4C, 
    0x00, 0x27, 0x4C, 0x00, 0x27, 0x4C, 0x00, 0x27, 0x4C, 0x00, 0x27, 0x4C, 
    0x00, 0x27, 0x4C, 0x00, 0x27, 0x4C, 0x00, 0x27, 0x4C, 0x00, 0x27, 0x4C, 
    0x00, 0x27, 0x4C, 0x00, 0x27, 0x4C, 0x00, 0x27, 0x4C, 0x00, 0x27, 0x4C, 
    0x00, 0x27, 0x4C, 0x00, 0x27, 0x4C, 0x00, 0x27, 0x4C, 0x00, 0x27, 0x4C, 
    0x00, 0x27, 0x4C, 0x00, 0x27, 0x4C, 0x00, 0x27, 0x4C, 0x00, 0x27, 0x4C, 
    0x00, 0x27, 0x4C, 0x00, 0x27, 0x4C, 0x00, 0x27, 0x4C, 0x00, 0x27, 0x4C, 
    0x00, 0x27, 0x4C, 0x00, 0x27, 0x4C, 0x00, 0x27, 0x4C, 0x00, 0x27, 0x4C, 
    0x00, 0x27, 0x4C, 0x00, 0x27, 0x4C, 0x00, 0x27, 0x4C, 0x00, 0x27, 0x4C, 
    0x00, 0x27, 0x4C, 0x00, 0x27, 0x4C, 0x00, 0x27, 0x4C, 0x00, 0x27, 0x4C, 
    0x00, 0x27, 0x4C, 0x00, 0x27, 0x4C, 0x00, 0x27, 0x4C, 0x00, 0x27, 0x4C, 
    0x00, 0x27, 0x4C, 0x00, 0x27, 0x4C, 0x00, 0x27, 0x4C, 0x00, 0x27, 0x4C, 
    0x00, 0x27, 0x4C, 0x00, 0x27, 0x4C, 0x00, 0x27, 0x4C, 0x00, 0x27, 0x4C, 
    0x00, 0x27, 0x4C, 0x00, 0x27, 0x4C, 0x00, 0x27, 0x4C, 0x00, 0x27, 0x4C, 
    0x00, 0x27, 0x4C, 0x00, 0x27, 0x4C, 0x00, 0x27, 0x4C, 0x00, 0x27, 0x4C, 
    0x00, 0x27, 0x4C, 0x00, 0x27, 0x4C, 0x00, 0x27, 0x4C, 0x00, 0x27, 0x4C, 
    0x00, 0x27, 0x4C, 0x00, 0x27, 0x4C, 0x00, 0x27, 0x4C, 0x00, 0x27, 0x4C, 
    0x00, 0x27, 0x4C, 0x00, 0x27, 0x4C, 0x00, 0x27, 0x4C, 0x00, 0x27, 0x4C, 
    0x00, 0x27, 0x4C, 0x00, 0x27, 0x4C, 0x00, 0x27, 0x4C, 0x00, 0x27, 0x4C, 
    0x00, 0x27, 0x4C, 0x00, 0x27, 0x4C, 0x00, 0x27, 0x4C, 0x00, 0x27, 0x4C, 
    0x00, 0x27, 0x4C, 0x00, 0x27, 0x4C, 0x00, 0x27, 0x4C, 0x00, 0x27, 0x4C, 
    0x00, 0x27, 0x4C, 0x00, 0x27, 0x4C, 0x00, 0x27, 0x4C, 0x00, 0x27, 0x4C, 
    0x00, 0x27, 0x4C, 0x00, 0x27, 0x4C, 0x00, 0x27, 0x4C, 0x00, 0x27, 0x4C, 
    0x00, 0x27, 0x4C, 0x00, 0x27, 0x4C, 0x00, 0x27, 0x4C, 0x00, 0x27, 0x4C, 
    0x00, 0x27, 0x4C, 0x00, 0x27, 0x4C, 0x00, 0x27, 0x4C, 0x00, 0x27, 0x4C, 
    0x00, 0x27, 0x4C, 0x00, 0x27, 0x4C, 0x00, 0x27, 0x4C, 0x02, 0x29, 0x4B, 
    0x00, 0x20, 0x4F, 0x30, 0x46, 0x3F, 0xFF, 0xCF, 0x03, 0xFE, 0xCA, 0x05, 
    0xFF, 0xCB, 0x05, 0xFF, 0xCB, 0x05, 0xFF, 0xCB, 0x05, 0xFF, 0xCB, 0x05, 
    0xFF, 0xCB, 0x05, 0xFF, 0xCB, 0x05, 0xFF, 0xCB, 0x05, 0xFF, 0xCB, 0x05, 
    0xFF, 0xCB, 0x05, 0xFF, 0xCB, 0x05, 0xFF, 0xCB, 0x05, 0xFF, 0xCB, 0x05, 
    0xFF, 0xCB, 0x05, 0xFF, 0xCB, 0x05, 0xFF, 0xCB, 0x05, 0xFF, 0xCB, 0x05, 
    0xFF, 0xCB, 0x05, 0xFF, 0xCB, 0x05, 0xFF, 0xCB, 0x05, 0xFF, 0xCB, 0x05, 
    0xFF, 0xCB, 0x05, 0xFF, 0xCB, 0x05, 0xFF, 0xCB, 0x05, 0xFF, 0xCB, 0x05, 
    0xFF, 0xCB, 0x05, 0xFF, 0xCB, 0x05, 0xFF, 0xCB, 0x05, 0xFF, 0xCB, 0x05, 
    0xFF, 0xCB, 0x05, 0xFF, 0xCB, 0x05, 0xFF, 0xCB, 0x05, 0xFF, 0xCB, 0x05, 
    0xFE, 0xCA, 0x05, 0xFC, 0xCA, 0x06, 0xFF, 0xD6, 0x00, 0x53, 0x5B, 0x35, 
    0x00, 0x1A, 0x52, 0x03, 0x2A, 0x4B, 0x03, 0x2A, 0x4B, 0x00, 0x1A, 0x52, 
    0x4D, 0x56, 0x34, 0xFF, 0xD5, 0x00, 0xFC, 0xCB, 0x06, 0xFE, 0xCA, 0x05, 
    0xFF, 0xCB, 0x05, 0xFF, 0xCB, 0x05, 0xFF, 0xCB, 0x05, 0xFF, 0xCB, 0x05, 
    0xFF, 0xCB, 0x05, 0xFF, 0xCB, 0x05, 0xFF, 0xCB, 0x05, 0xFF, 0xCB, 0x05, 
    0xFF, 0xCB, 0x05, 0xFF, 0xCB, 0x05, 0xFF, 0xCB, 0x05, 0xFF, 0xCB, 0x05, 
    0xFF, 0xCB, 0x05, 0xFF, 0xCB, 0x05, 0xFF, 0xCB, 0x05, 0xFF, 0xCB, 0x05, 
    0xFF, 0xCB, 0x05, 0xFF, 0xCB, 0x05, 0xFF, 0xCB, 0x05, 0xFF, 0xCB, 0x05, 
    0xFF, 0xCB, 0x05, 0xFF, 0xCB, 0x05, 0xFF, 0xCB, 0x05, 0xFF, 0xCB, 0x05, 
    0xFF, 0xCB, 0x05, 0xFF, 0xCB, 0x05, 0xFF, 0xCB, 0x05, 0xFF, 0xCB, 0x05, 
    0xFF, 0xCB, 0x05, 0xFF, 0xCB, 0x05, 0xFF, 0xCB, 0x05, 0xFF, 0xCB, 0x05, 
    0xFE, 0xCB, 0x05, 0xFF, 0xCE, 0x04, 0x2C, 0x44, 0x40, 0x00, 0x20, 0x4F, 
    0x02, 0x28, 0x4B, 0x00, 0x27, 0x4C, 0x00, 0x27, 0x4C, 0x00, 0x27, 0x4C, 
    0x00, 0x27, 0x4C, 0x00, 0x27, 0x4C, 0x00, 0x27, 0x4C, 0x00, 0x27, 0x4C, 
    0x00, 0x27, 0x4C, 0x00, 0x27, 0x4C, 0x00, 0x27, 0x4C, 0x00, 0x27, 0x4C, 
    0x00, 0x27, 0x4C, 0x00, 0x27, 0x4C, 0x02, 0x28, 0x4D, 0x00, 0x1F, 0x45, 
    0x29, 0x4A, 0x69, 0x3C, 0x5A, 0x76, 0x00, 0x1D, 0x43, 0x02, 0x29, 0x4E, 
    0x00, 0x27, 0x4C, 0x00, 0x27, 0x4C, 0x00, 0x27, 0x4C, 0x00, 0x27, 0x4C, 
    0x00, 0x27, 0x4C, 0x00, 0x27, 0x4C, 0x00, 0x27, 0x4C, 0x00, 0x27, 0x4C, 
    0x00, 0x27, 0x4C, 0x00, 0x27, 0x4C, 0x00, 0x27, 0x4C, 0x00, 0x27, 0x4C, 
    0x00, 0x27, 0x4C, 0x00, 0x27, 0x4C, 0x00, 0x27, 0x4C, 0x00, 0x27, 0x4C, 
    0x00, 0x27, 0x4C, 0x00, 0x27, 0x4C, 0x00, 0x27, 0x4C, 0x00, 0x27, 0x4C, 
    0x00, 0x27, 0x4C, 0x03, 0x29, 0x4B, 0x00, 0x1C, 0x4D, 0xA4, 0xC6, 0xE0, 
    0xFF, 0xFF, 0xFF, 0xFB, 0xFB, 0xFC, 0xFF, 0xFF, 0xFF, 0xF2, 0xE6, 0xDB, 
    0x1D, 0x2F, 0x49, 0x00, 0x25, 0x4C, 0x02, 0x28, 0x4C, 0x00, 0x27, 0x4C, 
    0x00, 0x27, 0x4C, 0x00, 0x27, 0x4C, 0x00, 0x27, 0x4C, 0x00, 0x27, 0x4C, 
    0x00, 0x27, 0x4C, 0x00, 0x27, 0x4C, 0x00, 0x27, 0x4C, 0x00, 0x27, 0x4C, 
    0x00, 0x27, 0x4C, 0x00, 0x27, 0x4C, 0x00, 0x27, 0x4C, 0x00, 0x27, 0x4C, 
    0x00, 0x27, 0x4C, 0x00, 0x27, 0x4C, 0x00, 0x27, 0x4C, 0x00, 0x27, 0x4C, 
    0x00, 0x27, 0x4C, 0x00, 0x27, 0x4D, 0x03, 0x29, 0x4B, 0x00, 0x1E, 0x50, 
    0xAB, 0xCC, 0xE3, 0xFF, 0xFF, 0xFF, 0xFA, 0xFB, 0xFC, 0xFF, 0xFF, 0xFF, 
    0xEE, 0xE1, 0xD6, 0x18, 0x2C, 0x47, 0x00, 0x26, 0x4D, 0x01, 0x28, 0x4C, 
    0x00, 0x27, 0x4C, 0x00, 0x27, 0x4C, 0x00, 0x27, 0x4C, 0x00, 0x27, 0x4C, 
    0x00, 0x27, 0x4C, 0x00, 0x27, 0x4C, 0x00, 0x27, 0x4C, 0x00, 0x27, 0x4C, 
    0x00, 0x27, 0x4C, 0x00, 0x27, 0x4C, 0x00, 0x27, 0x4C, 0x00, 0x27, 0x4C, 
    0x00, 0x27, 0x4C, 0x00, 0x27, 0x4C, 0x00, 0x27, 0x4C, 0x00, 0x27, 0x4C, 
    0x00, 0x27, 0x4C, 0x00, 0x27, 0x4C, 0x00, 0x27, 0x4C, 0x00, 0x27, 0x4C, 
    0x03, 0x2A, 0x4E, 0x00, 0x18, 0x42, 0x69, 0x95, 0xB8, 0xFF, 0xFF, 0xFF, 
    0xFB, 0xFB, 0xFC, 0xFE, 0xFE, 0xFE, 0xFC, 0xFD, 0xFD, 0xFF, 0xFF, 0xFF, 
    0xA0, 0x9E, 0x9E, 0x0A, 0x21, 0x43, 0x00, 0x1D, 0x46, 0x03, 0x2A, 0x4F, 
    0x03, 0x2A, 0x4E, 0x01, 0x27, 0x4C, 0x00, 0x27, 0x4C, 0x00, 0x27, 0x4C, 
    0x00, 0x27, 0x4C, 0x00, 0x27, 0x4C, 0x00, 0x27, 0x4C, 0x00, 0x27, 0x4C, 
    0x00, 0x27, 0x4C, 0x00, 0x27, 0x4C, 0x00, 0x27, 0x4C, 0x00, 0x27, 0x4C, 
    0x00, 0x27, 0x4C, 0x02, 0x29, 0x4E, 0x04, 0x2B, 0x4F, 0x00, 0x25, 0x4A, 
    0x00, 0x24, 0x4A, 0x00, 0x28, 0x4C, 0x00, 0x27, 0x4C, 0x00, 0x27, 0x4C, 
    0x01, 0x28, 0x4E, 0x00, 0x20, 0x44, 0x10, 0x42, 0x71, 0xEB, 0xF9, 0xFE, 
    0xFE, 0xFE, 0xFE, 0xFD, 0xFD, 0xFD, 0xFE, 0xFF, 0xFF, 0xF2, 0xE9, 0xE0, 
    0x1F, 0x32, 0x4A, 0x00, 0x21, 0x4B, 0x05, 0x2B, 0x4F, 0x00, 0x27, 0x4C, 
    0x00, 0x27, 0x4C, 0x00, 0x27, 0x4C, 0x00, 0x27, 0x4C, 0x00, 0x27, 0x4C, 
    0x00, 0x27, 0x4C, 0x00, 0x27, 0x4C, 0x00, 0x27, 0x4C, 0x00, 0x27, 0x4C, 
    0x00, 0x27, 0x4C, 0x00, 0x27, 0x4C, 0x02, 0x28, 0x4D, 0x04, 0x2B, 0x4F, 
    0x00, 0x25, 0x4A, 0x00, 0x25, 0x4B, 0x00, 0x27, 0x4C, 0x00, 0x27, 0x4C, 
    0x00, 0x27, 0x4C, 0x00, 0x27, 0x4C, 0x00, 0x27, 0x4C, 0x00, 0x27, 0x4C, 
    0x00, 0x27, 0x4C, 0x00, 0x27, 0x4C, 0x00, 0x27, 0x4C, 0x00, 0x27, 0x4C, 
    0x00, 0x27, 0x4C, 0x00, 0x27, 0x4C, 0x00, 0x27, 0x4C, 0x00, 0x27, 0x4C, 
    0x00, 0x27, 0x4C, 0x00, 0x27, 0x4C, 0x00, 0x27, 0x4C, 0x00, 0x27, 0x4C, 
    0x00, 0x27, 0x4C, 0x00, 0x27, 0x4C, 0x03, 0x2A, 0x4F, 0x00, 0x19, 0x40, 
    0x3B, 0x6E, 0x9A, 0xFF, 0xFF, 0xFF, 0xFD, 0xFD, 0xFC, 0xFC, 0xFC, 0xFD, 
    0xFF, 0xFF, 0xFF, 0xD0, 0xC3, 0xBC, 0x00, 0x1A, 0x3D, 0x02, 0x29, 0x50, 
    0x03, 0x2A, 0x4D, 0x00, 0x27, 0x4C, 0x00, 0x27, 0x4C, 0x00, 0x27, 0x4C, 
    0x00, 0x27, 0x4C, 0x00, 0x27, 0x4C, 0x00, 0x27, 0x4C, 0x00, 0x27, 0x4C, 
    0x00, 0x27, 0x4C, 0x00, 0x27, 0x4C, 0x00, 0x27, 0x4C, 0x00, 0x27, 0x4C, 
    0x02, 0x29, 0x4E, 0x04, 0x2A, 0x4E, 0x00, 0x24, 0x49, 0x00, 0x26, 0x4C, 
    0x00, 0x27, 0x4C, 0x00, 0x27, 0x4C, 0x00, 0x27, 0x4C, 0x00, 0x27, 0x4C, 
    0x00, 0x27, 0x4C, 0x00, 0x27, 0x4C, 0x00, 0x27, 0x4C, 0x04, 0x29, 0x4D, 
    0x00, 0x1C, 0x47, 0x89, 0xB4, 0xD2, 0xFF, 0xFF, 0xFF, 0xFA, 0xFA, 0xFB, 
    0xFF, 0xFF, 0xFF, 0xF1, 0xE3, 0xD9, 0x17, 0x2F, 0x49, 0x00, 0x25, 0x4D, 
    0x01, 0x28, 0x4C, 0x00, 0x27, 0x4C, 0x00, 0x27, 0x4C, 0x00, 0x27, 0x4C, 
    0x00, 0x27, 0x4C, 0x00, 0x27, 0x4C, 0x00, 0x27, 0x4C, 0x00, 0x27, 0x4C, 
    0x00, 0x27, 0x4C, 0x00, 0x27, 0x4C, 0x00, 0x27, 0x4C, 0x00, 0x27, 0x4C, 
    0x00, 0x27, 0x4C, 0x00, 0x27, 0x4C, 0x00, 0x27, 0x4C, 0x00, 0x27, 0x4C, 
    0x00, 0x27, 0x4C, 0x00, 0x27, 0x4C, 0x00, 0x27, 0x4C, 0x00, 0x27, 0x4C, 
    0x00, 0x27, 0x4C, 0x00, 0x27, 0x4C, 0x00, 0x27, 0x4C, 0x00, 0x27, 0x4C, 
    0x00, 0x27, 0x4C, 0x00, 0x27, 0x4C, 0x00, 0x27, 0x4C, 0x00, 0x27, 0x4C, 
    0x00, 0x27, 0x4C, 0x00, 0x27, 0x4C, 0x00, 0x27, 0x4C, 0x00, 0x27, 0x4C, 
    0x00, 0x27, 0x4C, 0x00, 0x27, 0x4C, 0x00, 0x27, 0x4C, 0x00, 0x27, 0x4C, 
    0x00, 0x27, 0x4C, 0x00, 0x27, 0x4C, 0x00, 0x27, 0x4C, 0x00, 0x27, 0x4C, 
    0x00, 0x27, 0x4C, 0x00, 0x27, 0x4C, 0x00, 0x27, 0x4C, 0x00, 0x27, 0x4C, 
    0x00, 0x27, 0x4C, 0x00, 0x27, 0x4C, 0x00, 0x27, 0x4C, 0x00, 0x27, 0x4C, 
    0x00, 0x27, 0x4C, 0x04, 0x2B, 0x4E, 0x00, 0x17, 0x45, 0x80, 0xA7, 0xC9, 
    0xFF, 0xFF, 0xFF, 0xFA, 0xFA, 0xFB, 0xFF, 0xFF, 0xFF, 0xF9, 0xEB, 0xE0, 
    0x22, 0x32, 0x4E, 0x00, 0x24, 0x4B, 0x02, 0x28, 0x4C, 0x00, 0x27, 0x4C, 
    0x00, 0x27, 0x4C, 0x00, 0x27, 0x4C, 0x00, 0x27, 0x4C, 0x00, 0x27, 0x4C, 
    0x00, 0x27, 0x4C, 0x00, 0x27, 0x4C, 0x00, 0x27, 0x4C, 0x00, 0x27, 0x4C, 
    0x00, 0x27, 0x4C, 0x00, 0x27, 0x4C, 0x00, 0x27, 0x4C, 0x00, 0x27, 0x4C, 
    0x00, 0x27, 0x4C, 0x00, 0x27, 0x4C, 0x00, 0x27, 0x4C, 0x00, 0x27, 0x4C, 
    0x00, 0x27, 0x4C, 0x00, 0x27, 0x4C, 0x00, 0x27, 0x4C, 0x00, 0x27, 0x4C, 
    0x00, 0x27, 0x4C, 0x00, 0x27, 0x4C, 0x00, 0x27, 0x4C, 0x00, 0x27, 0x4C, 
    0x00, 0x27, 0x4C, 0x00, 0x27, 0x4C, 0x00, 0x27, 0x4C, 0x00, 0x27, 0x4C, 
    0x00, 0x27, 0x4C, 0x00, 0x27, 0x4C, 0x00, 0x27, 0x4C, 0x00, 0x27, 0x4C, 
    0x00, 0x27, 0x4C, 0x00, 0x27, 0x4C, 0x00, 0x27, 0x4C, 0x00, 0x27, 0x4C, 
    0x00, 0x27, 0x4C, 0x00, 0x27, 0x4C, 0x00, 0x27, 0x4C, 0x00, 0x27, 0x4C, 
    0x00, 0x27, 0x4C, 0x00, 0x27, 0x4C, 0x00, 0x27, 0x4C, 0x00, 0x27, 0x4C, 
    0x00, 0x27, 0x4C, 0x00, 0x27, 0x4C, 0x00, 0x27, 0x4C, 0x00, 0x27, 0x4C, 
    0x00, 0x27, 0x4C, 0x00, 0x27, 0x4C, 0x00, 0x27, 0x4C, 0x00, 0x27, 0x4C, 
    0x00, 0x27, 0x4C, 0x00, 0x27, 0x4C, 0x00, 0x27, 0x4C, 0x00, 0x27, 0x4C, 
    0x00, 0x27, 0x4C, 0x00, 0x27, 0x4C, 0x00, 0x27, 0x4C, 0x00, 0x27, 0x4C, 
    0x00, 0x27, 0x4C, 0x00, 0x27, 0x4C, 0x00, 0x27, 0x4C, 0x00, 0x27, 0x4C, 
    0x00, 0x27, 0x4C, 0x00, 0x27, 0x4C, 0x00, 0x27, 0x4C, 0x00, 0x27, 0x4C, 
    0x00, 0x27, 0x4C, 0x00, 0x27, 0x4C, 0x00, 0x27, 0x4C, 0x00, 0x27, 0x4C, 
    0x00, 0x27, 0x4C, 0x00, 0x27, 0x4C, 0x00, 0x27, 0x4C, 0x00, 0x27, 0x4C, 
    0x00, 0x27, 0x4C, 0x00, 0x27, 0x4C, 0x00, 0x27, 0x4C, 0x00, 0x27, 0x4C, 
    0x00, 0x27, 0x4C, 0x00, 0x27, 0x4C, 0x00, 0x27, 0x4C, 0x00, 0x27, 0x4C, 
    0x00, 0x27, 0x4C, 0x00, 0x27, 0x4C, 0x00, 0x27, 0x4C, 0x00, 0x27, 0x4C, 
    0x00, 0x27, 0x4C, 0x00, 0x27, 0x4C, 0x00, 0x27, 0x4C, 0x00, 0x27, 0x4C, 
    0x00, 0x27, 0x4C, 0x00, 0x27, 0x4C, 0x00, 0x27, 0x4C, 0x00, 0x27, 0x4C, 
    0x00, 0x27, 0x4C, 0x00, 0x27, 0x4C, 0x00, 0x27, 0x4C, 0x00, 0x27, 0x4C, 
    0x00, 0x27, 0x4C, 0x00, 0x27, 0x4C, 0x00, 0x27, 0x4C, 0x00, 0x27, 0x4C, 
    0x00, 0x27, 0x4C, 0x00, 0x27, 0x4C, 0x00, 0x27, 0x4C, 0x00, 0x27, 0x4C, 
    0x00, 0x27, 0x4C, 0x00, 0x27, 0x4C, 0x00, 0x27, 0x4C, 0x00, 0x27, 0x4C, 
    0x00, 0x27, 0x4C, 0x00, 0x27, 0x4C, 0x00, 0x27, 0x4C, 0x02, 0x29, 0x4B, 
    0x00, 0x20, 0x4F, 0x30, 0x46, 0x3F, 0xFF, 0xCF, 0x03, 0xFE, 0xCA, 0x05, 
    0xFF, 0xCB, 0x05, 0xFF, 0xCB, 0x05, 0xFF, 0xCB, 0x05, 0xFF, 0xCB, 0x05, 
    0xFF, 0xCB, 0x05, 0xFF, 0xCB, 0x05, 0xFF, 0xCB, 0x05, 0xFF, 0xCB, 0x05, 
    0xFF, 0xCB, 0x05, 0xFF, 0xCB, 0x05, 0xFF, 0xCB, 0x05, 0xFF, 0xCB, 0x05, 
    0xFF, 0xCB, 0x05, 0xFF, 0xCB, 0x05, 0xFF, 0xCB, 0x05, 0xFF, 0xCB, 0x05, 
    0xFF, 0xCB, 0x05, 0xFF, 0xCB, 0x05, 0xFF, 0xCB, 0x05, 0xFF, 0xCB, 0x05, 
    0xFF, 0xCB, 0x05, 0xFF, 0xCB, 0x05, 0xFF, 0xCB, 0x05, 0xFF, 0xCB, 0x05, 
    0xFF, 0xCB, 0x05, 0xFF, 0xCB, 0x05, 0xFF, 0xCB, 0x05, 0xFF, 0xCB, 0x05, 
    0xFF, 0xCB, 0x05, 0xFF, 0xCB, 0x05, 0xFF, 0xCB, 0x05, 0xFF, 0xCB, 0x05, 
    0xFF, 0xCB, 0x05, 0xFD, 0xCA, 0x05, 0xFB, 0xCD, 0x04, 0xEC, 0xC4, 0x08, 
    0x31, 0x43, 0x3F, 0x03, 0x24, 0x4D, 0x03, 0x24, 0x4D, 0x2D, 0x3F, 0x3E, 
    0xE6, 0xBF, 0x07, 0xFC, 0xCE, 0x04, 0xFD, 0xC9, 0x05, 0xFF, 0xCB, 0x05, 
    0xFF, 0xCB, 0x05, 0xFF, 0xCB, 0x05, 0xFF, 0xCB, 0x05, 0xFF, 0xCB, 0x05, 
    0xFF, 0xCB, 0x05, 0xFF, 0xCB, 0x05, 0xFF, 0xCB, 0x05, 0xFF, 0xCB, 0x05, 
    0xFF, 0xCB, 0x05, 0xFF, 0xCB, 0x05, 0xFF, 0xCB, 0x05, 0xFF, 0xCB, 0x05, 
    0xFF, 0xCB, 0x05, 0xFF, 0xCB, 0x05, 0xFF, 0xCB, 0x05, 0xFF, 0xCB, 0x05, 
    0xFF, 0xCB, 0x05, 0xFF, 0xCB, 0x05, 0xFF, 0xCB, 0x05, 0xFF, 0xCB, 0x05, 
    0xFF, 0xCB, 0x05, 0xFF, 0xCB, 0x05, 0xFF, 0xCB, 0x05, 0xFF, 0xCB, 0x05, 
    0xFF, 0xCB, 0x05, 0xFF, 0xCB, 0x05, 0xFF, 0xCB, 0x05, 0xFF, 0xCB, 0x05, 
    0xFF, 0xCB, 0x05, 0xFF, 0xCB, 0x05, 0xFF, 0xCB, 0x05, 0xFF, 0xCB, 0x05, 
    0xFE, 0xCB, 0x05, 0xFF, 0xCE, 0x04, 0x2C, 0x44, 0x40, 0x00, 0x20, 0x4F, 
    0x02, 0x28, 0x4B, 0x00, 0x27, 0x4C, 0x00, 0x27, 0x4C, 0x00, 0x27, 0x4C, 
    0x00, 0x27, 0x4C, 0x00, 0x27, 0x4C, 0x00, 0x27, 0x4C, 0x00, 0x27, 0x4C, 
    0x00, 0x27, 0x4C, 0x00, 0x27, 0x4C, 0x00, 0x27, 0x4C, 0x00, 0x27, 0x4C, 
    0x00, 0x27, 0x4C, 0x00, 0x27, 0x4C, 0x02, 0x28, 0x4D, 0x00, 0x1F, 0x45, 
    0x29, 0x4A, 0x69, 0x3C, 0x5A, 0x76, 0x00, 0x1D, 0x43, 0x02, 0x29, 0x4E, 
    0x00, 0x27, 0x4C, 0x00, 0x27, 0x4C, 0x00, 0x27, 0x4C, 0x00, 0x27, 0x4C, 
    0x00, 0x27, 0x4C, 0x00, 0x27, 0x4C, 0x00, 0x27, 0x4C, 0x00, 0x27, 0x4C, 
    0x00, 0x27, 0x4C, 0x00, 0x27, 0x4C, 0x00, 0x27, 0x4C, 0x00, 0x27, 0x4C, 
    0x00, 0x27, 0x4C, 0x00, 0x27, 0x4C, 0x00, 0x27, 0x4C, 0x00, 0x27, 0x4C, 
    0x00, 0x27, 0x4C, 0x00, 0x27, 0x4C, 0x00, 0x27, 0x4C, 0x00, 0x27, 0x4C, 
    0x00, 0x27, 0x4C, 0x03, 0x29, 0x4B, 0x00, 0x1C, 0x4D, 0xA4, 0xC6, 0xE0, 
    0xFF, 0xFF, 0xFF, 0xFB, 0xFB, 0xFC, 0xFF, 0xFF, 0xFF, 0xF2, 0xE6, 0xDB, 
    0x1D, 0x2F, 0x49, 0x00, 0x25, 0x4C, 0x02, 0x28, 0x4C, 0x00, 0x27, 0x4C, 
    0x00, 0x27, 0x4C, 0x00, 0x27, 0x4C, 0x00, 0x27, 0x4C, 0x00, 0x27, 0x4C, 
    0x00, 0x27, 0x4C, 0x00, 0x27, 0x4C, 0x00, 0x27, 0x4C, 0x00, 0x27, 0x4C, 
    0x00, 0x27, 0x4C, 0x00, 0x27, 0x4C, 0x00, 0x27, 0x4C, 0x00, 0x27, 0x4C, 
    0x00, 0x27, 0x4C, 0x00, 0x27, 0x4C, 0x00, 0x27, 0x4C, 0x00, 0x27, 0x4C, 
    0x00, 0x27, 0x4C, 0x00, 0x27, 0x4D, 0x03, 0x29, 0x4B, 0x00, 0x1E, 0x50, 
    0xAB, 0xCC, 0xE3, 0xFF, 0xFF, 0xFF, 0xFA, 0xFB, 0xFC, 0xFF, 0xFF, 0xFF, 
    0xEE, 0xE1, 0xD6, 0x18, 0x2C, 0x47, 0x00, 0x26, 0x4D, 0x01, 0x28, 0x4C, 
    0x00, 0x27, 0x4C, 0x00, 0x27, 0x4C, 0x00, 0x27, 0x4C, 0x00, 0x27, 0x4C, 
    0x00, 0x27, 0x4C, 0x00, 0x27, 0x4C, 0x00, 0x27, 0x4C, 0x00, 0x27, 0x4C, 
    0x00, 0x27, 0x4C, 0x00, 0x27, 0x4C, 0x00, 0x27, 0x4C, 0x00, 0x27, 0x4C, 
    0x00, 0x27, 0x4C, 0x00, 0x27, 0x4C, 0x00, 0x27, 0x4C, 0x00, 0x27, 0x4C, 
    0x00, 0x27, 0x4C, 0x00, 0x27, 0x4C, 0x00, 0x27, 0x4C, 0x02, 0x2A, 0x4E, 
    0x00, 0x1C, 0x41, 0x33, 0x63, 0x8F, 0xFA, 0xFF, 0xFF, 0xFC, 0xFC, 0xFC, 
    0xFE, 0xFE, 0xFE, 0xFC, 0xFC, 0xFD, 0xFF, 0xFF, 0xFF, 0x93, 0x90, 0x90, 
    0x00, 0x17, 0x3D, 0x00, 0x27, 0x4E, 0x03, 0x2A, 0x4E, 0x00, 0x27, 0x4C, 
    0x00, 0x27, 0x4C, 0x00, 0x27, 0x4C, 0x00, 0x27, 0x4C, 0x00, 0x27, 0x4C, 
    0x00, 0x27, 0x4C, 0x00, 0x27, 0x4C, 0x00, 0x27, 0x4C, 0x00, 0x27, 0x4C, 
    0x00, 0x27, 0x4C, 0x00, 0x27, 0x4C, 0x00, 0x27, 0x4C, 0x00, 0x27, 0x4C, 
    0x00, 0x27, 0x4C, 0x00, 0x27, 0x4C, 0x00, 0x27, 0x4C, 0x01, 0x28, 0x4D, 
    0x01, 0x28, 0x4C, 0x00, 0x27, 0x4C, 0x00, 0x27, 0x4C, 0x00, 0x27, 0x4C, 
    0x03, 0x2A, 0x4F, 0x00, 0x1A, 0x40, 0x37, 0x6A, 0x96, 0xFF, 0xFF, 0xFF, 
    0xFE, 0xFD, 0xFC, 0xFB, 0xFC, 0xFC, 0xFF, 0xFF, 0xFF, 0xB4, 0xA8, 0xA2, 
    0x00, 0x19, 0x3F, 0x03, 0x2B, 0x50, 0x00, 0x27, 0x4C, 0x00, 0x27, 0x4C, 
    0x00, 0x27, 0x4C, 0x00, 0x27, 0x4C, 0x00, 0x27, 0x4C, 0x00, 0x27, 0x4C, 
    0x00, 0x27, 0x4C, 0x00, 0x27, 0x4C, 0x00, 0x27, 0x4C, 0x00, 0x27, 0x4C, 
    0x00, 0x27, 0x4C, 0x00, 0x27, 0x4C, 0x00, 0x27, 0x4C, 0x00, 0x27, 0x4C, 
    0x01, 0x28, 0x4D, 0x00, 0x27, 0x4C, 0x00, 0x27, 0x4C, 0x00, 0x27, 0x4C, 
    0x00, 0x27, 0x4C, 0x00, 0x27, 0x4C, 0x00, 0x27, 0x4C, 0x00, 0x27, 0x4C, 
    0x00, 0x27, 0x4C, 0x00, 0x27, 0x4C, 0x00, 0x27, 0x4C, 0x00, 0x27, 0x4C, 
    0x00, 0x27, 0x4C, 0x00, 0x27, 0x4C, 0x00, 0x27, 0x4C, 0x00, 0x27, 0x4C, 
    0x00, 0x27, 0x4C, 0x00, 0x27, 0x4C, 0x00, 0x27, 0x4C, 0x00, 0x27, 0x4C, 
    0x00, 0x27, 0x4C, 0x00, 0x27, 0x4C, 0x04, 0x2A, 0x4E, 0x00, 0x18, 0x42, 
    0x70, 0x9C, 0xC0, 0xFE, 0xFE, 0xFF, 0xFB, 0xFB, 0xFC, 0xFB, 0xFC, 0xFE, 
    0xFF, 0xFF, 0xFF, 0x77, 0x75, 0x79, 0x00, 0x1A, 0x44, 0x05, 0x2B, 0x4E, 
    0x00, 0x27, 0x4C, 0x00, 0x27, 0x4C, 0x00, 0x27, 0x4C, 0x00, 0x27, 0x4C, 
    0x00, 0x27, 0x4C, 0x00, 0x27, 0x4C, 0x00, 0x27, 0x4C, 0x00, 0x27, 0x4C, 
    0x00, 0x27, 0x4C, 0x00, 0x27, 0x4C, 0x00, 0x27, 0x4C, 0x00, 0x27, 0x4C, 
    0x00, 0x27, 0x4C, 0x00, 0x27, 0x4C, 0x01, 0x28, 0x4D, 0x00, 0x27, 0x4C, 
    0x00, 0x27, 0x4C, 0x00, 0x27, 0x4C, 0x00, 0x27, 0x4C, 0x00, 0x27, 0x4C, 
    0x01, 0x28, 0x4D, 0x01, 0x28, 0x4D, 0x01, 0x28, 0x4D, 0x05, 0x2A, 0x4E, 
    0x01, 0x1D, 0x48, 0x8A, 0xB4, 0xD2, 0xFF, 0xFF, 0xFF, 0xFA, 0xFA, 0xFB, 
    0xFF, 0xFF, 0xFF, 0xF1, 0xE3, 0xD9, 0x18, 0x30, 0x4A, 0x01, 0x26, 0x4E, 
    0x02, 0x29, 0x4D, 0x01, 0x28, 0x4D, 0x01, 0x28, 0x4D, 0x01, 0x28, 0x4D, 
    0x01, 0x28, 0x4D, 0x00, 0x27, 0x4C, 0x00, 0x27, 0x4C, 0x00, 0x27, 0x4C, 
    0x00, 0x27, 0x4C, 0x00, 0x27, 0x4C, 0x00, 0x27, 0x4C, 0x01, 0x28, 0x4D, 
    0x01, 0x28, 0x4D, 0x01, 0x28, 0x4D, 0x01, 0x28, 0x4D, 0x01, 0x28, 0x4D, 
    0x00, 0x27, 0x4C, 0x00, 0x27, 0x4C, 0x00, 0x27, 0x4C, 0x00, 0x27, 0x4C, 
    0x00, 0x27, 0x4C, 0x00, 0x27, 0x4C, 0x00, 0x27, 0x4C, 0x00, 0x27, 0x4C, 
    0x00, 0x27, 0x4C, 0x00, 0x27, 0x4C, 0x00, 0x27, 0x4C, 0x00, 0x27, 0x4C, 
    0x00, 0x27, 0x4C, 0x00, 0x27, 0x4C, 0x00, 0x27, 0x4C, 0x00, 0x27, 0x4C, 
    0x01, 0x28, 0x4D, 0x02, 0x29, 0x4E, 0x04, 0x2A, 0x4F, 0x04, 0x2A, 0x4F, 
    0x04, 0x2A, 0x4F, 0x04, 0x2A, 0x4F, 0x04, 0x2A, 0x4F, 0x04, 0x2A, 0x4F, 
    0x04, 0x2A, 0x4F, 0x04, 0x2A, 0x4E, 0x02, 0x29, 0x4D, 0x00, 0x27, 0x4C, 
    0x00, 0x27, 0x4C, 0x00, 0x27, 0x4C, 0x00, 0x27, 0x4C, 0x00, 0x27, 0x4C, 
    0x00, 0x27, 0x4C, 0x04, 0x2B, 0x4E, 0x00, 0x17, 0x45, 0x80, 0xA7, 0xC9, 
    0xFF, 0xFF, 0xFF, 0xFA, 0xFA, 0xFB, 0xFF, 0xFF, 0xFF, 0xF9, 0xEB, 0xE0, 
    0x22, 0x32, 0x4E, 0x00, 0x24, 0x4B, 0x02, 0x28, 0x4C, 0x00, 0x27, 0x4C, 
    0x00, 0x27, 0x4C, 0x00, 0x27, 0x4C, 0x00, 0x27, 0x4C, 0x00, 0x27, 0x4C, 
    0x00, 0x27, 0x4C, 0x00, 0x27, 0x4C, 0x00, 0x27, 0x4C, 0x00, 0x27, 0x4C, 
    0x01, 0x28, 0x4D, 0x01, 0x28, 0x4D, 0x01, 0x28, 0x4D, 0x01, 0x28, 0x4D, 
    0x01, 0x28, 0x4D, 0x01, 0x28, 0x4D, 0x00, 0x27, 0x4C, 0x00, 0x27, 0x4C, 
    0x00, 0x27, 0x4C, 0x00, 0x27, 0x4C, 0x00, 0x27, 0x4C, 0x00, 0x27, 0x4C, 
    0x00, 0x27, 0x4C, 0x00, 0x27, 0x4C, 0x00, 0x27, 0x4C, 0x00, 0x27, 0x4C, 
    0x00, 0x27, 0x4C, 0x00, 0x27, 0x4C, 0x01, 0x28, 0x4D, 0x03, 0x2A, 0x4E, 
    0x04, 0x2A, 0x4F, 0x04, 0x2A, 0x4F, 0x04, 0x2A, 0x4F, 0x04, 0x2A, 0x4F, 
    0x04, 0x2A, 0x4F, 0x04, 0x2A, 0x4F, 0x03, 0x29, 0x4E, 0x01, 0x28, 0x4C, 
    0x00, 0x27, 0x4C, 0x00, 0x27, 0x4C, 0x00, 0x27, 0x4C, 0x00, 0x27, 0x4C, 
    0x00, 0x27, 0x4C, 0x00, 0x27, 0x4C, 0x00, 0x27, 0x4C, 0x00, 0x27, 0x4C, 
    0x00, 0x27, 0x4C, 0x00, 0x27, 0x4C, 0x00, 0x27, 0x4C, 0x00, 0x27, 0x4C, 
    0x00, 0x27, 0x4C, 0x01, 0x28, 0x4D, 0x01, 0x28, 0x4D, 0x01, 0x28, 0x4D, 
    0x01, 0x28, 0x4D, 0x01, 0x28, 0x4D, 0x00, 0x27, 0x4C, 0x00, 0x27, 0x4C, 
    0x00, 0x27, 0x4C, 0x00, 0x27, 0x4C, 0x01, 0x28, 0x4D, 0x04, 0x2A, 0x4F, 
    0x04, 0x2A, 0x4F, 0x04, 0x2A, 0x4F, 0x04, 0x2A, 0x4F, 0x04, 0x2A, 0x4F, 
    0x01, 0x28, 0x4C, 0x00, 0x27, 0x4C, 0x00, 0x27, 0x4C, 0x00, 0x27, 0x4C, 
    0x00, 0x27, 0x4C, 0x00, 0x27, 0x4C, 0x00, 0x27, 0x4C, 0x00, 0x27, 0x4C, 
    0x00, 0x27, 0x4C, 0x01, 0x28, 0x4D, 0x03, 0x29, 0x4E, 0x04, 0x2A, 0x4F, 
    0x04, 0x2A, 0x4F, 0x04, 0x2A, 0x4F, 0x04, 0x2A, 0x4F, 0x04, 0x2A, 0x4F, 
    0x04, 0x2A, 0x4F, 0x04, 0x2A, 0x4F, 0x03, 0x29, 0x4E, 0x01, 0x28, 0x4D, 
    0x00, 0x27, 0x4C, 0x00, 0x27, 0x4C, 0x00, 0x27, 0x4C, 0x00, 0x27, 0x4C, 
    0x00, 0x27, 0x4C, 0x00, 0x27, 0x4C, 0x00, 0x27, 0x4C, 0x00, 0x27, 0x4C, 
    0x00, 0x27, 0x4C, 0x00, 0x27, 0x4C, 0x00, 0x27, 0x4C, 0x00, 0x27, 0x4C, 
    0x00, 0x27, 0x4C, 0x00, 0x27, 0x4C, 0x00, 0x27, 0x4C, 0x00, 0x27, 0x4C, 
    0x00, 0x27, 0x4C, 0x00, 0x27, 0x4C, 0x00, 0x27, 0x4C, 0x00, 0x27, 0x4C, 
    0x00, 0x27, 0x4C, 0x00, 0x27, 0x4C, 0x00, 0x27, 0x4C, 0x00, 0x27, 0x4C, 
    0x00, 0x27, 0x4C, 0x00, 0x27, 0x4C, 0x00, 0x27, 0x4C, 0x00, 0x27, 0x4C, 
    0x00, 0x27, 0x4C, 0x00, 0x27, 0x4C, 0x00, 0x27, 0x4C, 0x02, 0x29, 0x4B, 
    0x00, 0x20, 0x4F, 0x30, 0x46, 0x3F, 0xFF, 0xCF, 0x03, 0xFE, 0xCA, 0x05, 
    0xFF, 0xCB, 0x05, 0xFF, 0xCB, 0x05, 0xFF, 0xCB, 0x05, 0xFF, 0xCB, 0x05, 
    0xFF, 0xCB, 0x05, 0xFF, 0xCB, 0x05, 0xFF, 0xCB, 0x05, 0xFF, 0xCB, 0x05, 
    0xFF, 0xCB, 0x05, 0xFF, 0xCB, 0x05, 0xFF, 0xCB, 0x05, 0xFF, 0xCB, 0x05, 
    0xFF, 0xCB, 0x05, 0xFF, 0xCB, 0x05, 0xFF, 0xCB, 0x05, 0xFF, 0xCB, 0x05, 
    0xFF, 0xCB, 0x05, 0xFF, 0xCB, 0x05, 0xFF, 0xCB, 0x05, 0xFF, 0xCB, 0x05, 
    0xFF, 0xCB, 0x05, 0xFF, 0xCB, 0x05, 0xFF, 0xCB, 0x05, 0xFF, 0xCB, 0x05, 
    0xFF, 0xCB, 0x05, 0xFF, 0xCB, 0x05, 0xFF, 0xCB, 0x05, 0xFF, 0xCB, 0x05, 
    0xFF, 0xCB, 0x05, 0xFF, 0xCB, 0x05, 0xFF, 0xCB, 0x05, 0xFF, 0xCB, 0x05, 
    0xFF, 0xCB, 0x05, 0xFF, 0xCB, 0x05, 0xFB, 0xC8, 0x06, 0xFF, 0xD7, 0x02, 
    0xC5, 0xA2, 0x09, 0x00, 0x19, 0x4C, 0x00, 0x1C, 0x52, 0xC2, 0xA5, 0x14, 
    0xFF, 0xD6, 0x01, 0xFB, 0xC8, 0x06, 0xFF, 0xCB, 0x05, 0xFF, 0xCB, 0x05, 
    0xFF, 0xCB, 0x05, 0xFF, 0xCB, 0x05, 0xFF, 0xCB, 0x05, 0xFF, 0xCB, 0x05, 
    0xFF, 0xCB, 0x05, 0xFF, 0xCB, 0x05, 0xFF, 0xCB, 0x05, 0xFF, 0xCB, 0x05, 
    0xFF, 0xCB, 0x05, 0xFF, 0xCB, 0x05, 0xFF, 0xCB, 0x05, 0xFF, 0xCB, 0x05, 
    0xFF, 0xCB, 0x05, 0xFF, 0xCB, 0x05, 0xFF, 0xCB, 0x05, 0xFF, 0xCB, 0x05, 
    0xFF, 0xCB, 0x05, 0xFF, 0xCB, 0x05, 0xFF, 0xCB, 0x05, 0xFF, 0xCB, 0x05, 
    0xFF, 0xCB, 0x05, 0xFF, 0xCB, 0x05, 0xFF, 0xCB, 0x05, 0xFF, 0xCB, 0x05, 
    0xFF, 0xCB, 0x05, 0xFF, 0xCB, 0x05, 0xFF, 0xCB, 0x05, 0xFF, 0xCB, 0x05, 
    0xFF, 0xCB, 0x05, 0xFF, 0xCB, 0x05, 0xFF, 0xCB, 0x05, 0xFF, 0xCB, 0x05, 
    0xFE, 0xCB, 0x05, 0xFF, 0xCE, 0x04, 0x2C, 0x44, 0x40, 0x00, 0x20, 0x4F, 
    0x02, 0x28, 0x4B, 0x00, 0x27, 0x4C, 0x00, 0x27, 0x4C, 0x00, 0x27, 0x4C, 
    0x00, 0x27, 0x4C, 0x00, 0x27, 0x4C, 0x00, 0x27, 0x4C, 0x00, 0x27, 0x4C, 
    0x00, 0x27, 0x4C, 0x00, 0x27, 0x4C, 0x00, 0x27, 0x4C, 0x00, 0x27, 0x4C, 
    0x00, 0x27, 0x4C, 0x00, 0x27, 0x4C, 0x02, 0x28, 0x4D, 0x00, 0x1F, 0x45, 
    0x29, 0x4A, 0x69, 0x3C, 0x5A, 0x76, 0x00, 0x1D, 0x43, 0x02, 0x29, 0x4E, 
    0x00, 0x27, 0x4C, 0x00, 0x27, 0x4C, 0x00, 0x27, 0x4C, 0x00, 0x27, 0x4C, 
    0x00, 0x27, 0x4C, 0x00, 0x27, 0x4C, 0x00, 0x27, 0x4C, 0x00, 0x27, 0x4C, 
    0x00, 0x27, 0x4C, 0x00, 0x27, 0x4C, 0x00, 0x27, 0x4C, 0x00, 0x27, 0x4C, 
    0x00, 0x27, 0x4C, 0x00, 0x27, 0x4C, 0x00, 0x27, 0x4C, 0x00, 0x27, 0x4C, 
    0x00, 0x27, 0x4C, 0x00, 0x27, 0x4C, 0x00, 0x27, 0x4C, 0x00, 0x27, 0x4C, 
    0x00, 0x27, 0x4C, 0x03, 0x29, 0x4B, 0x00, 0x1C, 0x4D, 0xA4, 0xC6, 0xE0, 
    0xFF, 0xFF, 0xFF, 0xFB, 0xFB, 0xFC, 0xFF, 0xFF, 0xFF, 0xF2, 0xE6, 0xDB, 
    0x1D, 0x2F, 0x49, 0x00, 0x25, 0x4C, 0x02, 0x28, 0x4C, 0x00, 0x27, 0x4C, 
    0x00, 0x27, 0x4C, 0x00, 0x27, 0x4C, 0x00, 0x27, 0x4C, 0x00, 0x27, 0x4C, 
    0x00, 0x27, 0x4C, 0x00, 0x27, 0x4C, 0x00, 0x27, 0x4C, 0x00, 0x27, 0x4C, 
    0x00, 0x27, 0x4C, 0x00, 0x27, 0x4C, 0x00, 0x27, 0x4C, 0x00, 0x27, 0x4C, 
    0x00, 0x27, 0x4C, 0x00, 0x27, 0x4C, 0x00, 0x27, 0x4C, 0x00, 0x27, 0x4C, 
    0x00, 0x27, 0x4C, 0x00, 0x27, 0x4D, 0x03, 0x29, 0x4B, 0x00, 0x1E, 0x50, 
    0xAB, 0xCC, 0xE3, 0xFF, 0xFF, 0xFF, 0xFA, 0xFB, 0xFC, 0xFF, 0xFF, 0xFF, 
    0xEE, 0xE1, 0xD6, 0x18, 0x2C, 0x47, 0x00, 0x26, 0x4D, 0x01, 0x28, 0x4C, 
    0x00, 0x27, 0x4C, 0x00, 0x27, 0x4C, 0x00, 0x27, 0x4C, 0x00, 0x27, 0x4C, 
    0x00, 0x27, 0x4C, 0x00, 0x27, 0x4C, 0x00, 0x27, 0x4C, 0x00, 0x27, 0x4C, 
    0x00, 0x27, 0x4C, 0x00, 0x27, 0x4C, 0x00, 0x27, 0x4C, 0x00, 0x27, 0x4C, 
    0x00, 0x27, 0x4C, 0x00, 0x27, 0x4C, 0x00, 0x27, 0x4C, 0x00, 0x27, 0x4C, 
    0x00, 0x27, 0x4C, 0x00, 0x27, 0x4C, 0x01, 0x28, 0x4D, 0x02, 0x25, 0x48, 
    0x02, 0x2B, 0x5B, 0xCA, 0xE3, 0xF3, 0xFF, 0xFF, 0xFE, 0xFC, 0xFD, 0xFE, 
    0xFC, 0xFC, 0xFD, 0xFF, 0xFF, 0xFF, 0xAC, 0xA3, 0xA0, 0x00, 0x17, 0x3C, 
    0x03, 0x2A, 0x50, 0x02, 0x28, 0x4C, 0x00, 0x27, 0x4C, 0x00, 0x27, 0x4C, 
    0x00, 0x27, 0x4C, 0x00, 0x27, 0x4C, 0x00, 0x27, 0x4C, 0x00, 0x27, 0x4C, 
    0x00, 0x27, 0x4C, 0x00, 0x27, 0x4C, 0x00, 0x27, 0x4C, 0x00, 0x27, 0x4C, 
    0x00, 0x27, 0x4C, 0x00, 0x27, 0x4C, 0x00, 0x27, 0x4C, 0x00, 0x27, 0x4C, 
    0x00, 0x27, 0x4C, 0x00, 0x27, 0x4C, 0x00, 0x27, 0x4C, 0x00, 0x27, 0x4C, 
    0x00, 0x27, 0x4C, 0x00, 0x27, 0x4C, 0x00, 0x27, 0x4C, 0x00, 0x27, 0x4C, 
    0x03, 0x2A, 0x4F, 0x00, 0x19, 0x3F, 0x4D, 0x7F, 0xA6, 0xFF, 0xFF, 0xFF, 
    0xFC, 0xFC, 0xFC, 0xFB, 0xFC, 0xFC, 0xFF, 0xFF, 0xFF, 0x9C, 0x94, 0x91, 
    0x02, 0x1A, 0x40, 0x03, 0x2A, 0x4F, 0x00, 0x27, 0x4C, 0x00, 0x27, 0x4C, 
    0x00, 0x27, 0x4C, 0x00, 0x27, 0x4C, 0x00, 0x27, 0x4C, 0x00, 0x27, 0x4C, 
    0x00, 0x27, 0x4C, 0x00, 0x27, 0x4C, 0x00, 0x27, 0x4C, 0x00, 0x27, 0x4C, 
    0x00, 0x27, 0x4C, 0x00, 0x27, 0x4C, 0x00, 0x27, 0x4C, 0x00, 0x27, 0x4C, 
    0x00, 0x27, 0x4C, 0x00, 0x27, 0x4C, 0x00, 0x27, 0x4C, 0x00, 0x27, 0x4C, 
    0x00, 0x27, 0x4C, 0x00, 0x27, 0x4C, 0x00, 0x27, 0x4C, 0x00, 0x27, 0x4C, 
    0x00, 0x27, 0x4C, 0x00, 0x27, 0x4C, 0x00, 0x27, 0x4C, 0x00, 0x27, 0x4C, 
    0x00, 0x27, 0x4C, 0x00, 0x27, 0x4C, 0x00, 0x27, 0x4C, 0x00, 0x27, 0x4C, 
    0x00, 0x27, 0x4C, 0x00, 0x27, 0x4C, 0x00, 0x27, 0x4C, 0x00, 0x27, 0x4C, 
    0x00, 0x27, 0x4C, 0x00, 0x27, 0x4C, 0x04, 0x2A, 0x4E, 0x00, 0x1B, 0x44, 
    0x88, 0xB0, 0xCF, 0xFF, 0xFF, 0xFF, 0xFB, 0xFC, 0xFD, 0xFC, 0xFD, 0xFF, 
    0xFF, 0xFF, 0xFF, 0x62, 0x64, 0x6A, 0x01, 0x1C, 0x46, 0x04, 0x2A, 0x4E, 
    0x00, 0x27, 0x4C, 0x00, 0x27, 0x4C, 0x00, 0x27, 0x4C, 0x00, 0x27, 0x4C, 
    0x00, 0x27, 0x4C, 0x00, 0x27, 0x4C, 0x00, 0x27, 0x4C, 0x00, 0x27, 0x4C, 
    0x00, 0x27, 0x4C, 0x00, 0x27, 0x4C, 0x00, 0x27, 0x4C, 0x00, 0x27, 0x4C, 
    0x00, 0x27, 0x4C, 0x00, 0x27, 0x4C, 0x00, 0x27, 0x4C, 0x00, 0x27, 0x4C, 
    0x00, 0x27, 0x4C, 0x00, 0x27, 0x4C, 0x00, 0x27, 0x4C, 0x00, 0x27, 0x4C, 
    0x00, 0x24, 0x49, 0x00, 0x22, 0x48, 0x00, 0x22, 0x48, 0x00, 0x24, 0x49, 
    0x00, 0x16, 0x42, 0x86, 0xB2, 0xD1, 0xFF, 0xFF, 0xFF, 0xFA, 0xFA, 0xFB, 
    0xFF, 0xFF, 0xFF, 0xF1, 0xE2, 0xD8, 0x11, 0x2A, 0x45, 0x00, 0x20, 0x49, 
    0x00, 0x23, 0x48, 0x00, 0x22, 0x48, 0x00, 0x22, 0x48, 0x00, 0x22, 0x48, 
    0x00, 0x22, 0x48, 0x00, 0x26, 0x4C, 0x00, 0x27, 0x4C, 0x00, 0x27, 0x4C, 
    0x00, 0x27, 0x4C, 0x00, 0x27, 0x4C, 0x00, 0x27, 0x4C, 0x00, 0x23, 0x48, 
    0x00, 0x22, 0x48, 0x00, 0x22, 0x48, 0x00, 0x22, 0x48, 0x00, 0x23, 0x49, 
    0x00, 0x27, 0x4C, 0x00, 0x27, 0x4C, 0x00, 0x27, 0x4C, 0x00, 0x27, 0x4C, 
    0x00, 0x27, 0x4C, 0x00, 0x27, 0x4C, 0x00, 0x27, 0x4C, 0x00, 0x27, 0x4C, 
    0x00, 0x27, 0x4C, 0x00, 0x27, 0x4C, 0x00, 0x27, 0x4C, 0x00, 0x27, 0x4C, 
    0x00, 0x27, 0x4C, 0x00, 0x27, 0x4C, 0x02, 0x29, 0x4E, 0x04, 0x2A, 0x4F, 
    0x00, 0x26, 0x4A, 0x00, 0x1E, 0x45, 0x00, 0x19, 0x40, 0x00, 0x19, 0x40, 
    0x00, 0x19, 0x40, 0x00, 0x18, 0x40, 0x00, 0x18, 0x40, 0x00, 0x19, 0x40, 
    0x00, 0x19, 0x40, 0x00, 0x19, 0x41, 0x00, 0x20, 0x48, 0x00, 0x28, 0x4D, 
    0x02, 0x29, 0x4D, 0x00, 0x27, 0x4C, 0x00, 0x27, 0x4C, 0x00, 0x27, 0x4C, 
    0x00, 0x27, 0x4C, 0x04, 0x2B, 0x4E, 0x00, 0x17, 0x45, 0x80, 0xA7, 0xC9, 
    0xFF, 0xFF, 0xFF, 0xFA, 0xFA, 0xFB, 0xFF, 0xFF, 0xFF, 0xF9, 0xEB, 0xE0, 
    0x22, 0x32, 0x4E, 0x00, 0x24, 0x4B, 0x02, 0x28, 0x4C, 0x00, 0x27, 0x4C, 
    0x00, 0x27, 0x4C, 0x00, 0x27, 0x4C, 0x00, 0x27, 0x4C, 0x00, 0x27, 0x4C, 
    0x00, 0x27, 0x4C, 0x00, 0x27, 0x4C, 0x00, 0x28, 0x4D, 0x02, 0x29, 0x4C, 
    0x00, 0x22, 0x48, 0x00, 0x22, 0x48, 0x00, 0x22, 0x48, 0x00, 0x22, 0x48, 
    0x00, 0x21, 0x47, 0x00, 0x20, 0x47, 0x00, 0x27, 0x4C, 0x00, 0x27, 0x4C, 
    0x00, 0x27, 0x4C, 0x00, 0x27, 0x4C, 0x00, 0x27, 0x4C, 0x00, 0x27, 0x4C, 
    0x00, 0x27, 0x4C, 0x00, 0x27, 0x4C, 0x00, 0x27, 0x4C, 0x00, 0x27, 0x4C, 
    0x02, 0x29, 0x4E, 0x03, 0x2A, 0x4E, 0x00, 0x24, 0x48, 0x00, 0x1B, 0x42, 
    0x00, 0x19, 0x40, 0x00, 0x19, 0x40, 0x00, 0x18, 0x40, 0x00, 0x18, 0x40, 
    0x00, 0x19, 0x40, 0x00, 0x19, 0x40, 0x00, 0x1C, 0x44, 0x00, 0x25, 0x4B, 
    0x03, 0x2A, 0x4F, 0x02, 0x28, 0x4D, 0x00, 0x27, 0x4C, 0x00, 0x27, 0x4C, 
    0x00, 0x27, 0x4C, 0x00, 0x27, 0x4C, 0x00, 0x27, 0x4C, 0x00, 0x27, 0x4C, 
    0x00, 0x27, 0x4C, 0x00, 0x27, 0x4C, 0x00, 0x27, 0x4C, 0x00, 0x27, 0x4C, 
    0x00, 0x27, 0x4C, 0x00, 0x24, 0x49, 0x00, 0x22, 0x48, 0x00, 0x22, 0x48, 
    0x00, 0x22, 0x48, 0x00, 0x22, 0x49, 0x00, 0x27, 0x4C, 0x00, 0x27, 0x4C, 
    0x00, 0x27, 0x4D, 0x03, 0x2A, 0x4E, 0x00, 0x22, 0x47, 0x00, 0x19, 0x40, 
    0x00, 0x19, 0x40, 0x00, 0x19, 0x40, 0x00, 0x19, 0x40, 0x00, 0x19, 0x40, 
    0x00, 0x24, 0x4B, 0x00, 0x28, 0x4C, 0x00, 0x27, 0x4C, 0x00, 0x27, 0x4C, 
    0x00, 0x27, 0x4C, 0x00, 0x27, 0x4C, 0x00, 0x27, 0x4C, 0x02, 0x29, 0x4E, 
    0x03, 0x2A, 0x4E, 0x00, 0x24, 0x49, 0x00, 0x1D, 0x43, 0x00, 0x19, 0x40, 
    0x00, 0x19, 0x40, 0x00, 0x18, 0x40, 0x00, 0x18, 0x40, 0x00, 0x18, 0x40, 
    0x00, 0x19, 0x40, 0x00, 0x19, 0x40, 0x00, 0x1C, 0x44, 0x00, 0x24, 0x4A, 
    0x02, 0x29, 0x4E, 0x00, 0x27, 0x4C, 0x00, 0x27, 0x4C, 0x00, 0x27, 0x4C, 
    0x00, 0x27, 0x4C, 0x00, 0x27, 0x4C, 0x00, 0x27, 0x4C, 0x00, 0x27, 0x4C, 
    0x00, 0x27, 0x4C, 0x00, 0x27, 0x4C, 0x00, 0x27, 0x4C, 0x00, 0x27, 0x4C, 
    0x00, 0x27, 0x4C, 0x00, 0x27, 0x4C, 0x00, 0x27, 0x4C, 0x00, 0x27, 0x4C, 
    0x00, 0x27, 0x4C, 0x00, 0x27, 0x4C, 0x00, 0x27, 0x4C, 0x00, 0x27, 0x4C, 
    0x00, 0x27, 0x4C, 0x00, 0x27, 0x4C, 0x00, 0x27, 0x4C, 0x00, 0x27, 0x4C, 
    0x00, 0x27, 0x4C, 0x00, 0x27, 0x4C, 0x00, 0x27, 0x4C, 0x00, 0x27, 0x4C, 
    0x00, 0x27, 0x4C, 0x00, 0x27, 0x4C, 0x00, 0x27, 0x4C, 0x02, 0x29, 0x4B, 
    0x00, 0x20, 0x4F, 0x30, 0x46, 0x3F, 0xFF, 0xCF, 0x03, 0xFE, 0xCA, 0x05, 
    0xFF, 0xCB, 0x05, 0xFF, 0xCB, 0x05, 0xFF, 0xCB, 0x05, 0xFF, 0xCB, 0x05, 
    0xFF, 0xCB, 0x05, 0xFF, 0xCB, 0x05, 0xFF, 0xCB, 0x05, 0xFF, 0xCB, 0x05, 
    0xFF, 0xCB, 0x05, 0xFF, 0xCB, 0x05, 0xFF, 0xCB, 0x05, 0xFF, 0xCB, 0x05, 
    0xFF, 0xCB, 0x05, 0xFF, 0xCB, 0x05, 0xFF, 0xCB, 0x05, 0xFF, 0xCB, 0x05, 
    0xFF, 0xCB, 0x05, 0xFF, 0xCB, 0x05, 0xFF, 0xCB, 0x05, 0xFF, 0xCB, 0x05, 
    0xFF, 0xCB, 0x05, 0xFF, 0xCB, 0x05, 0xFF, 0xCB, 0x05, 0xFF, 0xCB, 0x05, 
    0xFF, 0xCB, 0x05, 0xFF, 0xCB, 0x05, 0xFF, 0xCB, 0x05, 0xFF, 0xCB, 0x05, 
    0xFF, 0xCB, 0x05, 0xFF, 0xCB, 0x05, 0xFF, 0xCB, 0x05, 0xFF, 0xCB, 0x05, 
    0xFF, 0xCB, 0x05, 0xFF, 0xCB, 0x05, 0xFF, 0xCB, 0x05, 0xFD, 0xCA, 0x06, 
    0xFF, 0xCE, 0x04, 0xB8, 0x9E, 0x19, 0xB9, 0x9F, 0x18, 0xFF, 0xCF, 0x04, 
    0xFD, 0xC9, 0x06, 0xFF, 0xCB, 0x05, 0xFF, 0xCB, 0x05, 0xFF, 0xCB, 0x05, 
    0xFF, 0xCB, 0x05, 0xFF, 0xCB, 0x05, 0xFF, 0xCB, 0x05, 0xFF, 0xCB, 0x05, 
    0xFF, 0xCB, 0x05, 0xFF, 0xCB, 0x05, 0xFF, 0xCB, 0x05, 0xFF, 0xCB, 0x05, 
    0xFF, 0xCB, 0x05, 0xFF, 0xCB, 0x05, 0xFF, 0xCB, 0x05, 0xFF, 0xCB, 0x05, 
    0xFF, 0xCB, 0x05, 0xFF, 0xCB, 0x05, 0xFF, 0xCB, 0x05, 0xFF, 0xCB, 0x05, 
    0xFF, 0xCB, 0x05, 0xFF, 0xCB, 0x05, 0xFF, 0xCB, 0x05, 0xFF, 0xCB, 0x05, 
    0xFF, 0xCB, 0x05, 0xFF, 0xCB, 0x05, 0xFF, 0xCB, 0x05, 0xFF, 0xCB, 0x05, 
    0xFF, 0xCB, 0x05, 0xFF, 0xCB, 0x05, 0xFF, 0xCB, 0x05, 0xFF, 0xCB, 0x05, 
    0xFF, 0xCB, 0x05, 0xFF, 0xCB, 0x05, 0xFF, 0xCB, 0x05, 0xFF, 0xCB, 0x05, 
    0xFE, 0xCB, 0x05, 0xFF, 0xCE, 0x04, 0x2C, 0x44, 0x40, 0x00, 0x20, 0x4F, 
    0x02, 0x28, 0x4B, 0x00, 0x27, 0x4C, 0x00, 0x27, 0x4C, 0x00, 0x27, 0x4C, 
    0x00, 0x27, 0x4C, 0x00, 0x27, 0x4C, 0x00, 0x27, 0x4C, 0x00, 0x27, 0x4C, 
    0x00, 0x27, 0x4C, 0x00, 0x27, 0x4C, 0x00, 0x27, 0x4C, 0x00, 0x27, 0x4C, 
    0x00, 0x27, 0x4C, 0x00, 0x27, 0x4C, 0x02, 0x28, 0x4D, 0x00, 0x1F, 0x45, 
    0x29, 0x4A, 0x69, 0x3C, 0x5A, 0x76, 0x00, 0x1D, 0x43, 0x02, 0x29, 0x4E, 
    0x00, 0x27, 0x4C, 0x00, 0x27, 0x4C, 0x00, 0x27, 0x4C, 0x00, 0x27, 0x4C, 
    0x00, 0x27, 0x4C, 0x00, 0x27, 0x4C, 0x00, 0x27, 0x4C, 0x00, 0x27, 0x4C, 
    0x00, 0x27, 0x4C, 0x00, 0x27, 0x4C, 0x00, 0x27, 0x4C, 0x00, 0x27, 0x4C, 
    0x00, 0x27, 0x4C, 0x00, 0x27, 0x4C, 0x00, 0x27, 0x4C, 0x00, 0x27, 0x4C, 
    0x00, 0x27, 0x4C, 0x00, 0x27, 0x4C, 0x00, 0x27, 0x4C, 0x00, 0x27, 0x4C, 
    0x00, 0x27, 0x4C, 0x03, 0x29, 0x4B, 0x00, 0x1C, 0x4D, 0xA4, 0xC6, 0xE0, 
    0xFF, 0xFF, 0xFF, 0xFB, 0xFB, 0xFC, 0xFF, 0xFF, 0xFF, 0xF2, 0xE6, 0xDB, 
    0x1D, 0x2F, 0x49, 0x00, 0x25, 0x4C, 0x02, 0x28, 0x4C, 0x00, 0x27, 0x4C, 
    0x00, 0x27, 0x4C, 0x00, 0x27, 0x4C, 0x00, 0x27, 0x4C, 0x00, 0x27, 0x4C, 
    0x00, 0x27, 0x4C, 0x00, 0x27, 0x4C, 0x00, 0x27, 0x4C, 0x00, 0x27, 0x4C, 
    0x00, 0x27, 0x4C, 0x00, 0x27, 0x4C, 0x00, 0x27, 0x4C, 0x00, 0x27, 0x4C, 
    0x00, 0x27, 0x4C, 0x00, 0x27, 0x4C, 0x00, 0x27, 0x4C, 0x00, 0x27, 0x4C, 
    0x00, 0x27, 0x4C, 0x00, 0x27, 0x4D, 0x03, 0x29, 0x4B, 0x00, 0x1E, 0x50, 
    0xAB, 0xCC, 0xE3, 0xFF, 0xFF, 0xFF, 0xFA, 0xFB, 0xFC, 0xFF, 0xFF, 0xFF, 
    0xEE, 0xE1, 0xD6, 0x18, 0x2C, 0x47, 0x00, 0x26, 0x4D, 0x01, 0x28, 0x4C, 
    0x00, 0x27, 0x4C, 0x00, 0x27, 0x4C, 0x00, 0x27, 0x4C, 0x00, 0x27, 0x4C, 
    0x00, 0x27, 0x4C, 0x00, 0x27, 0x4C, 0x00, 0x27, 0x4C, 0x00, 0x27, 0x4C, 
    0x00, 0x27, 0x4C, 0x00, 0x27, 0x4C, 0x00, 0x27, 0x4C, 0x00, 0x27, 0x4C, 
    0x00, 0x27, 0x4C, 0x00, 0x27, 0x4C, 0x00, 0x27, 0x4C, 0x00, 0x27, 0x4C, 
    0x00, 0x27, 0x4C, 0x00, 0x27, 0x4C, 0x04, 0x2B, 0x4F, 0x00, 0x18, 0x40, 
    0x5C, 0x8A, 0xB2, 0xFF, 0xFF, 0xFF, 0xFC, 0xFC, 0xFC, 0xFD, 0xFD, 0xFD, 
    0xFE, 0xFF, 0xFF, 0xE1, 0xD4, 0xCC, 0x10, 0x25, 0x43, 0x02, 0x26, 0x4E, 
    0x02, 0x28, 0x4C, 0x00, 0x27, 0x4C, 0x00, 0x27, 0x4C, 0x00, 0x27, 0x4C, 
    0x00, 0x27, 0x4C, 0x00, 0x27, 0x4C, 0x00, 0x27, 0x4C, 0x00, 0x27, 0x4C, 
    0x00, 0x27, 0x4C, 0x00, 0x27, 0x4C, 0x00, 0x27, 0x4C, 0x00, 0x27, 0x4C, 
    0x00, 0x27, 0x4C, 0x00, 0x27, 0x4C, 0x00, 0x27, 0x4C, 0x00, 0x27, 0x4C, 
    0x00, 0x27, 0x4C, 0x00, 0x27, 0x4C, 0x00, 0x27, 0x4C, 0x00, 0x27, 0x4C, 
    0x00, 0x27, 0x4C, 0x00, 0x27, 0x4C, 0x00, 0x27, 0x4C, 0x00, 0x27, 0x4C, 
    0x03, 0x2A, 0x4F, 0x00, 0x19, 0x3F, 0x4B, 0x7E, 0xA5, 0xFF, 0xFE, 0xFF, 
    0xFC, 0xFC, 0xFC, 0xFB, 0xFC, 0xFC, 0xFF, 0xFF, 0xFF, 0xB2, 0xA6, 0xA1, 
    0x00, 0x19, 0x40, 0x03, 0x2B, 0x4F, 0x00, 0x27, 0x4C, 0x00, 0x27, 0x4C, 
    0x00, 0x27, 0x4C, 0x00, 0x27, 0x4C, 0x00, 0x27, 0x4C, 0x00, 0x27, 0x4C, 
    0x00, 0x27, 0x4C, 0x00, 0x27, 0x4C, 0x00, 0x27, 0x4C, 0x00, 0x27, 0x4C, 
    0x00, 0x27, 0x4C, 0x00, 0x27, 0x4C, 0x00, 0x27, 0x4C, 0x00, 0x27, 0x4C, 
    0x00, 0x27, 0x4C, 0x00, 0x27, 0x4C, 0x00, 0x27, 0x4C, 0x00, 0x27, 0x4C, 
    0x00, 0x27, 0x4C, 0x00, 0x27, 0x4C, 0x00, 0x27, 0x4C, 0x00, 0x27, 0x4C, 
    0x00, 0x27, 0x4C, 0x00, 0x27, 0x4C, 0x00, 0x27, 0x4C, 0x00, 0x27, 0x4C, 
    0x00, 0x27, 0x4C, 0x00, 0x27, 0x4C, 0x00, 0x27, 0x4C, 0x00, 0x27, 0x4C, 
    0x00, 0x27, 0x4C, 0x00, 0x27, 0x4C, 0x00, 0x27, 0x4C, 0x00, 0x27, 0x4C, 
    0x00, 0x27, 0x4C, 0x00, 0x27, 0x4C, 0x04, 0x2A, 0x4E, 0x00, 0x1B, 0x44, 
    0x86, 0xAF, 0xCE, 0xFF, 0xFF, 0xFF, 0xFB, 0xFC, 0xFD, 0xFB, 0xFC, 0xFE, 
    0xFF, 0xFF, 0xFF, 0x76, 0x73, 0x78, 0x01, 0x1A, 0x44, 0x04, 0x2A, 0x4E, 
    0x00, 0x27, 0x4C, 0x00, 0x27, 0x4C, 0x00, 0x27, 0x4C, 0x00, 0x27, 0x4C, 
    0x00, 0x27, 0x4C, 0x00, 0x27, 0x4C, 0x00, 0x27, 0x4C, 0x00, 0x27, 0x4C, 
    0x00, 0x27, 0x4C, 0x00, 0x27, 0x4C, 0x00, 0x27, 0x4C, 0x00, 0x27, 0x4C, 
    0x00, 0x27, 0x4C, 0x00, 0x27, 0x4C, 0x00, 0x27, 0x4C, 0x00, 0x27, 0x4C, 
    0x00, 0x27, 0x4C, 0x00, 0x27, 0x4C, 0x00, 0x27, 0x4C, 0x00, 0x26, 0x4B, 
    0x0B, 0x32, 0x57, 0x19, 0x3C, 0x5E, 0x19, 0x3C, 0x5E, 0x1D, 0x3E, 0x5F, 
    0x19, 0x32, 0x59, 0x95, 0xBB, 0xD6, 0xFF, 0xFF, 0xFF, 0xFA, 0xFA, 0xFB, 
    0xFF, 0xFF, 0xFF, 0xF2, 0xE6, 0xDD, 0x2E, 0x44, 0x5B, 0x19, 0x3B, 0x5F, 
    0x1A, 0x3D, 0x5E, 0x19, 0x3C, 0x5E, 0x19, 0x3C, 0x5E, 0x19, 0x3C, 0x5E, 
    0x19, 0x3C, 0x5D, 0x06, 0x2A, 0x4D, 0x00, 0x26, 0x4C, 0x00, 0x27, 0x4C, 
    0x00, 0x27, 0x4C, 0x00, 0x27, 0x4C, 0x00, 0x26, 0x4C, 0x0F, 0x36, 0x5A, 
    0x19, 0x3C, 0x5E, 0x19, 0x3C, 0x5D, 0x19, 0x3C, 0x5E, 0x17, 0x39, 0x59, 
    0x02, 0x27, 0x4B, 0x00, 0x27, 0x4C, 0x00, 0x27, 0x4C, 0x00, 0x27, 0x4C, 
    0x00, 0x27, 0x4C, 0x00, 0x27, 0x4C, 0x00, 0x27, 0x4C, 0x00, 0x27, 0x4C, 
    0x00, 0x27, 0x4C, 0x00, 0x27, 0x4C, 0x00, 0x27, 0x4C, 0x00, 0x27, 0x4C, 
    0x01, 0x28, 0x4D, 0x03, 0x2A, 0x4E, 0x00, 0x20, 0x45, 0x00, 0x18, 0x40, 
    0x02, 0x29, 0x51, 0x2D, 0x51, 0x6F, 0x5E, 0x76, 0x8E, 0x87, 0x97, 0xAB, 
    0x9C, 0xAE, 0xBB, 0xA4, 0xB3, 0xC0, 0xA5, 0xB3, 0xBE, 0x9D, 0xAB, 0xB8, 
    0x82, 0x91, 0x9C, 0x58, 0x6F, 0x81, 0x2A, 0x44, 0x5D, 0x00, 0x21, 0x45, 
    0x00, 0x1E, 0x46, 0x00, 0x28, 0x4D, 0x00, 0x27, 0x4C, 0x00, 0x27, 0x4C, 
    0x00, 0x27, 0x4C, 0x04, 0x2B, 0x4E, 0x00, 0x17, 0x45, 0x80, 0xA7, 0xC9, 
    0xFF, 0xFF, 0xFF, 0xFA, 0xFA, 0xFB, 0xFF, 0xFF, 0xFF, 0xF9, 0xEB, 0xE0, 
    0x22, 0x32, 0x4E, 0x00, 0x24, 0x4B, 0x02, 0x28, 0x4C, 0x00, 0x27, 0x4C, 
    0x00, 0x27, 0x4C, 0x00, 0x27, 0x4C, 0x00, 0x27, 0x4C, 0x00, 0x27, 0x4C, 
    0x00, 0x27, 0x4C, 0x00, 0x28, 0x4D, 0x02, 0x27, 0x4B, 0x00, 0x20, 0x49, 
    0x17, 0x3C, 0x5E, 0x19, 0x3C, 0x5E, 0x19, 0x3C, 0x5E, 0x19, 0x3C, 0x5D, 
    0x18, 0x3C, 0x5E, 0x22, 0x42, 0x61, 0x02, 0x27, 0x4B, 0x00, 0x27, 0x4C, 
    0x00, 0x27, 0x4C, 0x00, 0x27, 0x4C, 0x00, 0x27, 0x4C, 0x00, 0x27, 0x4C, 
    0x00, 0x27, 0x4C, 0x00, 0x27, 0x4C, 0x00, 0x28, 0x4D, 0x03, 0x2A, 0x4E, 
    0x00, 0x1F, 0x45, 0x00, 0x1A, 0x42, 0x0E, 0x34, 0x5D, 0x44, 0x65, 0x81, 
    0x6F, 0x8B, 0xA2, 0x9A, 0xA8, 0xBC, 0xA5, 0xB3, 0xC0, 0xA3, 0xB2, 0xBF, 
    0x9B, 0xA4, 0xB4, 0x74, 0x85, 0x93, 0x46, 0x5C, 0x73, 0x10, 0x2E, 0x4E, 
    0x00, 0x19, 0x40, 0x00, 0x23, 0x4A, 0x03, 0x2A, 0x4E, 0x00, 0x27, 0x4C, 
    0x00, 0x27, 0x4C, 0x00, 0x27, 0x4C, 0x00, 0x27, 0x4C, 0x00, 0x27, 0x4C, 
    0x00, 0x27, 0x4C, 0x00, 0x27, 0x4C, 0x00, 0x27, 0x4C, 0x00, 0x27, 0x4C, 
    0x00, 0x26, 0x4C, 0x0E, 0x35, 0x59, 0x19, 0x3C, 0x5E, 0x19, 0x3C, 0x5D, 
    0x19, 0x3C, 0x5E, 0x18, 0x3A, 0x5A, 0x02, 0x27, 0x4C, 0x00, 0x28, 0x4D, 
    0x02, 0x27, 0x4B, 0x00, 0x19, 0x41, 0x12, 0x3C, 0x61, 0x5F, 0x7A, 0x94, 
    0x97, 0xAC, 0xBA, 0xA4, 0xB2, 0xBF, 0xA2, 0xB0, 0xBC, 0x7F, 0x8B, 0x9B, 
    0x1B, 0x32, 0x52, 0x01, 0x24, 0x4B, 0x01, 0x28, 0x4C, 0x00, 0x27, 0x4C, 
    0x00, 0x27, 0x4C, 0x00, 0x28, 0x4D, 0x03, 0x2A, 0x4E, 0x00, 0x1E, 0x44, 
    0x00, 0x1A, 0x42, 0x0B, 0x31, 0x56, 0x3A, 0x58, 0x79, 0x67, 0x7F, 0x94, 
    0x8F, 0xA1, 0xB4, 0xA2, 0xB0, 0xC0, 0xA5, 0xB3, 0xC0, 0xA1, 0xB0, 0xBB, 
    0x91, 0x9E, 0xAE, 0x67, 0x7D, 0x93, 0x4A, 0x5A, 0x71, 0x16, 0x32, 0x53, 
    0x00, 0x1C, 0x44, 0x00, 0x27, 0x4C, 0x00, 0x27, 0x4C, 0x00, 0x27, 0x4C, 
    0x00, 0x27, 0x4C, 0x00, 0x27, 0x4C, 0x00, 0x27, 0x4C, 0x00, 0x27, 0x4C, 
    0x00, 0x27, 0x4C, 0x00, 0x27, 0x4C, 0x00, 0x27, 0x4C, 0x00, 0x27, 0x4C, 
    0x00, 0x27, 0x4C, 0x00, 0x27, 0x4C, 0x00, 0x27, 0x4C, 0x00, 0x27, 0x4C, 
    0x00, 0x27, 0x4C, 0x00, 0x27, 0x4C, 0x00, 0x27, 0x4C, 0x00, 0x27, 0x4C, 
    0x00, 0x27, 0x4C, 0x00, 0x27, 0x4C, 0x00, 0x27, 0x4C, 0x00, 0x27, 0x4C, 
    0x00, 0x27, 0x4C, 0x00, 0x27, 0x4C, 0x00, 0x27, 0x4C, 0x00, 0x27, 0x4C, 
    0x00, 0x27, 0x4C, 0x00, 0x27, 0x4C, 0x00, 0x27, 0x4C, 0x02, 0x29, 0x4B, 
    0x00, 0x20, 0x4F, 0x30, 0x46, 0x3F, 0xFF, 0xCF, 0x03, 0xFE, 0xCA, 0x05, 
    0xFF, 0xCB, 0x05, 0xFF, 0xCB, 0x05, 0xFF, 0xCB, 0x05, 0xFF, 0xCB, 0x05, 
    0xFF, 0xCB, 0x05, 0xFF, 0xCB, 0x05, 0xFF, 0xCB, 0x05, 0xFF, 0xCB, 0x05, 
    0xFF, 0xCB, 0x05, 0xFF, 0xCB, 0x05, 0xFF, 0xCB, 0x05, 0xFF, 0xCB, 0x05, 
    0xFF, 0xCB, 0x05, 0xFF, 0xCB, 0x05, 0xFF, 0xCB, 0x05, 0xFF, 0xCB, 0x05, 
    0xFF, 0xCB, 0x05, 0xFF, 0xCB, 0x05, 0xFE, 0xCA, 0x05, 0xFE, 0xCA, 0x05, 
    0xFF, 0xCB, 0x05, 0xFF, 0xCB, 0x05, 0xFF, 0xCB, 0x05, 0xFF, 0xCB, 0x05, 
    0xFF, 0xCB, 0x05, 0xFF, 0xCB, 0x05, 0xFF, 0xCB, 0x05, 0xFF, 0xCB, 0x05, 
    0xFF, 0xCB, 0x05, 0xFF, 0xCB, 0x05, 0xFF, 0xCB, 0x05, 0xFF, 0xCB, 0x05, 
    0xFF, 0xCB, 0x05, 0xFF, 0xCB, 0x05, 0xFF, 0xCB, 0x05, 0xFF, 0xCB, 0x05, 
    0xFF, 0xCA, 0x05, 0xFF, 0xD4, 0x01, 0xFF, 0xD4, 0x01, 0xFE, 0xCA, 0x05, 
    0xFF, 0xCB, 0x05, 0xFF, 0xCB, 0x05, 0xFF, 0xCB, 0x05, 0xFF, 0xCB, 0x05, 
    0xFF, 0xCB, 0x05, 0xFF, 0xCB, 0x05, 0xFF, 0xCB, 0x05, 0xFF, 0xCB, 0x05, 
    0xFF, 0xCB, 0x05, 0xFF, 0xCB, 0x05, 0xFF, 0xCB, 0x05, 0xFF, 0xCB, 0x05, 
    0xFF, 0xCB, 0x05, 0xFF, 0xCB, 0x05, 0xFF, 0xCB, 0x05, 0xFF, 0xCB, 0x05, 
    0xFE, 0xCA, 0x05, 0xFE, 0xCA, 0x05, 0xFF, 0xCB, 0x05, 0xFF, 0xCB, 0x05, 
    0xFF, 0xCB, 0x05, 0xFF, 0xCB, 0x05, 0xFF, 0xCB, 0x05, 0xFF, 0xCB, 0x05, 
    0xFF, 0xCB, 0x05, 0xFF, 0xCB, 0x05, 0xFF, 0xCB, 0x05, 0xFF, 0xCB, 0x05, 
    0xFF, 0xCB, 0x05, 0xFF, 0xCB, 0x05, 0xFF, 0xCB, 0x05, 0xFF, 0xCB, 0x05, 
    0xFF, 0xCB, 0x05, 0xFF, 0xCB, 0x05, 0xFF, 0xCB, 0x05, 0xFF, 0xCB, 0x05, 
    0xFE, 0xCB, 0x05, 0xFF, 0xCE, 0x04, 0x2C, 0x44, 0x40, 0x00, 0x20, 0x4F, 
    0x02, 0x28, 0x4B, 0x00, 0x27, 0x4C, 0x00, 0x27, 0x4C, 0x00, 0x27, 0x4C, 
    0x00, 0x27, 0x4C, 0x00, 0x27, 0x4C, 0x00, 0x27, 0x4C, 0x00, 0x27, 0x4C, 
    0x00, 0x27, 0x4C, 0x00, 0x27, 0x4C, 0x00, 0x27, 0x4C, 0x00, 0x27, 0x4C, 
    0x00, 0x27, 0x4C, 0x00, 0x27, 0x4C, 0x02, 0x28, 0x4D, 0x00, 0x1F, 0x45, 
    0x29, 0x4A, 0x69, 0x3C, 0x5A, 0x76, 0x00, 0x1D, 0x43, 0x02, 0x29, 0x4E, 
    0x00, 0x27, 0x4C, 0x00, 0x27, 0x4C, 0x00, 0x27, 0x4C, 0x00, 0x27, 0x4C, 
    0x00, 0x27, 0x4C, 0x00, 0x27, 0x4C, 0x00, 0x27, 0x4C, 0x00, 0x27, 0x4C, 
    0x00, 0x27, 0x4C, 0x00, 0x27, 0x4C, 0x00, 0x27, 0x4C, 0x00, 0x27, 0x4C, 
    0x00, 0x27, 0x4C, 0x00, 0x27, 0x4C, 0x00, 0x27, 0x4C, 0x00, 0x27, 0x4C, 
    0x00, 0x27, 0x4C, 0x00, 0x27, 0x4C, 0x00, 0x27, 0x4C, 0x00, 0x27, 0x4C, 
    0x00, 0x27, 0x4C, 0x03, 0x29, 0x4B, 0x00, 0x1C, 0x4D, 0xA4, 0xC6, 0xE0, 
    0xFF, 0xFF, 0xFF, 0xFB, 0xFB, 0xFC, 0xFF, 0xFF, 0xFF, 0xF2, 0xE6, 0xDB, 
    0x1D, 0x2F, 0x49, 0x00, 0x25, 0x4C, 0x02, 0x28, 0x4C, 0x00, 0x27, 0x4C, 
    0x00, 0x27, 0x4C, 0x00, 0x27, 0x4C, 0x00, 0x27, 0x4C, 0x00, 0x27, 0x4C, 
    0x00, 0x27, 0x4C, 0x00, 0x27, 0x4C, 0x00, 0x27, 0x4C, 0x00, 0x27, 0x4C, 
    0x00, 0x27, 0x4C, 0x00, 0x27, 0x4C, 0x00, 0x27, 0x4C, 0x00, 0x27, 0x4C, 
    0x00, 0x27, 0x4C, 0x00, 0x27, 0x4C, 0x00, 0x27, 0x4C, 0x00, 0x27, 0x4C, 
    0x00, 0x27, 0x4C, 0x00, 0x27, 0x4D, 0x03, 0x29, 0x4B, 0x00, 0x1E, 0x50, 
    0xAB, 0xCC, 0xE3, 0xFF, 0xFF, 0xFF, 0xFA, 0xFB, 0xFC, 0xFF, 0xFF, 0xFF, 
    0xEE, 0xE1, 0xD6, 0x18, 0x2C, 0x47, 0x00, 0x26, 0x4D, 0x01, 0x28, 0x4C, 
    0x00, 0x27, 0x4C, 0x00, 0x27, 0x4C, 0x00, 0x27, 0x4C, 0x00, 0x27, 0x4C, 
    0x00, 0x27, 0x4C, 0x00, 0x27, 0x4C, 0x00, 0x27, 0x4C, 0x00, 0x27, 0x4C, 
    0x00, 0x27, 0x4C, 0x00, 0x27, 0x4C, 0x00, 0x27, 0x4C, 0x00, 0x27, 0x4C, 
    0x00, 0x27, 0x4C, 0x00, 0x27, 0x4C, 0x00, 0x27, 0x4C, 0x00, 0x27, 0x4C, 
    0x00, 0x27, 0x4C, 0x00, 0x28, 0x4D, 0x01, 0x25, 0x48, 0x04, 0x2F, 0x5D, 
    0xD0, 0xE8, 0xF7, 0xFE, 0xFE, 0xFE, 0xFC, 0xFD, 0xFE, 0xFD, 0xFE, 0xFE, 
    0xFF, 0xFE, 0xF9, 0x56, 0x5A, 0x65, 0x00, 0x1C, 0x46, 0x04, 0x2A, 0x4E, 
    0x00, 0x27, 0x4C, 0x00, 0x27, 0x4C, 0x00, 0x27, 0x4C, 0x00, 0x27, 0x4C, 
    0x00, 0x27, 0x4C, 0x00, 0x27, 0x4C, 0x00, 0x27, 0x4C, 0x00, 0x27, 0x4C, 
    0x00, 0x27, 0x4C, 0x00, 0x27, 0x4C, 0x00, 0x27, 0x4C, 0x00, 0x27, 0x4C, 
    0x00, 0x27, 0x4C, 0x00, 0x27, 0x4C, 0x00, 0x27, 0x4C, 0x00, 0x27, 0x4C, 
    0x00, 0x27, 0x4C, 0x00, 0x27, 0x4C, 0x00, 0x27, 0x4C, 0x00, 0x27, 0x4C, 
    0x00, 0x27, 0x4C, 0x00, 0x27, 0x4C, 0x00, 0x27, 0x4C, 0x00, 0x27, 0x4C, 
    0x02, 0x2A, 0x4F, 0x00, 0x1B, 0x41, 0x30, 0x64, 0x91, 0xFE, 0xFF, 0xFF, 
    0xFE, 0xFD, 0xFD, 0xFE, 0xFD, 0xFD, 0xFE, 0xFF, 0xFF, 0xED, 0xE1, 0xD8, 
    0x15, 0x29, 0x45, 0x01, 0x26, 0x4E, 0x03, 0x29, 0x4D, 0x00, 0x27, 0x4C, 
    0x00, 0x27, 0x4C, 0x00, 0x27, 0x4C, 0x00, 0x27, 0x4C, 0x00, 0x27, 0x4C, 
    0x00, 0x27, 0x4C, 0x00, 0x27, 0x4C, 0x00, 0x27, 0x4C, 0x00, 0x27, 0x4C, 
    0x00, 0x27, 0x4C, 0x00, 0x27, 0x4C, 0x00, 0x27, 0x4C, 0x00, 0x27, 0x4C, 
    0x00, 0x27, 0x4C, 0x00, 0x27, 0x4C, 0x00, 0x27, 0x4C, 0x00, 0x27, 0x4C, 
    0x00, 0x27, 0x4C, 0x00, 0x27, 0x4C, 0x00, 0x27, 0x4C, 0x00, 0x27, 0x4C, 
    0x00, 0x27, 0x4C, 0x00, 0x27, 0x4C, 0x00, 0x27, 0x4C, 0x00, 0x27, 0x4C, 
    0x00, 0x27, 0x4C, 0x00, 0x27, 0x4C, 0x00, 0x27, 0x4C, 0x00, 0x27, 0x4C, 
    0x00, 0x27, 0x4C, 0x00, 0x27, 0x4C, 0x00, 0x27, 0x4C, 0x00, 0x27, 0x4C, 
    0x00, 0x27, 0x4C, 0x00, 0x27, 0x4C, 0x04, 0x2A, 0x4E, 0x00, 0x18, 0x41, 
    0x68, 0x95, 0xBB, 0xFF, 0xFE, 0xFE, 0xFC, 0xFC, 0xFC, 0xFC, 0xFC, 0xFD, 
    0xFF, 0xFF, 0xFF, 0xC5, 0xB8, 0xB1, 0x00, 0x17, 0x3D, 0x04, 0x2C, 0x51, 
    0x01, 0x27, 0x4C, 0x00, 0x27, 0x4C, 0x00, 0x27, 0x4C, 0x00, 0x27, 0x4C, 
    0x00, 0x27, 0x4C, 0x00, 0x27, 0x4C, 0x00, 0x27, 0x4C, 0x00, 0x27, 0x4C, 
    0x00, 0x27, 0x4C, 0x00, 0x27, 0x4C, 0x00, 0x27, 0x4C, 0x00, 0x27, 0x4C, 
    0x00, 0x27, 0x4C, 0x00, 0x27, 0x4C, 0x00, 0x27, 0x4C, 0x00, 0x27, 0x4C, 
    0x00, 0x27, 0x4C, 0x00, 0x27, 0x4C, 0x04, 0x2A, 0x4E, 0x00, 0x18, 0x43, 
    0x6A, 0x97, 0xBB, 0xF7, 0xF8, 0xF9, 0xF3, 0xF5, 0xF7, 0xF7, 0xF8, 0xF9, 
    0xF7, 0xF8, 0xF9, 0xFB, 0xFD, 0xFE, 0xFF, 0xFF, 0xFF, 0xFF, 0xFF, 0xFF, 
    0xFF, 0xFF, 0xFF, 0xFF, 0xFE, 0xFE, 0xF8, 0xF8, 0xF9, 0xF7, 0xF8, 0xF9, 
    0xF7, 0xF8, 0xF9, 0xF7, 0xF8, 0xF9, 0xF7, 0xF7, 0xF8, 0xF6, 0xF8, 0xF9, 
    0xF7, 0xF4, 0xEE, 0x3C, 0x47, 0x56, 0x00, 0x20, 0x49, 0x03, 0x29, 0x4D, 
    0x00, 0x27, 0x4C, 0x03, 0x29, 0x4C, 0x00, 0x1C, 0x49, 0x97, 0xBA, 0xD6, 
    0xF7, 0xF8, 0xF9, 0xF2, 0xF3, 0xF5, 0xF7, 0xF8, 0xF9, 0xE1, 0xD5, 0xCC, 
    0x11, 0x24, 0x46, 0x00, 0x27, 0x4D, 0x01, 0x27, 0x4C, 0x00, 0x27, 0x4C, 
    0x00, 0x27, 0x4C, 0x00, 0x27, 0x4C, 0x00, 0x27, 0x4C, 0x00, 0x27, 0x4C, 
    0x00, 0x27, 0x4C, 0x00, 0x27, 0x4C, 0x00, 0x27, 0x4C, 0x02, 0x2A, 0x4F, 
    0x00, 0x24, 0x48, 0x00, 0x19, 0x41, 0x21, 0x48, 0x6D, 0x80, 0x9A, 0xB4, 
    0xD3, 0xDD, 0xE8, 0xFE, 0xFF, 0xFF, 0xFF, 0xFF, 0xFF, 0xFF, 0xFF, 0xFF, 
    0xFF, 0xFF, 0xFF, 0xFF, 0xFF, 0xFF, 0xFF, 0xFF, 0xFF, 0xFF, 0xFF, 0xFF, 
    0xFF, 0xFF, 0xFF, 0xFF, 0xFF, 0xFF, 0xFC, 0xF9, 0xF4, 0xCE, 0xC8, 0xCC, 
    0x5A, 0x60, 0x6E, 0x01, 0x20, 0x46, 0x02, 0x29, 0x4D, 0x00, 0x27, 0x4C, 
    0x00, 0x27, 0x4C, 0x04, 0x2B, 0x4E, 0x00, 0x17, 0x45, 0x80, 0xA7, 0xC9, 
    0xFF, 0xFF, 0xFF, 0xFA, 0xFA, 0xFB, 0xFF, 0xFF, 0xFF, 0xF9, 0xEB, 0xE0, 
    0x22, 0x32, 0x4E, 0x00, 0x24, 0x4B, 0x02, 0x28, 0x4C, 0x00, 0x27, 0x4C, 
    0x00, 0x27, 0x4C, 0x00, 0x27, 0x4C, 0x00, 0x27, 0x4C, 0x00, 0x27, 0x4C, 
    0x01, 0x28, 0x4D, 0x04, 0x28, 0x4B, 0x00, 0x1A, 0x45, 0x74, 0x98, 0xBB, 
    0xF4, 0xF7, 0xF9, 0xF5, 0xF6, 0xF8, 0xF6, 0xF7, 0xF8, 0xF4, 0xF6, 0xF9, 
    0xFF, 0xFB, 0xF8, 0x85, 0x83, 0x83, 0x04, 0x20, 0x46, 0x02, 0x29, 0x4D, 
    0x00, 0x27, 0x4C, 0x00, 0x27, 0x4C, 0x00, 0x27, 0x4C, 0x00, 0x27, 0x4C, 
    0x00, 0x27, 0x4C, 0x01, 0x29, 0x4E, 0x02, 0x27, 0x4A, 0x00, 0x19, 0x41, 
    0x23, 0x48, 0x70, 0x93, 0xAC, 0xC0, 0xE3, 0xEB, 0xF3, 0xFF, 0xFF, 0xFF, 
    0xFF, 0xFF, 0xFF, 0xFF, 0xFF, 0xFF, 0xFF, 0xFF, 0xFF, 0xFF, 0xFF, 0xFF, 
    0xFF, 0xFF, 0xFF, 0xFF, 0xFF, 0xFF, 0xFF, 0xFF, 0xFF, 0xE6, 0xE4, 0xE4, 
    0x98, 0x94, 0x9F, 0x21, 0x34, 0x53, 0x00, 0x1B, 0x43, 0x03, 0x2A, 0x4F, 
    0x00, 0x27, 0x4C, 0x00, 0x27, 0x4C, 0x00, 0x27, 0x4C, 0x00, 0x27, 0x4C, 
    0x00, 0x27, 0x4C, 0x00, 0x27, 0x4C, 0x00, 0x27, 0x4C, 0x04, 0x2A, 0x4D, 
    0x00, 0x18, 0x48, 0x89, 0xB0, 0xCE, 0xF7, 0xF8, 0xF9, 0xF2, 0xF3, 0xF5, 
    0xF7, 0xF8, 0xF9, 0xE9, 0xDD, 0xD3, 0x18, 0x2D, 0x4C, 0x00, 0x24, 0x49, 
    0x00, 0x23, 0x4E, 0x6D, 0x8F, 0xAD, 0xE6, 0xF0, 0xF6, 0xFF, 0xFF, 0xFF, 
    0xFF, 0xFF, 0xFF, 0xFF, 0xFF, 0xFF, 0xFF, 0xFF, 0xFF, 0xFF, 0xFF, 0xFF, 
    0x53, 0x51, 0x62, 0x00, 0x1D, 0x47, 0x03, 0x29, 0x4D, 0x00, 0x27, 0x4C, 
    0x00, 0x28, 0x4E, 0x01, 0x26, 0x4A, 0x00, 0x1A, 0x42, 0x26, 0x4C, 0x72, 
    0x8F, 0xAA, 0xBE, 0xE0, 0xE8, 0xED, 0xFF, 0xFF, 0xFF, 0xFF, 0xFF, 0xFF, 
    0xFF, 0xFF, 0xFF, 0xFF, 0xFF, 0xFF, 0xFF, 0xFF, 0xFF, 0xFF, 0xFF, 0xFF, 
    0xFF, 0xFF, 0xFF, 0xFF, 0xFF, 0xFF, 0xFF, 0xFF, 0xFF, 0xEF, 0xEA, 0xEB, 
    0xA2, 0xA2, 0xA7, 0x0C, 0x25, 0x48, 0x01, 0x27, 0x4D, 0x01, 0x27, 0x4C, 
    0x00, 0x27, 0x4C, 0x00, 0x27, 0x4C, 0x00, 0x27, 0x4C, 0x00, 0x27, 0x4C, 
    0x00, 0x27, 0x4C, 0x00, 0x27, 0x4C, 0x00, 0x27, 0x4C, 0x00, 0x27, 0x4C, 
    0x00, 0x27, 0x4C, 0x00, 0x27, 0x4C, 0x00, 0x27, 0x4C, 0x00, 0x27, 0x4C, 
    0x00, 0x27, 0x4C, 0x00, 0x27, 0x4C, 0x00, 0x27, 0x4C, 0x00, 0x27, 0x4C, 
    0x00, 0x27, 0x4C, 0x00, 0x27, 0x4C, 0x00, 0x27, 0x4C, 0x00, 0x27, 0x4C, 
    0x00, 0x27, 0x4C, 0x00, 0x27, 0x4C, 0x00, 0x27, 0x4C, 0x00, 0x27, 0x4C, 
    0x00, 0x27, 0x4C, 0x00, 0x27, 0x4C, 0x00, 0x27, 0x4C, 0x02, 0x29, 0x4B, 
    0x00, 0x20, 0x4F, 0x30, 0x46, 0x3F, 0xFF, 0xCF, 0x03, 0xFE, 0xCA, 0x05, 
    0xFF, 0xCB, 0x05, 0xFF, 0xCB, 0x05, 0xFF, 0xCB, 0x05, 0xFF, 0xCB, 0x05, 
    0xFF, 0xCB, 0x05, 0xFF, 0xCB, 0x05, 0xFF, 0xCB, 0x05, 0xFF, 0xCB, 0x05, 
    0xFF, 0xCB, 0x05, 0xFF, 0xCB, 0x05, 0xFF, 0xCB, 0x05, 0xFF, 0xCB, 0x05, 
    0xFF, 0xCB, 0x05, 0xFF, 0xCB, 0x05, 0xFF, 0xCB, 0x05, 0xFF, 0xCB, 0x05, 
    0xFF, 0xCB, 0x05, 0xFF, 0xCA, 0x05, 0xFF, 0xCF, 0x04, 0xFF, 0xCE, 0x04, 
    0xFE, 0xCA, 0x05, 0xFF, 0xCB, 0x05, 0xFF, 0xCB, 0x05, 0xFF, 0xCB, 0x05, 
    0xFF, 0xCB, 0x05, 0xFF, 0xCB, 0x05, 0xFF, 0xCB, 0x05, 0xFF, 0xCB, 0x05, 
    0xFF, 0xCB, 0x05, 0xFF, 0xCB, 0x05, 0xFF, 0xCB, 0x05, 0xFF, 0xCB, 0x05, 
    0xFF, 0xCB, 0x05, 0xFF, 0xCB, 0x05, 0xFF, 0xCB, 0x05, 0xFF, 0xCB, 0x05, 
    0xFF, 0xCB, 0x05, 0xFC, 0xC9, 0x06, 0xFC, 0xC9, 0x06, 0xFF, 0xCB, 0x05, 
    0xFF, 0xCB, 0x05, 0xFF, 0xCB, 0x05, 0xFF, 0xCB, 0x05, 0xFF, 0xCB, 0x05, 
    0xFF, 0xCB, 0x05, 0xFF, 0xCB, 0x05, 0xFF, 0xCB, 0x05, 0xFF, 0xCB, 0x05, 
    0xFF, 0xCB, 0x05, 0xFF, 0xCB, 0x05, 0xFF, 0xCB, 0x05, 0xFF, 0xCB, 0x05, 
    0xFF, 0xCB, 0x05, 0xFF, 0xCB, 0x05, 0xFF, 0xCB, 0x05, 0xFE, 0xCA, 0x05, 
    0xFF, 0xCE, 0x04, 0xFF, 0xD0, 0x04, 0xFF, 0xCA, 0x05, 0xFF, 0xCB, 0x05, 
    0xFF, 0xCB, 0x05, 0xFF, 0xCB, 0x05, 0xFF, 0xCB, 0x05, 0xFF, 0xCB, 0x05, 
    0xFF, 0xCB, 0x05, 0xFF, 0xCB, 0x05, 0xFF, 0xCB, 0x05, 0xFF, 0xCB, 0x05, 
    0xFF, 0xCB, 0x05, 0xFF, 0xCB, 0x05, 0xFF, 0xCB, 0x05, 0xFF, 0xCB, 0x05, 
    0xFF, 0xCB, 0x05, 0xFF, 0xCB, 0x05, 0xFF, 0xCB, 0x05, 0xFF, 0xCB, 0x05, 
    0xFE, 0xCB, 0x05, 0xFF, 0xCE, 0x04, 0x2C, 0x44, 0x40, 0x00, 0x20, 0x4F, 
    0x02, 0x28, 0x4B, 0x00, 0x27, 0x4C, 0x00, 0x27, 0x4C, 0x00, 0x27, 0x4C, 
    0x00, 0x27, 0x4C, 0x00, 0x27, 0x4C, 0x00, 0x27, 0x4C, 0x00, 0x27, 0x4C, 
    0x00, 0x27, 0x4C, 0x00, 0x27, 0x4C, 0x00, 0x27, 0x4C, 0x00, 0x27, 0x4C, 
    0x00, 0x27, 0x4C, 0x00, 0x27, 0x4C, 0x02, 0x28, 0x4D, 0x00, 0x1F, 0x45, 
    0x29, 0x4A, 0x69, 0x3C, 0x5A, 0x76, 0x00, 0x1D, 0x43, 0x02, 0x29, 0x4E, 
    0x00, 0x27, 0x4C, 0x00, 0x27, 0x4C, 0x00, 0x27, 0x4C, 0x00, 0x27, 0x4C, 
    0x00, 0x27, 0x4C, 0x00, 0x27, 0x4C, 0x00, 0x27, 0x4C, 0x00, 0x27, 0x4C, 
    0x00, 0x27, 0x4C, 0x00, 0x27, 0x4C, 0x00, 0x27, 0x4C, 0x00, 0x27, 0x4C, 
    0x00, 0x27, 0x4C, 0x00, 0x27, 0x4C, 0x00, 0x27, 0x4C, 0x00, 0x27, 0x4C, 
    0x00, 0x27, 0x4C, 0x00, 0x27, 0x4C, 0x00, 0x27, 0x4C, 0x00, 0x27, 0x4C, 
    0x00, 0x27, 0x4C, 0x03, 0x29, 0x4B, 0x00, 0x1C, 0x4D, 0xA4, 0xC6, 0xE0, 
    0xFF, 0xFF, 0xFF, 0xFB, 0xFB, 0xFC, 0xFF, 0xFF, 0xFF, 0xF2, 0xE6, 0xDB, 
    0x1D, 0x2F, 0x49, 0x00, 0x25, 0x4C, 0x02, 0x28, 0x4C, 0x00, 0x27, 0x4C, 
    0x00, 0x27, 0x4C, 0x00, 0x27, 0x4C, 0x00, 0x27, 0x4C, 0x00, 0x27, 0x4C, 
    0x00, 0x27, 0x4C, 0x00, 0x27, 0x4C, 0x00, 0x27, 0x4C, 0x00, 0x27, 0x4C, 
    0x00, 0x27, 0x4C, 0x00, 0x27, 0x4C, 0x00, 0x27, 0x4C, 0x00, 0x27, 0x4C, 
    0x00, 0x27, 0x4C, 0x00, 0x27, 0x4C, 0x00, 0x27, 0x4C, 0x00, 0x27, 0x4C, 
    0x00, 0x27, 0x4C, 0x00, 0x27, 0x4D, 0x03, 0x29, 0x4B, 0x00, 0x1E, 0x50, 
    0xAB, 0xCC, 0xE3, 0xFF, 0xFF, 0xFF, 0xFA, 0xFB, 0xFC, 0xFF, 0xFF, 0xFF, 
    0xEE, 0xE1, 0xD6, 0x18, 0x2C, 0x47, 0x00, 0x26, 0x4D, 0x01, 0x28, 0x4C, 
    0x00, 0x27, 0x4C, 0x00, 0x27, 0x4C, 0x00, 0x27, 0x4C, 0x00, 0x27, 0x4C, 
    0x00, 0x27, 0x4C, 0x00, 0x27, 0x4C, 0x00, 0x27, 0x4C, 0x00, 0x27, 0x4C, 
    0x00, 0x27, 0x4C, 0x00, 0x27, 0x4C, 0x00, 0x27, 0x4C, 0x00, 0x27, 0x4C, 
    0x00, 0x27, 0x4C, 0x00, 0x27, 0x4C, 0x00, 0x27, 0x4C, 0x00, 0x27, 0x4C, 
    0x00, 0x27, 0x4C, 0x03, 0x2A, 0x4F, 0x00, 0x1A, 0x40, 0x3A, 0x6D, 0x99, 
    0xFF, 0xFF, 0xFF, 0xFE, 0xFD, 0xFD, 0xFC, 0xFC, 0xFC, 0xFF, 0xFF, 0xFF, 
    0xD2, 0xC5, 0xBC, 0x04, 0x1E, 0x41, 0x02, 0x2A, 0x4F, 0x00, 0x27, 0x4C, 
    0x00, 0x27, 0x4C, 0x00, 0x27, 0x4C, 0x00, 0x27, 0x4C, 0x00, 0x27, 0x4C, 
    0x00, 0x27, 0x4C, 0x00, 0x27, 0x4C, 0x00, 0x27, 0x4C, 0x00, 0x27, 0x4C, 
    0x00, 0x27, 0x4C, 0x00, 0x27, 0x4C, 0x00, 0x27, 0x4C, 0x00, 0x27, 0x4C, 
    0x00, 0x27, 0x4C, 0x00, 0x27, 0x4C, 0x00, 0x27, 0x4C, 0x00, 0x27, 0x4C, 
    0x00, 0x27, 0x4C, 0x00, 0x27, 0x4C, 0x00, 0x27, 0x4C, 0x00, 0x27, 0x4C, 
    0x00, 0x27, 0x4C, 0x00, 0x27, 0x4C, 0x00, 0x27, 0x4C, 0x00, 0x27, 0x4C, 
    0x01, 0x28, 0x4D, 0x01, 0x23, 0x46, 0x07, 0x35, 0x64, 0xDA, 0xEE, 0xFA, 
    0xFD, 0xFE, 0xFE, 0xFD, 0xFE, 0xFE, 0xFC, 0xFD, 0xFD, 0xFF, 0xFF, 0xFF, 
    0xA2, 0x9A, 0x98, 0x00, 0x15, 0x3A, 0x00, 0x27, 0x4E, 0x04, 0x2A, 0x4E, 
    0x00, 0x27, 0x4C, 0x00, 0x27, 0x4C, 0x00, 0x27, 0x4C, 0x00, 0x27, 0x4C, 
    0x00, 0x27, 0x4C, 0x00, 0x27, 0x4C, 0x00, 0x27, 0x4C, 0x00, 0x27, 0x4C, 
    0x00, 0x27, 0x4C, 0x00, 0x27, 0x4C, 0x00, 0x27, 0x4C, 0x00, 0x27, 0x4C, 
    0x00, 0x27, 0x4C, 0x00, 0x27, 0x4C, 0x00, 0x27, 0x4C, 0x00, 0x27, 0x4C, 
    0x00, 0x27, 0x4C, 0x00, 0x27, 0x4C, 0x00, 0x27, 0x4C, 0x00, 0x27, 0x4C, 
    0x00, 0x27, 0x4C, 0x00, 0x27, 0x4C, 0x00, 0x27, 0x4C, 0x00, 0x27, 0x4C, 
    0x00, 0x27, 0x4C, 0x00, 0x27, 0x4C, 0x00, 0x27, 0x4C, 0x00, 0x27, 0x4C, 
    0x00, 0x27, 0x4C, 0x00, 0x27, 0x4C, 0x00, 0x27, 0x4C, 0x00, 0x27, 0x4C, 
    0x00, 0x27, 0x4C, 0x00, 0x27, 0x4C, 0x02, 0x29, 0x4E, 0x00, 0x1D, 0x41, 
    0x27, 0x5B, 0x89, 0xFB, 0xFF, 0xFF, 0xFD, 0xFD, 0xFD, 0xFE, 0xFE, 0xFF, 
    0xFD, 0xFD, 0xFE, 0xFF, 0xFE, 0xF9, 0x6A, 0x6C, 0x72, 0x00, 0x13, 0x3D, 
    0x03, 0x2B, 0x50, 0x03, 0x29, 0x4D, 0x00, 0x27, 0x4C, 0x00, 0x27, 0x4C, 
    0x00, 0x27, 0x4C, 0x00, 0x27, 0x4C, 0x00, 0x27, 0x4C, 0x00, 0x27, 0x4C, 
    0x00, 0x27, 0x4C, 0x00, 0x27, 0x4C, 0x00, 0x27, 0x4C, 0x00, 0x27, 0x4C, 
    0x00, 0x27, 0x4C, 0x00, 0x27, 0x4C, 0x00, 0x27, 0x4C, 0x00, 0x27, 0x4C, 
    0x00, 0x27, 0x4C, 0x00, 0x27, 0x4C, 0x04, 0x2A, 0x4E, 0x00, 0x18, 0x43, 
    0x6C, 0x9A, 0xBE, 0xFD, 0xFD, 0xFE, 0xF9, 0xFA, 0xFC, 0xFD, 0xFD, 0xFE, 
    0xFD, 0xFD, 0xFE, 0xFE, 0xFE, 0xFF, 0xFF, 0xFF, 0xFF, 0xFF, 0xFF, 0xFF, 
    0xFF, 0xFF, 0xFF, 0xFF, 0xFF, 0xFF, 0xFD, 0xFD, 0xFE, 0xFD, 0xFD, 0xFE, 
    0xFD, 0xFD, 0xFE, 0xFD, 0xFD, 0xFE, 0xFD, 0xFC, 0xFD, 0xFC, 0xFD, 0xFE, 
    0xFD, 0xF9, 0xF2, 0x3E, 0x48, 0x56, 0x00, 0x20, 0x49, 0x03, 0x29, 0x4D, 
    0x00, 0x27, 0x4C, 0x03, 0x29, 0x4C, 0x00, 0x1C, 0x49, 0x9D, 0xC0, 0xDC, 
    0xFF, 0xFF, 0xFF, 0xFC, 0xFC, 0xFD, 0xFF, 0xFF, 0xFF, 0xEA, 0xDD, 0xD1, 
    0x12, 0x24, 0x46, 0x00, 0x27, 0x4D, 0x01, 0x27, 0x4C, 0x00, 0x27, 0x4C, 
    0x00, 0x27, 0x4C, 0x00, 0x27, 0x4C, 0x00, 0x27, 0x4C, 0x00, 0x27, 0x4C, 
    0x00, 0x27, 0x4C, 0x00, 0x27, 0x4C, 0x03, 0x2A, 0x4F, 0x00, 0x1D, 0x42, 
    0x09, 0x30, 0x5A, 0x85, 0xA1, 0xB9, 0xF1, 0xF8, 0xFD, 0xFF, 0xFF, 0xFF, 
    0xFF, 0xFF, 0xFF, 0xFD, 0xFC, 0xFD, 0xF8, 0xF9, 0xFA, 0xFB, 0xFD, 0xFD, 
    0xFF, 0xFF, 0xFF, 0xFF, 0xFF, 0xFF, 0xFF, 0xFF, 0xFF, 0xFF, 0xFF, 0xFF, 
    0xFA, 0xFA, 0xFB, 0xF8, 0xF9, 0xFA, 0xFA, 0xFB, 0xFD, 0xFF, 0xFF, 0xFF, 
    0xB6, 0xA8, 0xA2, 0x00, 0x18, 0x3E, 0x03, 0x2A, 0x4F, 0x00, 0x27, 0x4C, 
    0x00, 0x27, 0x4C, 0x04, 0x2B, 0x4E, 0x00, 0x17, 0x45, 0x80, 0xA7, 0xC9, 
    0xFF, 0xFF, 0xFF, 0xFA, 0xFA, 0xFB, 0xFF, 0xFF, 0xFF, 0xF9, 0xEB, 0xE0, 
    0x22, 0x32, 0x4E, 0x00, 0x24, 0x4B, 0x02, 0x28, 0x4C, 0x00, 0x27, 0x4C, 
    0x00, 0x27, 0x4C, 0x00, 0x27, 0x4C, 0x00, 0x27, 0x4C, 0x01, 0x28, 0x4D, 
    0x04, 0x28, 0x4B, 0x00, 0x1A, 0x45, 0x79, 0x9D, 0xBB, 0xFF, 0xFF, 0xFF, 
    0xFF, 0xFF, 0xFF, 0xFF, 0xFF, 0xFF, 0xFF, 0xFF, 0xFF, 0xFF, 0xFF, 0xFC, 
    0x80, 0x80, 0x87, 0x00, 0x19, 0x40, 0x01, 0x28, 0x4E, 0x01, 0x27, 0x4C, 
    0x00, 0x27, 0x4C, 0x00, 0x27, 0x4C, 0x00, 0x27, 0x4C, 0x00, 0x27, 0x4C, 
    0x01, 0x29, 0x4F, 0x01, 0x22, 0x46, 0x00, 0x25, 0x51, 0x74, 0x97, 0xB7, 
    0xF2, 0xF9, 0xFE, 0xFF, 0xFF, 0xFF, 0xFF, 0xFF, 0xFF, 0xFA, 0xFA, 0xFB, 
    0xFA, 0xFB, 0xFC, 0xFF, 0xFF, 0xFF, 0xFF, 0xFF, 0xFF, 0xFF, 0xFF, 0xFF, 
    0xFE, 0xFE, 0xFE, 0xF9, 0xFA, 0xFA, 0xFA, 0xFB, 0xFD, 0xFF, 0xFF, 0xFF, 
    0xFF, 0xFF, 0xFF, 0xEC, 0xE6, 0xE4, 0x61, 0x66, 0x72, 0x00, 0x19, 0x41, 
    0x03, 0x2A, 0x4F, 0x00, 0x27, 0x4C, 0x00, 0x27, 0x4C, 0x00, 0x27, 0x4C, 
    0x00, 0x27, 0x4C, 0x00, 0x27, 0x4C, 0x00, 0x27, 0x4C, 0x04, 0x2A, 0x4D, 
    0x00, 0x18, 0x48, 0x8F, 0xB5, 0xD3, 0xFF, 0xFF, 0xFF, 0xFC, 0xFC, 0xFD, 
    0xFF, 0xFF, 0xFF, 0xF4, 0xE5, 0xDA, 0x19, 0x2B, 0x47, 0x00, 0x21, 0x51, 
    0x95, 0xBB, 0xD4, 0xFF, 0xFF, 0xFF, 0xFF, 0xFE, 0xFD, 0xF8, 0xF9, 0xFB, 
    0xFA, 0xFB, 0xFB, 0xFA, 0xFA, 0xFA, 0xF6, 0xF8, 0xFA, 0xF8, 0xF9, 0xF3, 
    0x4D, 0x4D, 0x61, 0x00, 0x1E, 0x47, 0x03, 0x29, 0x4D, 0x01, 0x29, 0x4E, 
    0x02, 0x24, 0x47, 0x00, 0x26, 0x51, 0x7E, 0x9E, 0xBA, 0xF5, 0xFC, 0xFF, 
    0xFF, 0xFF, 0xFF, 0xFF, 0xFF, 0xFF, 0xFA, 0xFB, 0xFC, 0xFA, 0xFC, 0xFD, 
    0xFF, 0xFF, 0xFF, 0xFF, 0xFF, 0xFF, 0xFF, 0xFF, 0xFF, 0xFF, 0xFF, 0xFF, 
    0xFC, 0xFC, 0xFC, 0xF9, 0xF9, 0xFA, 0xF8, 0xFA, 0xFA, 0xFF, 0xFF, 0xFF, 
    0xFE, 0xF0, 0xE1, 0x1C, 0x29, 0x49, 0x00, 0x26, 0x4C, 0x02, 0x27, 0x4C, 
    0x00, 0x27, 0x4C, 0x00, 0x27, 0x4C, 0x00, 0x27, 0x4C, 0x00, 0x27, 0x4C, 
    0x00, 0x27, 0x4C, 0x00, 0x27, 0x4C, 0x00, 0x27, 0x4C, 0x00, 0x27, 0x4C, 
    0x00, 0x27, 0x4C, 0x00, 0x27, 0x4C, 0x00, 0x27, 0x4C, 0x00, 0x27, 0x4C, 
    0x00, 0x27, 0x4C, 0x00, 0x27, 0x4C, 0x00, 0x27, 0x4C, 0x00, 0x27, 0x4C, 
    0x00, 0x27, 0x4C, 0x00, 0x27, 0x4C, 0x00, 0x27, 0x4C, 0x00, 0x27, 0x4C, 
    0x00, 0x27, 0x4C, 0x00, 0x27, 0x4C, 0x00, 0x27, 0x4C, 0x00, 0x27, 0x4C, 
    0x00, 0x27, 0x4C, 0x00, 0x27, 0x4C, 0x00, 0x27, 0x4C, 0x02, 0x29, 0x4B, 
    0x00, 0x20, 0x4F, 0x30, 0x46, 0x3F, 0xFF, 0xCF, 0x03, 0xFE, 0xCA, 0x05, 
    0xFF, 0xCB, 0x05, 0xFF, 0xCB, 0x05, 0xFF, 0xCB, 0x05, 0xFF, 0xCB, 0x05, 
    0xFF, 0xCB, 0x05, 0xFF, 0xCB, 0x05, 0xFF, 0xCB, 0x05, 0xFF, 0xCB, 0x05, 
    0xFF, 0xCB, 0x05, 0xFF, 0xCB, 0x05, 0xFF, 0xCB, 0x05, 0xFF, 0xCB, 0x05, 
    0xFF, 0xCB, 0x05, 0xFF, 0xCB, 0x05, 0xFF, 0xCB, 0x05, 0xFF, 0xCB, 0x05, 
    0xFE, 0xCA, 0x05, 0xFF, 0xD1, 0x04, 0xD2, 0xAA, 0x0A, 0xE3, 0xB8, 0x09, 
    0xFF, 0xD2, 0x03, 0xFD, 0xC9, 0x06, 0xFF, 0xCB, 0x05, 0xFF, 0xCB, 0x05, 
    0xFF, 0xCB, 0x05, 0xFF, 0xCB, 0x05, 0xFF, 0xCB, 0x05, 0xFF, 0xCB, 0x05, 
    0xFF, 0xCB, 0x05, 0xFF, 0xCB, 0x05, 0xFF, 0xCB, 0x05, 0xFF, 0xCB, 0x05, 
    0xFF, 0xCB, 0x05, 0xFF, 0xCB, 0x05, 0xFF, 0xCB, 0x05, 0xFF, 0xCB, 0x05, 
    0xFF, 0xCB, 0x05, 0xFF, 0xCB, 0x05, 0xFF, 0xCB, 0x05, 0xFF, 0xCB, 0x05, 
    0xFF, 0xCB, 0x05, 0xFF, 0xCB, 0x05, 0xFF, 0xCB, 0x05, 0xFF, 0xCB, 0x05, 
    0xFF, 0xCB, 0x05, 0xFF, 0xCB, 0x05, 0xFF, 0xCB, 0x05, 0xFF, 0xCB, 0x05, 
    0xFF, 0xCB, 0x05, 0xFF, 0xCB, 0x05, 0xFF, 0xCB, 0x05, 0xFF, 0xCB, 0x05, 
    0xFF, 0xCB, 0x05, 0xFF, 0xCB, 0x05, 0xFD, 0xC9, 0x06, 0xFF, 0xD2, 0x03, 
    0xE2, 0xB8, 0x09, 0xCB, 0xA4, 0x09, 0xFF, 0xD2, 0x04, 0xFE, 0xCA, 0x05, 
    0xFF, 0xCB, 0x05, 0xFF, 0xCB, 0x05, 0xFF, 0xCB, 0x05, 0xFF, 0xCB, 0x05, 
    0xFF, 0xCB, 0x05, 0xFF, 0xCB, 0x05, 0xFF, 0xCB, 0x05, 0xFF, 0xCB, 0x05, 
    0xFF, 0xCB, 0x05, 0xFF, 0xCB, 0x05, 0xFF, 0xCB, 0x05, 0xFF, 0xCB, 0x05, 
    0xFF, 0xCB, 0x05, 0xFF, 0xCB, 0x05, 0xFF, 0xCB, 0x05, 0xFF, 0xCB, 0x05, 
    0xFE, 0xCB, 0x05, 0xFF, 0xCE, 0x04, 0x2C, 0x44, 0x40, 0x00, 0x20, 0x4F, 
    0x02, 0x28, 0x4B, 0x00, 0x27, 0x4C, 0x00, 0x27, 0x4C, 0x00, 0x27, 0x4C, 
    0x00, 0x27, 0x4C, 0x00, 0x27, 0x4C, 0x00, 0x27, 0x4C, 0x00, 0x27, 0x4C, 
    0x00, 0x27, 0x4C, 0x00, 0x27, 0x4C, 0x00, 0x27, 0x4C, 0x00, 0x27, 0x4C, 
    0x00, 0x27, 0x4C, 0x00, 0x27, 0x4C, 0x02, 0x28, 0x4D, 0x00, 0x1F, 0x45, 
    0x29, 0x4A, 0x69, 0x3C, 0x5A, 0x76, 0x00, 0x1D, 0x43, 0x02, 0x29, 0x4E, 
    0x00, 0x27, 0x4C, 0x00, 0x27, 0x4C, 0x00, 0x27, 0x4C, 0x00, 0x27, 0x4C, 
    0x00, 0x27, 0x4C, 0x00, 0x27, 0x4C, 0x00, 0x27, 0x4C, 0x00, 0x27, 0x4C, 
    0x00, 0x27, 0x4C, 0x00, 0x27, 0x4C, 0x00, 0x27, 0x4C, 0x00, 0x27, 0x4C, 
    0x00, 0x27, 0x4C, 0x00, 0x27, 0x4C, 0x00, 0x27, 0x4C, 0x00, 0x27, 0x4C, 
    0x00, 0x27, 0x4C, 0x00, 0x27, 0x4C, 0x00, 0x27, 0x4C, 0x00, 0x27, 0x4C, 
    0x00, 0x27, 0x4C, 0x03, 0x29, 0x4B, 0x00, 0x1C, 0x4D, 0xA4, 0xC6, 0xE0, 
    0xFF, 0xFF, 0xFF, 0xFB, 0xFB, 0xFC, 0xFF, 0xFF, 0xFF, 0xF2, 0xE6, 0xDB, 
    0x1D, 0x2F, 0x49, 0x00, 0x25, 0x4C, 0x02, 0x28, 0x4C, 0x00, 0x27, 0x4C, 
    0x00, 0x27, 0x4C, 0x00, 0x27, 0x4C, 0x00, 0x27, 0x4C, 0x00, 0x27, 0x4C, 
    0x00, 0x27, 0x4C, 0x00, 0x27, 0x4C, 0x00, 0x27, 0x4C, 0x00, 0x27, 0x4C, 
    0x00, 0x27, 0x4C, 0x00, 0x27, 0x4C, 0x00, 0x27, 0x4C, 0x00, 0x27, 0x4C, 
    0x00, 0x27, 0x4C, 0x00, 0x27, 0x4C, 0x00, 0x27, 0x4C, 0x00, 0x27, 0x4C, 
    0x00, 0x27, 0x4C, 0x00, 0x27, 0x4D, 0x03, 0x29, 0x4B, 0x00, 0x1E, 0x50, 
    0xAB, 0xCC, 0xE3, 0xFF, 0xFF, 0xFF, 0xFA, 0xFB, 0xFC, 0xFF, 0xFF, 0xFF, 
    0xEE, 0xE1, 0xD6, 0x18, 0x2C, 0x47, 0x00, 0x26, 0x4D, 0x01, 0x28, 0x4C, 
    0x00, 0x27, 0x4C, 0x00, 0x27, 0x4C, 0x00, 0x27, 0x4C, 0x00, 0x27, 0x4C, 
    0x00, 0x27, 0x4C, 0x00, 0x27, 0x4C, 0x00, 0x27, 0x4C, 0x00, 0x27, 0x4C, 
    0x00, 0x27, 0x4C, 0x00, 0x27, 0x4C, 0x00, 0x27, 0x4C, 0x00, 0x27, 0x4C, 
    0x00, 0x27, 0x4C, 0x00, 0x27, 0x4C, 0x00, 0x27, 0x4C, 0x00, 0x27, 0x4C, 
    0x00, 0x27, 0x4C, 0x03, 0x29, 0x4D, 0x00, 0x1C, 0x47, 0x91, 0xB7, 0xD5, 
    0xFF, 0xFE, 0xFE, 0xFB, 0xFC, 0xFD, 0xFB, 0xFD, 0xFE, 0xFF, 0xFF, 0xFF, 
    0x70, 0x6E, 0x75, 0x00, 0x1A, 0x43, 0x04, 0x2A, 0x4E, 0x00, 0x27, 0x4C, 
    0x00, 0x27, 0x4C, 0x00, 0x27, 0x4C, 0x00, 0x27, 0x4C, 0x00, 0x27, 0x4C, 
    0x00, 0x27, 0x4C, 0x00, 0x27, 0x4C, 0x00, 0x27, 0x4C, 0x00, 0x27, 0x4C, 
    0x00, 0x27, 0x4C, 0x00, 0x27, 0x4C, 0x00, 0x27, 0x4C, 0x00, 0x27, 0x4C, 
    0x00, 0x27, 0x4C, 0x00, 0x27, 0x4C, 0x00, 0x27, 0x4C, 0x00, 0x27, 0x4C, 
    0x00, 0x27, 0x4C, 0x00, 0x27, 0x4C, 0x00, 0x27, 0x4C, 0x00, 0x27, 0x4C, 
    0x00, 0x27, 0x4C, 0x00, 0x27, 0x4C, 0x00, 0x27, 0x4C, 0x00, 0x27, 0x4C, 
    0x00, 0x27, 0x4C, 0x03, 0x2A, 0x4E, 0x00, 0x19, 0x42, 0x6F, 0x9C, 0xC1, 
    0xFF, 0xFF, 0xFF, 0xFA, 0xFA, 0xFC, 0xFF, 0xFF, 0xFF, 0xFC, 0xFD, 0xFD, 
    0xFF, 0xFF, 0xFE, 0x9F, 0x9D, 0x9D, 0x0C, 0x24, 0x45, 0x00, 0x1C, 0x44, 
    0x01, 0x2A, 0x4E, 0x03, 0x2A, 0x4E, 0x00, 0x27, 0x4C, 0x00, 0x27, 0x4C, 
    0x00, 0x27, 0x4C, 0x00, 0x27, 0x4C, 0x00, 0x27, 0x4C, 0x00, 0x27, 0x4C, 
    0x00, 0x27, 0x4C, 0x00, 0x27, 0x4C, 0x00, 0x27, 0x4C, 0x00, 0x27, 0x4C, 
    0x00, 0x27, 0x4C, 0x00, 0x27, 0x4C, 0x00, 0x27, 0x4C, 0x00, 0x27, 0x4C, 
    0x00, 0x27, 0x4C, 0x00, 0x27, 0x4C, 0x00, 0x27, 0x4C, 0x00, 0x27, 0x4C, 
    0x00, 0x27, 0x4C, 0x00, 0x27, 0x4C, 0x00, 0x27, 0x4C, 0x00, 0x27, 0x4C, 
    0x00, 0x27, 0x4C, 0x00, 0x27, 0x4C, 0x00, 0x27, 0x4C, 0x00, 0x27, 0x4C, 
    0x00, 0x27, 0x4C, 0x00, 0x27, 0x4C, 0x00, 0x27, 0x4C, 0x00, 0x27, 0x4C, 
    0x00, 0x27, 0x4C, 0x00, 0x27, 0x4C, 0x00, 0x27, 0x4D, 0x02, 0x28, 0x4B, 
    0x00, 0x21, 0x4F, 0xAC, 0xCE, 0xE6, 0xFF, 0xFF, 0xFF, 0xFB, 0xFC, 0xFD, 
    0xFF, 0xFE, 0xFE, 0xFD, 0xFE, 0xFF, 0xFE, 0xF9, 0xF1, 0x75, 0x78, 0x7F, 
    0x00, 0x1A, 0x40, 0x00, 0x20, 0x48, 0x03, 0x2A, 0x4F, 0x02, 0x29, 0x4D, 
    0x00, 0x27, 0x4C, 0x00, 0x27, 0x4C, 0x00, 0x27, 0x4C, 0x00, 0x27, 0x4C, 
    0x00, 0x27, 0x4C, 0x00, 0x27, 0x4C, 0x00, 0x27, 0x4C, 0x00, 0x27, 0x4C, 
    0x00, 0x27, 0x4C, 0x00, 0x27, 0x4C, 0x00, 0x27, 0x4C, 0x00, 0x27, 0x4C, 
    0x00, 0x27, 0x4C, 0x00, 0x27, 0x4C, 0x04, 0x2A, 0x4E, 0x00, 0x17, 0x42, 
    0x75, 0xA3, 0xC7, 0xFF, 0xFF, 0xFF, 0xFF, 0xFF, 0xFF, 0xFF, 0xFF, 0xFF, 
    0xFF, 0xFF, 0xFF, 0xFF, 0xFF, 0xFF, 0xFF, 0xFF, 0xFF, 0xFF, 0xFF, 0xFF, 
    0xFF, 0xFF, 0xFF, 0xFF, 0xFF, 0xFF, 0xFF, 0xFF, 0xFF, 0xFF, 0xFF, 0xFF, 
    0xFF, 0xFF, 0xFF, 0xFF, 0xFF, 0xFF, 0xFF, 0xFF, 0xFF, 0xFF, 0xFF, 0xFF, 
    0xFF, 0xFF, 0xFF, 0x43, 0x4A, 0x57, 0x00, 0x1F, 0x49, 0x03, 0x29, 0x4D, 
    0x00, 0x27, 0x4C, 0x03, 0x29, 0x4C, 0x00, 0x1C, 0x49, 0x9C, 0xBF, 0xDB, 
    0xFE, 0xFE, 0xFE, 0xF9, 0xF9, 0xFA, 0xFE, 0xFE, 0xFE, 0xE7, 0xDA, 0xD0, 
    0x12, 0x24, 0x46, 0x00, 0x27, 0x4D, 0x01, 0x27, 0x4C, 0x00, 0x27, 0x4C, 
    0x00, 0x27, 0x4C, 0x00, 0x27, 0x4C, 0x00, 0x27, 0x4C, 0x00, 0x27, 0x4C, 
    0x00, 0x27, 0x4C, 0x03, 0x2A, 0x4F, 0x00, 0x1B, 0x41, 0x21, 0x4C, 0x77, 
    0xC7, 0xDB, 0xEB, 0xFF, 0xFF, 0xFF, 0xFF, 0xFF, 0xFF, 0xFA, 0xFA, 0xFB, 
    0xFB, 0xFD, 0xFE, 0xFF, 0xFF, 0xFF, 0xFF, 0xFF, 0xFF, 0xFF, 0xFD, 0xFC, 
    0xE7, 0xE9, 0xEB, 0xDD, 0xE2, 0xE7, 0xDE, 0xE5, 0xE9, 0xF0, 0xF2, 0xF5, 
    0xFF, 0xFF, 0xFF, 0xFF, 0xFF, 0xFF, 0xFF, 0xFF, 0xFF, 0xFA, 0xFA, 0xFB, 
    0xA6, 0x9C, 0x9A, 0x00, 0x19, 0x3F, 0x03, 0x2A, 0x4F, 0x00, 0x27, 0x4C, 
    0x00, 0x27, 0x4C, 0x04, 0x2B, 0x4E, 0x00, 0x17, 0x45, 0x80, 0xA7, 0xC9, 
    0xFF, 0xFF, 0xFF, 0xFA, 0xFA, 0xFB, 0xFF, 0xFF, 0xFF, 0xF9, 0xEB, 0xE0, 
    0x22, 0x32, 0x4E, 0x00, 0x24, 0x4B, 0x02, 0x28, 0x4C, 0x00, 0x27, 0x4C, 
    0x00, 0x27, 0x4C, 0x00, 0x27, 0x4C, 0x01, 0x28, 0x4E, 0x04, 0x27, 0x4B, 
    0x00, 0x1C, 0x47, 0x74, 0x9F, 0xBE, 0xFF, 0xFF, 0xFF, 0xFC, 0xFC, 0xFC, 
    0xFC, 0xFC, 0xFD, 0xFC, 0xFE, 0xFF, 0xFF, 0xFD, 0xF6, 0x6B, 0x70, 0x79, 
    0x00, 0x17, 0x3E, 0x03, 0x29, 0x4F, 0x00, 0x27, 0x4C, 0x00, 0x27, 0x4C, 
    0x00, 0x27, 0x4C, 0x00, 0x27, 0x4C, 0x00, 0x27, 0x4C, 0x01, 0x29, 0x4E, 
    0x01, 0x22, 0x46, 0x05, 0x30, 0x5C, 0xA7, 0xC4, 0xDB, 0xFF, 0xFF, 0xFF, 
    0xFF, 0xFF, 0xFE, 0xF9, 0xFA, 0xFB, 0xFF, 0xFF, 0xFF, 0xFF, 0xFF, 0xFF, 
    0xFF, 0xFF, 0xFF, 0xED, 0xEE, 0xED, 0xDD, 0xE2, 0xE7, 0xDD, 0xE5, 0xE9, 
    0xF3, 0xF6, 0xFA, 0xFF, 0xFF, 0xFF, 0xFF, 0xFF, 0xFF, 0xFC, 0xFC, 0xFC, 
    0xFA, 0xFB, 0xFC, 0xFF, 0xFF, 0xFF, 0xFF, 0xFF, 0xFA, 0x76, 0x77, 0x7C, 
    0x00, 0x1A, 0x42, 0x03, 0x2A, 0x4F, 0x00, 0x27, 0x4C, 0x00, 0x27, 0x4C, 
    0x00, 0x27, 0x4C, 0x00, 0x27, 0x4C, 0x00, 0x27, 0x4C, 0x04, 0x2A, 0x4D, 
    0x00, 0x18, 0x48, 0x8E, 0xB4, 0xD2, 0xFE, 0xFE, 0xFE, 0xF9, 0xF9, 0xFA, 
    0xFE, 0xFE, 0xFE, 0xF4, 0xE5, 0xD8, 0x08, 0x20, 0x44, 0x78, 0xA6, 0xC8, 
    0xFF, 0xFF, 0xFF, 0xFA, 0xFB, 0xFD, 0xFF, 0xFF, 0xFF, 0xFF, 0xFF, 0xFF, 
    0xFF, 0xFF, 0xFF, 0xFF, 0xFF, 0xFF, 0xFF, 0xFF, 0xFF, 0xFF, 0xFF, 0xFF, 
    0x4F, 0x4E, 0x61, 0x00, 0x1E, 0x47, 0x04, 0x2A, 0x4E, 0x02, 0x25, 0x49, 
    0x00, 0x26, 0x52, 0xA1, 0xC1, 0xD9, 0xFF, 0xFF, 0xFF, 0xFF, 0xFE, 0xFE, 
    0xFA, 0xFA, 0xFB, 0xFF, 0xFF, 0xFF, 0xFF, 0xFF, 0xFF, 0xFF, 0xFF, 0xFE, 
    0xE9, 0xE9, 0xEB, 0xDD, 0xE2, 0xE7, 0xDE, 0xE3, 0xE9, 0xE8, 0xEC, 0xF2, 
    0xFE, 0xFF, 0xFF, 0xFF, 0xFF, 0xFF, 0xFF, 0xFF, 0xFF, 0xFF, 0xFF, 0xFF, 
    0xEA, 0xDF, 0xD4, 0x19, 0x29, 0x49, 0x00, 0x26, 0x4C, 0x02, 0x27, 0x4C, 
    0x00, 0x27, 0x4C, 0x00, 0x27, 0x4C, 0x00, 0x27, 0x4C, 0x00, 0x27, 0x4C, 
    0x00, 0x27, 0x4C, 0x00, 0x27, 0x4C, 0x00, 0x27, 0x4C, 0x00, 0x27, 0x4C, 
    0x00, 0x27, 0x4C, 0x00, 0x27, 0x4C, 0x00, 0x27, 0x4C, 0x00, 0x27, 0x4C, 
    0x00, 0x27, 0x4C, 0x00, 0x27, 0x4C, 0x00, 0x27, 0x4C, 0x00, 0x27, 0x4C, 
    0x00, 0x27, 0x4C, 0x00, 0x27, 0x4C, 0x00, 0x27, 0x4C, 0x00, 0x27, 0x4C, 
    0x00, 0x27, 0x4C, 0x00, 0x27, 0x4C, 0x00, 0x27, 0x4C, 0x00, 0x27, 0x4C, 
    0x00, 0x27, 0x4C, 0x00, 0x27, 0x4C, 0x00, 0x27, 0x4C, 0x02, 0x29, 0x4B, 
    0x00, 0x20, 0x4F, 0x30, 0x46, 0x3F, 0xFF, 0xCF, 0x03, 0xFE, 0xCA, 0x05, 
    0xFF, 0xCB, 0x05, 0xFF, 0xCB, 0x05, 0xFF, 0xCB, 0x05, 0xFF, 0xCB, 0x05, 
    0xFF, 0xCB, 0x05, 0xFF, 0xCB, 0x05, 0xFF, 0xCB, 0x05, 0xFF, 0xCB, 0x05, 
    0xFF, 0xCB, 0x05, 0xFF, 0xCB, 0x05, 0xFF, 0xCB, 0x05, 0xFF, 0xCB, 0x05, 
    0xFF, 0xCB, 0x05, 0xFF, 0xCB, 0x05, 0xFF, 0xCB, 0x05, 0xFF, 0xCB, 0x05, 
    0xFC, 0xC9, 0x05, 0xFF, 0xD6, 0x02, 0xAC, 0x8F, 0x10, 0x28, 0x3A, 0x3C, 
    0xF2, 0xC6, 0x07, 0xFD, 0xCD, 0x04, 0xFE, 0xCA, 0x05, 0xFF, 0xCB, 0x05, 
    0xFF, 0xCB, 0x05, 0xFF, 0xCB, 0x05, 0xFF, 0xCB, 0x05, 0xFF, 0xCB, 0x05, 
    0xFF, 0xCB, 0x05, 0xFF, 0xCB, 0x05, 0xFF, 0xCB, 0x05, 0xFF, 0xCB, 0x05, 
    0xFF, 0xCB, 0x05, 0xFF, 0xCB, 0x05, 0xFF, 0xCB, 0x05, 0xFF, 0xCB, 0x05, 
    0xFF, 0xCB, 0x05, 0xFF, 0xCB, 0x05, 0xFF, 0xCB, 0x05, 0xFF, 0xCB, 0x05, 
    0xFF, 0xCB, 0x05, 0xFF, 0xCB, 0x05, 0xFF, 0xCB, 0x05, 0xFF, 0xCB, 0x05, 
    0xFF, 0xCB, 0x05, 0xFF, 0xCB, 0x05, 0xFF, 0xCB, 0x05, 0xFF, 0xCB, 0x05, 
    0xFF, 0xCB, 0x05, 0xFF, 0xCB, 0x05, 0xFF, 0xCB, 0x05, 0xFF, 0xCB, 0x05, 
    0xFF, 0xCB, 0x05, 0xFD, 0xCA, 0x05, 0xFD, 0xCD, 0x05, 0xF5, 0xC9, 0x08, 
    0x29, 0x3A, 0x3D, 0x9B, 0x82, 0x0F, 0xFF, 0xD9, 0x03, 0xFB, 0xC8, 0x05, 
    0xFF, 0xCB, 0x05, 0xFF, 0xCB, 0x05, 0xFF, 0xCB, 0x05, 0xFF, 0xCB, 0x05, 
    0xFF, 0xCB, 0x05, 0xFF, 0xCB, 0x05, 0xFF, 0xCB, 0x05, 0xFF, 0xCB, 0x05, 
    0xFF, 0xCB, 0x05, 0xFF, 0xCB, 0x05, 0xFF, 0xCB, 0x05, 0xFF, 0xCB, 0x05, 
    0xFF, 0xCB, 0x05, 0xFF, 0xCB, 0x05, 0xFF, 0xCB, 0x05, 0xFF, 0xCB, 0x05, 
    0xFE, 0xCB, 0x05, 0xFF, 0xCE, 0x04, 0x2C, 0x44, 0x40, 0x00, 0x20, 0x4F, 
    0x02, 0x28, 0x4B, 0x00, 0x27, 0x4C, 0x00, 0x27, 0x4C, 0x00, 0x27, 0x4C, 
    0x00, 0x27, 0x4C, 0x00, 0x27, 0x4C, 0x00, 0x27, 0x4C, 0x00, 0x27, 0x4C, 
    0x00, 0x27, 0x4C, 0x00, 0x27, 0x4C, 0x00, 0x27, 0x4C, 0x00, 0x27, 0x4C, 
    0x00, 0x27, 0x4C, 0x00, 0x27, 0x4C, 0x02, 0x28, 0x4D, 0x00, 0x1F, 0x45, 
    0x29, 0x4A, 0x69, 0x3C, 0x5A, 0x76, 0x00, 0x1D, 0x43, 0x02, 0x29, 0x4E, 
    0x00, 0x27, 0x4C, 0x00, 0x27, 0x4C, 0x00, 0x27, 0x4C, 0x00, 0x27, 0x4C, 
    0x00, 0x27, 0x4C, 0x00, 0x27, 0x4C, 0x00, 0x27, 0x4C, 0x00, 0x27, 0x4C, 
    0x00, 0x27, 0x4C, 0x00, 0x27, 0x4C, 0x00, 0x27, 0x4C, 0x00, 0x27, 0x4C, 
    0x00, 0x27, 0x4C, 0x00, 0x27, 0x4C, 0x00, 0x27, 0x4C, 0x00, 0x27, 0x4C, 
    0x00, 0x27, 0x4C, 0x00, 0x27, 0x4C, 0x00, 0x27, 0x4C, 0x00, 0x27, 0x4C, 
    0x00, 0x27, 0x4C, 0x03, 0x29, 0x4B, 0x00, 0x1C, 0x4D, 0xA4, 0xC6, 0xE0, 
    0xFF, 0xFF, 0xFF, 0xFB, 0xFB, 0xFC, 0xFF, 0xFF, 0xFF, 0xF2, 0xE6, 0xDC, 
    0x21, 0x33, 0x4C, 0x04, 0x29, 0x4F, 0x06, 0x2C, 0x4F, 0x04, 0x2B, 0x4F, 
    0x04, 0x2B, 0x4F, 0x04, 0x2B, 0x4F, 0x04, 0x2B, 0x4F, 0x04, 0x2B, 0x4F, 
    0x04, 0x2B, 0x4F, 0x04, 0x2B, 0x4F, 0x04, 0x2B, 0x4F, 0x04, 0x2B, 0x4F, 
    0x04, 0x2B, 0x4F, 0x04, 0x2B, 0x4F, 0x03, 0x29, 0x4D, 0x00, 0x27, 0x4C, 
    0x00, 0x27, 0x4C, 0x00, 0x27, 0x4C, 0x00, 0x27, 0x4C, 0x00, 0x27, 0x4C, 
    0x00, 0x27, 0x4C, 0x00, 0x27, 0x4D, 0x03, 0x29, 0x4B, 0x00, 0x1E, 0x50, 
    0xAB, 0xCC, 0xE3, 0xFF, 0xFF, 0xFF, 0xFA, 0xFB, 0xFC, 0xFF, 0xFF, 0xFF, 
    0xEE, 0xE2, 0xD7, 0x1C, 0x30, 0x4A, 0x04, 0x2A, 0x50, 0x05, 0x2C, 0x4F, 
    0x04, 0x2B, 0x4F, 0x04, 0x2B, 0x4F, 0x04, 0x2B, 0x4F, 0x04, 0x2B, 0x4F, 
    0x04, 0x2B, 0x4F, 0x04, 0x2B, 0x4F, 0x04, 0x2B, 0x4F, 0x04, 0x2B, 0x4F, 
    0x04, 0x2B, 0x4F, 0x04, 0x2B, 0x4F, 0x04, 0x2B, 0x4F, 0x02, 0x29, 0x4D, 
    0x00, 0x27, 0x4C, 0x00, 0x27, 0x4C, 0x00, 0x27, 0x4C, 0x00, 0x27, 0x4C, 
    0x00, 0x28, 0x4D, 0x01, 0x25, 0x48, 0x01, 0x2E, 0x5C, 0xCB, 0xE4, 0xF6, 
    0xFF, 0xFF, 0xFF, 0xFC, 0xFD, 0xFD, 0xFE, 0xFF, 0xFF, 0xFC, 0xF2, 0xE8, 
    0x2C, 0x3B, 0x51, 0x00, 0x22, 0x4B, 0x02, 0x28, 0x4C, 0x00, 0x27, 0x4C, 
    0x00, 0x27, 0x4C, 0x00, 0x27, 0x4C, 0x00, 0x27, 0x4C, 0x00, 0x27, 0x4C, 
    0x00, 0x27, 0x4C, 0x00, 0x27, 0x4C, 0x00, 0x27, 0x4C, 0x00, 0x27, 0x4C, 
    0x00, 0x27, 0x4C, 0x00, 0x27, 0x4C, 0x00, 0x27, 0x4C, 0x00, 0x27, 0x4C, 
    0x00, 0x27, 0x4C, 0x00, 0x27, 0x4C, 0x00, 0x27, 0x4C, 0x00, 0x27, 0x4C, 
    0x00, 0x27, 0x4C, 0x00, 0x27, 0x4C, 0x00, 0x27, 0x4C, 0x00, 0x27, 0x4C, 
    0x00, 0x27, 0x4C, 0x00, 0x27, 0x4C, 0x00, 0x27, 0x4C, 0x00, 0x27, 0x4C, 
    0x00, 0x27, 0x4C, 0x01, 0x28, 0x4D, 0x02, 0x25, 0x48, 0x05, 0x2D, 0x5C, 
    0xC4, 0xDD, 0xF0, 0xFF, 0xFF, 0xFF, 0xFA, 0xFB, 0xFD, 0xFF, 0xFF, 0xFF, 
    0xFC, 0xFD, 0xFF, 0xFF, 0xFF, 0xFF, 0xD5, 0xD3, 0xD1, 0x50, 0x5A, 0x70, 
    0x00, 0x1D, 0x41, 0x00, 0x1C, 0x44, 0x00, 0x28, 0x4E, 0x03, 0x2A, 0x4E, 
    0x01, 0x28, 0x4C, 0x00, 0x27, 0x4C, 0x00, 0x27, 0x4C, 0x00, 0x27, 0x4C, 
    0x00, 0x27, 0x4C, 0x00, 0x27, 0x4C, 0x00, 0x27, 0x4C, 0x00, 0x27, 0x4C, 
    0x00, 0x27, 0x4C, 0x00, 0x27, 0x4C, 0x00, 0x27, 0x4C, 0x00, 0x27, 0x4C, 
    0x00, 0x27, 0x4C, 0x00, 0x27, 0x4C, 0x00, 0x27, 0x4C, 0x00, 0x27, 0x4C, 
    0x00, 0x27, 0x4C, 0x00, 0x27, 0x4C, 0x00, 0x27, 0x4C, 0x00, 0x27, 0x4C, 
    0x00, 0x27, 0x4C, 0x00, 0x27, 0x4C, 0x00, 0x27, 0x4C, 0x00, 0x27, 0x4C, 
    0x00, 0x27, 0x4C, 0x00, 0x27, 0x4C, 0x00, 0x27, 0x4C, 0x00, 0x27, 0x4C, 
    0x00, 0x27, 0x4C, 0x00, 0x27, 0x4C, 0x00, 0x27, 0x4C, 0x02, 0x29, 0x4E, 
    0x01, 0x1F, 0x43, 0x1E, 0x4D, 0x7B, 0xEC, 0xF9, 0xFF, 0xFF, 0xFE, 0xFD, 
    0xFC, 0xFD, 0xFE, 0xFF, 0xFE, 0xFE, 0xFE, 0xFF, 0xFF, 0xFF, 0xFF, 0xFF, 
    0xB9, 0xB7, 0xBA, 0x37, 0x44, 0x5E, 0x00, 0x19, 0x40, 0x00, 0x1F, 0x47, 
    0x02, 0x2A, 0x4F, 0x03, 0x29, 0x4E, 0x01, 0x27, 0x4C, 0x00, 0x27, 0x4C, 
    0x00, 0x27, 0x4C, 0x00, 0x27, 0x4C, 0x00, 0x27, 0x4C, 0x00, 0x27, 0x4C, 
    0x00, 0x27, 0x4C, 0x00, 0x27, 0x4C, 0x00, 0x27, 0x4C, 0x00, 0x27, 0x4C, 
    0x00, 0x27, 0x4C, 0x00, 0x27, 0x4C, 0x02, 0x28, 0x4D, 0x00, 0x20, 0x48, 
    0x35, 0x60, 0x84, 0x7D, 0x91, 0xA4, 0x7B, 0x8F, 0xA3, 0x7F, 0x92, 0xA4, 
    0x7D, 0x8B, 0xA1, 0xC3, 0xD9, 0xE8, 0xFF, 0xFF, 0xFF, 0xFC, 0xFC, 0xFD, 
    0xFF, 0xFF, 0xFF, 0xF8, 0xF1, 0xEC, 0x89, 0x95, 0xA2, 0x7D, 0x90, 0xA4, 
    0x7D, 0x91, 0xA4, 0x7D, 0x91, 0xA4, 0x7D, 0x90, 0xA3, 0x7C, 0x91, 0xA4, 
    0x7D, 0x8F, 0x9E, 0x1E, 0x37, 0x51, 0x00, 0x24, 0x4B, 0x01, 0x28, 0x4C, 
    0x00, 0x27, 0x4C, 0x03, 0x29, 0x4C, 0x00, 0x1C, 0x49, 0x9C, 0xBF, 0xDB, 
    0xFF, 0xFF, 0xFF, 0xFA, 0xFA, 0xFB, 0xFF, 0xFF, 0xFF, 0xE8, 0xDB, 0xD0, 
    0x12, 0x24, 0x46, 0x00, 0x27, 0x4D, 0x01, 0x27, 0x4C, 0x00, 0x27, 0x4C, 
    0x00, 0x27, 0x4C, 0x00, 0x27, 0x4C, 0x00, 0x27, 0x4C, 0x00, 0x27, 0x4C, 
    0x02, 0x2A, 0x4F, 0x00, 0x1D, 0x41, 0x26, 0x4E, 0x7F, 0xE1, 0xF1, 0xFB, 
    0xFF, 0xFF, 0xFF, 0xFA, 0xFB, 0xFC, 0xFC, 0xFC, 0xFD, 0xFF, 0xFF, 0xFF, 
    0xFF, 0xFF, 0xFE, 0xC0, 0xBF, 0xC2, 0x66, 0x74, 0x87, 0x2C, 0x47, 0x66, 
    0x0F, 0x32, 0x53, 0x02, 0x28, 0x4D, 0x03, 0x2C, 0x50, 0x19, 0x3C, 0x5E, 
    0x36, 0x5A, 0x77, 0x77, 0x94, 0xAB, 0xCB, 0xD8, 0xE5, 0xFF, 0xFF, 0xFF, 
    0xB4, 0xA5, 0x9F, 0x00, 0x18, 0x3E, 0x03, 0x2A, 0x4F, 0x00, 0x27, 0x4C, 
    0x00, 0x27, 0x4C, 0x04, 0x2B, 0x4E, 0x00, 0x17, 0x45, 0x80, 0xA7, 0xC9, 
    0xFF, 0xFF, 0xFF, 0xFA, 0xFA, 0xFB, 0xFF, 0xFF, 0xFF, 0xF9, 0xEB, 0xE0, 
    0x22, 0x32, 0x4E, 0x00, 0x24, 0x4B, 0x02, 0x28, 0x4C, 0x00, 0x27, 0x4C, 
    0x00, 0x27, 0x4C, 0x01, 0x28, 0x4E, 0x04, 0x27, 0x4A, 0x00, 0x1A, 0x47, 
    0x7C, 0xA3, 0xC2, 0xFF, 0xFF, 0xFF, 0xFB, 0xFC, 0xFC, 0xFD, 0xFD, 0xFD, 
    0xFE, 0xFF, 0xFF, 0xFF, 0xF9, 0xF1, 0x64, 0x65, 0x71, 0x00, 0x18, 0x40, 
    0x04, 0x2B, 0x4F, 0x00, 0x27, 0x4C, 0x00, 0x27, 0x4C, 0x00, 0x27, 0x4C, 
    0x00, 0x27, 0x4C, 0x00, 0x27, 0x4C, 0x01, 0x28, 0x4D, 0x03, 0x25, 0x48, 
    0x04, 0x2A, 0x5A, 0xB1, 0xD0, 0xE4, 0xFF, 0xFF, 0xFF, 0xFA, 0xFB, 0xFB, 
    0xFC, 0xFC, 0xFD, 0xFF, 0xFF, 0xFF, 0xF7, 0xF2, 0xEF, 0x95, 0x9B, 0xA2, 
    0x3F, 0x55, 0x6D, 0x16, 0x36, 0x55, 0x03, 0x28, 0x4D, 0x03, 0x2C, 0x50, 
    0x1E, 0x3F, 0x63, 0x4C, 0x6B, 0x89, 0xAD, 0xC6, 0xD7, 0xFF, 0xFF, 0xFF, 
    0xFF, 0xFE, 0xFD, 0xFD, 0xFC, 0xFD, 0xFC, 0xFE, 0xFF, 0xFF, 0xFE, 0xF6, 
    0x54, 0x58, 0x65, 0x00, 0x1D, 0x46, 0x03, 0x2A, 0x4E, 0x00, 0x27, 0x4C, 
    0x00, 0x27, 0x4C, 0x00, 0x27, 0x4C, 0x00, 0x27, 0x4C, 0x04, 0x2A, 0x4D, 
    0x00, 0x18, 0x48, 0x8E, 0xB4, 0xD2, 0xFF, 0xFF, 0xFF, 0xFA, 0xFA, 0xFB, 
    0xFF, 0xFF, 0xFF, 0xE6, 0xD7, 0xCC, 0x46, 0x67, 0x8C, 0xF9, 0xFF, 0xFF, 
    0xFF, 0xFF, 0xFF, 0xFE, 0xFA, 0xF7, 0xAD, 0xAE, 0xB2, 0x62, 0x6A, 0x80, 
    0x37, 0x52, 0x70, 0x36, 0x58, 0x75, 0x5D, 0x77, 0x96, 0xAB, 0xBE, 0xCD, 
    0x4B, 0x4F, 0x63, 0x00, 0x1E, 0x47, 0x06, 0x2B, 0x4F, 0x00, 0x1B, 0x44, 
    0x74, 0xA0, 0xC3, 0xFF, 0xFF, 0xFF, 0xFA, 0xFA, 0xFB, 0xFD, 0xFE, 0xFE, 
    0xFF, 0xFF, 0xFF, 0xF2, 0xEC, 0xE7, 0x88, 0x88, 0x96, 0x38, 0x4A, 0x67, 
    0x11, 0x31, 0x53, 0x02, 0x28, 0x4D, 0x03, 0x29, 0x4F, 0x10, 0x34, 0x5B, 
    0x2B, 0x4D, 0x6C, 0x55, 0x70, 0x8B, 0x98, 0xAA, 0xBC, 0xE1, 0xEE, 0xF6, 
    0xFE, 0xF0, 0xE2, 0x1C, 0x29, 0x49, 0x00, 0x26, 0x4C, 0x02, 0x27, 0x4C, 
    0x00, 0x27, 0x4C, 0x00, 0x27, 0x4C, 0x00, 0x27, 0x4C, 0x00, 0x27, 0x4C, 
    0x00, 0x27, 0x4C, 0x00, 0x27, 0x4C, 0x00, 0x27, 0x4C, 0x00, 0x27, 0x4C, 
    0x00, 0x27, 0x4C, 0x00, 0x27, 0x4C, 0x00, 0x27, 0x4C, 0x00, 0x27, 0x4C, 
    0x00, 0x27, 0x4C, 0x00, 0x27, 0x4C, 0x00, 0x27, 0x4C, 0x00, 0x27, 0x4C, 
    0x00, 0x27, 0x4C, 0x00, 0x27, 0x4C, 0x00, 0x27, 0x4C, 0x00, 0x27, 0x4C, 
    0x00, 0x27, 0x4C, 0x00, 0x27, 0x4C, 0x00, 0x27, 0x4C, 0x00, 0x27, 0x4C, 
    0x00, 0x27, 0x4C, 0x00, 0x27, 0x4C, 0x00, 0x27, 0x4C, 0x02, 0x29, 0x4B, 
    0x00, 0x20, 0x4F, 0x30, 0x46, 0x3F, 0xFF, 0xCF, 0x03, 0xFE, 0xCA, 0x05, 
    0xFF, 0xCB, 0x05, 0xFF, 0xCB, 0x05, 0xFF, 0xCB, 0x05, 0xFF, 0xCB, 0x05, 
    0xFF, 0xCB, 0x05, 0xFF, 0xCB, 0x05, 0xFF, 0xCB, 0x05, 0xFF, 0xCB, 0x05, 
    0xFF, 0xCB, 0x05, 0xFF, 0xCB, 0x05, 0xFF, 0xCB, 0x05, 0xFF, 0xCB, 0x05, 
    0xFF, 0xCB, 0x05, 0xFF, 0xCB, 0x05, 0xFF, 0xCB, 0x05, 0xFF, 0xCB, 0x05, 
    0xFC, 0xC9, 0x05, 0xFF, 0xD5, 0x03, 0xBD, 0x9A, 0x0D, 0x00, 0x12, 0x52, 
    0x60, 0x64, 0x32, 0xFF, 0xD6, 0x01, 0xFB, 0xC9, 0x06, 0xFF, 0xCB, 0x05, 
    0xFF, 0xCB, 0x05, 0xFF, 0xCB, 0x05, 0xFF, 0xCB, 0x05, 0xFF, 0xCB, 0x05, 
    0xFF, 0xCB, 0x05, 0xFF, 0xCB, 0x05, 0xFF, 0xCB, 0x05, 0xFF, 0xCB, 0x05, 
    0xFF, 0xCB, 0x05, 0xFF, 0xCB, 0x05, 0xFF, 0xCB, 0x05, 0xFF, 0xCB, 0x05, 
    0xFF, 0xCB, 0x05, 0xFF, 0xCB, 0x05, 0xFF, 0xCB, 0x05, 0xFF, 0xCB, 0x05, 
    0xFF, 0xCB, 0x05, 0xFF, 0xCB, 0x05, 0xFF, 0xCB, 0x05, 0xFF, 0xCB, 0x05, 
    0xFF, 0xCB, 0x05, 0xFF, 0xCB, 0x05, 0xFF, 0xCB, 0x05, 0xFF, 0xCB, 0x05, 
    0xFF, 0xCB, 0x05, 0xFF, 0xCB, 0x05, 0xFF, 0xCB, 0x05, 0xFF, 0xCB, 0x05, 
    0xFF, 0xCB, 0x05, 0xFB, 0xC9, 0x06, 0xFF, 0xD5, 0x00, 0x5E, 0x64, 0x32, 
    0x00, 0x0E, 0x51, 0xAD, 0x8E, 0x0B, 0xFF, 0xD6, 0x03, 0xFB, 0xC8, 0x05, 
    0xFF, 0xCB, 0x05, 0xFF, 0xCB, 0x05, 0xFF, 0xCB, 0x05, 0xFF, 0xCB, 0x05, 
    0xFF, 0xCB, 0x05, 0xFF, 0xCB, 0x05, 0xFF, 0xCB, 0x05, 0xFF, 0xCB, 0x05, 
    0xFF, 0xCB, 0x05, 0xFF, 0xCB, 0x05, 0xFF, 0xCB, 0x05, 0xFF, 0xCB, 0x05, 
    0xFF, 0xCB, 0x05, 0xFF, 0xCB, 0x05, 0xFF, 0xCB, 0x05, 0xFF, 0xCB, 0x05, 
    0xFE, 0xCB, 0x05, 0xFF, 0xCE, 0x04, 0x2C, 0x44, 0x40, 0x00, 0x20, 0x4F, 
    0x02, 0x28, 0x4B, 0x00, 0x27, 0x4C, 0x00, 0x27, 0x4C, 0x00, 0x27, 0x4C, 
    0x00, 0x27, 0x4C, 0x00, 0x27, 0x4C, 0x00, 0x27, 0x4C, 0x00, 0x27, 0x4C, 
    0x00, 0x27, 0x4C, 0x00, 0x27, 0x4C, 0x00, 0x27, 0x4C, 0x00, 0x27, 0x4C, 
    0x00, 0x27, 0x4C, 0x00, 0x27, 0x4C, 0x02, 0x28, 0x4D, 0x00, 0x1F, 0x45, 
    0x29, 0x4A, 0x69, 0x3C, 0x5A, 0x76, 0x00, 0x1D, 0x43, 0x02, 0x29, 0x4E, 
    0x00, 0x27, 0x4C, 0x00, 0x27, 0x4C, 0x00, 0x27, 0x4C, 0x00, 0x27, 0x4C, 
    0x00, 0x27, 0x4C, 0x00, 0x27, 0x4C, 0x00, 0x27, 0x4C, 0x00, 0x27, 0x4C, 
    0x00, 0x27, 0x4C, 0x00, 0x27, 0x4C, 0x00, 0x27, 0x4C, 0x00, 0x27, 0x4C, 
    0x00, 0x27, 0x4C, 0x00, 0x27, 0x4C, 0x00, 0x27, 0x4C, 0x00, 0x27, 0x4C, 
    0x00, 0x27, 0x4C, 0x00, 0x27, 0x4C, 0x00, 0x27, 0x4C, 0x00, 0x27, 0x4C, 
    0x00, 0x27, 0x4C, 0x03, 0x29, 0x4B, 0x00, 0x1C, 0x4D, 0xA4, 0xC6, 0xE0, 
    0xFF, 0xFF, 0xFF, 0xFB, 0xFB, 0xFC, 0xFF, 0xFF, 0xFF, 0xF1, 0xE4, 0xD8, 
    0x0C, 0x20, 0x3B, 0x00, 0x15, 0x3F, 0x00, 0x18, 0x3F, 0x00, 0x17, 0x3F, 
    0x00, 0x17, 0x3F, 0x00, 0x17, 0x3F, 0x00, 0x17, 0x3F, 0x00, 0x17, 0x3F, 
    0x00, 0x17, 0x3F, 0x00, 0x17, 0x3F, 0x00, 0x17, 0x3F, 0x00, 0x17, 0x3F, 
    0x00, 0x17, 0x3F, 0x00, 0x17, 0x3F, 0x00, 0x1F, 0x47, 0x00, 0x28, 0x4D, 
    0x00, 0x27, 0x4C, 0x00, 0x27, 0x4C, 0x00, 0x27, 0x4C, 0x00, 0x27, 0x4C, 
    0x00, 0x27, 0x4C, 0x00, 0x27, 0x4D, 0x03, 0x29, 0x4B, 0x00, 0x1E, 0x50, 
    0xAB, 0xCC, 0xE3, 0xFF, 0xFF, 0xFF, 0xFA, 0xFB, 0xFC, 0xFF, 0xFF, 0xFF, 
    0xED, 0xDF, 0xD3, 0x07, 0x1C, 0x39, 0x00, 0x16, 0x40, 0x00, 0x18, 0x3F, 
    0x00, 0x17, 0x3F, 0x00, 0x17, 0x3F, 0x00, 0x17, 0x3F, 0x00, 0x17, 0x3F, 
    0x00, 0x17, 0x3F, 0x00, 0x17, 0x3F, 0x00, 0x17, 0x3F, 0x00, 0x17, 0x3F, 
    0x00, 0x17, 0x3F, 0x00, 0x17, 0x3F, 0x00, 0x17, 0x3F, 0x00, 0x20, 0x48, 
    0x00, 0x28, 0x4D, 0x00, 0x27, 0x4C, 0x00, 0x27, 0x4C, 0x00, 0x27, 0x4C, 
    0x01, 0x29, 0x4E, 0x00, 0x20, 0x44, 0x13, 0x46, 0x76, 0xED, 0xFB, 0xFF, 
    0xFF, 0xFF, 0xFE, 0xFC, 0xFC, 0xFC, 0xFF, 0xFF, 0xFF, 0xDC, 0xCE, 0xC4, 
    0x07, 0x21, 0x43, 0x00, 0x28, 0x4E, 0x01, 0x27, 0x4C, 0x00, 0x27, 0x4C, 
    0x00, 0x27, 0x4C, 0x00, 0x27, 0x4C, 0x00, 0x27, 0x4C, 0x00, 0x27, 0x4C, 
    0x00, 0x27, 0x4C, 0x00, 0x27, 0x4C, 0x00, 0x27, 0x4C, 0x00, 0x27, 0x4C, 
    0x00, 0x27, 0x4C, 0x00, 0x27, 0x4C, 0x00, 0x27, 0x4C, 0x00, 0x27, 0x4C, 
    0x00, 0x27, 0x4C, 0x00, 0x27, 0x4C, 0x00, 0x27, 0x4C, 0x00, 0x27, 0x4C, 
    0x00, 0x27, 0x4C, 0x00, 0x27, 0x4C, 0x00, 0x27, 0x4C, 0x00, 0x27, 0x4C, 
    0x00, 0x27, 0x4C, 0x00, 0x27, 0x4C, 0x00, 0x27, 0x4C, 0x00, 0x27, 0x4C, 
    0x00, 0x27, 0x4C, 0x00, 0x27, 0x4C, 0x02, 0x2A, 0x4F, 0x00, 0x1F, 0x43, 
    0x17, 0x44, 0x72, 0xD6, 0xE5, 0xF3, 0xFF, 0xFF, 0xFF, 0xFA, 0xFB, 0xFC, 
    0xFE, 0xFE, 0xFE, 0xFC, 0xFD, 0xFD, 0xFF, 0xFF, 0xFF, 0xFF, 0xFF, 0xFE, 
    0xC3, 0xBE, 0xC2, 0x51, 0x5E, 0x75, 0x02, 0x21, 0x43, 0x00, 0x1A, 0x42, 
    0x00, 0x26, 0x4C, 0x04, 0x2A, 0x4F, 0x01, 0x28, 0x4C, 0x00, 0x27, 0x4C, 
    0x00, 0x27, 0x4C, 0x00, 0x27, 0x4C, 0x00, 0x27, 0x4C, 0x00, 0x27, 0x4C, 
    0x00, 0x27, 0x4C, 0x00, 0x27, 0x4C, 0x00, 0x27, 0x4C, 0x00, 0x27, 0x4C, 
    0x00, 0x27, 0x4C, 0x00, 0x27, 0x4C, 0x00, 0x27, 0x4C, 0x00, 0x27, 0x4C, 
    0x00, 0x27, 0x4C, 0x00, 0x27, 0x4C, 0x00, 0x27, 0x4C, 0x00, 0x27, 0x4C, 
    0x00, 0x27, 0x4C, 0x00, 0x27, 0x4C, 0x00, 0x27, 0x4C, 0x00, 0x27, 0x4C, 
    0x00, 0x27, 0x4C, 0x00, 0x27, 0x4C, 0x00, 0x27, 0x4C, 0x00, 0x27, 0x4C, 
    0x00, 0x27, 0x4C, 0x00, 0x27, 0x4C, 0x00, 0x27, 0x4C, 0x00, 0x27, 0x4C, 
    0x02, 0x2A, 0x4E, 0x00, 0x1A, 0x41, 0x3C, 0x6A, 0x94, 0xF5, 0xFB, 0xFF, 
    0xFF, 0xFF, 0xFF, 0xFB, 0xFC, 0xFC, 0xFE, 0xFE, 0xFE, 0xFC, 0xFD, 0xFE, 
    0xFF, 0xFF, 0xFF, 0xFE, 0xF8, 0xF3, 0xA6, 0xA7, 0xAF, 0x38, 0x4B, 0x64, 
    0x00, 0x1C, 0x40, 0x00, 0x1D, 0x45, 0x00, 0x28, 0x4E, 0x03, 0x2A, 0x4E, 
    0x01, 0x27, 0x4C, 0x00, 0x27, 0x4C, 0x00, 0x27, 0x4C, 0x00, 0x27, 0x4C, 
    0x00, 0x27, 0x4C, 0x00, 0x27, 0x4C, 0x00, 0x27, 0x4C, 0x00, 0x27, 0x4C, 
    0x00, 0x27, 0x4C, 0x00, 0x27, 0x4C, 0x00, 0x27, 0x4C, 0x00, 0x28, 0x4D, 
    0x00, 0x1E, 0x43, 0x00, 0x17, 0x3E, 0x00, 0x17, 0x3F, 0x00, 0x19, 0x3F, 
    0x00, 0x0B, 0x39, 0x80, 0xAE, 0xCF, 0xFF, 0xFF, 0xFF, 0xFA, 0xFA, 0xFB, 
    0xFF, 0xFF, 0xFF, 0xF0, 0xE1, 0xD6, 0x05, 0x1F, 0x3B, 0x00, 0x14, 0x3F, 
    0x00, 0x18, 0x3E, 0x00, 0x17, 0x3E, 0x00, 0x17, 0x3E, 0x00, 0x17, 0x3E, 
    0x00, 0x17, 0x3F, 0x00, 0x24, 0x4B, 0x00, 0x28, 0x4C, 0x00, 0x27, 0x4C, 
    0x00, 0x27, 0x4C, 0x03, 0x29, 0x4C, 0x00, 0x1C, 0x49, 0x9C, 0xBF, 0xDB, 
    0xFF, 0xFF, 0xFF, 0xFA, 0xFA, 0xFB, 0xFF, 0xFF, 0xFF, 0xE8, 0xDB, 0xD0, 
    0x12, 0x24, 0x46, 0x00, 0x27, 0x4D, 0x01, 0x27, 0x4C, 0x00, 0x27, 0x4C, 
    0x00, 0x27, 0x4C, 0x00, 0x27, 0x4C, 0x00, 0x27, 0x4C, 0x02, 0x29, 0x4E, 
    0x02, 0x21, 0x44, 0x10, 0x3D, 0x6C, 0xD9, 0xEC, 0xF8, 0xFF, 0xFF, 0xFF, 
    0xFB, 0xFC, 0xFD, 0xFD, 0xFD, 0xFD, 0xFF, 0xFF, 0xFF, 0xE6, 0xDD, 0xD8, 
    0x58, 0x5B, 0x6F, 0x00, 0x1D, 0x41, 0x00, 0x19, 0x42, 0x00, 0x20, 0x46, 
    0x00, 0x24, 0x4A, 0x00, 0x26, 0x4B, 0x00, 0x26, 0x4B, 0x00, 0x22, 0x48, 
    0x00, 0x1D, 0x43, 0x00, 0x18, 0x3F, 0x00, 0x23, 0x4D, 0x58, 0x7F, 0xA0, 
    0x87, 0x87, 0x90, 0x01, 0x1C, 0x41, 0x02, 0x29, 0x4E, 0x00, 0x27, 0x4C, 
    0x00, 0x27, 0x4C, 0x04, 0x2B, 0x4E, 0x00, 0x17, 0x45, 0x80, 0xA7, 0xC9, 
    0xFF, 0xFF, 0xFF, 0xFA, 0xFA, 0xFB, 0xFF, 0xFF, 0xFF, 0xF9, 0xEB, 0xE0, 
    0x22, 0x32, 0x4E, 0x00, 0x24, 0x4B, 0x02, 0x28, 0x4C, 0x00, 0x27, 0x4C, 
    0x01, 0x28, 0x4E, 0x04, 0x27, 0x4A, 0x00, 0x1D, 0x47, 0x81, 0xA5, 0xC1, 
    0xFF, 0xFF, 0xFF, 0xFC, 0xFB, 0xFC, 0xFC, 0xFC, 0xFC, 0xFF, 0xFF, 0xFF, 
    0xFA, 0xF1, 0xEB, 0x56, 0x5A, 0x6A, 0x00, 0x18, 0x42, 0x05, 0x2B, 0x4F, 
    0x00, 0x27, 0x4C, 0x00, 0x27, 0x4C, 0x00, 0x27, 0x4C, 0x00, 0x27, 0x4C, 
    0x00, 0x27, 0x4C, 0x00, 0x27, 0x4C, 0x03, 0x29, 0x4C, 0x00, 0x1E, 0x49, 
    0x90, 0xB6, 0xD3, 0xFF, 0xFF, 0xFF, 0xFA, 0xFB, 0xFC, 0xFC, 0xFD, 0xFD, 
    0xFF, 0xFF, 0xFF, 0xCE, 0xC9, 0xC7, 0x2E, 0x3D, 0x56, 0x00, 0x17, 0x3F, 
    0x00, 0x1D, 0x45, 0x00, 0x23, 0x4A, 0x00, 0x26, 0x4B, 0x00, 0x26, 0x4B, 
    0x00, 0x21, 0x47, 0x00, 0x1B, 0x41, 0x00, 0x1B, 0x47, 0x62, 0x8A, 0xB0, 
    0xFB, 0xFF, 0xFF, 0xFD, 0xFD, 0xFD, 0xFC, 0xFC, 0xFC, 0xFE, 0xFF, 0xFF, 
    0xE6, 0xD9, 0xCE, 0x10, 0x27, 0x45, 0x01, 0x27, 0x4D, 0x01, 0x27, 0x4C, 
    0x00, 0x27, 0x4C, 0x00, 0x27, 0x4C, 0x00, 0x27, 0x4C, 0x04, 0x2A, 0x4D, 
    0x00, 0x18, 0x48, 0x8E, 0xB4, 0xD2, 0xFF, 0xFF, 0xFF, 0xFA, 0xFB, 0xFC, 
    0xFF, 0xFF, 0xFF, 0xE3, 0xDE, 0xD9, 0xBB, 0xCC, 0xDD, 0xFF, 0xFF, 0xFF, 
    0xEA, 0xE1, 0xDA, 0x46, 0x4E, 0x62, 0x00, 0x19, 0x3F, 0x00, 0x1A, 0x42, 
    0x00, 0x1E, 0x44, 0x00, 0x1D, 0x44, 0x00, 0x17, 0x3F, 0x00, 0x21, 0x48, 
    0x06, 0x2B, 0x4F, 0x01, 0x28, 0x4D, 0x00, 0x20, 0x44, 0x13, 0x46, 0x75, 
    0xEF, 0xFC, 0xFF, 0xFD, 0xFD, 0xFC, 0xFC, 0xFD, 0xFD, 0xFE, 0xFF, 0xFF, 
    0xE7, 0xDE, 0xD8, 0x2C, 0x3C, 0x54, 0x00, 0x16, 0x3E, 0x00, 0x20, 0x46, 
    0x00, 0x25, 0x4A, 0x00, 0x26, 0x4B, 0x00, 0x26, 0x4B, 0x00, 0x24, 0x48, 
    0x00, 0x1F, 0x45, 0x00, 0x1A, 0x41, 0x00, 0x18, 0x40, 0x0D, 0x38, 0x62, 
    0x60, 0x7A, 0x8D, 0x17, 0x2C, 0x4D, 0x00, 0x25, 0x4B, 0x01, 0x27, 0x4C, 
    0x00, 0x27, 0x4C, 0x00, 0x27, 0x4C, 0x00, 0x27, 0x4C, 0x00, 0x27, 0x4C, 
    0x00, 0x27, 0x4C, 0x00, 0x27, 0x4C, 0x00, 0x27, 0x4C, 0x00, 0x27, 0x4C, 
    0x00, 0x27, 0x4C, 0x00, 0x27, 0x4C, 0x00, 0x27, 0x4C, 0x00, 0x27, 0x4C, 
    0x00, 0x27, 0x4C, 0x00, 0x27, 0x4C, 0x00, 0x27, 0x4C, 0x00, 0x27, 0x4C, 
    0x00, 0x27, 0x4C, 0x00, 0x27, 0x4C, 0x00, 0x27, 0x4C, 0x00, 0x27, 0x4C, 
    0x00, 0x27, 0x4C, 0x00, 0x27, 0x4C, 0x00, 0x27, 0x4C, 0x00, 0x27, 0x4C, 
    0x00, 0x27, 0x4C, 0x00, 0x27, 0x4C, 0x00, 0x27, 0x4C, 0x02, 0x29, 0x4B, 
    0x00, 0x20, 0x4F, 0x30, 0x46, 0x3F, 0xFF, 0xCF, 0x03, 0xFE, 0xCA, 0x05, 
    0xFF, 0xCB, 0x05, 0xFF, 0xCB, 0x05, 0xFF, 0xCB, 0x05, 0xFF, 0xCB, 0x05, 
    0xFF, 0xCB, 0x05, 0xFF, 0xCB, 0x05, 0xFF, 0xCB, 0x05, 0xFF, 0xCB, 0x05, 
    0xFF, 0xCB, 0x05, 0xFF, 0xCB, 0x05, 0xFF, 0xCB, 0x05, 0xFF, 0xCB, 0x05, 
    0xFF, 0xCB, 0x05, 0xFF, 0xCB, 0x05, 0xFF, 0xCB, 0x05, 0xFF, 0xCB, 0x05, 
    0xFC, 0xC9, 0x05, 0xFF, 0xD5, 0x03, 0xB7, 0x97, 0x0E, 0x02, 0x23, 0x4A, 
    0x00, 0x1D, 0x51, 0x9D, 0x8C, 0x20, 0xFF, 0xD6, 0x01, 0xFB, 0xC7, 0x06, 
    0xFF, 0xCB, 0x05, 0xFF, 0xCB, 0x05, 0xFF, 0xCB, 0x05, 0xFF, 0xCB, 0x05, 
    0xFF, 0xCB, 0x05, 0xFF, 0xCB, 0x05, 0xFF, 0xCB, 0x05, 0xFF, 0xCB, 0x05, 
    0xFF, 0xCB, 0x05, 0xFF, 0xCB, 0x05, 0xFF, 0xCB, 0x05, 0xFF, 0xCB, 0x05, 
    0xFF, 0xCB, 0x05, 0xFF, 0xCB, 0x05, 0xFF, 0xCB, 0x05, 0xFF, 0xCB, 0x05, 
    0xFF, 0xCB, 0x05, 0xFF, 0xCB, 0x05, 0xFF, 0xCB, 0x05, 0xFF, 0xCB, 0x05, 
    0xFF, 0xCB, 0x05, 0xFF, 0xCB, 0x05, 0xFF, 0xCB, 0x05, 0xFF, 0xCB, 0x05, 
    0xFF, 0xCB, 0x05, 0xFF, 0xCB, 0x05, 0xFF, 0xCB, 0x05, 0xFF, 0xCB, 0x05, 
    0xFB, 0xC7, 0x06, 0xFF, 0xD5, 0x02, 0x9C, 0x8A, 0x1E, 0x00, 0x1E, 0x4E, 
    0x02, 0x1F, 0x4A, 0xA8, 0x8B, 0x0D, 0xFF, 0xD6, 0x03, 0xFB, 0xC8, 0x05, 
    0xFF, 0xCB, 0x05, 0xFF, 0xCB, 0x05, 0xFF, 0xCB, 0x05, 0xFF, 0xCB, 0x05, 
    0xFF, 0xCB, 0x05, 0xFF, 0xCB, 0x05, 0xFF, 0xCB, 0x05, 0xFF, 0xCB, 0x05, 
    0xFF, 0xCB, 0x05, 0xFF, 0xCB, 0x05, 0xFF, 0xCB, 0x05, 0xFF, 0xCB, 0x05, 
    0xFF, 0xCB, 0x05, 0xFF, 0xCB, 0x05, 0xFF, 0xCB, 0x05, 0xFF, 0xCB, 0x05, 
    0xFE, 0xCB, 0x05, 0xFF, 0xCE, 0x04, 0x2C, 0x44, 0x40, 0x00, 0x20, 0x4F, 
    0x02, 0x28, 0x4B, 0x00, 0x27, 0x4C, 0x00, 0x27, 0x4C, 0x00, 0x27, 0x4C, 
    0x00, 0x27, 0x4C, 0x00, 0x27, 0x4C, 0x00, 0x27, 0x4C, 0x00, 0x27, 0x4C, 
    0x00, 0x27, 0x4C, 0x00, 0x27, 0x4C, 0x00, 0x27, 0x4C, 0x00, 0x27, 0x4C, 
    0x00, 0x27, 0x4C, 0x00, 0x27, 0x4C, 0x02, 0x28, 0x4D, 0x00, 0x1F, 0x45, 
    0x29, 0x4A, 0x69, 0x3C, 0x5A, 0x76, 0x00, 0x1D, 0x43, 0x02, 0x29, 0x4E, 
    0x00, 0x27, 0x4C, 0x00, 0x27, 0x4C, 0x00, 0x27, 0x4C, 0x00, 0x27, 0x4C, 
    0x00, 0x27, 0x4C, 0x00, 0x27, 0x4C, 0x00, 0x27, 0x4C, 0x00, 0x27, 0x4C, 
    0x00, 0x27, 0x4C, 0x00, 0x27, 0x4C, 0x00, 0x27, 0x4C, 0x00, 0x27, 0x4C, 
    0x00, 0x27, 0x4C, 0x00, 0x27, 0x4C, 0x00, 0x27, 0x4C, 0x00, 0x27, 0x4C, 
    0x00, 0x27, 0x4C, 0x00, 0x27, 0x4C, 0x00, 0x27, 0x4C, 0x00, 0x27, 0x4C, 
    0x00, 0x27, 0x4C, 0x03, 0x29, 0x4B, 0x00, 0x1C, 0x4D, 0xA4, 0xC6, 0xE0, 
    0xFF, 0xFF, 0xFF, 0xFB, 0xFB, 0xFC, 0xFF, 0xFF, 0xFF, 0xF8, 0xF1, 0xEB, 
    0x81, 0x8B, 0x99, 0x71, 0x85, 0x9B, 0x72, 0x87, 0x9B, 0x71, 0x87, 0x9B, 
    0x71, 0x87, 0x9B, 0x71, 0x87, 0x9B, 0x71, 0x87, 0x9B, 0x71, 0x87, 0x9B, 
    0x71, 0x87, 0x9B, 0x71, 0x87, 0x9B, 0x71, 0x87, 0x9B, 0x71, 0x87, 0x9B, 
    0x6F, 0x85, 0x9A, 0x71, 0x87, 0x9B, 0x42, 0x55, 0x68, 0x00, 0x21, 0x47, 
    0x02, 0x28, 0x4D, 0x00, 0x27, 0x4C, 0x00, 0x27, 0x4C, 0x00, 0x27, 0x4C, 
    0x00, 0x27, 0x4C, 0x00, 0x27, 0x4D, 0x03, 0x29, 0x4B, 0x00, 0x1E, 0x50, 
    0xAB, 0xCC, 0xE3, 0xFF, 0xFF, 0xFF, 0xFB, 0xFC, 0xFD, 0xFF, 0xFF, 0xFF, 
    0xF6, 0xEE, 0xE8, 0x7E, 0x89, 0x98, 0x71, 0x86, 0x9C, 0x71, 0x87, 0x9B, 
    0x71, 0x87, 0x9B, 0x71, 0x87, 0x9B, 0x71, 0x87, 0x9B, 0x71, 0x87, 0x9B, 
    0x71, 0x87, 0x9B, 0x71, 0x87, 0x9B, 0x71, 0x87, 0x9B, 0x71, 0x87, 0x9B, 
    0x71, 0x87, 0x9B, 0x6F, 0x85, 0x9A, 0x71, 0x87, 0x9B, 0x3F, 0x52, 0x66, 
    0x00, 0x21, 0x47, 0x02, 0x28, 0x4D, 0x00, 0x27, 0x4C, 0x00, 0x27, 0x4C, 
    0x02, 0x2A, 0x4F, 0x00, 0x1B, 0x40, 0x34, 0x68, 0x93, 0xFF, 0xFF, 0xFF, 
    0xFF, 0xFD, 0xFC, 0xFC, 0xFC, 0xFC, 0xFF, 0xFF, 0xFF, 0xBB, 0xAF, 0xA8, 
    0x00, 0x1B, 0x3F, 0x02, 0x2A, 0x4F, 0x00, 0x27, 0x4C, 0x00, 0x27, 0x4C, 
    0x00, 0x27, 0x4C, 0x00, 0x27, 0x4C, 0x00, 0x27, 0x4C, 0x00, 0x27, 0x4C, 
    0x00, 0x27, 0x4C, 0x00, 0x27, 0x4C, 0x00, 0x27, 0x4C, 0x00, 0x27, 0x4C, 
    0x00, 0x27, 0x4C, 0x00, 0x27, 0x4C, 0x00, 0x27, 0x4C, 0x00, 0x27, 0x4C, 
    0x00, 0x27, 0x4C, 0x00, 0x27, 0x4C, 0x00, 0x27, 0x4C, 0x00, 0x27, 0x4C, 
    0x00, 0x27, 0x4C, 0x00, 0x27, 0x4C, 0x00, 0x27, 0x4C, 0x00, 0x27, 0x4C, 
    0x00, 0x27, 0x4C, 0x00, 0x27, 0x4C, 0x00, 0x27, 0x4C, 0x00, 0x27, 0x4C, 
    0x00, 0x27, 0x4C, 0x00, 0x27, 0x4C, 0x00, 0x27, 0x4C, 0x02, 0x2A, 0x4F, 
    0x00, 0x1E, 0x42, 0x15, 0x3D, 0x69, 0xB1, 0xCD, 0xE1, 0xFF, 0xFF, 0xFF, 
    0xFF, 0xFF, 0xFF, 0xFB, 0xFC, 0xFD, 0xFC, 0xFD, 0xFD, 0xFD, 0xFE, 0xFF, 
    0xFF, 0xFF, 0xFF, 0xFF, 0xFF, 0xFF, 0xCC, 0xC9, 0xCA, 0x65, 0x6F, 0x7F, 
    0x0E, 0x2A, 0x4A, 0x00, 0x18, 0x40, 0x00, 0x24, 0x4B, 0x03, 0x2B, 0x4F, 
    0x01, 0x28, 0x4C, 0x00, 0x27, 0x4C, 0x00, 0x27, 0x4C, 0x00, 0x27, 0x4C, 
    0x00, 0x27, 0x4C, 0x00, 0x27, 0x4C, 0x00, 0x27, 0x4C, 0x00, 0x27, 0x4C, 
    0x00, 0x27, 0x4C, 0x00, 0x27, 0x4C, 0x00, 0x27, 0x4C, 0x00, 0x27, 0x4C, 
    0x00, 0x27, 0x4C, 0x00, 0x27, 0x4C, 0x00, 0x27, 0x4C, 0x00, 0x27, 0x4C, 
    0x00, 0x27, 0x4C, 0x00, 0x27, 0x4C, 0x00, 0x27, 0x4C, 0x00, 0x27, 0x4C, 
    0x00, 0x27, 0x4C, 0x00, 0x27, 0x4C, 0x00, 0x27, 0x4C, 0x00, 0x27, 0x4C, 
    0x00, 0x27, 0x4C, 0x00, 0x27, 0x4C, 0x00, 0x27, 0x4C, 0x00, 0x27, 0x4C, 
    0x00, 0x27, 0x4C, 0x03, 0x2B, 0x4E, 0x00, 0x1A, 0x40, 0x32, 0x5B, 0x85, 
    0xD6, 0xE6, 0xF3, 0xFF, 0xFF, 0xFF, 0xFE, 0xFE, 0xFD, 0xFC, 0xFC, 0xFD, 
    0xFC, 0xFC, 0xFD, 0xFF, 0xFF, 0xFF, 0xFF, 0xFF, 0xFF, 0xFF, 0xFB, 0xF7, 
    0xB5, 0xB5, 0xB9, 0x4B, 0x5B, 0x6E, 0x02, 0x21, 0x44, 0x00, 0x1A, 0x43, 
    0x00, 0x27, 0x4D, 0x03, 0x2A, 0x4E, 0x01, 0x27, 0x4C, 0x00, 0x27, 0x4C, 
    0x00, 0x27, 0x4C, 0x00, 0x27, 0x4C, 0x00, 0x27, 0x4C, 0x00, 0x27, 0x4C, 
    0x00, 0x27, 0x4C, 0x00, 0x27, 0x4C, 0x00, 0x27, 0x4C, 0x00, 0x27, 0x4C, 
    0x02, 0x29, 0x4E, 0x04, 0x2B, 0x4F, 0x04, 0x2B, 0x4F, 0x08, 0x2D, 0x50, 
    0x04, 0x20, 0x4A, 0x8B, 0xB5, 0xD3, 0xFF, 0xFF, 0xFF, 0xFA, 0xFA, 0xFB, 
    0xFF, 0xFF, 0xFF, 0xF1, 0xE3, 0xDA, 0x1B, 0x33, 0x4C, 0x04, 0x29, 0x50, 
    0x05, 0x2C, 0x4F, 0x04, 0x2B, 0x4F, 0x04, 0x2B, 0x4F, 0x04, 0x2B, 0x4F, 
    0x04, 0x2B, 0x4F, 0x01, 0x28, 0x4C, 0x00, 0x27, 0x4C, 0x00, 0x27, 0x4C, 
    0x00, 0x27, 0x4C, 0x03, 0x29, 0x4C, 0x00, 0x1C, 0x49, 0x9C, 0xBF, 0xDB, 
    0xFF, 0xFF, 0xFF, 0xFA, 0xFA, 0xFB, 0xFF, 0xFF, 0xFF, 0xE8, 0xDB, 0xD0, 
    0x12, 0x24, 0x46, 0x00, 0x27, 0x4D, 0x01, 0x27, 0x4C, 0x00, 0x27, 0x4C, 
    0x00, 0x27, 0x4C, 0x00, 0x27, 0x4C, 0x00, 0x27, 0x4D, 0x03, 0x28, 0x4C, 
    0x00, 0x1F, 0x4C, 0xA1, 0xC5, 0xDF, 0xFF, 0xFF, 0xFF, 0xFB, 0xFC, 0xFD, 
    0xFD, 0xFD, 0xFD, 0xFF, 0xFF, 0xFF, 0xD8, 0xCB, 0xC6, 0x23, 0x2E, 0x4A, 
    0x00, 0x1A, 0x44, 0x02, 0x2A, 0x4F, 0x04, 0x2A, 0x4E, 0x02, 0x29, 0x4D, 
    0x01, 0x28, 0x4D, 0x01, 0x27, 0x4C, 0x01, 0x28, 0x4C, 0x01, 0x28, 0x4D, 
    0x02, 0x29, 0x4E, 0x04, 0x2B, 0x4F, 0x00, 0x26, 0x4A, 0x00, 0x1B, 0x42, 
    0x00, 0x24, 0x4C, 0x00, 0x28, 0x4C, 0x00, 0x27, 0x4C, 0x00, 0x27, 0x4C, 
    0x00, 0x27, 0x4C, 0x04, 0x2B, 0x4E, 0x00, 0x17, 0x45, 0x80, 0xA7, 0xC9, 
    0xFF, 0xFF, 0xFF, 0xFA, 0xFA, 0xFB, 0xFF, 0xFF, 0xFF, 0xF9, 0xEB, 0xE0, 
    0x22, 0x32, 0x4E, 0x00, 0x24, 0x4B, 0x02, 0x28, 0x4C, 0x01, 0x29, 0x4E, 
    0x04, 0x27, 0x4A, 0x00, 0x1E, 0x49, 0x7F, 0xAA, 0xC7, 0xFF, 0xFF, 0xFF, 
    0xFC, 0xFC, 0xFC, 0xFC, 0xFC, 0xFC, 0xFF, 0xFF, 0xFF, 0xF6, 0xF0, 0xE6, 
    0x4B, 0x4F, 0x62, 0x00, 0x18, 0x42, 0x04, 0x2C, 0x4F, 0x00, 0x27, 0x4C, 
    0x00, 0x27, 0x4C, 0x00, 0x27, 0x4C, 0x00, 0x27, 0x4C, 0x00, 0x27, 0x4C, 
    0x00, 0x27, 0x4C, 0x03, 0x2A, 0x4F, 0x00, 0x19, 0x40, 0x3F, 0x70, 0x9C, 
    0xFF, 0xFF, 0xFF, 0xFB, 0xFB, 0xFC, 0xFC, 0xFD, 0xFD, 0xFF, 0xFF, 0xFF, 
    0xCD, 0xC4, 0xBE, 0x11, 0x26, 0x44, 0x00, 0x1F, 0x48, 0x05, 0x2B, 0x50, 
    0x03, 0x29, 0x4E, 0x01, 0x28, 0x4D, 0x01, 0x27, 0x4C, 0x01, 0x28, 0x4D, 
    0x02, 0x28, 0x4D, 0x03, 0x2A, 0x4F, 0x05, 0x29, 0x4C, 0x00, 0x13, 0x3F, 
    0x73, 0x9F, 0xC1, 0xFF, 0xFF, 0xFF, 0xFC, 0xFD, 0xFD, 0xFB, 0xFC, 0xFD, 
    0xFF, 0xFF, 0xFF, 0x77, 0x74, 0x79, 0x00, 0x1A, 0x43, 0x04, 0x2A, 0x4E, 
    0x00, 0x27, 0x4C, 0x00, 0x27, 0x4C, 0x00, 0x27, 0x4C, 0x04, 0x2A, 0x4D, 
    0x00, 0x18, 0x48, 0x8E, 0xB4, 0xD2, 0xFF, 0xFF, 0xFF, 0xFB, 0xFC, 0xFD, 
    0xFF, 0xFF, 0xFF, 0xFB, 0xFB, 0xFB, 0xFB, 0xFD, 0xFF, 0xF1, 0xE9, 0xE2, 
    0x33, 0x41, 0x55, 0x00, 0x19, 0x43, 0x04, 0x2C, 0x50, 0x04, 0x2A, 0x4E, 
    0x03, 0x29, 0x4E, 0x03, 0x29, 0x4E, 0x04, 0x2B, 0x4F, 0x02, 0x28, 0x4D, 
    0x00, 0x26, 0x4B, 0x03, 0x2A, 0x4F, 0x00, 0x18, 0x3F, 0x51, 0x81, 0xA9, 
    0xFF, 0xFF, 0xFE, 0xFD, 0xFC, 0xFC, 0xFB, 0xFD, 0xFE, 0xFF, 0xFF, 0xFE, 
    0x6F, 0x6C, 0x72, 0x00, 0x15, 0x40, 0x07, 0x2E, 0x51, 0x02, 0x29, 0x4D, 
    0x01, 0x28, 0x4D, 0x01, 0x27, 0x4C, 0x01, 0x27, 0x4C, 0x01, 0x28, 0x4D, 
    0x02, 0x29, 0x4E, 0x03, 0x2A, 0x4F, 0x03, 0x2A, 0x4F, 0x00, 0x23, 0x47, 
    0x00, 0x1B, 0x43, 0x00, 0x27, 0x4C, 0x00, 0x27, 0x4C, 0x00, 0x27, 0x4C, 
    0x00, 0x27, 0x4C, 0x00, 0x27, 0x4C, 0x00, 0x27, 0x4C, 0x00, 0x27, 0x4C, 
    0x00, 0x27, 0x4C, 0x00, 0x27, 0x4C, 0x00, 0x27, 0x4C, 0x00, 0x27, 0x4C, 
    0x00, 0x27, 0x4C, 0x00, 0x27, 0x4C, 0x00, 0x27, 0x4C, 0x00, 0x27, 0x4C, 
    0x00, 0x27, 0x4C, 0x00, 0x27, 0x4C, 0x00, 0x27, 0x4C, 0x00, 0x27, 0x4C, 
    0x00, 0x27, 0x4C, 0x00, 0x27, 0x4C, 0x00, 0x27, 0x4C, 0x00, 0x27, 0x4C, 
    0x00, 0x27, 0x4C, 0x00, 0x27, 0x4C, 0x00, 0x27, 0x4C, 0x00, 0x27, 0x4C, 
    0x00, 0x27, 0x4C, 0x00, 0x27, 0x4C, 0x00, 0x27, 0x4C, 0x02, 0x29, 0x4B, 
    0x00, 0x20, 0x4F, 0x30, 0x46, 0x3F, 0xFF, 0xCF, 0x03, 0xFE, 0xCA, 0x05, 
    0xFF, 0xCB, 0x05, 0xFF, 0xCB, 0x05, 0xFF, 0xCB, 0x05, 0xFF, 0xCB, 0x05, 
    0xFF, 0xCB, 0x05, 0xFF, 0xCB, 0x05, 0xFF, 0xCB, 0x05, 0xFF, 0xCB, 0x05, 
    0xFF, 0xCB, 0x05, 0xFF, 0xCB, 0x05, 0xFF, 0xCB, 0x05, 0xFF, 0xCB, 0x05, 
    0xFF, 0xCB, 0x05, 0xFF, 0xCB, 0x05, 0xFF, 0xCB, 0x05, 0xFF, 0xCB, 0x05, 
    0xFC, 0xC9, 0x05, 0xFF, 0xD5, 0x03, 0xB7, 0x97, 0x0E, 0x00, 0x21, 0x4B, 
    0x03, 0x27, 0x4D, 0x0A, 0x29, 0x4A, 0xE1, 0xB9, 0x0B, 0xFF, 0xD3, 0x02, 
    0xFC, 0xC8, 0x06, 0xFF, 0xCB, 0x05, 0xFF, 0xCB, 0x05, 0xFF, 0xCB, 0x05, 
    0xFF, 0xCB, 0x05, 0xFF, 0xCB, 0x05, 0xFF, 0xCB, 0x05, 0xFF, 0xCB, 0x05, 
    0xFF, 0xCB, 0x05, 0xFF, 0xCB, 0x05, 0xFF, 0xCB, 0x05, 0xFF, 0xCB, 0x05, 
    0xFF, 0xCB, 0x05, 0xFF, 0xCB, 0x05, 0xFF, 0xCB, 0x05, 0xFF, 0xCB, 0x05, 
    0xFF, 0xCB, 0x05, 0xFF, 0xCB, 0x05, 0xFF, 0xCB, 0x05, 0xFF, 0xCB, 0x05, 
    0xFF, 0xCB, 0x05, 0xFF, 0xCB, 0x05, 0xFF, 0xCB, 0x05, 0xFF, 0xCB, 0x05, 
    0xFF, 0xCB, 0x05, 0xFF, 0xCB, 0x05, 0xFF, 0xCB, 0x05, 0xFC, 0xC8, 0x06, 
    0xFF, 0xD3, 0x04, 0xE4, 0xB8, 0x07, 0x08, 0x27, 0x48, 0x04, 0x29, 0x4F, 
    0x00, 0x1D, 0x4A, 0xA8, 0x8B, 0x0D, 0xFF, 0xD6, 0x03, 0xFB, 0xC8, 0x05, 
    0xFF, 0xCB, 0x05, 0xFF, 0xCB, 0x05, 0xFF, 0xCB, 0x05, 0xFF, 0xCB, 0x05, 
    0xFF, 0xCB, 0x05, 0xFF, 0xCB, 0x05, 0xFF, 0xCB, 0x05, 0xFF, 0xCB, 0x05, 
    0xFF, 0xCB, 0x05, 0xFF, 0xCB, 0x05, 0xFF, 0xCB, 0x05, 0xFF, 0xCB, 0x05, 
    0xFF, 0xCB, 0x05, 0xFF, 0xCB, 0x05, 0xFF, 0xCB, 0x05, 0xFF, 0xCB, 0x05, 
    0xFE, 0xCB, 0x05, 0xFF, 0xCE, 0x04, 0x2C, 0x44, 0x40, 0x00, 0x20, 0x4F, 
    0x02, 0x28, 0x4B, 0x00, 0x27, 0x4C, 0x00, 0x27, 0x4C, 0x00, 0x27, 0x4C, 
    0x00, 0x27, 0x4C, 0x00, 0x27, 0x4C, 0x00, 0x27, 0x4C, 0x00, 0x27, 0x4C, 
    0x00, 0x27, 0x4C, 0x00, 0x27, 0x4C, 0x00, 0x27, 0x4C, 0x00, 0x27, 0x4C, 
    0x00, 0x27, 0x4C, 0x00, 0x27, 0x4C, 0x02, 0x28, 0x4D, 0x00, 0x1F, 0x45, 
    0x29, 0x4A, 0x69, 0x3C, 0x5A, 0x76, 0x00, 0x1D, 0x43, 0x02, 0x29, 0x4E, 
    0x00, 0x27, 0x4C, 0x00, 0x27, 0x4C, 0x00, 0x27, 0x4C, 0x00, 0x27, 0x4C, 
    0x00, 0x27, 0x4C, 0x00, 0x27, 0x4C, 0x00, 0x27, 0x4C, 0x00, 0x27, 0x4C, 
    0x00, 0x27, 0x4C, 0x00, 0x27, 0x4C, 0x00, 0x27, 0x4C, 0x00, 0x27, 0x4C, 
    0x00, 0x27, 0x4C, 0x00, 0x27, 0x4C, 0x00, 0x27, 0x4C, 0x00, 0x27, 0x4C, 
    0x00, 0x27, 0x4C, 0x00, 0x27, 0x4C, 0x00, 0x27, 0x4C, 0x00, 0x27, 0x4C, 
    0x00, 0x27, 0x4C, 0x03, 0x29, 0x4B, 0x00, 0x1C, 0x4D, 0xA4, 0xC6, 0xE0, 
    0xFF, 0xFF, 0xFF, 0xFC, 0xFC, 0xFD, 0xFF, 0xFF, 0xFF, 0xFF, 0xFF, 0xFF, 
    0xFF, 0xFF, 0xFF, 0xFF, 0xFF, 0xFF, 0xFF, 0xFF, 0xFF, 0xFF, 0xFF, 0xFF, 
    0xFF, 0xFF, 0xFF, 0xFF, 0xFF, 0xFF, 0xFF, 0xFF, 0xFF, 0xFF, 0xFF, 0xFF, 
    0xFF, 0xFF, 0xFF, 0xFF, 0xFF, 0xFF, 0xFF, 0xFF, 0xFF, 0xFF, 0xFF, 0xFF, 
    0xFF, 0xFF, 0xFF, 0xFF, 0xFF, 0xFF, 0xA1, 0x96, 0x90, 0x00, 0x18, 0x3F, 
    0x04, 0x2A, 0x4F, 0x00, 0x27, 0x4C, 0x00, 0x27, 0x4C, 0x00, 0x27, 0x4C, 
    0x00, 0x27, 0x4C, 0x00, 0x27, 0x4D, 0x03, 0x29, 0x4B, 0x00, 0x1E, 0x50, 
    0xAB, 0xCC, 0xE3, 0xFF, 0xFF, 0xFF, 0xFC, 0xFD, 0xFE, 0xFF, 0xFF, 0xFF, 
    0xFF, 0xFF, 0xFF, 0xFF, 0xFF, 0xFF, 0xFF, 0xFF, 0xFF, 0xFF, 0xFF, 0xFF, 
    0xFF, 0xFF, 0xFF, 0xFF, 0xFF, 0xFF, 0xFF, 0xFF, 0xFF, 0xFF, 0xFF, 0xFF, 
    0xFF, 0xFF, 0xFF, 0xFF, 0xFF, 0xFF, 0xFF, 0xFF, 0xFF, 0xFF, 0xFF, 0xFF, 
    0xFF, 0xFF, 0xFF, 0xFF, 0xFF, 0xFF, 0xFF, 0xFF, 0xFF, 0x9A, 0x8F, 0x8A, 
    0x00, 0x18, 0x3F, 0x04, 0x2A, 0x4F, 0x00, 0x27, 0x4C, 0x00, 0x27, 0x4C, 
    0x03, 0x2A, 0x4F, 0x00, 0x18, 0x40, 0x50, 0x7D, 0xA6, 0xFF, 0xFF, 0xFF, 
    0xFD, 0xFC, 0xFC, 0xFB, 0xFB, 0xFD, 0xFF, 0xFF, 0xFF, 0x9F, 0x93, 0x94, 
    0x00, 0x17, 0x40, 0x03, 0x2B, 0x4F, 0x00, 0x27, 0x4C, 0x00, 0x27, 0x4C, 
    0x00, 0x27, 0x4C, 0x00, 0x27, 0x4C, 0x00, 0x27, 0x4C, 0x00, 0x27, 0x4C, 
    0x00, 0x27, 0x4C, 0x00, 0x27, 0x4C, 0x00, 0x27, 0x4C, 0x00, 0x27, 0x4C, 
    0x00, 0x27, 0x4C, 0x00, 0x27, 0x4C, 0x00, 0x27, 0x4C, 0x00, 0x27, 0x4C, 
    0x00, 0x27, 0x4C, 0x00, 0x27, 0x4C, 0x00, 0x27, 0x4C, 0x00, 0x27, 0x4C, 
    0x00, 0x27, 0x4C, 0x00, 0x27, 0x4C, 0x00, 0x27, 0x4C, 0x00, 0x27, 0x4C, 
    0x00, 0x27, 0x4C, 0x00, 0x27, 0x4C, 0x00, 0x27, 0x4C, 0x00, 0x27, 0x4C, 
    0x00, 0x27, 0x4C, 0x00, 0x27, 0x4C, 0x00, 0x27, 0x4C, 0x00, 0x27, 0x4C, 
    0x02, 0x2A, 0x4F, 0x00, 0x20, 0x45, 0x00, 0x25, 0x51, 0x6D, 0x8B, 0xAF, 
    0xEB, 0xF4, 0xFA, 0xFF, 0xFF, 0xFF, 0xFF, 0xFF, 0xFF, 0xFB, 0xFC, 0xFC, 
    0xFB, 0xFC, 0xFC, 0xFD, 0xFE, 0xFE, 0xFF, 0xFF, 0xFF, 0xFF, 0xFF, 0xFF, 
    0xDF, 0xDB, 0xDA, 0x7D, 0x85, 0x8F, 0x18, 0x30, 0x4E, 0x00, 0x18, 0x41, 
    0x00, 0x25, 0x4C, 0x03, 0x2A, 0x4E, 0x00, 0x27, 0x4C, 0x00, 0x27, 0x4C, 
    0x00, 0x27, 0x4C, 0x00, 0x27, 0x4C, 0x00, 0x27, 0x4C, 0x00, 0x27, 0x4C, 
    0x00, 0x27, 0x4C, 0x00, 0x27, 0x4C, 0x00, 0x27, 0x4C, 0x00, 0x27, 0x4C, 
    0x00, 0x27, 0x4C, 0x00, 0x27, 0x4C, 0x00, 0x27, 0x4C, 0x00, 0x27, 0x4C, 
    0x00, 0x27, 0x4C, 0x00, 0x27, 0x4C, 0x00, 0x27, 0x4C, 0x00, 0x27, 0x4C, 
    0x00, 0x27, 0x4C, 0x00, 0x27, 0x4C, 0x00, 0x27, 0x4C, 0x00, 0x27, 0x4C, 
    0x00, 0x27, 0x4C, 0x00, 0x27, 0x4C, 0x00, 0x27, 0x4C, 0x00, 0x27, 0x4C, 
    0x00, 0x27, 0x4C, 0x00, 0x27, 0x4C, 0x03, 0x2B, 0x4F, 0x00, 0x1B, 0x41, 
    0x0F, 0x35, 0x62, 0x8E, 0xAA, 0xC7, 0xFA, 0xFF, 0xFF, 0xFF, 0xFF, 0xFF, 
    0xFF, 0xFE, 0xFE, 0xFB, 0xFC, 0xFC, 0xFB, 0xFC, 0xFC, 0xFE, 0xFF, 0xFF, 
    0xFF, 0xFF, 0xFF, 0xFF, 0xFF, 0xFF, 0xCB, 0xC9, 0xCA, 0x62, 0x6D, 0x7C, 
    0x08, 0x24, 0x47, 0x00, 0x1A, 0x43, 0x00, 0x28, 0x4E, 0x03, 0x29, 0x4E, 
    0x00, 0x27, 0x4C, 0x00, 0x27, 0x4C, 0x00, 0x27, 0x4C, 0x00, 0x27, 0x4C, 
    0x00, 0x27, 0x4C, 0x00, 0x27, 0x4C, 0x00, 0x27, 0x4C, 0x00, 0x27, 0x4C, 
    0x00, 0x27, 0x4C, 0x00, 0x27, 0x4C, 0x00, 0x27, 0x4C, 0x04, 0x29, 0x4D, 
    0x00, 0x1C, 0x47, 0x89, 0xB4, 0xD2, 0xFF, 0xFF, 0xFF, 0xFA, 0xFA, 0xFB, 
    0xFF, 0xFF, 0xFF, 0xF1, 0xE3, 0xD9, 0x17, 0x2F, 0x49, 0x00, 0x25, 0x4D, 
    0x01, 0x28, 0x4C, 0x00, 0x27, 0x4C, 0x00, 0x27, 0x4C, 0x00, 0x27, 0x4C, 
    0x00, 0x27, 0x4C, 0x00, 0x27, 0x4C, 0x00, 0x27, 0x4C, 0x00, 0x27, 0x4C, 
    0x00, 0x27, 0x4C, 0x03, 0x29, 0x4C, 0x00, 0x1C, 0x49, 0x9C, 0xBF, 0xDB, 
    0xFF, 0xFF, 0xFF, 0xFA, 0xFA, 0xFB, 0xFF, 0xFF, 0xFF, 0xE8, 0xDB, 0xD0, 
    0x12, 0x24, 0x46, 0x00, 0x27, 0x4D, 0x01, 0x27, 0x4C, 0x00, 0x27, 0x4C, 
    0x00, 0x27, 0x4C, 0x00, 0x27, 0x4C, 0x03, 0x2A, 0x4F, 0x00, 0x1A, 0x41, 
    0x3B, 0x6F, 0x9B, 0xFF, 0xFF, 0xFF, 0xFB, 0xFC, 0xFC, 0xFD, 0xFD, 0xFD, 
    0xFE, 0xFF, 0xFF, 0xEB, 0xE0, 0xD7, 0x21, 0x30, 0x4A, 0x00, 0x20, 0x49, 
    0x05, 0x2B, 0x4F, 0x00, 0x27, 0x4C, 0x00, 0x27, 0x4C, 0x00, 0x27, 0x4C, 
    0x00, 0x27, 0x4C, 0x00, 0x27, 0x4C, 0x00, 0x27, 0x4C, 0x00, 0x27, 0x4C, 
    0x00, 0x27, 0x4C, 0x00, 0x27, 0x4C, 0x01, 0x27, 0x4D, 0x03, 0x2A, 0x4E, 
    0x01, 0x27, 0x4C, 0x00, 0x27, 0x4C, 0x00, 0x27, 0x4C, 0x00, 0x27, 0x4C, 
    0x00, 0x27, 0x4C, 0x04, 0x2B, 0x4E, 0x00, 0x17, 0x45, 0x80, 0xA7, 0xC9, 
    0xFF, 0xFF, 0xFF, 0xFA, 0xFA, 0xFB, 0xFF, 0xFF, 0xFF, 0xF9, 0xEB, 0xE0, 
    0x22, 0x32, 0x4E, 0x00, 0x24, 0x4B, 0x03, 0x2A, 0x4E, 0x03, 0x27, 0x4A, 
    0x00, 0x1C, 0x4A, 0x82, 0xAB, 0xC7, 0xFF, 0xFF, 0xFF, 0xFB, 0xFC, 0xFC, 
    0xFB, 0xFC, 0xFC, 0xFF, 0xFF, 0xFF, 0xEE, 0xE5, 0xDE, 0x41, 0x49, 0x5B, 
    0x00, 0x1B, 0x44, 0x05, 0x2C, 0x4F, 0x00, 0x27, 0x4C, 0x00, 0x27, 0x4C, 
    0x00, 0x27, 0x4C, 0x00, 0x27, 0x4C, 0x00, 0x27, 0x4C, 0x00, 0x27, 0x4C, 
    0x00, 0x27, 0x4D, 0x02, 0x26, 0x49, 0x00, 0x2A, 0x59, 0xC5, 0xDF, 0xF1, 
    0xFF, 0xFE, 0xFE, 0xFB, 0xFC, 0xFC, 0xFE, 0xFE, 0xFF, 0xF2, 0xE8, 0xE0, 
    0x24, 0x34, 0x4B, 0x00, 0x20, 0x4A, 0x04, 0x2B, 0x4E, 0x00, 0x27, 0x4C, 
    0x00, 0x27, 0x4C, 0x00, 0x27, 0x4C, 0x00, 0x27, 0x4C, 0x00, 0x27, 0x4C, 
    0x00, 0x27, 0x4C, 0x00, 0x27, 0x4C, 0x01, 0x28, 0x4E, 0x03, 0x25, 0x47, 
    0x03, 0x30, 0x5F, 0xD3, 0xE8, 0xF6, 0xFF, 0xFF, 0xFF, 0xFA, 0xFB, 0xFC, 
    0xFE, 0xFE, 0xFF, 0xD5, 0xC6, 0xBD, 0x04, 0x1E, 0x41, 0x01, 0x29, 0x4E, 
    0x01, 0x27, 0x4C, 0x00, 0x27, 0x4C, 0x00, 0x27, 0x4C, 0x04, 0x2A, 0x4D, 
    0x00, 0x18, 0x48, 0x8E, 0xB4, 0xD2, 0xFF, 0xFF, 0xFF, 0xFB, 0xFC, 0xFD, 
    0xFF, 0xFF, 0xFF, 0xFD, 0xFE, 0xFE, 0xFF, 0xFF, 0xFC, 0x6D, 0x6B, 0x72, 
    0x00, 0x16, 0x42, 0x06, 0x2C, 0x50, 0x00, 0x27, 0x4C, 0x00, 0x27, 0x4C, 
    0x00, 0x27, 0x4C, 0x00, 0x27, 0x4C, 0x00, 0x27, 0x4C, 0x00, 0x27, 0x4C, 
    0x00, 0x27, 0x4C, 0x04, 0x2B, 0x4E, 0x00, 0x16, 0x43, 0x73, 0x9D, 0xC1, 
    0xFE, 0xFF, 0xFF, 0xFB, 0xFB, 0xFC, 0xFD, 0xFF, 0xFF, 0xFF, 0xFE, 0xF7, 
    0x42, 0x4B, 0x59, 0x03, 0x22, 0x4A, 0x03, 0x28, 0x4D, 0x00, 0x27, 0x4C, 
    0x00, 0x27, 0x4C, 0x00, 0x27, 0x4C, 0x00, 0x27, 0x4C, 0x00, 0x27, 0x4C, 
    0x00, 0x27, 0x4C, 0x00, 0x27, 0x4C, 0x00, 0x27, 0x4C, 0x01, 0x28, 0x4D, 
    0x03, 0x2A, 0x4E, 0x00, 0x27, 0x4C, 0x00, 0x27, 0x4C, 0x00, 0x27, 0x4C, 
    0x00, 0x27, 0x4C, 0x00, 0x27, 0x4C, 0x00, 0x27, 0x4C, 0x00, 0x27, 0x4C, 
    0x00, 0x27, 0x4C, 0x00, 0x27, 0x4C, 0x00, 0x27, 0x4C, 0x00, 0x27, 0x4C, 
    0x00, 0x27, 0x4C, 0x00, 0x27, 0x4C, 0x00, 0x27, 0x4C, 0x00, 0x27, 0x4C, 
    0x00, 0x27, 0x4C, 0x00, 0x27, 0x4C, 0x00, 0x27, 0x4C, 0x00, 0x27, 0x4C, 
    0x00, 0x27, 0x4C, 0x00, 0x27, 0x4C, 0x00, 0x27, 0x4C, 0x00, 0x27, 0x4C, 
    0x00, 0x27, 0x4C, 0x00, 0x27, 0x4C, 0x00, 0x27, 0x4C, 0x00, 0x27, 0x4C, 
    0x00, 0x27, 0x4C, 0x00, 0x27, 0x4C, 0x00, 0x27, 0x4C, 0x02, 0x29, 0x4B, 
    0x00, 0x20, 0x4F, 0x30, 0x46, 0x3F, 0xFF, 0xCF, 0x03, 0xFE, 0xCA, 0x05, 
    0xFF, 0xCB, 0x05, 0xFF, 0xCB, 0x05, 0xFF, 0xCB, 0x05, 0xFF, 0xCB, 0x05, 
    0xFF, 0xCB, 0x05, 0xFF, 0xCB, 0x05, 0xFF, 0xCB, 0x05, 0xFF, 0xCB, 0x05, 
    0xFF, 0xCB, 0x05, 0xFF, 0xCB, 0x05, 0xFF, 0xCB, 0x05, 0xFF, 0xCB, 0x05, 
    0xFF, 0xCB, 0x05, 0xFF, 0xCB, 0x05, 0xFF, 0xCB, 0x05, 0xFF, 0xCB, 0x05, 
    0xFC, 0xC9, 0x05, 0xFF, 0xD5, 0x03, 0xB7, 0x97, 0x0E, 0x00, 0x20, 0x4B, 
    0x04, 0x2A, 0x4B, 0x00, 0x23, 0x4E, 0x28, 0x3C, 0x42, 0xDB, 0xB9, 0x0D, 
    0xFF, 0xD3, 0x01, 0xFB, 0xC8, 0x06, 0xFF, 0xCB, 0x05, 0xFF, 0xCB, 0x05, 
    0xFF, 0xCB, 0x05, 0xFF, 0xCB, 0x05, 0xFF, 0xCB, 0x05, 0xFF, 0xCB, 0x05, 
    0xFF, 0xCB, 0x05, 0xFF, 0xCB, 0x05, 0xFF, 0xCB, 0x05, 0xFF, 0xCB, 0x05, 
    0xFF, 0xCB, 0x05, 0xFF, 0xCB, 0x05, 0xFF, 0xCB, 0x05, 0xFF, 0xCB, 0x05, 
    0xFF, 0xCB, 0x05, 0xFF, 0xCB, 0x05, 0xFF, 0xCB, 0x05, 0xFF, 0xCB, 0x05, 
    0xFF, 0xCB, 0x05, 0xFF, 0xCB, 0x05, 0xFF, 0xCB, 0x05, 0xFF, 0xCB, 0x05, 
    0xFF, 0xCB, 0x05, 0xFF, 0xCB, 0x05, 0xFB, 0xC8, 0x06, 0xFF, 0xD5, 0x03, 
    0xDC, 0xB5, 0x04, 0x29, 0x38, 0x37, 0x00, 0x24, 0x4F, 0x05, 0x2B, 0x4B, 
    0x00, 0x1C, 0x4B, 0xA8, 0x8B, 0x0D, 0xFF, 0xD6, 0x03, 0xFB, 0xC8, 0x05, 
    0xFF, 0xCB, 0x05, 0xFF, 0xCB, 0x05, 0xFF, 0xCB, 0x05, 0xFF, 0xCB, 0x05, 
    0xFF, 0xCB, 0x05, 0xFF, 0xCB, 0x05, 0xFF, 0xCB, 0x05, 0xFF, 0xCB, 0x05, 
    0xFF, 0xCB, 0x05, 0xFF, 0xCB, 0x05, 0xFF, 0xCB, 0x05, 0xFF, 0xCB, 0x05, 
    0xFF, 0xCB, 0x05, 0xFF, 0xCB, 0x05, 0xFF, 0xCB, 0x05, 0xFF, 0xCB, 0x05, 
    0xFE, 0xCB, 0x05, 0xFF, 0xCE, 0x04, 0x2C, 0x44, 0x40, 0x00, 0x20, 0x4F, 
    0x02, 0x28, 0x4B, 0x00, 0x27, 0x4C, 0x00, 0x27, 0x4C, 0x00, 0x27, 0x4C, 
    0x00, 0x27, 0x4C, 0x00, 0x27, 0x4C, 0x00, 0x27, 0x4C, 0x00, 0x27, 0x4C, 
    0x00, 0x27, 0x4C, 0x00, 0x27, 0x4C, 0x00, 0x27, 0x4C, 0x00, 0x27, 0x4C, 
    0x00, 0x27, 0x4C, 0x00, 0x27, 0x4C, 0x02, 0x28, 0x4D, 0x00, 0x1F, 0x45, 
    0x29, 0x4A, 0x69, 0x3C, 0x5A, 0x76, 0x00, 0x1D, 0x43, 0x02, 0x29, 0x4E, 
    0x00, 0x27, 0x4C, 0x00, 0x27, 0x4C, 0x00, 0x27, 0x4C, 0x00, 0x27, 0x4C, 
    0x00, 0x27, 0x4C, 0x00, 0x27, 0x4C, 0x00, 0x27, 0x4C, 0x00, 0x27, 0x4C, 
    0x00, 0x27, 0x4C, 0x00, 0x27, 0x4C, 0x00, 0x27, 0x4C, 0x00, 0x27, 0x4C, 
    0x00, 0x27, 0x4C, 0x00, 0x27, 0x4C, 0x00, 0x27, 0x4C, 0x00, 0x27, 0x4C, 
    0x00, 0x27, 0x4C, 0x00, 0x27, 0x4C, 0x00, 0x27, 0x4C, 0x00, 0x27, 0x4C, 
    0x00, 0x27, 0x4C, 0x03, 0x29, 0x4B, 0x00, 0x1C, 0x4D, 0xA4, 0xC6, 0xE0, 
    0xFF, 0xFF, 0xFF, 0xFC, 0xFC, 0xFD, 0xFF, 0xFF, 0xFF, 0xFF, 0xFE, 0xFE, 
    0xF7, 0xF8, 0xF9, 0xF6, 0xF8, 0xF9, 0xF7, 0xF8, 0xF9, 0xF6, 0xF8, 0xF9, 
    0xF6, 0xF8, 0xF9, 0xF6, 0xF8, 0xF9, 0xF6, 0xF8, 0xF9, 0xF6, 0xF8, 0xF9, 
    0xF6, 0xF8, 0xF9, 0xF6, 0xF8, 0xF9, 0xF6, 0xF8, 0xF9, 0xF6, 0xF8, 0xF9, 
    0xF3, 0xF5, 0xF6, 0xF6, 0xF8, 0xF9, 0x91, 0x8B, 0x89, 0x00, 0x19, 0x40, 
    0x04, 0x2A, 0x4F, 0x00, 0x27, 0x4C, 0x00, 0x27, 0x4C, 0x00, 0x27, 0x4C, 
    0x00, 0x27, 0x4C, 0x00, 0x27, 0x4D, 0x03, 0x29, 0x4B, 0x00, 0x1E, 0x50, 
    0xAB, 0xCC, 0xE3, 0xFF, 0xFF, 0xFF, 0xFC, 0xFD, 0xFE, 0xFF, 0xFF, 0xFF, 
    0xFE, 0xFE, 0xFE, 0xF7, 0xF8, 0xF9, 0xF6, 0xF8, 0xF9, 0xF7, 0xF8, 0xF9, 
    0xF6, 0xF8, 0xF9, 0xF6, 0xF8, 0xF9, 0xF6, 0xF8, 0xF9, 0xF6, 0xF8, 0xF9, 
    0xF6, 0xF8, 0xF9, 0xF6, 0xF8, 0xF9, 0xF6, 0xF8, 0xF9, 0xF6, 0xF8, 0xF9, 
    0xF6, 0xF8, 0xF9, 0xF3, 0xF5, 0xF6, 0xF6, 0xF8, 0xF9, 0x8A, 0x85, 0x84, 
    0x00, 0x19, 0x40, 0x04, 0x2A, 0x4F, 0x00, 0x27, 0x4C, 0x00, 0x27, 0x4C, 
    0x04, 0x2B, 0x4F, 0x00, 0x17, 0x41, 0x59, 0x84, 0xAF, 0xFF, 0xFF, 0xFF, 
    0xFC, 0xFB, 0xFC, 0xFB, 0xFC, 0xFD, 0xFF, 0xFF, 0xFF, 0x92, 0x89, 0x8C, 
    0x00, 0x17, 0x41, 0x04, 0x2B, 0x4E, 0x00, 0x27, 0x4C, 0x00, 0x27, 0x4C, 
    0x00, 0x27, 0x4C, 0x00, 0x27, 0x4C, 0x00, 0x27, 0x4C, 0x00, 0x27, 0x4C, 
    0x00, 0x27, 0x4C, 0x00, 0x27, 0x4C, 0x00, 0x27, 0x4C, 0x00, 0x27, 0x4C, 
    0x00, 0x27, 0x4C, 0x00, 0x27, 0x4C, 0x00, 0x27, 0x4C, 0x00, 0x27, 0x4C, 
    0x00, 0x27, 0x4C, 0x00, 0x27, 0x4C, 0x00, 0x27, 0x4C, 0x00, 0x27, 0x4C, 
    0x00, 0x27, 0x4C, 0x00, 0x27, 0x4C, 0x00, 0x27, 0x4C, 0x00, 0x27, 0x4C, 
    0x00, 0x27, 0x4C, 0x00, 0x27, 0x4C, 0x00, 0x27, 0x4C, 0x00, 0x27, 0x4C, 
    0x00, 0x27, 0x4C, 0x00, 0x27, 0x4C, 0x00, 0x27, 0x4C, 0x00, 0x27, 0x4C, 
    0x00, 0x27, 0x4C, 0x01, 0x29, 0x4E, 0x01, 0x27, 0x4A, 0x00, 0x18, 0x41, 
    0x1B, 0x41, 0x69, 0x8E, 0xA6, 0xBF, 0xEE, 0xFA, 0xFC, 0xFF, 0xFF, 0xFF, 
    0xFF, 0xFF, 0xFF, 0xFB, 0xFC, 0xFC, 0xFB, 0xFC, 0xFC, 0xFC, 0xFD, 0xFD, 
    0xFF, 0xFF, 0xFF, 0xFF, 0xFF, 0xFF, 0xE9, 0xE4, 0xE2, 0x83, 0x83, 0x91, 
    0x14, 0x2C, 0x4A, 0x00, 0x1A, 0x42, 0x02, 0x2A, 0x4F, 0x01, 0x28, 0x4C, 
    0x00, 0x27, 0x4C, 0x00, 0x27, 0x4C, 0x00, 0x27, 0x4C, 0x00, 0x27, 0x4C, 
    0x00, 0x27, 0x4C, 0x00, 0x27, 0x4C, 0x00, 0x27, 0x4C, 0x00, 0x27, 0x4C, 
    0x00, 0x27, 0x4C, 0x00, 0x27, 0x4C, 0x00, 0x27, 0x4C, 0x00, 0x27, 0x4C, 
    0x00, 0x27, 0x4C, 0x00, 0x27, 0x4C, 0x00, 0x27, 0x4C, 0x00, 0x27, 0x4C, 
    0x00, 0x27, 0x4C, 0x00, 0x27, 0x4C, 0x00, 0x27, 0x4C, 0x00, 0x27, 0x4C, 
    0x00, 0x27, 0x4C, 0x00, 0x27, 0x4C, 0x00, 0x27, 0x4C, 0x00, 0x27, 0x4C, 
    0x00, 0x27, 0x4C, 0x00, 0x27, 0x4C, 0x00, 0x27, 0x4C, 0x02, 0x2A, 0x4F, 
    0x00, 0x23, 0x46, 0x00, 0x1B, 0x44, 0x31, 0x57, 0x7C, 0xA9, 0xBF, 0xD2, 
    0xFC, 0xFF, 0xFF, 0xFF, 0xFF, 0xFF, 0xFF, 0xFF, 0xFF, 0xFB, 0xFC, 0xFC, 
    0xFB, 0xFC, 0xFC, 0xFD, 0xFE, 0xFF, 0xFF, 0xFF, 0xFF, 0xFF, 0xFF, 0xFF, 
    0xD6, 0xD1, 0xD2, 0x64, 0x6B, 0x7D, 0x04, 0x21, 0x43, 0x00, 0x1E, 0x47, 
    0x03, 0x2A, 0x4F, 0x00, 0x27, 0x4C, 0x00, 0x27, 0x4C, 0x00, 0x27, 0x4C, 
    0x00, 0x27, 0x4C, 0x00, 0x27, 0x4C, 0x00, 0x27, 0x4C, 0x00, 0x27, 0x4C, 
    0x00, 0x27, 0x4C, 0x00, 0x27, 0x4C, 0x00, 0x27, 0x4C, 0x04, 0x29, 0x4D, 
    0x00, 0x1C, 0x47, 0x89, 0xB4, 0xD2, 0xFF, 0xFF, 0xFF, 0xFA, 0xFA, 0xFB, 
    0xFF, 0xFF, 0xFF, 0xF1, 0xE3, 0xD9, 0x17, 0x2F, 0x49, 0x00, 0x25, 0x4D, 
    0x01, 0x28, 0x4C, 0x00, 0x27, 0x4C, 0x00, 0x27, 0x4C, 0x00, 0x27, 0x4C, 
    0x00, 0x27, 0x4C, 0x00, 0x27, 0x4C, 0x00, 0x27, 0x4C, 0x00, 0x27, 0x4C, 
    0x00, 0x27, 0x4C, 0x03, 0x29, 0x4C, 0x00, 0x1C, 0x49, 0x9C, 0xBF, 0xDB, 
    0xFF, 0xFF, 0xFF, 0xFA, 0xFA, 0xFB, 0xFF, 0xFF, 0xFF, 0xE8, 0xDB, 0xD0, 
    0x12, 0x24, 0x46, 0x00, 0x27, 0x4D, 0x01, 0x27, 0x4C, 0x00, 0x27, 0x4C, 
    0x00, 0x27, 0x4C, 0x00, 0x27, 0x4C, 0x03, 0x28, 0x4B, 0x00, 0x20, 0x4D, 
    0xAC, 0xCD, 0xE5, 0xFF, 0xFE, 0xFE, 0xFB, 0xFC, 0xFD, 0xFD, 0xFE, 0xFE, 
    0xFF, 0xFC, 0xF7, 0x57, 0x5B, 0x68, 0x00, 0x1B, 0x44, 0x05, 0x2B, 0x4F, 
    0x00, 0x27, 0x4C, 0x00, 0x27, 0x4C, 0x00, 0x27, 0x4C, 0x00, 0x27, 0x4C, 
    0x00, 0x27, 0x4C, 0x00, 0x27, 0x4C, 0x00, 0x27, 0x4C, 0x00, 0x27, 0x4C, 
    0x00, 0x27, 0x4C, 0x00, 0x27, 0x4C, 0x00, 0x27, 0x4C, 0x00, 0x27, 0x4C, 
    0x00, 0x27, 0x4C, 0x00, 0x27, 0x4C, 0x00, 0x27, 0x4C, 0x00, 0x27, 0x4C, 
    0x00, 0x27, 0x4C, 0x04, 0x2B, 0x4E, 0x00, 0x17, 0x45, 0x80, 0xA7, 0xC9, 
    0xFF, 0xFF, 0xFF, 0xFA, 0xFA, 0xFB, 0xFF, 0xFF, 0xFF, 0xF9, 0xEB, 0xE0, 
    0x22, 0x32, 0x4E, 0x00, 0x26, 0x4D, 0x05, 0x27, 0x49, 0x00, 0x1F, 0x4A, 
    0x89, 0xAC, 0xCC, 0xFF, 0xFF, 0xFF, 0xFC, 0xFB, 0xFC, 0xFB, 0xFB, 0xFC, 
    0xFF, 0xFF, 0xFF, 0xE7, 0xDE, 0xD9, 0x35, 0x41, 0x52, 0x00, 0x1B, 0x45, 
    0x04, 0x2B, 0x4F, 0x00, 0x27, 0x4C, 0x00, 0x27, 0x4C, 0x00, 0x27, 0x4C, 
    0x00, 0x27, 0x4C, 0x00, 0x27, 0x4C, 0x00, 0x27, 0x4C, 0x00, 0x27, 0x4C, 
    0x03, 0x2A, 0x4F, 0x00, 0x1A, 0x40, 0x3E, 0x72, 0x9D, 0xFF, 0xFF, 0xFF, 
    0xFD, 0xFC, 0xFC, 0xFB, 0xFD, 0xFD, 0xFF, 0xFF, 0xFF, 0x86, 0x7F, 0x81, 
    0x00, 0x17, 0x41, 0x05, 0x2C, 0x50, 0x00, 0x27, 0x4C, 0x00, 0x27, 0x4C, 
    0x00, 0x27, 0x4C, 0x00, 0x27, 0x4C, 0x00, 0x27, 0x4C, 0x00, 0x27, 0x4C, 
    0x00, 0x27, 0x4C, 0x00, 0x27, 0x4C, 0x00, 0x27, 0x4C, 0x04, 0x2B, 0x4F, 
    0x00, 0x18, 0x42, 0x74, 0x9F, 0xC2, 0xFF, 0xFF, 0xFF, 0xFB, 0xFB, 0xFB, 
    0xFF, 0xFF, 0xFF, 0xFC, 0xF3, 0xE8, 0x2C, 0x3B, 0x51, 0x00, 0x22, 0x4A, 
    0x02, 0x28, 0x4D, 0x00, 0x27, 0x4C, 0x00, 0x27, 0x4C, 0x04, 0x2A, 0x4D, 
    0x00, 0x18, 0x48, 0x8E, 0xB4, 0xD2, 0xFF, 0xFF, 0xFF, 0xFB, 0xFC, 0xFD, 
    0xFD, 0xFD, 0xFD, 0xFF, 0xFF, 0xFF, 0xDD, 0xD0, 0xC6, 0x07, 0x20, 0x41, 
    0x02, 0x29, 0x4F, 0x01, 0x27, 0x4C, 0x00, 0x27, 0x4C, 0x00, 0x27, 0x4C, 
    0x00, 0x27, 0x4C, 0x00, 0x27, 0x4C, 0x00, 0x27, 0x4C, 0x00, 0x27, 0x4C, 
    0x00, 0x27, 0x4C, 0x04, 0x2B, 0x4F, 0x00, 0x17, 0x41, 0x6C, 0x96, 0xBB, 
    0xFE, 0xFE, 0xFF, 0xFC, 0xFB, 0xFC, 0xFC, 0xFD, 0xFE, 0xFF, 0xFF, 0xFE, 
    0x65, 0x66, 0x6D, 0x00, 0x18, 0x43, 0x07, 0x2D, 0x50, 0x00, 0x27, 0x4C, 
    0x00, 0x27, 0x4C, 0x00, 0x27, 0x4C, 0x00, 0x27, 0x4C, 0x00, 0x27, 0x4C, 
    0x00, 0x27, 0x4C, 0x00, 0x27, 0x4C, 0x00, 0x27, 0x4C, 0x00, 0x27, 0x4C, 
    0x00, 0x27, 0x4C, 0x00, 0x27, 0x4C, 0x00, 0x27, 0x4C, 0x00, 0x27, 0x4C, 
    0x00, 0x27, 0x4C, 0x00, 0x27, 0x4C, 0x00, 0x27, 0x4C, 0x00, 0x27, 0x4C, 
    0x00, 0x27, 0x4C, 0x00, 0x27, 0x4C, 0x00, 0x27, 0x4C, 0x00, 0x27, 0x4C, 
    0x00, 0x27, 0x4C, 0x00, 0x27, 0x4C, 0x00, 0x27, 0x4C, 0x00, 0x27, 0x4C, 
    0x00, 0x27, 0x4C, 0x00, 0x27, 0x4C, 0x00, 0x27, 0x4C, 0x00, 0x27, 0x4C, 
    0x00, 0x27, 0x4C, 0x00, 0x27, 0x4C, 0x00, 0x27, 0x4C, 0x00, 0x27, 0x4C, 
    0x00, 0x27, 0x4C, 0x00, 0x27, 0x4C, 0x00, 0x27, 0x4C, 0x00, 0x27, 0x4C, 
    0x00, 0x27, 0x4C, 0x00, 0x27, 0x4C, 0x00, 0x27, 0x4C, 0x02, 0x29, 0x4B, 
    0x00, 0x20, 0x4F, 0x30, 0x46, 0x3F, 0xFF, 0xCF, 0x03, 0xFE, 0xCA, 0x05, 
    0xFF, 0xCB, 0x05, 0xFF, 0xCB, 0x05, 0xFF, 0xCB, 0x05, 0xFF, 0xCB, 0x05, 
    0xFF, 0xCB, 0x05, 0xFF, 0xCB, 0x05, 0xFF, 0xCB, 0x05, 0xFF, 0xCB, 0x05, 
    0xFF, 0xCB, 0x05, 0xFF, 0xCB, 0x05, 0xFF, 0xCB, 0x05, 0xFF, 0xCB, 0x05, 
    0xFF, 0xCB, 0x05, 0xFF, 0xCB, 0x05, 0xFF, 0xCB, 0x05, 0xFF, 0xCB, 0x05, 
    0xFC, 0xC9, 0x05, 0xFF, 0xD5, 0x03, 0xB7, 0x97, 0x0E, 0x00, 0x20, 0x4B, 
    0x02, 0x29, 0x4C, 0x04, 0x2A, 0x4B, 0x00, 0x1B, 0x52, 0x40, 0x4A, 0x38, 
    0xE8, 0xC3, 0x08, 0xFF, 0xD1, 0x03, 0xFE, 0xC9, 0x06, 0xFF, 0xCB, 0x05, 
    0xFF, 0xCB, 0x05, 0xFF, 0xCB, 0x05, 0xFF, 0xCB, 0x05, 0xFF, 0xCB, 0x05, 
    0xFF, 0xCB, 0x05, 0xFF, 0xCB, 0x05, 0xFF, 0xCB, 0x05, 0xFF, 0xCB, 0x05, 
    0xFF, 0xCB, 0x05, 0xFF, 0xCB, 0x05, 0xFF, 0xCB, 0x05, 0xFF, 0xCB, 0x05, 
    0xFF, 0xCB, 0x05, 0xFF, 0xCB, 0x05, 0xFF, 0xCB, 0x05, 0xFF, 0xCB, 0x05, 
    0xFF, 0xCB, 0x05, 0xFF, 0xCB, 0x05, 0xFF, 0xCB, 0x05, 0xFF, 0xCB, 0x05, 
    0xFF, 0xCB, 0x05, 0xFE, 0xC9, 0x06, 0xFF, 0xD1, 0x03, 0xE7, 0xC3, 0x09, 
    0x46, 0x4D, 0x35, 0x00, 0x1A, 0x51, 0x03, 0x2A, 0x4B, 0x03, 0x2A, 0x4C, 
    0x00, 0x1C, 0x4B, 0xA8, 0x8B, 0x0D, 0xFF, 0xD6, 0x03, 0xFB, 0xC8, 0x05, 
    0xFF, 0xCB, 0x05, 0xFF, 0xCB, 0x05, 0xFF, 0xCB, 0x05, 0xFF, 0xCB, 0x05, 
    0xFF, 0xCB, 0x05, 0xFF, 0xCB, 0x05, 0xFF, 0xCB, 0x05, 0xFF, 0xCB, 0x05, 
    0xFF, 0xCB, 0x05, 0xFF, 0xCB, 0x05, 0xFF, 0xCB, 0x05, 0xFF, 0xCB, 0x05, 
    0xFF, 0xCB, 0x05, 0xFF, 0xCB, 0x05, 0xFF, 0xCB, 0x05, 0xFF, 0xCB, 0x05, 
    0xFE, 0xCB, 0x05, 0xFF, 0xCE, 0x04, 0x2C, 0x44, 0x40, 0x00, 0x20, 0x4F, 
    0x02, 0x28, 0x4B, 0x00, 0x27, 0x4C, 0x00, 0x27, 0x4C, 0x00, 0x27, 0x4C, 
    0x00, 0x27, 0x4C, 0x00, 0x27, 0x4C, 0x00, 0x27, 0x4C, 0x00, 0x27, 0x4C, 
    0x00, 0x27, 0x4C, 0x00, 0x27, 0x4C, 0x00, 0x27, 0x4C, 0x00, 0x27, 0x4C, 
    0x00, 0x27, 0x4C, 0x00, 0x27, 0x4C, 0x02, 0x28, 0x4D, 0x00, 0x1F, 0x45, 
    0x29, 0x4A, 0x69, 0x3C, 0x5A, 0x76, 0x00, 0x1D, 0x43, 0x02, 0x29, 0x4E, 
    0x00, 0x27, 0x4C, 0x00, 0x27, 0x4C, 0x00, 0x27, 0x4C, 0x00, 0x27, 0x4C, 
    0x00, 0x27, 0x4C, 0x00, 0x27, 0x4C, 0x00, 0x27, 0x4C, 0x00, 0x27, 0x4C, 
    0x00, 0x27, 0x4C, 0x00, 0x27, 0x4C, 0x00, 0x27, 0x4C, 0x00, 0x27, 0x4C, 
    0x00, 0x27, 0x4C, 0x00, 0x27, 0x4C, 0x00, 0x27, 0x4C, 0x00, 0x27, 0x4C, 
    0x00, 0x27, 0x4C, 0x00, 0x27, 0x4C, 0x00, 0x27, 0x4C, 0x00, 0x27, 0x4C, 
    0x00, 0x27, 0x4C, 0x03, 0x29, 0x4B, 0x00, 0x1C, 0x4D, 0xA4, 0xC6, 0xE0, 
    0xFF, 0xFF, 0xFF, 0xFC, 0xFC, 0xFD, 0xFF, 0xFF, 0xFF, 0xFF, 0xFF, 0xFF, 
    0xFF, 0xFF, 0xFF, 0xFF, 0xFF, 0xFF, 0xFF, 0xFF, 0xFF, 0xFF, 0xFF, 0xFF, 
    0xFF, 0xFF, 0xFF, 0xFF, 0xFF, 0xFF, 0xFF, 0xFF, 0xFF, 0xFF, 0xFF, 0xFF, 
    0xFF, 0xFF, 0xFF, 0xFF, 0xFF, 0xFF, 0xFF, 0xFF, 0xFF, 0xFF, 0xFF, 0xFF, 
    0xFF, 0xFF, 0xFF, 0xFF, 0xFF, 0xFF, 0xA1, 0x95, 0x90, 0x00, 0x18, 0x3F, 
    0x04, 0x2A, 0x4F, 0x00, 0x27, 0x4C, 0x00, 0x27, 0x4C, 0x00, 0x27, 0x4C, 
    0x00, 0x27, 0x4C, 0x00, 0x27, 0x4D, 0x03, 0x29, 0x4B, 0x00, 0x1E, 0x50, 
    0xAB, 0xCC, 0xE3, 0xFF, 0xFF, 0xFF, 0xFC, 0xFD, 0xFE, 0xFF, 0xFF, 0xFF, 
    0xFF, 0xFF, 0xFF, 0xFF, 0xFF, 0xFF, 0xFF, 0xFF, 0xFF, 0xFF, 0xFF, 0xFF, 
    0xFF, 0xFF, 0xFF, 0xFF, 0xFF, 0xFF, 0xFF, 0xFF, 0xFF, 0xFF, 0xFF, 0xFF, 
    0xFF, 0xFF, 0xFF, 0xFF, 0xFF, 0xFF, 0xFF, 0xFF, 0xFF, 0xFF, 0xFF, 0xFF, 
    0xFF, 0xFF, 0xFF, 0xFF, 0xFF, 0xFF, 0xFF, 0xFF, 0xFF, 0x99, 0x8F, 0x8A, 
    0x00, 0x18, 0x3F, 0x04, 0x2A, 0x4F, 0x00, 0x27, 0x4C, 0x00, 0x27, 0x4C, 
    0x04, 0x2B, 0x4F, 0x00, 0x17, 0x41, 0x58, 0x84, 0xAE, 0xFF, 0xFF, 0xFF, 
    0xFC, 0xFB, 0xFC, 0xFB, 0xFC, 0xFD, 0xFF, 0xFF, 0xFF, 0x92, 0x8A, 0x8C, 
    0x00, 0x17, 0x41, 0x04, 0x2B, 0x4E, 0x00, 0x27, 0x4C, 0x00, 0x27, 0x4C, 
    0x00, 0x27, 0x4C, 0x00, 0x27, 0x4C, 0x00, 0x27, 0x4C, 0x00, 0x27, 0x4C, 
    0x00, 0x27, 0x4C, 0x00, 0x27, 0x4C, 0x00, 0x27, 0x4C, 0x00, 0x27, 0x4C, 
    0x00, 0x27, 0x4C, 0x00, 0x27, 0x4C, 0x00, 0x27, 0x4C, 0x00, 0x27, 0x4C, 
    0x00, 0x27, 0x4C, 0x00, 0x27, 0x4C, 0x00, 0x27, 0x4C, 0x00, 0x27, 0x4C, 
    0x00, 0x27, 0x4C, 0x00, 0x27, 0x4C, 0x00, 0x27, 0x4C, 0x00, 0x27, 0x4C, 
    0x00, 0x27, 0x4C, 0x00, 0x27, 0x4C, 0x00, 0x27, 0x4C, 0x00, 0x27, 0x4C, 
    0x00, 0x27, 0x4C, 0x00, 0x27, 0x4C, 0x00, 0x27, 0x4C, 0x00, 0x27, 0x4C, 
    0x00, 0x27, 0x4C, 0x00, 0x27, 0x4C, 0x00, 0x27, 0x4D, 0x04, 0x2A, 0x4F, 
    0x00, 0x21, 0x45, 0x00, 0x1A, 0x42, 0x1C, 0x47, 0x6B, 0x87, 0xA1, 0xBA, 
    0xEB, 0xF1, 0xF7, 0xFF, 0xFF, 0xFF, 0xFF, 0xFF, 0xFF, 0xFC, 0xFC, 0xFC, 
    0xFB, 0xFC, 0xFC, 0xFB, 0xFC, 0xFD, 0xFF, 0xFF, 0xFF, 0xFF, 0xFF, 0xFF, 
    0xE3, 0xDB, 0xD8, 0x64, 0x67, 0x76, 0x00, 0x1B, 0x41, 0x00, 0x25, 0x4C, 
    0x02, 0x29, 0x4D, 0x00, 0x27, 0x4C, 0x00, 0x27, 0x4C, 0x00, 0x27, 0x4C, 
    0x00, 0x27, 0x4C, 0x00, 0x27, 0x4C, 0x00, 0x27, 0x4C, 0x00, 0x27, 0x4C, 
    0x00, 0x27, 0x4C, 0x00, 0x27, 0x4C, 0x00, 0x27, 0x4C, 0x00, 0x27, 0x4C, 
    0x00, 0x27, 0x4C, 0x00, 0x27, 0x4C, 0x00, 0x27, 0x4C, 0x00, 0x27, 0x4C, 
    0x00, 0x27, 0x4C, 0x00, 0x27, 0x4C, 0x00, 0x27, 0x4C, 0x00, 0x27, 0x4C, 
    0x00, 0x27, 0x4C, 0x00, 0x27, 0x4C, 0x00, 0x27, 0x4C, 0x00, 0x27, 0x4C, 
    0x00, 0x27, 0x4C, 0x00, 0x27, 0x4C, 0x00, 0x27, 0x4C, 0x00, 0x27, 0x4C, 
    0x01, 0x28, 0x4E, 0x03, 0x2A, 0x4E, 0x00, 0x1C, 0x43, 0x00, 0x1F, 0x47, 
    0x33, 0x5A, 0x7C, 0xA4, 0xB9, 0xCC, 0xF9, 0xFC, 0xFF, 0xFF, 0xFF, 0xFF, 
    0xFF, 0xFF, 0xFF, 0xFB, 0xFC, 0xFC, 0xFB, 0xFC, 0xFC, 0xFC, 0xFD, 0xFE, 
    0xFF, 0xFF, 0xFF, 0xFF, 0xFF, 0xFF, 0xCA, 0xC3, 0xC3, 0x41, 0x4D, 0x62, 
    0x00, 0x19, 0x41, 0x02, 0x29, 0x4E, 0x01, 0x28, 0x4C, 0x00, 0x27, 0x4C, 
    0x00, 0x27, 0x4C, 0x00, 0x27, 0x4C, 0x00, 0x27, 0x4C, 0x00, 0x27, 0x4C, 
    0x00, 0x27, 0x4C, 0x00, 0x27, 0x4C, 0x00, 0x27, 0x4C, 0x04, 0x29, 0x4D, 
    0x00, 0x1C, 0x47, 0x89, 0xB4, 0xD2, 0xFF, 0xFF, 0xFF, 0xFA, 0xFA, 0xFB, 
    0xFF, 0xFF, 0xFF, 0xF1, 0xE3, 0xD9, 0x17, 0x2F, 0x49, 0x00, 0x25, 0x4D, 
    0x01, 0x28, 0x4C, 0x00, 0x27, 0x4C, 0x00, 0x27, 0x4C, 0x00, 0x27, 0x4C, 
    0x00, 0x27, 0x4C, 0x00, 0x27, 0x4C, 0x00, 0x27, 0x4C, 0x00, 0x27, 0x4C, 
    0x00, 0x27, 0x4C, 0x03, 0x29, 0x4C, 0x00, 0x1C, 0x49, 0x9C, 0xBF, 0xDB, 
    0xFF, 0xFF, 0xFF, 0xFA, 0xFA, 0xFB, 0xFF, 0xFF, 0xFF, 0xE8, 0xDB, 0xD0, 
    0x12, 0x24, 0x46, 0x00, 0x27, 0x4D, 0x01, 0x27, 0x4C, 0x00, 0x27, 0x4C, 
    0x00, 0x27, 0x4C, 0x02, 0x29, 0x4E, 0x00, 0x1F, 0x43, 0x19, 0x4D, 0x7C, 
    0xF1, 0xFB, 0xFF, 0xFF, 0xFE, 0xFE, 0xFC, 0xFC, 0xFC, 0xFF, 0xFF, 0xFF, 
    0xCF, 0xC0, 0xB8, 0x00, 0x1B, 0x3F, 0x03, 0x2A, 0x4F, 0x00, 0x27, 0x4C, 
    0x00, 0x27, 0x4C, 0x00, 0x27, 0x4C, 0x00, 0x27, 0x4C, 0x00, 0x27, 0x4C, 
    0x00, 0x27, 0x4C, 0x00, 0x27, 0x4C, 0x00, 0x27, 0x4C, 0x00, 0x27, 0x4C, 
    0x00, 0x27, 0x4C, 0x00, 0x27, 0x4C, 0x00, 0x27, 0x4C, 0x00, 0x27, 0x4C, 
    0x00, 0x27, 0x4C, 0x00, 0x27, 0x4C, 0x00, 0x27, 0x4C, 0x00, 0x27, 0x4C, 
    0x00, 0x27, 0x4C, 0x04, 0x2B, 0x4E, 0x00, 0x17, 0x45, 0x80, 0xA7, 0xC9, 
    0xFF, 0xFF, 0xFF, 0xFA, 0xFA, 0xFB, 0xFF, 0xFF, 0xFF, 0xF9, 0xEB, 0xE0, 
    0x23, 0x34, 0x50, 0x01, 0x23, 0x48, 0x00, 0x21, 0x4C, 0x8B, 0xB1, 0xCC, 
    0xFF, 0xFF, 0xFF, 0xFB, 0xFC, 0xFC, 0xFB, 0xFC, 0xFC, 0xFF, 0xFF, 0xFF, 
    0xDE, 0xD6, 0xCF, 0x27, 0x38, 0x51, 0x00, 0x1D, 0x47, 0x04, 0x2B, 0x4F, 
    0x00, 0x27, 0x4C, 0x00, 0x27, 0x4C, 0x00, 0x27, 0x4C, 0x00, 0x27, 0x4C, 
    0x00, 0x27, 0x4C, 0x00, 0x27, 0x4C, 0x00, 0x27, 0x4C, 0x00, 0x27, 0x4C, 
    0x04, 0x2A, 0x4D, 0x00, 0x1B, 0x46, 0x8F, 0xB5, 0xD4, 0xFE, 0xFE, 0xFE, 
    0xFA, 0xFB, 0xFB, 0xFF, 0xFF, 0xFF, 0xFA, 0xF0, 0xE5, 0x27, 0x37, 0x4F, 
    0x04, 0x26, 0x4E, 0x05, 0x2B, 0x4E, 0x03, 0x2A, 0x4E, 0x03, 0x2A, 0x4E, 
    0x03, 0x2A, 0x4E, 0x03, 0x2A, 0x4E, 0x03, 0x2A, 0x4E, 0x03, 0x2A, 0x4E, 
    0x03, 0x2A, 0x4E, 0x03, 0x2A, 0x4E, 0x03, 0x2A, 0x4E, 0x06, 0x2C, 0x51, 
    0x04, 0x1D, 0x42, 0x3B, 0x6F, 0x99, 0xFF, 0xFF, 0xFF, 0xFE, 0xFC, 0xFC, 
    0xFB, 0xFE, 0xFF, 0xFF, 0xFF, 0xFE, 0x60, 0x62, 0x6B, 0x00, 0x1C, 0x45, 
    0x04, 0x2A, 0x4E, 0x00, 0x27, 0x4C, 0x00, 0x27, 0x4C, 0x04, 0x2A, 0x4D, 
    0x00, 0x18, 0x48, 0x8E, 0xB4, 0xD2, 0xFF, 0xFF, 0xFF, 0xFB, 0xFC, 0xFD, 
    0xFB, 0xFC, 0xFD, 0xFF, 0xFF, 0xFF, 0x8C, 0x84, 0x86, 0x00, 0x19, 0x41, 
    0x04, 0x2A, 0x4E, 0x00, 0x27, 0x4C, 0x00, 0x27, 0x4C, 0x00, 0x27, 0x4C, 
    0x00, 0x27, 0x4C, 0x00, 0x27, 0x4C, 0x00, 0x27, 0x4C, 0x00, 0x27, 0x4C, 
    0x00, 0x27, 0x4C, 0x03, 0x2A, 0x4F, 0x00, 0x19, 0x3F, 0x43, 0x76, 0xA0, 
    0xFF, 0xFF, 0xFF, 0xFD, 0xFC, 0xFC, 0xFD, 0xFD, 0xFD, 0xFE, 0xFF, 0xFF, 
    0xDC, 0xD1, 0xCB, 0x15, 0x29, 0x46, 0x00, 0x1A, 0x44, 0x01, 0x29, 0x4E, 
    0x04, 0x2A, 0x4F, 0x02, 0x28, 0x4D, 0x00, 0x27, 0x4C, 0x00, 0x27, 0x4C, 
    0x00, 0x27, 0x4C, 0x00, 0x27, 0x4C, 0x00, 0x27, 0x4C, 0x00, 0x27, 0x4C, 
    0x00, 0x27, 0x4C, 0x00, 0x27, 0x4C, 0x00, 0x27, 0x4C, 0x00, 0x27, 0x4C, 
    0x00, 0x27, 0x4C, 0x00, 0x27, 0x4C, 0x00, 0x27, 0x4C, 0x00, 0x27, 0x4C, 
    0x00, 0x27, 0x4C, 0x00, 0x27, 0x4C, 0x00, 0x27, 0x4C, 0x00, 0x27, 0x4C, 
    0x00, 0x27, 0x4C, 0x00, 0x27, 0x4C, 0x00, 0x27, 0x4C, 0x00, 0x27, 0x4C, 
    0x00, 0x27, 0x4C, 0x00, 0x27, 0x4C, 0x00, 0x27, 0x4C, 0x00, 0x27, 0x4C, 
    0x00, 0x27, 0x4C, 0x00, 0x27, 0x4C, 0x00, 0x27, 0x4C, 0x00, 0x27, 0x4C, 
    0x00, 0x27, 0x4C, 0x00, 0x27, 0x4C, 0x00, 0x27, 0x4C, 0x00, 0x27, 0x4C, 
    0x00, 0x27, 0x4C, 0x00, 0x27, 0x4C, 0x00, 0x27, 0x4C, 0x02, 0x29, 0x4B, 
    0x00, 0x20, 0x4F, 0x30, 0x46, 0x3F, 0xFF, 0xCF, 0x03, 0xFE, 0xCA, 0x05, 
    0xFF, 0xCB, 0x05, 0xFF, 0xCB, 0x05, 0xFF, 0xCB, 0x05, 0xFF, 0xCB, 0x05, 
    0xFF, 0xCB, 0x05, 0xFF, 0xCB, 0x05, 0xFF, 0xCB, 0x05, 0xFF, 0xCB, 0x05, 
    0xFF, 0xCB, 0x05, 0xFF, 0xCB, 0x05, 0xFF, 0xCB, 0x05, 0xFF, 0xCB, 0x05, 
    0xFF, 0xCB, 0x05, 0xFF, 0xCB, 0x05, 0xFF, 0xCB, 0x05, 0xFF, 0xCB, 0x05, 
    0xFC, 0xC9, 0x05, 0xFF, 0xD5, 0x03, 0xB7, 0x97, 0x0E, 0x00, 0x20, 0x4B, 
    0x02, 0x29, 0x4C, 0x00, 0x27, 0x4C, 0x04, 0x2A, 0x4A, 0x00, 0x20, 0x50, 
    0x1F, 0x34, 0x42, 0xD7, 0xB3, 0x0C, 0xFC, 0xCF, 0x04, 0xFD, 0xCA, 0x05, 
    0xFF, 0xCB, 0x05, 0xFF, 0xCB, 0x05, 0xFF, 0xCB, 0x05, 0xFF, 0xCB, 0x05, 
    0xFF, 0xCB, 0x05, 0xFF, 0xCB, 0x05, 0xFF, 0xCB, 0x05, 0xFF, 0xCB, 0x05, 
    0xFF, 0xCB, 0x05, 0xFF, 0xCB, 0x05, 0xFF, 0xCB, 0x05, 0xFF, 0xCB, 0x05, 
    0xFF, 0xCB, 0x05, 0xFF, 0xCB, 0x05, 0xFF, 0xCB, 0x05, 0xFF, 0xCB, 0x05, 
    0xFF, 0xCB, 0x05, 0xFF, 0xCB, 0x05, 0xFF, 0xCB, 0x05, 0xFF, 0xCB, 0x05, 
    0xFD, 0xCA, 0x05, 0xFC, 0xCE, 0x04, 0xDB, 0xB6, 0x0D, 0x22, 0x37, 0x43, 
    0x00, 0x1F, 0x51, 0x04, 0x2A, 0x4B, 0x00, 0x27, 0x4C, 0x03, 0x2A, 0x4C, 
    0x00, 0x1C, 0x4B, 0xA8, 0x8B, 0x0D, 0xFF, 0xD6, 0x03, 0xFB, 0xC8, 0x05, 
    0xFF, 0xCB, 0x05, 0xFF, 0xCB, 0x05, 0xFF, 0xCB, 0x05, 0xFF, 0xCB, 0x05, 
    0xFF, 0xCB, 0x05, 0xFF, 0xCB, 0x05, 0xFF, 0xCB, 0x05, 0xFF, 0xCB, 0x05, 
    0xFF, 0xCB, 0x05, 0xFF, 0xCB, 0x05, 0xFF, 0xCB, 0x05, 0xFF, 0xCB, 0x05, 
    0xFF, 0xCB, 0x05, 0xFF, 0xCB, 0x05, 0xFF, 0xCB, 0x05, 0xFF, 0xCB, 0x05, 
    0xFE, 0xCB, 0x05, 0xFF, 0xCE, 0x04, 0x2C, 0x44, 0x40, 0x00, 0x20, 0x4F, 
    0x02, 0x28, 0x4B, 0x00, 0x27, 0x4C, 0x00, 0x27, 0x4C, 0x00, 0x27, 0x4C, 
    0x00, 0x27, 0x4C, 0x00, 0x27, 0x4C, 0x00, 0x27, 0x4C, 0x00, 0x27, 0x4C, 
    0x00, 0x27, 0x4C, 0x00, 0x27, 0x4C, 0x00, 0x27, 0x4C, 0x00, 0x27, 0x4C, 
    0x00, 0x27, 0x4C, 0x00, 0x27, 0x4C, 0x02, 0x28, 0x4D, 0x00, 0x1F, 0x45, 
    0x29, 0x4A, 0x69, 0x3C, 0x5A, 0x76, 0x00, 0x1D, 0x43, 0x02, 0x29, 0x4E, 
    0x00, 0x27, 0x4C, 0x00, 0x27, 0x4C, 0x00, 0x27, 0x4C, 0x00, 0x27, 0x4C, 
    0x00, 0x27, 0x4C, 0x00, 0x27, 0x4C, 0x00, 0x27, 0x4C, 0x00, 0x27, 0x4C, 
    0x00, 0x27, 0x4C, 0x00, 0x27, 0x4C, 0x00, 0x27, 0x4C, 0x00, 0x27, 0x4C, 
    0x00, 0x27, 0x4C, 0x00, 0x27, 0x4C, 0x00, 0x27, 0x4C, 0x00, 0x27, 0x4C, 
    0x00, 0x27, 0x4C, 0x00, 0x27, 0x4C, 0x00, 0x27, 0x4C, 0x00, 0x27, 0x4C, 
    0x00, 0x27, 0x4C, 0x03, 0x29, 0x4B, 0x00, 0x1C, 0x4D, 0xA4, 0xC6, 0xE0, 
    0xFF, 0xFF, 0xFF, 0xFB, 0xFB, 0xFC, 0xFF, 0xFF, 0xFF, 0xF7, 0xF0, 0xE9, 
    0x76, 0x81, 0x91, 0x65, 0x7B, 0x93, 0x66, 0x7D, 0x93, 0x65, 0x7C, 0x93, 
    0x65, 0x7C, 0x93, 0x65, 0x7C, 0x93, 0x65, 0x7C, 0x93, 0x65, 0x7C, 0x93, 
    0x65, 0x7C, 0x93, 0x65, 0x7C, 0x93, 0x65, 0x7C, 0x93, 0x65, 0x7C, 0x93, 
    0x63, 0x7B, 0x92, 0x65, 0x7C, 0x93, 0x3B, 0x50, 0x65, 0x00, 0x21, 0x47, 
    0x02, 0x28, 0x4D, 0x00, 0x27, 0x4C, 0x00, 0x27, 0x4C, 0x00, 0x27, 0x4C, 
    0x00, 0x27, 0x4C, 0x00, 0x27, 0x4D, 0x03, 0x29, 0x4B, 0x00, 0x1E, 0x50, 
    0xAB, 0xCC, 0xE3, 0xFF, 0xFF, 0xFF, 0xFB, 0xFC, 0xFD, 0xFF, 0xFF, 0xFF, 
    0xF5, 0xED, 0xE6, 0x73, 0x7F, 0x90, 0x65, 0x7C, 0x93, 0x65, 0x7D, 0x93, 
    0x65, 0x7C, 0x93, 0x65, 0x7C, 0x93, 0x65, 0x7C, 0x93, 0x65, 0x7C, 0x93, 
    0x65, 0x7C, 0x93, 0x65, 0x7C, 0x93, 0x65, 0x7C, 0x93, 0x65, 0x7C, 0x93, 
    0x65, 0x7C, 0x93, 0x63, 0x7B, 0x92, 0x65, 0x7C, 0x93, 0x39, 0x4D, 0x63, 
    0x00, 0x21, 0x47, 0x02, 0x28, 0x4D, 0x00, 0x27, 0x4C, 0x00, 0x27, 0x4C, 
    0x04, 0x2B, 0x4F, 0x00, 0x17, 0x41, 0x58, 0x84, 0xAE, 0xFF, 0xFF, 0xFF, 
    0xFC, 0xFB, 0xFC, 0xFB, 0xFB, 0xFD, 0xFF, 0xFF, 0xFF, 0x9C, 0x90, 0x91, 
    0x00, 0x16, 0x40, 0x03, 0x2B, 0x4F, 0x00, 0x27, 0x4C, 0x00, 0x27, 0x4C, 
    0x00, 0x27, 0x4C, 0x00, 0x27, 0x4C, 0x00, 0x27, 0x4C, 0x00, 0x27, 0x4C, 
    0x00, 0x27, 0x4C, 0x00, 0x27, 0x4C, 0x00, 0x27, 0x4C, 0x00, 0x27, 0x4C, 
    0x00, 0x27, 0x4C, 0x00, 0x27, 0x4C, 0x00, 0x27, 0x4C, 0x00, 0x27, 0x4C, 
    0x00, 0x27, 0x4C, 0x00, 0x27, 0x4C, 0x00, 0x27, 0x4C, 0x00, 0x27, 0x4C, 
    0x00, 0x27, 0x4C, 0x00, 0x27, 0x4C, 0x00, 0x27, 0x4C, 0x00, 0x27, 0x4C, 
    0x00, 0x27, 0x4C, 0x00, 0x27, 0x4C, 0x00, 0x27, 0x4C, 0x00, 0x27, 0x4C, 
    0x00, 0x27, 0x4C, 0x00, 0x27, 0x4C, 0x00, 0x27, 0x4C, 0x00, 0x27, 0x4C, 
    0x00, 0x27, 0x4C, 0x00, 0x27, 0x4C, 0x00, 0x27, 0x4C, 0x00, 0x27, 0x4C, 
    0x01, 0x29, 0x4E, 0x03, 0x2A, 0x4E, 0x00, 0x20, 0x45, 0x00, 0x19, 0x41, 
    0x1A, 0x3B, 0x61, 0x78, 0x93, 0xAE, 0xDB, 0xE6, 0xF0, 0xFF, 0xFF, 0xFF, 
    0xFF, 0xFF, 0xFF, 0xFC, 0xFC, 0xFD, 0xFC, 0xFD, 0xFD, 0xFB, 0xFC, 0xFD, 
    0xFF, 0xFF, 0xFF, 0xFF, 0xFF, 0xFF, 0xAC, 0xA8, 0xA9, 0x0F, 0x27, 0x47, 
    0x00, 0x22, 0x4B, 0x02, 0x29, 0x4D, 0x00, 0x27, 0x4C, 0x00, 0x27, 0x4C, 
    0x00, 0x27, 0x4C, 0x00, 0x27, 0x4C, 0x00, 0x27, 0x4C, 0x00, 0x27, 0x4C, 
    0x00, 0x27, 0x4C, 0x00, 0x27, 0x4C, 0x00, 0x27, 0x4C, 0x00, 0x27, 0x4C, 
    0x00, 0x27, 0x4C, 0x00, 0x27, 0x4C, 0x00, 0x27, 0x4C, 0x00, 0x27, 0x4C, 
    0x00, 0x27, 0x4C, 0x00, 0x27, 0x4C, 0x00, 0x27, 0x4C, 0x00, 0x27, 0x4C, 
    0x00, 0x27, 0x4C, 0x00, 0x27, 0x4C, 0x00, 0x27, 0x4C, 0x00, 0x27, 0x4C, 
    0x00, 0x27, 0x4C, 0x00, 0x27, 0x4C, 0x00, 0x27, 0x4C, 0x00, 0x27, 0x4C, 
    0x00, 0x27, 0x4C, 0x00, 0x27, 0x4C, 0x02, 0x29, 0x4E, 0x02, 0x29, 0x4D, 
    0x00, 0x1D, 0x42, 0x00, 0x1C, 0x44, 0x2D, 0x4C, 0x71, 0x93, 0xAA, 0xBF, 
    0xEC, 0xF5, 0xFB, 0xFF, 0xFF, 0xFF, 0xFF, 0xFF, 0xFF, 0xFC, 0xFC, 0xFD, 
    0xFC, 0xFD, 0xFD, 0xFC, 0xFC, 0xFD, 0xFF, 0xFF, 0xFF, 0xFF, 0xFA, 0xF4, 
    0x82, 0x85, 0x8B, 0x00, 0x1B, 0x41, 0x01, 0x27, 0x4E, 0x01, 0x28, 0x4C, 
    0x00, 0x27, 0x4C, 0x00, 0x27, 0x4C, 0x00, 0x27, 0x4C, 0x00, 0x27, 0x4C, 
    0x00, 0x27, 0x4C, 0x00, 0x27, 0x4C, 0x00, 0x27, 0x4C, 0x04, 0x29, 0x4D, 
    0x00, 0x1C, 0x47, 0x89, 0xB4, 0xD2, 0xFF, 0xFF, 0xFF, 0xFA, 0xFA, 0xFB, 
    0xFF, 0xFF, 0xFF, 0xF1, 0xE3, 0xD9, 0x17, 0x2F, 0x49, 0x00, 0x25, 0x4D, 
    0x01, 0x28, 0x4C, 0x00, 0x27, 0x4C, 0x00, 0x27, 0x4C, 0x00, 0x27, 0x4C, 
    0x00, 0x27, 0x4C, 0x00, 0x27, 0x4C, 0x00, 0x27, 0x4C, 0x00, 0x27, 0x4C, 
    0x00, 0x27, 0x4C, 0x03, 0x29, 0x4C, 0x00, 0x1C, 0x49, 0x9C, 0xBF, 0xDB, 
    0xFF, 0xFF, 0xFF, 0xFA, 0xFA, 0xFB, 0xFF, 0xFF, 0xFF, 0xE8, 0xDB, 0xD0, 
    0x12, 0x24, 0x46, 0x00, 0x27, 0x4D, 0x01, 0x27, 0x4C, 0x00, 0x27, 0x4C, 
    0x00, 0x27, 0x4C, 0x03, 0x2B, 0x4F, 0x00, 0x18, 0x40, 0x56, 0x86, 0xAD, 
    0xFF, 0xFF, 0xFF, 0xFC, 0xFC, 0xFC, 0xFB, 0xFD, 0xFE, 0xFF, 0xFF, 0xFE, 
    0x72, 0x70, 0x75, 0x00, 0x1B, 0x44, 0x04, 0x2A, 0x4E, 0x00, 0x27, 0x4C, 
    0x00, 0x27, 0x4C, 0x00, 0x27, 0x4C, 0x00, 0x27, 0x4C, 0x00, 0x27, 0x4C, 
    0x00, 0x27, 0x4C, 0x00, 0x27, 0x4C, 0x00, 0x27, 0x4C, 0x00, 0x27, 0x4C, 
    0x00, 0x27, 0x4C, 0x00, 0x27, 0x4C, 0x00, 0x27, 0x4C, 0x00, 0x27, 0x4C, 
    0x00, 0x27, 0x4C, 0x00, 0x27, 0x4C, 0x00, 0x27, 0x4C, 0x00, 0x27, 0x4C, 
    0x00, 0x27, 0x4C, 0x04, 0x2B, 0x4E, 0x00, 0x17, 0x45, 0x80, 0xA7, 0xC9, 
    0xFF, 0xFF, 0xFF, 0xFA, 0xFA, 0xFB, 0xFF, 0xFF, 0xFF, 0xFA, 0xED, 0xE2, 
    0x23, 0x31, 0x4A, 0x00, 0x1C, 0x4E, 0x90, 0xB5, 0xD0, 0xFF, 0xFF, 0xFF, 
    0xFB, 0xFB, 0xFC, 0xFB, 0xFB, 0xFC, 0xFF, 0xFF, 0xFF, 0xD4, 0xCD, 0xC7, 
    0x1B, 0x30, 0x4B, 0x00, 0x20, 0x48, 0x04, 0x2A, 0x4E, 0x00, 0x27, 0x4C, 
    0x00, 0x27, 0x4C, 0x00, 0x27, 0x4C, 0x00, 0x27, 0x4C, 0x00, 0x27, 0x4C, 
    0x00, 0x27, 0x4C, 0x00, 0x27, 0x4C, 0x00, 0x27, 0x4C, 0x00, 0x28, 0x4D, 
    0x01, 0x25, 0x48, 0x00, 0x2D, 0x5E, 0xCB, 0xE5, 0xF5, 0xFF, 0xFF, 0xFF, 
    0xFA, 0xFB, 0xFC, 0xFF, 0xFF, 0xFF, 0xC6, 0xB7, 0xB0, 0x00, 0x10, 0x37, 
    0x00, 0x1E, 0x45, 0x00, 0x1B, 0x42, 0x00, 0x1B, 0x42, 0x00, 0x1B, 0x42, 
    0x00, 0x1B, 0x42, 0x00, 0x1B, 0x42, 0x00, 0x1B, 0x42, 0x00, 0x1B, 0x42, 
    0x00, 0x1B, 0x42, 0x00, 0x1B, 0x42, 0x00, 0x1B, 0x42, 0x00, 0x1D, 0x44, 
    0x00, 0x11, 0x38, 0x16, 0x4B, 0x7E, 0xF9, 0xFF, 0xFF, 0xFF, 0xFE, 0xFD, 
    0xFA, 0xFB, 0xFD, 0xFF, 0xFF, 0xFF, 0x84, 0x7D, 0x83, 0x00, 0x18, 0x42, 
    0x04, 0x2A, 0x4E, 0x00, 0x27, 0x4C, 0x00, 0x27, 0x4C, 0x04, 0x2A, 0x4D, 
    0x00, 0x18, 0x48, 0x8E, 0xB4, 0xD2, 0xFF, 0xFF, 0xFF, 0xFB, 0xFB, 0xFC, 
    0xFC, 0xFE, 0xFF, 0xFF, 0xFE, 0xF9, 0x4E, 0x55, 0x63, 0x01, 0x1D, 0x47, 
    0x04, 0x29, 0x4D, 0x00, 0x27, 0x4C, 0x00, 0x27, 0x4C, 0x00, 0x27, 0x4C, 
    0x00, 0x27, 0x4C, 0x00, 0x27, 0x4C, 0x00, 0x27, 0x4C, 0x00, 0x27, 0x4C, 
    0x00, 0x27, 0x4C, 0x00, 0x28, 0x4D, 0x01, 0x23, 0x46, 0x09, 0x38, 0x67, 
    0xDE, 0xF2, 0xFD, 0xFE, 0xFD, 0xFD, 0xFC, 0xFD, 0xFE, 0xFE, 0xFE, 0xFE, 
    0xFF, 0xFF, 0xFF, 0xD9, 0xD3, 0xCF, 0x52, 0x5A, 0x6E, 0x00, 0x22, 0x44, 
    0x00, 0x19, 0x41, 0x00, 0x23, 0x49, 0x02, 0x2A, 0x4F, 0x03, 0x2A, 0x4E, 
    0x01, 0x28, 0x4C, 0x00, 0x27, 0x4C, 0x00, 0x27, 0x4C, 0x00, 0x27, 0x4C, 
    0x00, 0x27, 0x4C, 0x00, 0x27, 0x4C, 0x00, 0x27, 0x4C, 0x00, 0x27, 0x4C, 
    0x00, 0x27, 0x4C, 0x00, 0x27, 0x4C, 0x00, 0x27, 0x4C, 0x00, 0x27, 0x4C, 
    0x00, 0x27, 0x4C, 0x00, 0x27, 0x4C, 0x00, 0x27, 0x4C, 0x00, 0x27, 0x4C, 
    0x00, 0x27, 0x4C, 0x00, 0x27, 0x4C, 0x00, 0x27, 0x4C, 0x00, 0x27, 0x4C, 
    0x00, 0x27, 0x4C, 0x00, 0x27, 0x4C, 0x00, 0x27, 0x4C, 0x00, 0x27, 0x4C, 
    0x00, 0x27, 0x4C, 0x00, 0x27, 0x4C, 0x00, 0x27, 0x4C, 0x00, 0x27, 0x4C, 
    0x00, 0x27, 0x4C, 0x00, 0x27, 0x4C, 0x00, 0x27, 0x4C, 0x00, 0x27, 0x4C, 
    0x00, 0x27, 0x4C, 0x00, 0x27, 0x4C, 0x00, 0x27, 0x4C, 0x02, 0x29, 0x4B, 
    0x00, 0x20, 0x4F, 0x30, 0x46, 0x3F, 0xFF, 0xCF, 0x03, 0xFE, 0xCA, 0x05, 
    0xFF, 0xCB, 0x05, 0xFF, 0xCB, 0x05, 0xFF, 0xCB, 0x05, 0xFF, 0xCB, 0x05, 
    0xFF, 0xCB, 0x05, 0xFF, 0xCB, 0x05, 0xFF, 0xCB, 0x05, 0xFF, 0xCB, 0x05, 
    0xFF, 0xCB, 0x05, 0xFF, 0xCB, 0x05, 0xFF, 0xCB, 0x05, 0xFF, 0xCB, 0x05, 
    0xFF, 0xCB, 0x05, 0xFF, 0xCB, 0x05, 0xFF, 0xCB, 0x05, 0xFF, 0xCB, 0x05, 
    0xFC, 0xC9, 0x05, 0xFF, 0xD5, 0x03, 0xB7, 0x97, 0x0E, 0x00, 0x20, 0x4B, 
    0x02, 0x29, 0x4C, 0x00, 0x27, 0x4C, 0x00, 0x27, 0x4C, 0x06, 0x2C, 0x4A, 
    0x00, 0x18, 0x52, 0x5E, 0x64, 0x32, 0xFF, 0xDB, 0x00, 0xFB, 0xC7, 0x06, 
    0xFF, 0xCB, 0x05, 0xFF, 0xCB, 0x05, 0xFF, 0xCB, 0x05, 0xFF, 0xCB, 0x05, 
    0xFF, 0xCB, 0x05, 0xFF, 0xCB, 0x05, 0xFF, 0xCB, 0x05, 0xFF, 0xCB, 0x05, 
    0xFF, 0xCB, 0x05, 0xFF, 0xCB, 0x05, 0xFF, 0xCB, 0x05, 0xFF, 0xCB, 0x05, 
    0xFF, 0xCB, 0x05, 0xFF, 0xCB, 0x05, 0xFF, 0xCB, 0x05, 0xFF, 0xCB, 0x05, 
    0xFF, 0xCB, 0x05, 0xFF, 0xCB, 0x05, 0xFF, 0xCB, 0x05, 0xFF, 0xCB, 0x05, 
    0xFB, 0xC7, 0x06, 0xFF, 0xDA, 0x00, 0x5A, 0x61, 0x33, 0x00, 0x18, 0x52, 
    0x05, 0x2C, 0x4A, 0x00, 0x27, 0x4C, 0x00, 0x27, 0x4C, 0x03, 0x2A, 0x4C, 
    0x00, 0x1C, 0x4B, 0xA8, 0x8B, 0x0D, 0xFF, 0xD6, 0x03, 0xFB, 0xC8, 0x05, 
    0xFF, 0xCB, 0x05, 0xFF, 0xCB, 0x05, 0xFF, 0xCB, 0x05, 0xFF, 0xCB, 0x05, 
    0xFF, 0xCB, 0x05, 0xFF, 0xCB, 0x05, 0xFF, 0xCB, 0x05, 0xFF, 0xCB, 0x05, 
    0xFF, 0xCB, 0x05, 0xFF, 0xCB, 0x05, 0xFF, 0xCB, 0x05, 0xFF, 0xCB, 0x05, 
    0xFF, 0xCB, 0x05, 0xFF, 0xCB, 0x05, 0xFF, 0xCB, 0x05, 0xFF, 0xCB, 0x05, 
    0xFE, 0xCB, 0x05, 0xFF, 0xCE, 0x04, 0x2C, 0x44, 0x40, 0x00, 0x20, 0x4F, 
    0x02, 0x28, 0x4B, 0x00, 0x27, 0x4C, 0x00, 0x27, 0x4C, 0x00, 0x27, 0x4C, 
    0x00, 0x27, 0x4C, 0x00, 0x27, 0x4C, 0x00, 0x27, 0x4C, 0x00, 0x27, 0x4C, 
    0x00, 0x27, 0x4C, 0x00, 0x27, 0x4C, 0x00, 0x27, 0x4C, 0x00, 0x27, 0x4C, 
    0x00, 0x27, 0x4C, 0x00, 0x27, 0x4C, 0x02, 0x28, 0x4D, 0x00, 0x1F, 0x45, 
    0x29, 0x4A, 0x69, 0x3C, 0x5A, 0x76, 0x00, 0x1D, 0x43, 0x02, 0x29, 0x4E, 
    0x00, 0x27, 0x4C, 0x00, 0x27, 0x4C, 0x00, 0x27, 0x4C, 0x00, 0x27, 0x4C, 
    0x00, 0x27, 0x4C, 0x00, 0x27, 0x4C, 0x00, 0x27, 0x4C, 0x00, 0x27, 0x4C, 
    0x00, 0x27, 0x4C, 0x00, 0x27, 0x4C, 0x00, 0x27, 0x4C, 0x00, 0x27, 0x4C, 
    0x00, 0x27, 0x4C, 0x00, 0x27, 0x4C, 0x00, 0x27, 0x4C, 0x00, 0x27, 0x4C, 
    0x00, 0x27, 0x4C, 0x00, 0x27, 0x4C, 0x00, 0x27, 0x4C, 0x00, 0x27, 0x4C, 
    0x00, 0x27, 0x4C, 0x03, 0x29, 0x4B, 0x00, 0x1C, 0x4D, 0xA4, 0xC6, 0xE0, 
    0xFF, 0xFF, 0xFF, 0xFB, 0xFB, 0xFC, 0xFF, 0xFF, 0xFF, 0xF1, 0xE4, 0xD8, 
    0x0D, 0x20, 0x3C, 0x00, 0x15, 0x3F, 0x00, 0x19, 0x3F, 0x00, 0x18, 0x3F, 
    0x00, 0x18, 0x3F, 0x00, 0x18, 0x3F, 0x00, 0x18, 0x3F, 0x00, 0x18, 0x3F, 
    0x00, 0x18, 0x3F, 0x00, 0x18, 0x3F, 0x00, 0x18, 0x3F, 0x00, 0x18, 0x3F, 
    0x00, 0x18, 0x3F, 0x00, 0x18, 0x3F, 0x00, 0x20, 0x48, 0x00, 0x28, 0x4D, 
    0x00, 0x27, 0x4C, 0x00, 0x27, 0x4C, 0x00, 0x27, 0x4C, 0x00, 0x27, 0x4C, 
    0x00, 0x27, 0x4C, 0x00, 0x27, 0x4D, 0x03, 0x29, 0x4B, 0x00, 0x1E, 0x50, 
    0xAB, 0xCC, 0xE3, 0xFF, 0xFF, 0xFF, 0xFA, 0xFB, 0xFC, 0xFF, 0xFF, 0xFF, 
    0xED, 0xDF, 0xD3, 0x08, 0x1D, 0x3A, 0x00, 0x17, 0x40, 0x00, 0x19, 0x3F, 
    0x00, 0x18, 0x3F, 0x00, 0x18, 0x3F, 0x00, 0x18, 0x3F, 0x00, 0x18, 0x3F, 
    0x00, 0x18, 0x3F, 0x00, 0x18, 0x3F, 0x00, 0x18, 0x3F, 0x00, 0x18, 0x3F, 
    0x00, 0x18, 0x3F, 0x00, 0x18, 0x3F, 0x00, 0x18, 0x3F, 0x00, 0x20, 0x48, 
    0x00, 0x28, 0x4D, 0x00, 0x27, 0x4C, 0x00, 0x27, 0x4C, 0x00, 0x27, 0x4C, 
    0x03, 0x2A, 0x4F, 0x00, 0x19, 0x40, 0x4A, 0x78, 0xA0, 0xFF, 0xFF, 0xFF, 
    0xFD, 0xFC, 0xFC, 0xFC, 0xFC, 0xFC, 0xFF, 0xFF, 0xFF, 0xB3, 0xA7, 0xA2, 
    0x00, 0x1A, 0x3F, 0x02, 0x2A, 0x4F, 0x00, 0x27, 0x4C, 0x00, 0x27, 0x4C, 
    0x00, 0x27, 0x4C, 0x00, 0x27, 0x4C, 0x00, 0x27, 0x4C, 0x00, 0x27, 0x4C, 
    0x00, 0x27, 0x4C, 0x00, 0x27, 0x4C, 0x00, 0x27, 0x4C, 0x00, 0x27, 0x4C, 
    0x00, 0x27, 0x4C, 0x00, 0x27, 0x4C, 0x00, 0x27, 0x4C, 0x00, 0x27, 0x4C, 
    0x00, 0x27, 0x4C, 0x00, 0x27, 0x4C, 0x00, 0x27, 0x4C, 0x00, 0x27, 0x4C, 
    0x00, 0x27, 0x4C, 0x00, 0x27, 0x4C, 0x00, 0x27, 0x4C, 0x00, 0x27, 0x4C, 
    0x00, 0x27, 0x4C, 0x00, 0x27, 0x4C, 0x00, 0x27, 0x4C, 0x00, 0x27, 0x4C, 
    0x00, 0x27, 0x4C, 0x00, 0x27, 0x4C, 0x00, 0x27, 0x4C, 0x00, 0x27, 0x4C, 
    0x00, 0x27, 0x4C, 0x00, 0x27, 0x4C, 0x00, 0x27, 0x4C, 0x00, 0x27, 0x4C, 
    0x00, 0x27, 0x4C, 0x00, 0x27, 0x4C, 0x01, 0x29, 0x4E, 0x03, 0x2A, 0x4E, 
    0x00, 0x22, 0x47, 0x00, 0x18, 0x40, 0x0B, 0x32, 0x58, 0x63, 0x7E, 0xA2, 
    0xCE, 0xDC, 0xEA, 0xFF, 0xFF, 0xFF, 0xFF, 0xFF, 0xFF, 0xFC, 0xFC, 0xFD, 
    0xFE, 0xFD, 0xFD, 0xFB, 0xFC, 0xFD, 0xFF, 0xFF, 0xFF, 0xD5, 0xC8, 0xC3, 
    0x1C, 0x2E, 0x4A, 0x00, 0x23, 0x4A, 0x02, 0x29, 0x4D, 0x00, 0x27, 0x4C, 
    0x00, 0x27, 0x4C, 0x00, 0x27, 0x4C, 0x00, 0x27, 0x4C, 0x00, 0x27, 0x4C, 
    0x00, 0x27, 0x4C, 0x00, 0x27, 0x4C, 0x00, 0x27, 0x4C, 0x00, 0x27, 0x4C, 
    0x00, 0x27, 0x4C, 0x00, 0x27, 0x4C, 0x00, 0x27, 0x4C, 0x00, 0x27, 0x4C, 
    0x00, 0x27, 0x4C, 0x00, 0x27, 0x4C, 0x00, 0x27, 0x4C, 0x00, 0x27, 0x4C, 
    0x00, 0x27, 0x4C, 0x00, 0x27, 0x4C, 0x00, 0x27, 0x4C, 0x00, 0x27, 0x4C, 
    0x00, 0x27, 0x4C, 0x00, 0x27, 0x4C, 0x00, 0x27, 0x4C, 0x00, 0x27, 0x4C, 
    0x00, 0x27, 0x4C, 0x00, 0x27, 0x4C, 0x00, 0x27, 0x4C, 0x00, 0x27, 0x4C, 
    0x02, 0x29, 0x4E, 0x03, 0x29, 0x4E, 0x00, 0x1F, 0x44, 0x00, 0x1A, 0x42, 
    0x1B, 0x40, 0x66, 0x7E, 0x95, 0xB5, 0xE3, 0xEF, 0xF7, 0xFF, 0xFF, 0xFF, 
    0xFF, 0xFF, 0xFE, 0xFD, 0xFD, 0xFE, 0xFD, 0xFC, 0xFC, 0xFD, 0xFF, 0xFF, 
    0xFF, 0xFF, 0xFF, 0xAD, 0xA2, 0xA1, 0x02, 0x1E, 0x42, 0x02, 0x27, 0x4E, 
    0x01, 0x27, 0x4C, 0x00, 0x27, 0x4C, 0x00, 0x27, 0x4C, 0x00, 0x27, 0x4C, 
    0x00, 0x27, 0x4C, 0x00, 0x27, 0x4C, 0x00, 0x27, 0x4C, 0x04, 0x29, 0x4D, 
    0x00, 0x1C, 0x47, 0x89, 0xB4, 0xD2, 0xFF, 0xFF, 0xFF, 0xFA, 0xFA, 0xFB, 
    0xFF, 0xFF, 0xFF, 0xF1, 0xE3, 0xD9, 0x17, 0x2F, 0x49, 0x00, 0x25, 0x4D, 
    0x01, 0x28, 0x4C, 0x00, 0x27, 0x4C, 0x00, 0x27, 0x4C, 0x00, 0x27, 0x4C, 
    0x00, 0x27, 0x4C, 0x00, 0x27, 0x4C, 0x00, 0x27, 0x4C, 0x00, 0x27, 0x4C, 
    0x00, 0x27, 0x4C, 0x03, 0x29, 0x4C, 0x00, 0x1C, 0x49, 0x9C, 0xBF, 0xDB, 
    0xFF, 0xFF, 0xFF, 0xFA, 0xFA, 0xFB, 0xFF, 0xFF, 0xFF, 0xE8, 0xDB, 0xD0, 
    0x12, 0x24, 0x46, 0x00, 0x27, 0x4D, 0x01, 0x27, 0x4C, 0x00, 0x27, 0x4C, 
    0x00, 0x27, 0x4C, 0x04, 0x2A, 0x4D, 0x00, 0x1B, 0x47, 0x8A, 0xB2, 0xD1, 
    0xFE, 0xFF, 0xFF, 0xFA, 0xFB, 0xFC, 0xFE, 0xFF, 0xFF, 0xFF, 0xFA, 0xEF, 
    0x37, 0x40, 0x55, 0x00, 0x21, 0x4A, 0x03, 0x28, 0x4D, 0x00, 0x27, 0x4C, 
    0x00, 0x27, 0x4C, 0x00, 0x27, 0x4C, 0x00, 0x27, 0x4C, 0x00, 0x27, 0x4C, 
    0x00, 0x27, 0x4C, 0x00, 0x27, 0x4C, 0x00, 0x27, 0x4C, 0x00, 0x27, 0x4C, 
    0x00, 0x27, 0x4C, 0x00, 0x27, 0x4C, 0x00, 0x27, 0x4C, 0x00, 0x27, 0x4C, 
    0x00, 0x27, 0x4C, 0x00, 0x27, 0x4C, 0x00, 0x27, 0x4C, 0x00, 0x27, 0x4C, 
    0x00, 0x27, 0x4C, 0x04, 0x2B, 0x4E, 0x00, 0x17, 0x45, 0x80, 0xA7, 0xC9, 
    0xFF, 0xFF, 0xFF, 0xFA, 0xFA, 0xFB, 0xFF, 0xFF, 0xFF, 0xF8, 0xE9, 0xDB, 
    0x16, 0x2C, 0x50, 0x8A, 0xAF, 0xD2, 0xFF, 0xFF, 0xFF, 0xFB, 0xFB, 0xFC, 
    0xFD, 0xFE, 0xFF, 0xFF, 0xFF, 0xFF, 0xCD, 0xC2, 0xBD, 0x1B, 0x29, 0x47, 
    0x00, 0x22, 0x4A, 0x03, 0x2A, 0x4E, 0x00, 0x27, 0x4C, 0x00, 0x27, 0x4C, 
    0x00, 0x27, 0x4C, 0x00, 0x27, 0x4C, 0x00, 0x27, 0x4C, 0x00, 0x27, 0x4C, 
    0x00, 0x27, 0x4C, 0x00, 0x27, 0x4C, 0x00, 0x27, 0x4C, 0x01, 0x29, 0x4E, 
    0x00, 0x20, 0x44, 0x10, 0x46, 0x73, 0xEB, 0xFA, 0xFF, 0xFF, 0xFF, 0xFE, 
    0xFD, 0xFD, 0xFE, 0xFF, 0xFF, 0xFF, 0xE7, 0xE4, 0xE3, 0xB6, 0xBD, 0xC9, 
    0xB7, 0xC2, 0xCD, 0xB6, 0xC1, 0xCC, 0xB6, 0xC1, 0xCC, 0xB6, 0xC1, 0xCC, 
    0xB6, 0xC1, 0xCC, 0xB6, 0xC1, 0xCC, 0xB6, 0xC1, 0xCC, 0xB6, 0xC1, 0xCC, 
    0xB6, 0xC1, 0xCC, 0xB6, 0xC1, 0xCC, 0xB6, 0xC1, 0xCC, 0xB7, 0xC2, 0xCC, 
    0xB6, 0xBF, 0xC9, 0xC0, 0xCD, 0xDB, 0xFC, 0xFF, 0xFF, 0xFF, 0xFF, 0xFE, 
    0xFB, 0xFC, 0xFC, 0xFF, 0xFF, 0xFF, 0x9B, 0x90, 0x8F, 0x00, 0x18, 0x40, 
    0x03, 0x2A, 0x4F, 0x00, 0x27, 0x4C, 0x00, 0x27, 0x4C, 0x04, 0x2A, 0x4D, 
    0x00, 0x18, 0x48, 0x8E, 0xB4, 0xD2, 0xFF, 0xFF, 0xFF, 0xFB, 0xFB, 0xFC, 
    0xFF, 0xFF, 0xFF, 0xFD, 0xF4, 0xE8, 0x2F, 0x3B, 0x50, 0x00, 0x23, 0x4B, 
    0x02, 0x28, 0x4D, 0x00, 0x27, 0x4C, 0x00, 0x27, 0x4C, 0x00, 0x27, 0x4C, 
    0x00, 0x27, 0x4C, 0x00, 0x27, 0x4C, 0x00, 0x27, 0x4C, 0x00, 0x27, 0x4C, 
    0x00, 0x27, 0x4C, 0x00, 0x27, 0x4C, 0x03, 0x2A, 0x4E, 0x00, 0x1A, 0x41, 
    0x4E, 0x7C, 0xA6, 0xFF, 0xFF, 0xFF, 0xFF, 0xFD, 0xFD, 0xFB, 0xFC, 0xFD, 
    0xFD, 0xFD, 0xFD, 0xFF, 0xFF, 0xFF, 0xFF, 0xFF, 0xFF, 0xC9, 0xCC, 0xCB, 
    0x70, 0x7C, 0x8D, 0x22, 0x39, 0x57, 0x00, 0x1B, 0x41, 0x00, 0x1B, 0x43, 
    0x00, 0x26, 0x4C, 0x04, 0x2A, 0x4F, 0x01, 0x28, 0x4C, 0x00, 0x27, 0x4C, 
    0x00, 0x27, 0x4C, 0x00, 0x27, 0x4C, 0x00, 0x27, 0x4C, 0x00, 0x27, 0x4C, 
    0x00, 0x27, 0x4C, 0x00, 0x27, 0x4C, 0x00, 0x27, 0x4C, 0x00, 0x27, 0x4C, 
    0x00, 0x27, 0x4C, 0x00, 0x27, 0x4C, 0x00, 0x27, 0x4C, 0x00, 0x27, 0x4C, 
    0x00, 0x27, 0x4C, 0x00, 0x27, 0x4C, 0x00, 0x27, 0x4C, 0x00, 0x27, 0x4C, 
    0x00, 0x27, 0x4C, 0x00, 0x27, 0x4C, 0x00, 0x27, 0x4C, 0x00, 0x27, 0x4C, 
    0x00, 0x27, 0x4C, 0x00, 0x27, 0x4C, 0x00, 0x27, 0x4C, 0x00, 0x27, 0x4C, 
    0x00, 0x27, 0x4C, 0x00, 0x27, 0x4C, 0x00, 0x27, 0x4C, 0x00, 0x27, 0x4C, 
    0x00, 0x27, 0x4C, 0x00, 0x27, 0x4C, 0x00, 0x27, 0x4C, 0x02, 0x29, 0x4B, 
    0x00, 0x20, 0x4F, 0x30, 0x46, 0x3F, 0xFF, 0xCF, 0x03, 0xFE, 0xCA, 0x05, 
    0xFF, 0xCB, 0x05, 0xFF, 0xCB, 0x05, 0xFF, 0xCB, 0x05, 0xFF, 0xCB, 0x05, 
    0xFF, 0xCB, 0x05, 0xFF, 0xCB, 0x05, 0xFF, 0xCB, 0x05, 0xFF, 0xCB, 0x05, 
    0xFF, 0xCB, 0x05, 0xFF, 0xCB, 0x05, 0xFF, 0xCB, 0x05, 0xFF, 0xCB, 0x05, 
    0xFF, 0xCB, 0x05, 0xFF, 0xCB, 0x05, 0xFF, 0xCB, 0x05, 0xFF, 0xCB, 0x05, 
    0xFC, 0xC9, 0x05, 0xFF, 0xD5, 0x03, 0xB7, 0x97, 0x0E, 0x00, 0x20, 0x4B, 
    0x02, 0x29, 0x4C, 0x00, 0x27, 0x4C, 0x00, 0x27, 0x4C, 0x01, 0x28, 0x4C, 
    0x03, 0x26, 0x4C, 0x13, 0x2F, 0x48, 0xD7, 0xB3, 0x0F, 0xFF, 0xD1, 0x02, 
    0xFB, 0xC8, 0x06, 0xFF, 0xCB, 0x05, 0xFF, 0xCB, 0x05, 0xFF, 0xCB, 0x05, 
    0xFF, 0xCB, 0x05, 0xFF, 0xCB, 0x05, 0xFF, 0xCB, 0x05, 0xFF, 0xCB, 0x05, 
    0xFF, 0xCB, 0x05, 0xFF, 0xCB, 0x05, 0xFF, 0xCB, 0x05, 0xFF, 0xCB, 0x05, 
    0xFF, 0xCB, 0x05, 0xFF, 0xCB, 0x05, 0xFF, 0xCB, 0x05, 0xFF, 0xCB, 0x05, 
    0xFF, 0xCB, 0x05, 0xFF, 0xCB, 0x05, 0xFF, 0xCB, 0x05, 0xFB, 0xC8, 0x06, 
    0xFF, 0xD2, 0x02, 0xD4, 0xB1, 0x10, 0x12, 0x2E, 0x49, 0x03, 0x26, 0x4D, 
    0x01, 0x28, 0x4C, 0x00, 0x27, 0x4C, 0x00, 0x27, 0x4C, 0x03, 0x2A, 0x4C, 
    0x00, 0x1C, 0x4B, 0xA8, 0x8B, 0x0D, 0xFF, 0xD6, 0x03, 0xFB, 0xC8, 0x05, 
    0xFF, 0xCB, 0x05, 0xFF, 0xCB, 0x05, 0xFF, 0xCB, 0x05, 0xFF, 0xCB, 0x05, 
    0xFF, 0xCB, 0x05, 0xFF, 0xCB, 0x05, 0xFF, 0xCB, 0x05, 0xFF, 0xCB, 0x05, 
    0xFF, 0xCB, 0x05, 0xFF, 0xCB, 0x05, 0xFF, 0xCB, 0x05, 0xFF, 0xCB, 0x05, 
    0xFF, 0xCB, 0x05, 0xFF, 0xCB, 0x05, 0xFF, 0xCB, 0x05, 0xFF, 0xCB, 0x05, 
    0xFE, 0xCB, 0x05, 0xFF, 0xCE, 0x04, 0x2C, 0x44, 0x40, 0x00, 0x20, 0x4F, 
    0x02, 0x28, 0x4B, 0x00, 0x27, 0x4C, 0x00, 0x27, 0x4C, 0x00, 0x27, 0x4C, 
    0x00, 0x27, 0x4C, 0x00, 0x27, 0x4C, 0x00, 0x27, 0x4C, 0x00, 0x27, 0x4C, 
    0x00, 0x27, 0x4C, 0x00, 0x27, 0x4C, 0x00, 0x27, 0x4C, 0x00, 0x27, 0x4C, 
    0x00, 0x27, 0x4C, 0x00, 0x27, 0x4C, 0x02, 0x28, 0x4D, 0x00, 0x1F, 0x45, 
    0x29, 0x4A, 0x69, 0x3C, 0x5A, 0x76, 0x00, 0x1D, 0x43, 0x02, 0x29, 0x4E, 
    0x00, 0x27, 0x4C, 0x00, 0x27, 0x4C, 0x00, 0x27, 0x4C, 0x00, 0x27, 0x4C, 
    0x00, 0x27, 0x4C, 0x00, 0x27, 0x4C, 0x00, 0x27, 0x4C, 0x00, 0x27, 0x4C, 
    0x00, 0x27, 0x4C, 0x00, 0x27, 0x4C, 0x00, 0x27, 0x4C, 0x00, 0x27, 0x4C, 
    0x00, 0x27, 0x4C, 0x00, 0x27, 0x4C, 0x00, 0x27, 0x4C, 0x00, 0x27, 0x4C, 
    0x00, 0x27, 0x4C, 0x00, 0x27, 0x4C, 0x00, 0x27, 0x4C, 0x00, 0x27, 0x4C, 
    0x00, 0x27, 0x4C, 0x03, 0x29, 0x4B, 0x00, 0x1C, 0x4D, 0xA4, 0xC6, 0xE0, 
    0xFF, 0xFF, 0xFF, 0xFB, 0xFB, 0xFC, 0xFF, 0xFF, 0xFF, 0xF2, 0xE6, 0xDC, 
    0x21, 0x32, 0x4C, 0x04, 0x29, 0x4F, 0x06, 0x2B, 0x4F, 0x04, 0x2A, 0x4F, 
    0x04, 0x2A, 0x4F, 0x04, 0x2A, 0x4F, 0x04, 0x2A, 0x4F, 0x04, 0x2A, 0x4F, 
    0x04, 0x2A, 0x4F, 0x04, 0x2A, 0x4F, 0x04, 0x2A, 0x4F, 0x04, 0x2A, 0x4F, 
    0x04, 0x2A, 0x4F, 0x04, 0x2A, 0x4F, 0x02, 0x29, 0x4D, 0x00, 0x27, 0x4C, 
    0x00, 0x27, 0x4C, 0x00, 0x27, 0x4C, 0x00, 0x27, 0x4C, 0x00, 0x27, 0x4C, 
    0x00, 0x27, 0x4C, 0x00, 0x27, 0x4D, 0x03, 0x29, 0x4B, 0x00, 0x1E, 0x50, 
    0xAB, 0xCC, 0xE3, 0xFF, 0xFF, 0xFF, 0xFA, 0xFB, 0xFC, 0xFF, 0xFF, 0xFF, 
    0xEE, 0xE1, 0xD7, 0x1C, 0x2F, 0x4A, 0x04, 0x29, 0x50, 0x05, 0x2B, 0x4F, 
    0x04, 0x2A, 0x4F, 0x04, 0x2A, 0x4F, 0x04, 0x2A, 0x4F, 0x04, 0x2A, 0x4F, 
    0x04, 0x2A, 0x4F, 0x04, 0x2A, 0x4F, 0x04, 0x2A, 0x4F, 0x04, 0x2A, 0x4F, 
    0x04, 0x2A, 0x4F, 0x04, 0x2A, 0x4F, 0x04, 0x2A, 0x4F, 0x02, 0x29, 0x4D, 
    0x00, 0x27, 0x4C, 0x00, 0x27, 0x4C, 0x00, 0x27, 0x4C, 0x00, 0x27, 0x4C, 
    0x02, 0x29, 0x4E, 0x00, 0x1C, 0x40, 0x2C, 0x63, 0x8E, 0xFE, 0xFF, 0xFF, 
    0xFF, 0xFE, 0xFD, 0xFC, 0xFC, 0xFC, 0xFF, 0xFF, 0xFF, 0xD1, 0xC4, 0xBA, 
    0x03, 0x1F, 0x41, 0x01, 0x29, 0x4E, 0x00, 0x27, 0x4C, 0x00, 0x27, 0x4C, 
    0x00, 0x27, 0x4C, 0x00, 0x27, 0x4C, 0x00, 0x27, 0x4C, 0x00, 0x27, 0x4C, 
    0x00, 0x27, 0x4C, 0x00, 0x27, 0x4C, 0x00, 0x27, 0x4C, 0x00, 0x27, 0x4C, 
    0x00, 0x27, 0x4C, 0x00, 0x27, 0x4C, 0x00, 0x27, 0x4C, 0x00, 0x27, 0x4C, 
    0x00, 0x27, 0x4C, 0x00, 0x27, 0x4C, 0x00, 0x27, 0x4C, 0x00, 0x27, 0x4C, 
    0x00, 0x27, 0x4C, 0x00, 0x27, 0x4C, 0x00, 0x27, 0x4C, 0x00, 0x27, 0x4C, 
    0x00, 0x27, 0x4C, 0x00, 0x27, 0x4C, 0x00, 0x27, 0x4C, 0x00, 0x27, 0x4C, 
    0x00, 0x27, 0x4C, 0x00, 0x27, 0x4C, 0x00, 0x27, 0x4C, 0x00, 0x27, 0x4C, 
    0x00, 0x27, 0x4C, 0x00, 0x27, 0x4C, 0x00, 0x27, 0x4C, 0x00, 0x27, 0x4C, 
    0x00, 0x27, 0x4C, 0x00, 0x27, 0x4C, 0x00, 0x27, 0x4C, 0x00, 0x27, 0x4C, 
    0x01, 0x28, 0x4D, 0x04, 0x2A, 0x4F, 0x00, 0x24, 0x49, 0x00, 0x18, 0x40, 
    0x05, 0x2A, 0x54, 0x63, 0x82, 0x9F, 0xE0, 0xED, 0xF5, 0xFF, 0xFF, 0xFF, 
    0xFC, 0xFC, 0xFD, 0xFF, 0xFF, 0xFF, 0xFA, 0xFB, 0xFB, 0xFF, 0xFF, 0xFF, 
    0xD2, 0xC9, 0xC1, 0x12, 0x26, 0x45, 0x02, 0x26, 0x4D, 0x01, 0x28, 0x4C, 
    0x00, 0x27, 0x4C, 0x00, 0x27, 0x4C, 0x00, 0x27, 0x4C, 0x00, 0x27, 0x4C, 
    0x00, 0x27, 0x4C, 0x00, 0x27, 0x4C, 0x00, 0x27, 0x4C, 0x00, 0x27, 0x4C, 
    0x00, 0x27, 0x4C, 0x00, 0x27, 0x4C, 0x00, 0x27, 0x4C, 0x00, 0x27, 0x4C, 
    0x00, 0x27, 0x4C, 0x00, 0x27, 0x4C, 0x00, 0x27, 0x4C, 0x00, 0x27, 0x4C, 
    0x00, 0x27, 0x4C, 0x00, 0x27, 0x4C, 0x00, 0x27, 0x4C, 0x00, 0x27, 0x4C, 
    0x00, 0x27, 0x4C, 0x00, 0x27, 0x4C, 0x00, 0x27, 0x4C, 0x00, 0x27, 0x4C, 
    0x00, 0x27, 0x4C, 0x00, 0x27, 0x4C, 0x00, 0x27, 0x4C, 0x00, 0x27, 0x4C, 
    0x00, 0x27, 0x4C, 0x00, 0x27, 0x4C, 0x02, 0x29, 0x4E, 0x03, 0x2A, 0x4E, 
    0x00, 0x21, 0x46, 0x00, 0x18, 0x41, 0x11, 0x39, 0x61, 0x82, 0x9E, 0xB6, 
    0xF3, 0xFB, 0xFF, 0xFF, 0xFF, 0xFF, 0xFC, 0xFD, 0xFD, 0xFF, 0xFE, 0xFE, 
    0xFA, 0xFB, 0xFC, 0xFF, 0xFF, 0xFF, 0xA4, 0x9D, 0x9A, 0x00, 0x1A, 0x41, 
    0x03, 0x2A, 0x4F, 0x00, 0x27, 0x4C, 0x00, 0x27, 0x4C, 0x00, 0x27, 0x4C, 
    0x00, 0x27, 0x4C, 0x00, 0x27, 0x4C, 0x00, 0x27, 0x4C, 0x04, 0x29, 0x4D, 
    0x00, 0x1C, 0x47, 0x89, 0xB4, 0xD2, 0xFF, 0xFF, 0xFF, 0xFA, 0xFA, 0xFB, 
    0xFF, 0xFF, 0xFF, 0xF1, 0xE3, 0xD9, 0x17, 0x2F, 0x49, 0x00, 0x25, 0x4D, 
    0x01, 0x28, 0x4C, 0x00, 0x27, 0x4C, 0x00, 0x27, 0x4C, 0x00, 0x27, 0x4C, 
    0x00, 0x27, 0x4C, 0x00, 0x27, 0x4C, 0x00, 0x27, 0x4C, 0x00, 0x27, 0x4C, 
    0x00, 0x27, 0x4C, 0x03, 0x29, 0x4C, 0x00, 0x1C, 0x49, 0x9C, 0xBF, 0xDB, 
    0xFF, 0xFF, 0xFF, 0xFA, 0xFA, 0xFB, 0xFF, 0xFF, 0xFF, 0xE8, 0xDB, 0xD0, 
    0x12, 0x24, 0x46, 0x00, 0x27, 0x4D, 0x01, 0x27, 0x4C, 0x00, 0x27, 0x4C, 
    0x00, 0x27, 0x4C, 0x03, 0x28, 0x4B, 0x00, 0x22, 0x4C, 0xA8, 0xCA, 0xE3, 
    0xFF, 0xFF, 0xFF, 0xFA, 0xFB, 0xFC, 0xFF, 0xFF, 0xFF, 0xF0, 0xE2, 0xD6, 
    0x15, 0x2D, 0x49, 0x00, 0x25, 0x4C, 0x01, 0x28, 0x4C, 0x00, 0x27, 0x4C, 
    0x00, 0x27, 0x4C, 0x00, 0x27, 0x4C, 0x00, 0x27, 0x4C, 0x00, 0x27, 0x4C, 
    0x00, 0x27, 0x4C, 0x00, 0x27, 0x4C, 0x00, 0x27, 0x4C, 0x00, 0x27, 0x4C, 
    0x00, 0x27, 0x4C, 0x00, 0x27, 0x4C, 0x00, 0x27, 0x4C, 0x00, 0x27, 0x4C, 
    0x00, 0x27, 0x4C, 0x00, 0x27, 0x4C, 0x00, 0x27, 0x4C, 0x00, 0x27, 0x4C, 
    0x00, 0x27, 0x4C, 0x04, 0x2B, 0x4E, 0x00, 0x17, 0x45, 0x80, 0xA7, 0xC9, 
    0xFF, 0xFF, 0xFF, 0xFB, 0xFB, 0xFC, 0xFF, 0xFF, 0xFF, 0xF0, 0xE9, 0xE3, 
    0xAF, 0xBF, 0xD1, 0xFF, 0xFF, 0xFF, 0xFC, 0xFC, 0xFC, 0xFD, 0xFD, 0xFE, 
    0xFD, 0xFD, 0xFC, 0xB9, 0xAE, 0xB3, 0x12, 0x26, 0x47, 0x00, 0x23, 0x4B, 
    0x03, 0x2A, 0x4D, 0x00, 0x27, 0x4C, 0x00, 0x27, 0x4C, 0x00, 0x27, 0x4C, 
    0x00, 0x27, 0x4C, 0x00, 0x27, 0x4C, 0x00, 0x27, 0x4C, 0x00, 0x27, 0x4C, 
    0x00, 0x27, 0x4C, 0x00, 0x27, 0x4C, 0x00, 0x27, 0x4C, 0x02, 0x29, 0x4E, 
    0x00, 0x1E, 0x41, 0x23, 0x53, 0x80, 0xF7, 0xFF, 0xFF, 0xFF, 0xFF, 0xFD, 
    0xFE, 0xFF, 0xFF, 0xFF, 0xFF, 0xFF, 0xFF, 0xFF, 0xFF, 0xFF, 0xFF, 0xFF, 
    0xFF, 0xFF, 0xFF, 0xFF, 0xFF, 0xFF, 0xFF, 0xFF, 0xFF, 0xFF, 0xFF, 0xFF, 
    0xFF, 0xFF, 0xFF, 0xFF, 0xFF, 0xFF, 0xFF, 0xFF, 0xFF, 0xFF, 0xFF, 0xFF, 
    0xFF, 0xFF, 0xFF, 0xFF, 0xFF, 0xFF, 0xFF, 0xFF, 0xFF, 0xFF, 0xFF, 0xFF, 
    0xFF, 0xFF, 0xFF, 0xFF, 0xFF, 0xFF, 0xFD, 0xFD, 0xFD, 0xFD, 0xFD, 0xFD, 
    0xF9, 0xFA, 0xFA, 0xFD, 0xFD, 0xFD, 0x9D, 0x93, 0x91, 0x00, 0x18, 0x40, 
    0x03, 0x2A, 0x4F, 0x00, 0x27, 0x4C, 0x00, 0x27, 0x4C, 0x04, 0x2A, 0x4D, 
    0x00, 0x18, 0x48, 0x8E, 0xB4, 0xD2, 0xFF, 0xFF, 0xFF, 0xFA, 0xFA, 0xFB, 
    0xFF, 0xFF, 0xFF, 0xF4, 0xE7, 0xDB, 0x1D, 0x2D, 0x4B, 0x00, 0x25, 0x4C, 
    0x01, 0x28, 0x4C, 0x00, 0x27, 0x4C, 0x00, 0x27, 0x4C, 0x00, 0x27, 0x4C, 
    0x00, 0x27, 0x4C, 0x00, 0x27, 0x4C, 0x00, 0x27, 0x4C, 0x00, 0x27, 0x4C, 
    0x00, 0x27, 0x4C, 0x00, 0x27, 0x4C, 0x00, 0x27, 0x4C, 0x02, 0x29, 0x4D, 
    0x00, 0x1B, 0x45, 0x5B, 0x85, 0xA8, 0xF5, 0xFD, 0xFF, 0xFF, 0xFF, 0xFF, 
    0xFF, 0xFE, 0xFD, 0xFA, 0xFA, 0xFB, 0xFC, 0xFD, 0xFE, 0xFF, 0xFF, 0xFF, 
    0xFF, 0xFF, 0xFF, 0xF3, 0xF0, 0xEF, 0xB5, 0xB7, 0xBD, 0x5D, 0x68, 0x7A, 
    0x0F, 0x2B, 0x4C, 0x00, 0x18, 0x40, 0x00, 0x24, 0x4B, 0x03, 0x2A, 0x4E, 
    0x00, 0x27, 0x4C, 0x00, 0x27, 0x4C, 0x00, 0x27, 0x4C, 0x00, 0x27, 0x4C, 
    0x00, 0x27, 0x4C, 0x00, 0x27, 0x4C, 0x00, 0x27, 0x4C, 0x00, 0x27, 0x4C, 
    0x00, 0x27, 0x4C, 0x00, 0x27, 0x4C, 0x00, 0x27, 0x4C, 0x00, 0x27, 0x4C, 
    0x00, 0x27, 0x4C, 0x00, 0x27, 0x4C, 0x00, 0x27, 0x4C, 0x00, 0x27, 0x4C, 
    0x00, 0x27, 0x4C, 0x00, 0x27, 0x4C, 0x00, 0x27, 0x4C, 0x00, 0x27, 0x4C, 
    0x00, 0x27, 0x4C, 0x00, 0x27, 0x4C, 0x00, 0x27, 0x4C, 0x00, 0x27, 0x4C, 
    0x00, 0x27, 0x4C, 0x00, 0x27, 0x4C, 0x00, 0x27, 0x4C, 0x00, 0x27, 0x4C, 
    0x00, 0x27, 0x4C, 0x00, 0x27, 0x4C, 0x00, 0x27, 0x4C, 0x02, 0x29, 0x4B, 
    0x00, 0x20, 0x4F, 0x30, 0x46, 0x3F, 0xFF, 0xCF, 0x03, 0xFE, 0xCA, 0x05, 
    0xFF, 0xCB, 0x05, 0xFF, 0xCB, 0x05, 0xFF, 0xCB, 0x05, 0xFF, 0xCB, 0x05, 
    0xFF, 0xCB, 0x05, 0xFF, 0xCB, 0x05, 0xFF, 0xCB, 0x05, 0xFF, 0xCB, 0x05, 
    0xFF, 0xCB, 0x05, 0xFF, 0xCB, 0x05, 0xFF, 0xCB, 0x05, 0xFF, 0xCB, 0x05, 
    0xFF, 0xCB, 0x05, 0xFF, 0xCB, 0x05, 0xFF, 0xCB, 0x05, 0xFF, 0xCB, 0x05, 
    0xFC, 0xC9, 0x05, 0xFF, 0xD5, 0x03, 0xB7, 0x97, 0x0E, 0x00, 0x20, 0x4B, 
    0x02, 0x29, 0x4C, 0x00, 0x27, 0x4C, 0x00, 0x27, 0x4C, 0x00, 0x27, 0x4C, 
    0x02, 0x29, 0x4B, 0x00, 0x21, 0x4F, 0x1A, 0x33, 0x43, 0xEB, 0xC1, 0x06, 
    0xFF, 0xD3, 0x02, 0xFD, 0xC8, 0x06, 0xFF, 0xCB, 0x05, 0xFF, 0xCB, 0x05, 
    0xFF, 0xCB, 0x05, 0xFF, 0xCB, 0x05, 0xFF, 0xCB, 0x05, 0xFF, 0xCB, 0x05, 
    0xFF, 0xCB, 0x05, 0xFF, 0xCB, 0x05, 0xFF, 0xCB, 0x05, 0xFF, 0xCB, 0x05, 
    0xFF, 0xCB, 0x05, 0xFF, 0xCB, 0x05, 0xFF, 0xCB, 0x05, 0xFF, 0xCB, 0x05, 
    0xFF, 0xCB, 0x05, 0xFF, 0xCB, 0x05, 0xFD, 0xC8, 0x06, 0xFF, 0xD2, 0x02, 
    0xEE, 0xC4, 0x07, 0x1D, 0x36, 0x44, 0x00, 0x21, 0x4F, 0x02, 0x29, 0x4B, 
    0x00, 0x27, 0x4C, 0x00, 0x27, 0x4C, 0x00, 0x27, 0x4C, 0x03, 0x2A, 0x4C, 
    0x00, 0x1C, 0x4B, 0xA8, 0x8B, 0x0D, 0xFF, 0xD6, 0x03, 0xFB, 0xC8, 0x05, 
    0xFF, 0xCB, 0x05, 0xFF, 0xCB, 0x05, 0xFF, 0xCB, 0x05, 0xFF, 0xCB, 0x05, 
    0xFF, 0xCB, 0x05, 0xFF, 0xCB, 0x05, 0xFF, 0xCB, 0x05, 0xFF, 0xCB, 0x05, 
    0xFF, 0xCB, 0x05, 0xFF, 0xCB, 0x05, 0xFF, 0xCB, 0x05, 0xFF, 0xCB, 0x05, 
    0xFF, 0xCB, 0x05, 0xFF, 0xCB, 0x05, 0xFF, 0xCB, 0x05, 0xFF, 0xCB, 0x05, 
    0xFE, 0xCB, 0x05, 0xFF, 0xCE, 0x04, 0x2C, 0x44, 0x40, 0x00, 0x20, 0x4F, 
    0x02, 0x28, 0x4B, 0x00, 0x27, 0x4C, 0x00, 0x27, 0x4C, 0x00, 0x27, 0x4C, 
    0x00, 0x27, 0x4C, 0x00, 0x27, 0x4C, 0x00, 0x27, 0x4C, 0x00, 0x27, 0x4C, 
    0x00, 0x27, 0x4C, 0x00, 0x27, 0x4C, 0x00, 0x27, 0x4C, 0x00, 0x27, 0x4C, 
    0x00, 0x27, 0x4C, 0x00, 0x27, 0x4C, 0x02, 0x28, 0x4D, 0x00, 0x1F, 0x45, 
    0x29, 0x4A, 0x69, 0x3C, 0x5A, 0x76, 0x00, 0x1D, 0x43, 0x02, 0x29, 0x4E, 
    0x00, 0x27, 0x4C, 0x00, 0x27, 0x4C, 0x00, 0x27, 0x4C, 0x00, 0x27, 0x4C, 
    0x00, 0x27, 0x4C, 0x00, 0x27, 0x4C, 0x00, 0x27, 0x4C, 0x00, 0x27, 0x4C, 
    0x00, 0x27, 0x4C, 0x00, 0x27, 0x4C, 0x00, 0x27, 0x4C, 0x00, 0x27, 0x4C, 
    0x00, 0x27, 0x4C, 0x00, 0x27, 0x4C, 0x00, 0x27, 0x4C, 0x00, 0x27, 0x4C, 
    0x00, 0x27, 0x4C, 0x00, 0x27, 0x4C, 0x00, 0x27, 0x4C, 0x00, 0x27, 0x4C, 
    0x00, 0x27, 0x4C, 0x03, 0x29, 0x4B, 0x00, 0x1C, 0x4D, 0xA4, 0xC6, 0xE0, 
    0xFF, 0xFF, 0xFF, 0xFB, 0xFB, 0xFC, 0xFF, 0xFF, 0xFF, 0xF2, 0xE6, 0xDB, 
    0x1D, 0x2F, 0x49, 0x00, 0x25, 0x4C, 0x02, 0x28, 0x4C, 0x00, 0x27, 0x4C, 
    0x00, 0x27, 0x4C, 0x00, 0x27, 0x4C, 0x00, 0x27, 0x4C, 0x00, 0x27, 0x4C, 
    0x00, 0x27, 0x4C, 0x00, 0x27, 0x4C, 0x00, 0x27, 0x4C, 0x00, 0x27, 0x4C, 
    0x00, 0x27, 0x4C, 0x00, 0x27, 0x4C, 0x00, 0x27, 0x4C, 0x00, 0x27, 0x4C, 
    0x00, 0x27, 0x4C, 0x00, 0x27, 0x4C, 0x00, 0x27, 0x4C, 0x00, 0x27, 0x4C, 
    0x00, 0x27, 0x4C, 0x00, 0x27, 0x4D, 0x03, 0x29, 0x4B, 0x00, 0x1E, 0x50, 
    0xAB, 0xCC, 0xE3, 0xFF, 0xFF, 0xFF, 0xFA, 0xFB, 0xFC, 0xFF, 0xFF, 0xFF, 
    0xEE, 0xE1, 0xD6, 0x18, 0x2C, 0x47, 0x00, 0x26, 0x4D, 0x01, 0x28, 0x4C, 
    0x00, 0x27, 0x4C, 0x00, 0x27, 0x4C, 0x00, 0x27, 0x4C, 0x00, 0x27, 0x4C, 
    0x00, 0x27, 0x4C, 0x00, 0x27, 0x4C, 0x00, 0x27, 0x4C, 0x00, 0x27, 0x4C, 
    0x00, 0x27, 0x4C, 0x00, 0x27, 0x4C, 0x00, 0x27, 0x4C, 0x00, 0x27, 0x4C, 
    0x00, 0x27, 0x4C, 0x00, 0x27, 0x4C, 0x00, 0x27, 0x4C, 0x00, 0x27, 0x4C, 
    0x01, 0x29, 0x4E, 0x00, 0x20, 0x43, 0x14, 0x47, 0x77, 0xEE, 0xFC, 0xFF, 
    0xFF, 0xFF, 0xFE, 0xFD, 0xFD, 0xFD, 0xFF, 0xFF, 0xFF, 0xF7, 0xEC, 0xE1, 
    0x20, 0x33, 0x4B, 0x00, 0x24, 0x4C, 0x02, 0x28, 0x4C, 0x00, 0x27, 0x4C, 
    0x00, 0x27, 0x4C, 0x00, 0x27, 0x4C, 0x00, 0x27, 0x4C, 0x00, 0x27, 0x4C, 
    0x00, 0x27, 0x4C, 0x00, 0x27, 0x4C, 0x00, 0x27, 0x4C, 0x00, 0x27, 0x4C, 
    0x00, 0x27, 0x4C, 0x00, 0x27, 0x4C, 0x00, 0x27, 0x4C, 0x00, 0x27, 0x4C, 
    0x00, 0x27, 0x4C, 0x00, 0x27, 0x4C, 0x00, 0x27, 0x4C, 0x00, 0x27, 0x4C, 
    0x00, 0x27, 0x4C, 0x00, 0x27, 0x4C, 0x00, 0x27, 0x4C, 0x00, 0x27, 0x4C, 
    0x00, 0x27, 0x4C, 0x00, 0x27, 0x4C, 0x00, 0x27, 0x4C, 0x00, 0x27, 0x4C, 
    0x00, 0x27, 0x4C, 0x00, 0x27, 0x4C, 0x00, 0x27, 0x4C, 0x00, 0x27, 0x4C, 
    0x00, 0x27, 0x4C, 0x00, 0x27, 0x4C, 0x00, 0x27, 0x4C, 0x00, 0x27, 0x4C, 
    0x00, 0x27, 0x4C, 0x00, 0x27, 0x4C, 0x00, 0x27, 0x4C, 0x00, 0x27, 0x4C, 
    0x00, 0x27, 0x4C, 0x00, 0x27, 0x4C, 0x01, 0x28, 0x4D, 0x03, 0x2B, 0x4F, 
    0x00, 0x26, 0x4A, 0x00, 0x17, 0x3F, 0x13, 0x38, 0x62, 0x9F, 0xBB, 0xD3, 
    0xFF, 0xFF, 0xFF, 0xFC, 0xFD, 0xFD, 0xFF, 0xFF, 0xFF, 0xFA, 0xFB, 0xFB, 
    0xFF, 0xFF, 0xFF, 0xA6, 0x9C, 0x99, 0x00, 0x1A, 0x41, 0x02, 0x2A, 0x4F, 
    0x00, 0x27, 0x4C, 0x00, 0x27, 0x4C, 0x00, 0x27, 0x4C, 0x00, 0x27, 0x4C, 
    0x00, 0x27, 0x4C, 0x00, 0x27, 0x4C, 0x00, 0x27, 0x4C, 0x00, 0x27, 0x4C, 
    0x00, 0x27, 0x4C, 0x00, 0x27, 0x4C, 0x00, 0x27, 0x4C, 0x00, 0x27, 0x4C, 
    0x00, 0x27, 0x4C, 0x00, 0x27, 0x4C, 0x00, 0x27, 0x4C, 0x00, 0x27, 0x4C, 
    0x00, 0x27, 0x4C, 0x00, 0x27, 0x4C, 0x00, 0x27, 0x4C, 0x00, 0x27, 0x4C, 
    0x00, 0x27, 0x4C, 0x00, 0x27, 0x4C, 0x00, 0x27, 0x4C, 0x00, 0x27, 0x4C, 
    0x00, 0x27, 0x4C, 0x00, 0x27, 0x4C, 0x00, 0x27, 0x4C, 0x00, 0x27, 0x4C, 
    0x00, 0x27, 0x4C, 0x00, 0x27, 0x4C, 0x00, 0x27, 0x4C, 0x00, 0x27, 0x4C, 
    0x01, 0x28, 0x4D, 0x04, 0x2B, 0x4F, 0x00, 0x23, 0x47, 0x00, 0x17, 0x40, 
    0x29, 0x50, 0x79, 0xC4, 0xDA, 0xEB, 0xFF, 0xFF, 0xFF, 0xFC, 0xFD, 0xFE, 
    0xFF, 0xFF, 0xFE, 0xFA, 0xFB, 0xFD, 0xFF, 0xFF, 0xFE, 0x69, 0x6B, 0x72, 
    0x00, 0x1B, 0x44, 0x03, 0x2A, 0x4E, 0x00, 0x27, 0x4C, 0x00, 0x27, 0x4C, 
    0x00, 0x27, 0x4C, 0x00, 0x27, 0x4C, 0x00, 0x27, 0x4C, 0x04, 0x29, 0x4D, 
    0x00, 0x1C, 0x47, 0x89, 0xB4, 0xD2, 0xFF, 0xFF, 0xFF, 0xFA, 0xFA, 0xFB, 
    0xFF, 0xFF, 0xFF, 0xF1, 0xE3, 0xD9, 0x17, 0x2F, 0x49, 0x00, 0x25, 0x4D, 
    0x01, 0x28, 0x4C, 0x00, 0x27, 0x4C, 0x00, 0x27, 0x4C, 0x00, 0x27, 0x4C, 
    0x00, 0x27, 0x4C, 0x00, 0x27, 0x4C, 0x00, 0x27, 0x4C, 0x00, 0x27, 0x4C, 
    0x00, 0x27, 0x4C, 0x03, 0x29, 0x4C, 0x00, 0x1C, 0x49, 0x9C, 0xBF, 0xDB, 
    0xFF, 0xFF, 0xFF, 0xFA, 0xFA, 0xFB, 0xFF, 0xFF, 0xFF, 0xE8, 0xDB, 0xD0, 
    0x12, 0x24, 0x46, 0x00, 0x27, 0x4D, 0x01, 0x27, 0x4C, 0x00, 0x27, 0x4C, 
    0x00, 0x27, 0x4D, 0x01, 0x27, 0x4A, 0x00, 0x26, 0x53, 0xBA, 0xD7, 0xEC, 
    0xFF, 0xFF, 0xFF, 0xFB, 0xFB, 0xFC, 0xFF, 0xFF, 0xFF, 0xE2, 0xD3, 0xCA, 
    0x0B, 0x26, 0x42, 0x00, 0x27, 0x4E, 0x01, 0x27, 0x4C, 0x00, 0x27, 0x4C, 
    0x00, 0x27, 0x4C, 0x00, 0x27, 0x4C, 0x00, 0x27, 0x4C, 0x00, 0x27, 0x4C, 
    0x00, 0x27, 0x4C, 0x00, 0x27, 0x4C, 0x00, 0x27, 0x4C, 0x00, 0x27, 0x4C, 
    0x00, 0x27, 0x4C, 0x00, 0x27, 0x4C, 0x00, 0x27, 0x4C, 0x00, 0x27, 0x4C, 
    0x00, 0x27, 0x4C, 0x00, 0x27, 0x4C, 0x00, 0x27, 0x4C, 0x00, 0x27, 0x4C, 
    0x00, 0x27, 0x4C, 0x04, 0x2B, 0x4E, 0x00, 0x17, 0x45, 0x80, 0xA7, 0xC9, 
    0xFF, 0xFF, 0xFF, 0xFB, 0xFB, 0xFD, 0xFF, 0xFF, 0xFF, 0xFF, 0xFF, 0xFF, 
    0xFF, 0xFF, 0xFF, 0xFC, 0xFB, 0xFC, 0xFE, 0xFE, 0xFE, 0xFD, 0xFD, 0xFE, 
    0xFB, 0xF6, 0xEE, 0x40, 0x48, 0x57, 0x00, 0x16, 0x43, 0x07, 0x2E, 0x50, 
    0x00, 0x26, 0x4B, 0x00, 0x27, 0x4C, 0x00, 0x27, 0x4C, 0x00, 0x27, 0x4C, 
    0x00, 0x27, 0x4C, 0x00, 0x27, 0x4C, 0x00, 0x27, 0x4C, 0x00, 0x27, 0x4C, 
    0x00, 0x27, 0x4C, 0x00, 0x27, 0x4C, 0x00, 0x27, 0x4C, 0x02, 0x2A, 0x4F, 
    0x00, 0x1C, 0x41, 0x2F, 0x5D, 0x8E, 0xFE, 0xFF, 0xFF, 0xFF, 0xFD, 0xFD, 
    0xFF, 0xFF, 0xFF, 0xFF, 0xFF, 0xFF, 0xFF, 0xFF, 0xFF, 0xFF, 0xFF, 0xFF, 
    0xFF, 0xFF, 0xFF, 0xFF, 0xFF, 0xFF, 0xFF, 0xFF, 0xFF, 0xFF, 0xFF, 0xFF, 
    0xFF, 0xFF, 0xFF, 0xFF, 0xFF, 0xFF, 0xFF, 0xFF, 0xFF, 0xFF, 0xFF, 0xFF, 
    0xFF, 0xFF, 0xFF, 0xFF, 0xFF, 0xFF, 0xFF, 0xFF, 0xFF, 0xFF, 0xFF, 0xFF, 
    0xFF, 0xFF, 0xFF, 0xFF, 0xFF, 0xFF, 0xFF, 0xFF, 0xFF, 0xFF, 0xFF, 0xFF, 
    0xFF, 0xFF, 0xFF, 0xFF, 0xFF, 0xFF, 0xA5, 0x97, 0x94, 0x00, 0x17, 0x3F, 
    0x03, 0x2A, 0x4F, 0x00, 0x27, 0x4C, 0x00, 0x27, 0x4C, 0x04, 0x2A, 0x4D, 
    0x00, 0x18, 0x48, 0x8E, 0xB4, 0xD2, 0xFF, 0xFF, 0xFF, 0xFA, 0xFA, 0xFB, 
    0xFF, 0xFF, 0xFF, 0xF1, 0xE2, 0xD8, 0x17, 0x2C, 0x4A, 0x00, 0x25, 0x4C, 
    0x01, 0x28, 0x4C, 0x00, 0x27, 0x4C, 0x00, 0x27, 0x4C, 0x00, 0x27, 0x4C, 
    0x00, 0x27, 0x4C, 0x00, 0x27, 0x4C, 0x00, 0x27, 0x4C, 0x00, 0x27, 0x4C, 
    0x00, 0x27, 0x4C, 0x00, 0x27, 0x4C, 0x00, 0x27, 0x4C, 0x00, 0x27, 0x4D, 
    0x03, 0x29, 0x4C, 0x00, 0x19, 0x42, 0x2E, 0x55, 0x7C, 0xB0, 0xC4, 0xD8, 
    0xFE, 0xFF, 0xFF, 0xFF, 0xFF, 0xFF, 0xFF, 0xFF, 0xFF, 0xFA, 0xFA, 0xFA, 
    0xF8, 0xFA, 0xFB, 0xFF, 0xFF, 0xFF, 0xFF, 0xFF, 0xFF, 0xFF, 0xFF, 0xFF, 
    0xE1, 0xDB, 0xDE, 0x81, 0x87, 0x92, 0x19, 0x31, 0x4F, 0x00, 0x1B, 0x43, 
    0x02, 0x2A, 0x4F, 0x00, 0x27, 0x4C, 0x00, 0x27, 0x4C, 0x00, 0x27, 0x4C, 
    0x00, 0x27, 0x4C, 0x00, 0x27, 0x4C, 0x00, 0x27, 0x4C, 0x00, 0x27, 0x4C, 
    0x00, 0x27, 0x4C, 0x00, 0x27, 0x4C, 0x00, 0x27, 0x4C, 0x00, 0x27, 0x4C, 
    0x00, 0x27, 0x4C, 0x00, 0x27, 0x4C, 0x00, 0x27, 0x4C, 0x00, 0x27, 0x4C, 
    0x00, 0x27, 0x4C, 0x00, 0x27, 0x4C, 0x00, 0x27, 0x4C, 0x00, 0x27, 0x4C, 
    0x00, 0x27, 0x4C, 0x00, 0x27, 0x4C, 0x00, 0x27, 0x4C, 0x00, 0x27, 0x4C, 
    0x00, 0x27, 0x4C, 0x00, 0x27, 0x4C, 0x00, 0x27, 0x4C, 0x00, 0x27, 0x4C, 
    0x00, 0x27, 0x4C, 0x00, 0x27, 0x4C, 0x00, 0x27, 0x4C, 0x02, 0x29, 0x4B, 
    0x00, 0x20, 0x4F, 0x30, 0x46, 0x3F, 0xFF, 0xCF, 0x03, 0xFE, 0xCA, 0x05, 
    0xFF, 0xCB, 0x05, 0xFF, 0xCB, 0x05, 0xFF, 0xCB, 0x05, 0xFF, 0xCB, 0x05, 
    0xFF, 0xCB, 0x05, 0xFF, 0xCB, 0x05, 0xFF, 0xCB, 0x05, 0xFF, 0xCB, 0x05, 
    0xFF, 0xCB, 0x05, 0xFF, 0xCB, 0x05, 0xFF, 0xCB, 0x05, 0xFF, 0xCB, 0x05, 
    0xFF, 0xCB, 0x05, 0xFF, 0xCB, 0x05, 0xFF, 0xCB, 0x05, 0xFF, 0xCB, 0x05, 
    0xFC, 0xC9, 0x05, 0xFF, 0xD5, 0x03, 0xB7, 0x97, 0x0E, 0x00, 0x20, 0x4B, 
    0x02, 0x29, 0x4C, 0x00, 0x27, 0x4C, 0x00, 0x27, 0x4C, 0x00, 0x27, 0x4C, 
    0x00, 0x27, 0x4C, 0x03, 0x2A, 0x4B, 0x00, 0x21, 0x4F, 0x32, 0x40, 0x41, 
    0xD4, 0xB4, 0x0E, 0xFF, 0xD1, 0x03, 0xFD, 0xC9, 0x06, 0xFF, 0xCB, 0x05, 
    0xFF, 0xCB, 0x05, 0xFF, 0xCB, 0x05, 0xFF, 0xCB, 0x05, 0xFF, 0xCB, 0x05, 
    0xFF, 0xCB, 0x05, 0xFF, 0xCB, 0x05, 0xFF, 0xCB, 0x05, 0xFF, 0xCB, 0x05, 
    0xFF, 0xCB, 0x05, 0xFF, 0xCB, 0x05, 0xFF, 0xCB, 0x05, 0xFF, 0xCB, 0x05, 
    0xFF, 0xCB, 0x05, 0xFD, 0xC9, 0x06, 0xFF, 0xD2, 0x02, 0xD2, 0xB3, 0x10, 
    0x2F, 0x3E, 0x42, 0x00, 0x21, 0x4F, 0x03, 0x2A, 0x4B, 0x00, 0x27, 0x4C, 
    0x00, 0x27, 0x4C, 0x00, 0x27, 0x4C, 0x00, 0x27, 0x4C, 0x03, 0x2A, 0x4C, 
    0x00, 0x1C, 0x4B, 0xA8, 0x8B, 0x0D, 0xFF, 0xD6, 0x03, 0xFB, 0xC8, 0x05, 
    0xFF, 0xCB, 0x05, 0xFF, 0xCB, 0x05, 0xFF, 0xCB, 0x05, 0xFF, 0xCB, 0x05, 
    0xFF, 0xCB, 0x05, 0xFF, 0xCB, 0x05, 0xFF, 0xCB, 0x05, 0xFF, 0xCB, 0x05, 
    0xFF, 0xCB, 0x05, 0xFF, 0xCB, 0x05, 0xFF, 0xCB, 0x05, 0xFF, 0xCB, 0x05, 
    0xFF, 0xCB, 0x05, 0xFF, 0xCB, 0x05, 0xFF, 0xCB, 0x05, 0xFF, 0xCB, 0x05, 
    0xFE, 0xCB, 0x05, 0xFF, 0xCE, 0x04, 0x2C, 0x44, 0x40, 0x00, 0x20, 0x4F, 
    0x02, 0x28, 0x4B, 0x00, 0x27, 0x4C, 0x00, 0x27, 0x4C, 0x00, 0x27, 0x4C, 
    0x00, 0x27, 0x4C, 0x00, 0x27, 0x4C, 0x00, 0x27, 0x4C, 0x00, 0x27, 0x4C, 
    0x00, 0x27, 0x4C, 0x00, 0x27, 0x4C, 0x00, 0x27, 0x4C, 0x00, 0x27, 0x4C, 
    0x00, 0x27, 0x4C, 0x00, 0x27, 0x4C, 0x02, 0x28, 0x4D, 0x00, 0x1F, 0x45, 
    0x29, 0x4A, 0x69, 0x3C, 0x5A, 0x76, 0x00, 0x1D, 0x43, 0x02, 0x29, 0x4E, 
    0x00, 0x27, 0x4C, 0x00, 0x27, 0x4C, 0x00, 0x27, 0x4C, 0x00, 0x27, 0x4C, 
    0x00, 0x27, 0x4C, 0x00, 0x27, 0x4C, 0x00, 0x27, 0x4C, 0x00, 0x27, 0x4C, 
    0x00, 0x27, 0x4C, 0x00, 0x27, 0x4C, 0x00, 0x27, 0x4C, 0x00, 0x27, 0x4C, 
    0x00, 0x27, 0x4C, 0x00, 0x27, 0x4C, 0x00, 0x27, 0x4C, 0x00, 0x27, 0x4C, 
    0x00, 0x27, 0x4C, 0x00, 0x27, 0x4C, 0x00, 0x27, 0x4C, 0x00, 0x27, 0x4C, 
    0x00, 0x27, 0x4C, 0x03, 0x29, 0x4B, 0x00, 0x1C, 0x4D, 0xA4, 0xC6, 0xE0, 
    0xFF, 0xFF, 0xFF, 0xFB, 0xFB, 0xFC, 0xFF, 0xFF, 0xFF, 0xF2, 0xE6, 0xDB, 
    0x1D, 0x2F, 0x49, 0x00, 0x25, 0x4C, 0x02, 0x28, 0x4C, 0x00, 0x27, 0x4C, 
    0x00, 0x27, 0x4C, 0x00, 0x27, 0x4C, 0x00, 0x27, 0x4C, 0x00, 0x27, 0x4C, 
    0x00, 0x27, 0x4C, 0x00, 0x27, 0x4C, 0x00, 0x27, 0x4C, 0x00, 0x27, 0x4C, 
    0x00, 0x27, 0x4C, 0x00, 0x27, 0x4C, 0x00, 0x27, 0x4C, 0x00, 0x27, 0x4C, 
    0x00, 0x27, 0x4C, 0x00, 0x27, 0x4C, 0x00, 0x27, 0x4C, 0x00, 0x27, 0x4C, 
    0x00, 0x27, 0x4C, 0x00, 0x27, 0x4D, 0x03, 0x29, 0x4B, 0x00, 0x1E, 0x50, 
    0xAB, 0xCC, 0xE3, 0xFF, 0xFF, 0xFF, 0xFA, 0xFB, 0xFC, 0xFF, 0xFF, 0xFF, 
    0xEE, 0xE1, 0xD6, 0x18, 0x2C, 0x47, 0x00, 0x26, 0x4D, 0x01, 0x28, 0x4C, 
    0x00, 0x27, 0x4C, 0x00, 0x27, 0x4C, 0x00, 0x27, 0x4C, 0x00, 0x27, 0x4C, 
    0x00, 0x27, 0x4C, 0x00, 0x27, 0x4C, 0x00, 0x27, 0x4C, 0x00, 0x27, 0x4C, 
    0x00, 0x27, 0x4C, 0x00, 0x27, 0x4C, 0x00, 0x27, 0x4C, 0x00, 0x27, 0x4C, 
    0x00, 0x27, 0x4C, 0x00, 0x27, 0x4C, 0x00, 0x27, 0x4C, 0x00, 0x27, 0x4C, 
    0x00, 0x27, 0x4D, 0x02, 0x26, 0x49, 0x01, 0x2A, 0x58, 0xC1, 0xDD, 0xF1, 
    0xFF, 0xFF, 0xFF, 0xFC, 0xFD, 0xFE, 0xFC, 0xFE, 0xFE, 0xFF, 0xFF, 0xFC, 
    0x63, 0x64, 0x6E, 0x01, 0x1C, 0x45, 0x04, 0x2A, 0x4D, 0x00, 0x27, 0x4C, 
    0x00, 0x27, 0x4C, 0x00, 0x27, 0x4C, 0x00, 0x27, 0x4C, 0x00, 0x27, 0x4C, 
    0x00, 0x27, 0x4C, 0x00, 0x27, 0x4C, 0x00, 0x27, 0x4C, 0x00, 0x27, 0x4C, 
    0x00, 0x27, 0x4C, 0x00, 0x27, 0x4C, 0x00, 0x27, 0x4C, 0x00, 0x27, 0x4C, 
    0x00, 0x27, 0x4C, 0x00, 0x27, 0x4C, 0x00, 0x27, 0x4C, 0x00, 0x27, 0x4C, 
    0x00, 0x27, 0x4C, 0x00, 0x27, 0x4C, 0x00, 0x27, 0x4C, 0x00, 0x27, 0x4C, 
    0x00, 0x27, 0x4C, 0x00, 0x27, 0x4C, 0x00, 0x27, 0x4C, 0x00, 0x27, 0x4C, 
    0x00, 0x27, 0x4C, 0x00, 0x27, 0x4C, 0x00, 0x27, 0x4C, 0x00, 0x27, 0x4C, 
    0x00, 0x27, 0x4C, 0x00, 0x27, 0x4C, 0x00, 0x27, 0x4C, 0x00, 0x27, 0x4C, 
    0x00, 0x27, 0x4C, 0x00, 0x27, 0x4C, 0x00, 0x27, 0x4C, 0x00, 0x27, 0x4C, 
    0x00, 0x27, 0x4C, 0x00, 0x27, 0x4C, 0x00, 0x27, 0x4C, 0x00, 0x27, 0x4C, 
    0x00, 0x28, 0x4D, 0x04, 0x2B, 0x50, 0x00, 0x22, 0x45, 0x00, 0x1C, 0x49, 
    0x85, 0xAB, 0xC9, 0xFF, 0xFF, 0xFF, 0xFD, 0xFD, 0xFD, 0xFF, 0xFE, 0xFE, 
    0xFC, 0xFD, 0xFE, 0xFF, 0xF9, 0xF1, 0x37, 0x44, 0x57, 0x00, 0x20, 0x49, 
    0x02, 0x29, 0x4D, 0x00, 0x27, 0x4C, 0x00, 0x27, 0x4C, 0x00, 0x27, 0x4C, 
    0x00, 0x27, 0x4C, 0x00, 0x27, 0x4C, 0x00, 0x27, 0x4C, 0x00, 0x27, 0x4C, 
    0x00, 0x27, 0x4C, 0x00, 0x27, 0x4C, 0x00, 0x27, 0x4C, 0x00, 0x27, 0x4C, 
    0x00, 0x27, 0x4C, 0x00, 0x27, 0x4C, 0x00, 0x27, 0x4C, 0x00, 0x27, 0x4C, 
    0x00, 0x27, 0x4C, 0x00, 0x27, 0x4C, 0x00, 0x27, 0x4C, 0x00, 0x27, 0x4C, 
    0x00, 0x27, 0x4C, 0x00, 0x27, 0x4C, 0x00, 0x27, 0x4C, 0x00, 0x27, 0x4C, 
    0x00, 0x27, 0x4C, 0x00, 0x27, 0x4C, 0x00, 0x27, 0x4C, 0x00, 0x27, 0x4C, 
    0x00, 0x27, 0x4C, 0x00, 0x27, 0x4C, 0x00, 0x27, 0x4C, 0x00, 0x27, 0x4C, 
    0x00, 0x27, 0x4C, 0x00, 0x27, 0x4C, 0x01, 0x28, 0x4D, 0x05, 0x2B, 0x4F, 
    0x00, 0x1B, 0x40, 0x08, 0x2F, 0x5E, 0xB6, 0xD2, 0xE5, 0xFF, 0xFF, 0xFF, 
    0xFD, 0xFD, 0xFE, 0xFD, 0xFD, 0xFD, 0xFD, 0xFE, 0xFF, 0xE9, 0xDB, 0xD0, 
    0x0F, 0x26, 0x45, 0x00, 0x27, 0x4E, 0x01, 0x27, 0x4C, 0x00, 0x27, 0x4C, 
    0x00, 0x27, 0x4C, 0x00, 0x27, 0x4C, 0x00, 0x27, 0x4C, 0x04, 0x29, 0x4D, 
    0x00, 0x1C, 0x47, 0x89, 0xB4, 0xD2, 0xFF, 0xFF, 0xFF, 0xFA, 0xFA, 0xFB, 
    0xFF, 0xFF, 0xFF, 0xF1, 0xE3, 0xD9, 0x17, 0x2F, 0x49, 0x00, 0x25, 0x4D, 
    0x01, 0x28, 0x4C, 0x00, 0x27, 0x4C, 0x00, 0x27, 0x4C, 0x00, 0x27, 0x4C, 
    0x00, 0x27, 0x4C, 0x00, 0x27, 0x4C, 0x00, 0x27, 0x4C, 0x00, 0x27, 0x4C, 
    0x00, 0x27, 0x4C, 0x03, 0x29, 0x4C, 0x00, 0x1C, 0x49, 0x9C, 0xBF, 0xDB, 
    0xFF, 0xFF, 0xFF, 0xFA, 0xFA, 0xFB, 0xFF, 0xFF, 0xFF, 0xE8, 0xDB, 0xD0, 
    0x12, 0x24, 0x46, 0x00, 0x27, 0x4D, 0x01, 0x27, 0x4C, 0x00, 0x27, 0x4C, 
    0x00, 0x27, 0x4D, 0x01, 0x27, 0x4A, 0x00, 0x27, 0x57, 0xBF, 0xDB, 0xEF, 
    0xFF, 0xFF, 0xFF, 0xFB, 0xFB, 0xFC, 0xFF, 0xFF, 0xFF, 0xE3, 0xD4, 0xCB, 
    0x0C, 0x27, 0x43, 0x00, 0x27, 0x4E, 0x01, 0x27, 0x4C, 0x00, 0x27, 0x4C, 
    0x00, 0x27, 0x4C, 0x00, 0x27, 0x4C, 0x00, 0x27, 0x4C, 0x00, 0x27, 0x4C, 
    0x00, 0x27, 0x4C, 0x00, 0x27, 0x4C, 0x00, 0x27, 0x4C, 0x00, 0x27, 0x4C, 
    0x00, 0x27, 0x4C, 0x00, 0x27, 0x4C, 0x00, 0x27, 0x4C, 0x00, 0x27, 0x4C, 
    0x00, 0x27, 0x4C, 0x00, 0x27, 0x4C, 0x00, 0x27, 0x4C, 0x00, 0x27, 0x4C, 
    0x00, 0x27, 0x4C, 0x04, 0x2B, 0x4E, 0x00, 0x17, 0x45, 0x80, 0xA7, 0xC9, 
    0xFF, 0xFF, 0xFF, 0xFB, 0xFB, 0xFC, 0xFF, 0xFF, 0xFF, 0xF0, 0xE9, 0xE3, 
    0xB3, 0xC1, 0xD1, 0xFF, 0xFF, 0xFF, 0xFC, 0xFC, 0xFC, 0xFE, 0xFE, 0xFE, 
    0xFE, 0xFF, 0xFF, 0xEE, 0xE6, 0xE1, 0x42, 0x47, 0x5D, 0x00, 0x1A, 0x43, 
    0x04, 0x2B, 0x4F, 0x00, 0x27, 0x4C, 0x00, 0x27, 0x4C, 0x00, 0x27, 0x4C, 
    0x00, 0x27, 0x4C, 0x00, 0x27, 0x4C, 0x00, 0x27, 0x4C, 0x00, 0x27, 0x4C, 
    0x00, 0x27, 0x4C, 0x00, 0x27, 0x4C, 0x00, 0x27, 0x4C, 0x02, 0x2A, 0x4F, 
    0x00, 0x1C, 0x41, 0x2D, 0x5C, 0x8C, 0xFD, 0xFF, 0xFF, 0xFF, 0xFD, 0xFD, 
    0xFE, 0xFE, 0xFE, 0xFF, 0xFF, 0xFF, 0xED, 0xEC, 0xEB, 0xCF, 0xD4, 0xDB, 
    0xD0, 0xD7, 0xDE, 0xCF, 0xD6, 0xDD, 0xCF, 0xD6, 0xDD, 0xCF, 0xD6, 0xDD, 
    0xCF, 0xD6, 0xDD, 0xCF, 0xD6, 0xDD, 0xCF, 0xD6, 0xDD, 0xCF, 0xD6, 0xDD, 
    0xCF, 0xD6, 0xDD, 0xCF, 0xD6, 0xDD, 0xCF, 0xD6, 0xDD, 0xCF, 0xD6, 0xDD, 
    0xCF, 0xD6, 0xDD, 0xCF, 0xD6, 0xDD, 0xCF, 0xD6, 0xDD, 0xCF, 0xD6, 0xDD, 
    0xCC, 0xD4, 0xDB, 0xCF, 0xD6, 0xDD, 0x80, 0x7F, 0x84, 0x00, 0x1B, 0x42, 
    0x02, 0x29, 0x4E, 0x00, 0x27, 0x4C, 0x00, 0x27, 0x4C, 0x04, 0x2A, 0x4D, 
    0x00, 0x18, 0x48, 0x8E, 0xB4, 0xD2, 0xFF, 0xFF, 0xFF, 0xFA, 0xFA, 0xFB, 
    0xFF, 0xFF, 0xFF, 0xF1, 0xE3, 0xD8, 0x18, 0x2C, 0x4A, 0x00, 0x25, 0x4C, 
    0x01, 0x28, 0x4C, 0x00, 0x27, 0x4C, 0x00, 0x27, 0x4C, 0x00, 0x27, 0x4C, 
    0x00, 0x27, 0x4C, 0x00, 0x27, 0x4C, 0x00, 0x27, 0x4C, 0x00, 0x27, 0x4C, 
    0x00, 0x27, 0x4C, 0x00, 0x27, 0x4C, 0x00, 0x27, 0x4C, 0x00, 0x27, 0x4C, 
    0x00, 0x27, 0x4C, 0x03, 0x2A, 0x4E, 0x00, 0x1D, 0x43, 0x00, 0x20, 0x49, 
    0x35, 0x5C, 0x80, 0x9D, 0xB4, 0xC7, 0xEB, 0xF3, 0xF8, 0xFF, 0xFF, 0xFF, 
    0xFF, 0xFF, 0xFF, 0xFF, 0xFF, 0xFE, 0xF8, 0xF9, 0xFA, 0xFB, 0xFC, 0xFD, 
    0xFF, 0xFF, 0xFF, 0xFF, 0xFF, 0xFF, 0xEA, 0xE3, 0xDF, 0x66, 0x6B, 0x78, 
    0x00, 0x19, 0x42, 0x02, 0x28, 0x4E, 0x00, 0x27, 0x4C, 0x00, 0x27, 0x4C, 
    0x00, 0x27, 0x4C, 0x00, 0x27, 0x4C, 0x00, 0x27, 0x4C, 0x00, 0x27, 0x4C, 
    0x00, 0x27, 0x4C, 0x00, 0x27, 0x4C, 0x00, 0x27, 0x4C, 0x00, 0x27, 0x4C, 
    0x00, 0x27, 0x4C, 0x00, 0x27, 0x4C, 0x00, 0x27, 0x4C, 0x00, 0x27, 0x4C, 
    0x00, 0x27, 0x4C, 0x00, 0x27, 0x4C, 0x00, 0x27, 0x4C, 0x00, 0x27, 0x4C, 
    0x00, 0x27, 0x4C, 0x00, 0x27, 0x4C, 0x00, 0x27, 0x4C, 0x00, 0x27, 0x4C, 
    0x00, 0x27, 0x4C, 0x00, 0x27, 0x4C, 0x00, 0x27, 0x4C, 0x00, 0x27, 0x4C, 
    0x00, 0x27, 0x4C, 0x00, 0x27, 0x4C, 0x00, 0x27, 0x4C, 0x02, 0x29, 0x4B, 
    0x00, 0x20, 0x4F, 0x30, 0x46, 0x3F, 0xFF, 0xCF, 0x03, 0xFE, 0xCA, 0x05, 
    0xFF, 0xCB, 0x05, 0xFF, 0xCB, 0x05, 0xFF, 0xCB, 0x05, 0xFF, 0xCB, 0x05, 
    0xFF, 0xCB, 0x05, 0xFF, 0xCB, 0x05, 0xFF, 0xCB, 0x05, 0xFF, 0xCB, 0x05, 
    0xFF, 0xCB, 0x05, 0xFF, 0xCB, 0x05, 0xFF, 0xCB, 0x05, 0xFF, 0xCB, 0x05, 
    0xFF, 0xCB, 0x05, 0xFF, 0xCB, 0x05, 0xFF, 0xCB, 0x05, 0xFF, 0xCB, 0x05, 
    0xFC, 0xC9, 0x05, 0xFF, 0xD5, 0x03, 0xB7, 0x97, 0x0E, 0x00, 0x20, 0x4B, 
    0x02, 0x29, 0x4C, 0x00, 0x27, 0x4C, 0x00, 0x27, 0x4C, 0x00, 0x27, 0x4C, 
    0x00, 0x27, 0x4C, 0x00, 0x27, 0x4C, 0x04, 0x2B, 0x4B, 0x00, 0x19, 0x52, 
    0x45, 0x51, 0x3A, 0xF8, 0xCE, 0x03, 0xFC, 0xCC, 0x05, 0xFE, 0xCA, 0x05, 
    0xFF, 0xCB, 0x05, 0xFF, 0xCB, 0x05, 0xFF, 0xCB, 0x05, 0xFF, 0xCB, 0x05, 
    0xFF, 0xCB, 0x05, 0xFF, 0xCB, 0x05, 0xFF, 0xCB, 0x05, 0xFF, 0xCB, 0x05, 
    0xFF, 0xCB, 0x05, 0xFF, 0xCB, 0x05, 0xFF, 0xCB, 0x05, 0xFF, 0xCB, 0x05, 
    0xFE, 0xCA, 0x05, 0xFD, 0xCC, 0x05, 0xF7, 0xCD, 0x04, 0x41, 0x4F, 0x3B, 
    0x00, 0x19, 0x52, 0x04, 0x2B, 0x4B, 0x00, 0x27, 0x4C, 0x00, 0x27, 0x4C, 
    0x00, 0x27, 0x4C, 0x00, 0x27, 0x4C, 0x00, 0x27, 0x4C, 0x03, 0x2A, 0x4C, 
    0x00, 0x1C, 0x4B, 0xA8, 0x8B, 0x0D, 0xFF, 0xD6, 0x03, 0xFB, 0xC8, 0x05, 
    0xFF, 0xCB, 0x05, 0xFF, 0xCB, 0x05, 0xFF, 0xCB, 0x05, 0xFF, 0xCB, 0x05, 
    0xFF, 0xCB, 0x05, 0xFF, 0xCB, 0x05, 0xFF, 0xCB, 0x05, 0xFF, 0xCB, 0x05, 
    0xFF, 0xCB, 0x05, 0xFF, 0xCB, 0x05, 0xFF, 0xCB, 0x05, 0xFF, 0xCB, 0x05, 
    0xFF, 0xCB, 0x05, 0xFF, 0xCB, 0x05, 0xFF, 0xCB, 0x05, 0xFF, 0xCB, 0x05, 
    0xFE, 0xCB, 0x05, 0xFF, 0xCE, 0x04, 0x2C, 0x44, 0x40, 0x00, 0x20, 0x4F, 
    0x02, 0x28, 0x4B, 0x00, 0x27, 0x4C, 0x00, 0x27, 0x4C, 0x00, 0x27, 0x4C, 
    0x00, 0x27, 0x4C, 0x00, 0x27, 0x4C, 0x00, 0x27, 0x4C, 0x00, 0x27, 0x4C, 
    0x00, 0x27, 0x4C, 0x00, 0x27, 0x4C, 0x00, 0x27, 0x4C, 0x00, 0x27, 0x4C, 
    0x00, 0x27, 0x4C, 0x00, 0x27, 0x4C, 0x02, 0x28, 0x4D, 0x00, 0x1F, 0x45, 
    0x29, 0x4A, 0x69, 0x3C, 0x5A, 0x76, 0x00, 0x1D, 0x43, 0x02, 0x29, 0x4E, 
    0x00, 0x27, 0x4C, 0x00, 0x27, 0x4C, 0x00, 0x27, 0x4C, 0x00, 0x27, 0x4C, 
    0x00, 0x27, 0x4C, 0x00, 0x27, 0x4C, 0x00, 0x27, 0x4C, 0x00, 0x27, 0x4C, 
    0x00, 0x27, 0x4C, 0x00, 0x27, 0x4C, 0x00, 0x27, 0x4C, 0x00, 0x27, 0x4C, 
    0x00, 0x27, 0x4C, 0x00, 0x27, 0x4C, 0x00, 0x27, 0x4C, 0x00, 0x27, 0x4C, 
    0x00, 0x27, 0x4C, 0x00, 0x27, 0x4C, 0x00, 0x27, 0x4C, 0x00, 0x27, 0x4C, 
    0x00, 0x27, 0x4C, 0x03, 0x29, 0x4B, 0x00, 0x1C, 0x4D, 0xA4, 0xC6, 0xE0, 
    0xFF, 0xFF, 0xFF, 0xFB, 0xFB, 0xFC, 0xFF, 0xFF, 0xFF, 0xF2, 0xE6, 0xDB, 
    0x1D, 0x2F, 0x49, 0x00, 0x25, 0x4C, 0x02, 0x28, 0x4C, 0x00, 0x27, 0x4C, 
    0x00, 0x27, 0x4C, 0x00, 0x27, 0x4C, 0x00, 0x27, 0x4C, 0x00, 0x27, 0x4C, 
    0x00, 0x27, 0x4C, 0x00, 0x27, 0x4C, 0x00, 0x27, 0x4C, 0x00, 0x27, 0x4C, 
    0x00, 0x27, 0x4C, 0x00, 0x27, 0x4C, 0x00, 0x27, 0x4C, 0x00, 0x27, 0x4C, 
    0x00, 0x27, 0x4C, 0x00, 0x27, 0x4C, 0x00, 0x27, 0x4C, 0x00, 0x27, 0x4C, 
    0x00, 0x27, 0x4C, 0x00, 0x27, 0x4D, 0x03, 0x29, 0x4B, 0x00, 0x1E, 0x50, 
    0xAB, 0xCC, 0xE3, 0xFF, 0xFF, 0xFF, 0xFA, 0xFB, 0xFC, 0xFF, 0xFF, 0xFF, 
    0xEE, 0xE1, 0xD6, 0x18, 0x2C, 0x47, 0x00, 0x26, 0x4D, 0x01, 0x28, 0x4C, 
    0x00, 0x27, 0x4C, 0x00, 0x27, 0x4C, 0x00, 0x27, 0x4C, 0x00, 0x27, 0x4C, 
    0x00, 0x27, 0x4C, 0x00, 0x27, 0x4C, 0x00, 0x27, 0x4C, 0x00, 0x27, 0x4C, 
    0x00, 0x27, 0x4C, 0x00, 0x27, 0x4C, 0x00, 0x27, 0x4C, 0x00, 0x27, 0x4C, 
    0x00, 0x27, 0x4C, 0x00, 0x27, 0x4C, 0x00, 0x27, 0x4C, 0x00, 0x27, 0x4C, 
    0x00, 0x27, 0x4C, 0x04, 0x2A, 0x4E, 0x00, 0x19, 0x43, 0x7C, 0xA6, 0xC7, 
    0xFF, 0xFF, 0xFE, 0xFB, 0xFC, 0xFC, 0xFC, 0xFC, 0xFC, 0xFF, 0xFF, 0xFF, 
    0xC0, 0xB3, 0xAB, 0x00, 0x1A, 0x3F, 0x03, 0x2A, 0x50, 0x00, 0x27, 0x4C, 
    0x00, 0x27, 0x4C, 0x00, 0x27, 0x4C, 0x00, 0x27, 0x4C, 0x00, 0x27, 0x4C, 
    0x00, 0x27, 0x4C, 0x00, 0x27, 0x4C, 0x00, 0x27, 0x4C, 0x00, 0x27, 0x4C, 
    0x00, 0x27, 0x4C, 0x00, 0x27, 0x4C, 0x00, 0x27, 0x4C, 0x00, 0x27, 0x4C, 
    0x00, 0x27, 0x4C, 0x00, 0x27, 0x4C, 0x00, 0x27, 0x4C, 0x00, 0x27, 0x4C, 
    0x00, 0x27, 0x4C, 0x00, 0x27, 0x4C, 0x00, 0x27, 0x4C, 0x00, 0x27, 0x4C, 
    0x00, 0x27, 0x4C, 0x00, 0x27, 0x4C, 0x00, 0x27, 0x4C, 0x00, 0x27, 0x4C, 
    0x00, 0x27, 0x4C, 0x00, 0x27, 0x4C, 0x00, 0x27, 0x4C, 0x00, 0x27, 0x4C, 
    0x00, 0x27, 0x4C, 0x00, 0x27, 0x4C, 0x00, 0x27, 0x4C, 0x00, 0x27, 0x4C, 
    0x00, 0x27, 0x4C, 0x00, 0x27, 0x4C, 0x00, 0x27, 0x4C, 0x00, 0x27, 0x4C, 
    0x00, 0x27, 0x4C, 0x00, 0x27, 0x4C, 0x00, 0x27, 0x4C, 0x00, 0x27, 0x4C, 
    0x00, 0x27, 0x4C, 0x00, 0x27, 0x4C, 0x02, 0x2A, 0x4F, 0x03, 0x26, 0x48, 
    0x00, 0x22, 0x52, 0xB7, 0xD3, 0xE8, 0xFF, 0xFF, 0xFF, 0xFC, 0xFD, 0xFE, 
    0xFB, 0xFC, 0xFD, 0xFF, 0xFF, 0xFF, 0x92, 0x8A, 0x8B, 0x00, 0x18, 0x40, 
    0x04, 0x2A, 0x4F, 0x00, 0x27, 0x4C, 0x00, 0x27, 0x4C, 0x00, 0x27, 0x4C, 
    0x00, 0x27, 0x4C, 0x00, 0x27, 0x4C, 0x00, 0x27, 0x4C, 0x00, 0x27, 0x4C, 
    0x00, 0x27, 0x4C, 0x00, 0x27, 0x4C, 0x00, 0x27, 0x4C, 0x00, 0x27, 0x4C, 
    0x00, 0x27, 0x4C, 0x00, 0x27, 0x4C, 0x00, 0x27, 0x4C, 0x00, 0x27, 0x4C, 
    0x00, 0x27, 0x4C, 0x00, 0x27, 0x4C, 0x00, 0x27, 0x4C, 0x00, 0x27, 0x4C, 
    0x00, 0x27, 0x4C, 0x00, 0x27, 0x4C, 0x00, 0x27, 0x4C, 0x00, 0x27, 0x4C, 
    0x00, 0x27, 0x4C, 0x00, 0x27, 0x4C, 0x00, 0x27, 0x4C, 0x00, 0x27, 0x4C, 
    0x00, 0x27, 0x4C, 0x00, 0x27, 0x4C, 0x00, 0x27, 0x4C, 0x00, 0x27, 0x4C, 
    0x00, 0x27, 0x4C, 0x00, 0x27, 0x4C, 0x00, 0x27, 0x4C, 0x00, 0x27, 0x4C, 
    0x04, 0x2C, 0x51, 0x00, 0x1D, 0x40, 0x0F, 0x40, 0x71, 0xE3, 0xF2, 0xFB, 
    0xFE, 0xFE, 0xFE, 0xFD, 0xFE, 0xFE, 0xFD, 0xFE, 0xFE, 0xFF, 0xFF, 0xFB, 
    0x56, 0x59, 0x66, 0x00, 0x1C, 0x46, 0x04, 0x2A, 0x4D, 0x00, 0x27, 0x4C, 
    0x00, 0x27, 0x4C, 0x00, 0x27, 0x4C, 0x00, 0x27, 0x4C, 0x04, 0x29, 0x4D, 
    0x00, 0x1C, 0x47, 0x89, 0xB4, 0xD2, 0xFF, 0xFF, 0xFF, 0xFA, 0xFA, 0xFB, 
    0xFF, 0xFF, 0xFF, 0xF1, 0xE3, 0xD9, 0x17, 0x2F, 0x49, 0x00, 0x25, 0x4D, 
    0x01, 0x28, 0x4C, 0x00, 0x27, 0x4C, 0x00, 0x27, 0x4C, 0x00, 0x27, 0x4C, 
    0x00, 0x27, 0x4C, 0x00, 0x27, 0x4C, 0x00, 0x27, 0x4C, 0x00, 0x27, 0x4C, 
    0x00, 0x27, 0x4C, 0x03, 0x29, 0x4C, 0x00, 0x1C, 0x49, 0x9C, 0xBF, 0xDB, 
    0xFF, 0xFF, 0xFF, 0xFA, 0xFA, 0xFB, 0xFF, 0xFF, 0xFF, 0xE8, 0xDB, 0xD0, 
    0x12, 0x24, 0x46, 0x00, 0x27, 0x4D, 0x01, 0x27, 0x4C, 0x00, 0x27, 0x4C, 
    0x00, 0x27, 0x4C, 0x02, 0x27, 0x4B, 0x00, 0x25, 0x51, 0xB7, 0xD4, 0xEA, 
    0xFF, 0xFF, 0xFF, 0xFB, 0xFB, 0xFC, 0xFF, 0xFF, 0xFF, 0xEE, 0xDF, 0xD4, 
    0x11, 0x2C, 0x48, 0x00, 0x26, 0x4D, 0x01, 0x28, 0x4C, 0x00, 0x27, 0x4C, 
    0x00, 0x27, 0x4C, 0x00, 0x27, 0x4C, 0x00, 0x27, 0x4C, 0x00, 0x27, 0x4C, 
    0x00, 0x27, 0x4C, 0x00, 0x27, 0x4C, 0x00, 0x27, 0x4C, 0x00, 0x27, 0x4C, 
    0x00, 0x27, 0x4C, 0x00, 0x27, 0x4C, 0x00, 0x27, 0x4C, 0x00, 0x27, 0x4C, 
    0x00, 0x27, 0x4C, 0x00, 0x27, 0x4C, 0x00, 0x27, 0x4C, 0x00, 0x27, 0x4C, 
    0x00, 0x27, 0x4C, 0x04, 0x2B, 0x4E, 0x00, 0x17, 0x45, 0x80, 0xA7, 0xC9, 
    0xFF, 0xFF, 0xFF, 0xFA, 0xFA, 0xFB, 0xFF, 0xFF, 0xFF, 0xF8, 0xE9, 0xDB, 
    0x18, 0x2D, 0x50, 0x8D, 0xB3, 0xD1, 0xFF, 0xFF, 0xFF, 0xFB, 0xFB, 0xFC, 
    0xFD, 0xFE, 0xFE, 0xFF, 0xFF, 0xFF, 0xF6, 0xEE, 0xE7, 0x52, 0x55, 0x66, 
    0x00, 0x18, 0x42, 0x04, 0x2B, 0x4F, 0x00, 0x27, 0x4C, 0x00, 0x27, 0x4C, 
    0x00, 0x27, 0x4C, 0x00, 0x27, 0x4C, 0x00, 0x27, 0x4C, 0x00, 0x27, 0x4C, 
    0x00, 0x27, 0x4C, 0x00, 0x27, 0x4C, 0x00, 0x27, 0x4C, 0x02, 0x29, 0x4E, 
    0x00, 0x1D, 0x41, 0x26, 0x55, 0x82, 0xF9, 0xFF, 0xFF, 0xFF, 0xFE, 0xFD, 
    0xFA, 0xFC, 0xFC, 0xFF, 0xFF, 0xFF, 0xA2, 0x9A, 0x96, 0x00, 0x14, 0x3C, 
    0x00, 0x25, 0x4B, 0x00, 0x22, 0x48, 0x00, 0x22, 0x48, 0x00, 0x22, 0x48, 
    0x00, 0x22, 0x48, 0x00, 0x22, 0x48, 0x00, 0x22, 0x48, 0x00, 0x22, 0x48, 
    0x00, 0x22, 0x48, 0x00, 0x22, 0x48, 0x00, 0x22, 0x48, 0x00, 0x22, 0x48, 
    0x00, 0x22, 0x48, 0x00, 0x22, 0x48, 0x00, 0x22, 0x48, 0x00, 0x22, 0x48, 
    0x00, 0x22, 0x48, 0x00, 0x22, 0x48, 0x00, 0x25, 0x4A, 0x00, 0x27, 0x4C, 
    0x00, 0x27, 0x4C, 0x00, 0x27, 0x4C, 0x00, 0x27, 0x4C, 0x04, 0x2A, 0x4D, 
    0x00, 0x18, 0x48, 0x8E, 0xB4, 0xD2, 0xFF, 0xFF, 0xFF, 0xFA, 0xFA, 0xFB, 
    0xFF, 0xFF, 0xFF, 0xF1, 0xE3, 0xD8, 0x18, 0x2C, 0x4A, 0x00, 0x25, 0x4C, 
    0x01, 0x28, 0x4C, 0x00, 0x27, 0x4C, 0x00, 0x27, 0x4C, 0x00, 0x27, 0x4C, 
    0x00, 0x27, 0x4C, 0x00, 0x27, 0x4C, 0x00, 0x27, 0x4C, 0x00, 0x27, 0x4C, 
    0x00, 0x27, 0x4C, 0x00, 0x27, 0x4C, 0x00, 0x27, 0x4C, 0x00, 0x27, 0x4C, 
    0x00, 0x27, 0x4C, 0x00, 0x27, 0x4C, 0x02, 0x29, 0x4E, 0x02, 0x28, 0x4C, 
    0x00, 0x1C, 0x42, 0x00, 0x1B, 0x43, 0x15, 0x3E, 0x62, 0x5C, 0x7F, 0x9A, 
    0xB4, 0xCA, 0xD8, 0xF7, 0xFD, 0xFF, 0xFF, 0xFF, 0xFF, 0xFF, 0xFF, 0xFF, 
    0xFB, 0xFC, 0xFC, 0xFB, 0xFC, 0xFD, 0xFF, 0xFF, 0xFF, 0xFF, 0xFF, 0xFF, 
    0x90, 0x87, 0x8E, 0x00, 0x1B, 0x42, 0x03, 0x29, 0x4F, 0x00, 0x27, 0x4C, 
    0x00, 0x27, 0x4C, 0x00, 0x27, 0x4C, 0x00, 0x27, 0x4C, 0x00, 0x27, 0x4C, 
    0x00, 0x27, 0x4C, 0x00, 0x27, 0x4C, 0x00, 0x27, 0x4C, 0x00, 0x27, 0x4C, 
    0x00, 0x27, 0x4C, 0x00, 0x27, 0x4C, 0x00, 0x27, 0x4C, 0x00, 0x27, 0x4C, 
    0x00, 0x27, 0x4C, 0x00, 0x27, 0x4C, 0x00, 0x27, 0x4C, 0x00, 0x27, 0x4C, 
    0x00, 0x27, 0x4C, 0x00, 0x27, 0x4C, 0x00, 0x27, 0x4C, 0x00, 0x27, 0x4C, 
    0x00, 0x27, 0x4C, 0x00, 0x27, 0x4C, 0x00, 0x27, 0x4C, 0x00, 0x27, 0x4C, 
    0x00, 0x27, 0x4C, 0x00, 0x27, 0x4C, 0x00, 0x27, 0x4C, 0x02, 0x29, 0x4B, 
    0x00, 0x20, 0x4F, 0x30, 0x46, 0x3F, 0xFF, 0xCF, 0x03, 0xFE, 0xCA, 0x05, 
    0xFF, 0xCB, 0x05, 0xFF, 0xCB, 0x05, 0xFF, 0xCB, 0x05, 0xFF, 0xCB, 0x05, 
    0xFF, 0xCB, 0x05, 0xFF, 0xCB, 0x05, 0xFF, 0xCB, 0x05, 0xFF, 0xCB, 0x05, 
    0xFF, 0xCB, 0x05, 0xFF, 0xCB, 0x05, 0xFF, 0xCB, 0x05, 0xFF, 0xCB, 0x05, 
    0xFF, 0xCB, 0x05, 0xFF, 0xCB, 0x05, 0xFF, 0xCB, 0x05, 0xFF, 0xCB, 0x05, 
    0xFC, 0xC9, 0x05, 0xFF, 0xD5, 0x03, 0xB7, 0x97, 0x0E, 0x00, 0x20, 0x4B, 
    0x02, 0x29, 0x4C, 0x00, 0x27, 0x4C, 0x00, 0x27, 0x4C, 0x00, 0x27, 0x4C, 
    0x00, 0x27, 0x4C, 0x00, 0x27, 0x4C, 0x00, 0x27, 0x4C, 0x05, 0x2B, 0x4A, 
    0x00, 0x1A, 0x52, 0x58, 0x5C, 0x2E, 0xFF, 0xD2, 0x01, 0xFC, 0xC9, 0x06, 
    0xFF, 0xCB, 0x05, 0xFF, 0xCB, 0x05, 0xFF, 0xCB, 0x05, 0xFF, 0xCB, 0x05, 
    0xFF, 0xCB, 0x05, 0xFF, 0xCB, 0x05, 0xFF, 0xCB, 0x05, 0xFF, 0xCB, 0x05, 
    0xFF, 0xCB, 0x05, 0xFF, 0xCB, 0x05, 0xFF, 0xCB, 0x05, 0xFF, 0xCB, 0x05, 
    0xFC, 0xC9, 0x06, 0xFE, 0xD3, 0x02, 0x5C, 0x60, 0x2F, 0x00, 0x1B, 0x52, 
    0x05, 0x2B, 0x4A, 0x00, 0x27, 0x4C, 0x00, 0x27, 0x4C, 0x00, 0x27, 0x4C, 
    0x00, 0x27, 0x4C, 0x00, 0x27, 0x4C, 0x00, 0x27, 0x4C, 0x03, 0x2A, 0x4C, 
    0x00, 0x1C, 0x4B, 0xA8, 0x8B, 0x0D, 0xFF, 0xD6, 0x03, 0xFB, 0xC8, 0x05, 
    0xFF, 0xCB, 0x05, 0xFF, 0xCB, 0x05, 0xFF, 0xCB, 0x05, 0xFF, 0xCB, 0x05, 
    0xFF, 0xCB, 0x05, 0xFF, 0xCB, 0x05, 0xFF, 0xCB, 0x05, 0xFF, 0xCB, 0x05, 
    0xFF, 0xCB, 0x05, 0xFF, 0xCB, 0x05, 0xFF, 0xCB, 0x05, 0xFF, 0xCB, 0x05, 
    0xFF, 0xCB, 0x05, 0xFF, 0xCB, 0x05, 0xFF, 0xCB, 0x05, 0xFF, 0xCB, 0x05, 
    0xFE, 0xCB, 0x05, 0xFF, 0xCE, 0x04, 0x2C, 0x44, 0x40, 0x00, 0x20, 0x4F, 
    0x02, 0x28, 0x4B, 0x00, 0x27, 0x4C, 0x00, 0x27, 0x4C, 0x00, 0x27, 0x4C, 
    0x00, 0x27, 0x4C, 0x00, 0x27, 0x4C, 0x00, 0x27, 0x4C, 0x00, 0x27, 0x4C, 
    0x00, 0x27, 0x4C, 0x00, 0x27, 0x4C, 0x00, 0x27, 0x4C, 0x00, 0x27, 0x4C, 
    0x00, 0x27, 0x4C, 0x00, 0x27, 0x4C, 0x02, 0x28, 0x4D, 0x00, 0x1F, 0x45, 
    0x29, 0x4A, 0x69, 0x3C, 0x5A, 0x76, 0x00, 0x1D, 0x43, 0x02, 0x29, 0x4E, 
    0x00, 0x27, 0x4C, 0x00, 0x27, 0x4C, 0x00, 0x27, 0x4C, 0x00, 0x27, 0x4C, 
    0x00, 0x27, 0x4C, 0x00, 0x27, 0x4C, 0x00, 0x27, 0x4C, 0x00, 0x27, 0x4C, 
    0x00, 0x27, 0x4C, 0x00, 0x27, 0x4C, 0x00, 0x27, 0x4C, 0x00, 0x27, 0x4C, 
    0x00, 0x27, 0x4C, 0x00, 0x27, 0x4C, 0x00, 0x27, 0x4C, 0x00, 0x27, 0x4C, 
    0x00, 0x27, 0x4C, 0x00, 0x27, 0x4C, 0x00, 0x27, 0x4C, 0x00, 0x27, 0x4C, 
    0x00, 0x27, 0x4C, 0x03, 0x29, 0x4B, 0x00, 0x1C, 0x4D, 0xA4, 0xC6, 0xE0, 
    0xFF, 0xFF, 0xFF, 0xFB, 0xFB, 0xFC, 0xFF, 0xFF, 0xFF, 0xF2, 0xE6, 0xDB, 
    0x1D, 0x2F, 0x49, 0x00, 0x25, 0x4C, 0x02, 0x28, 0x4C, 0x00, 0x27, 0x4C, 
    0x00, 0x27, 0x4C, 0x00, 0x27, 0x4C, 0x00, 0x27, 0x4C, 0x00, 0x27, 0x4C, 
    0x00, 0x27, 0x4C, 0x00, 0x27, 0x4C, 0x00, 0x27, 0x4C, 0x00, 0x27, 0x4C, 
    0x00, 0x27, 0x4C, 0x00, 0x27, 0x4C, 0x00, 0x27, 0x4C, 0x00, 0x27, 0x4C, 
    0x00, 0x27, 0x4C, 0x00, 0x27, 0x4C, 0x00, 0x27, 0x4C, 0x00, 0x27, 0x4C, 
    0x00, 0x27, 0x4C, 0x00, 0x27, 0x4D, 0x03, 0x29, 0x4B, 0x00, 0x1E, 0x50, 
    0xAB, 0xCC, 0xE3, 0xFF, 0xFF, 0xFF, 0xFA, 0xFB, 0xFC, 0xFF, 0xFF, 0xFF, 
    0xEE, 0xE1, 0xD6, 0x18, 0x2C, 0x47, 0x00, 0x26, 0x4D, 0x01, 0x28, 0x4C, 
    0x00, 0x27, 0x4C, 0x00, 0x27, 0x4C, 0x00, 0x27, 0x4C, 0x00, 0x27, 0x4C, 
    0x00, 0x27, 0x4C, 0x00, 0x27, 0x4C, 0x00, 0x27, 0x4C, 0x00, 0x27, 0x4C, 
    0x00, 0x27, 0x4C, 0x00, 0x27, 0x4C, 0x00, 0x27, 0x4C, 0x00, 0x27, 0x4C, 
    0x00, 0x27, 0x4C, 0x00, 0x27, 0x4C, 0x00, 0x27, 0x4C, 0x00, 0x27, 0x4C, 
    0x00, 0x27, 0x4C, 0x02, 0x2A, 0x4F, 0x00, 0x1C, 0x41, 0x2D, 0x5F, 0x8C, 
    0xFA, 0xFF, 0xFF, 0xFE, 0xFD, 0xFD, 0xFE, 0xFE, 0xFE, 0xFD, 0xFE, 0xFE, 
    0xFD, 0xF8, 0xF1, 0x41, 0x4A, 0x5A, 0x00, 0x1E, 0x48, 0x04, 0x2A, 0x4D, 
    0x00, 0x27, 0x4C, 0x00, 0x27, 0x4C, 0x00, 0x27, 0x4C, 0x00, 0x27, 0x4C, 
    0x00, 0x27, 0x4C, 0x00, 0x27, 0x4C, 0x00, 0x27, 0x4C, 0x00, 0x27, 0x4C, 
    0x00, 0x27, 0x4C, 0x00, 0x27, 0x4C, 0x00, 0x27, 0x4C, 0x00, 0x27, 0x4C, 
    0x00, 0x27, 0x4C, 0x00, 0x27, 0x4C, 0x00, 0x27, 0x4C, 0x00, 0x27, 0x4C, 
    0x00, 0x27, 0x4C, 0x00, 0x27, 0x4C, 0x00, 0x27, 0x4C, 0x00, 0x27, 0x4C, 
    0x00, 0x27, 0x4C, 0x00, 0x27, 0x4C, 0x00, 0x27, 0x4C, 0x00, 0x27, 0x4C, 
    0x00, 0x27, 0x4C, 0x00, 0x27, 0x4C, 0x00, 0x27, 0x4C, 0x00, 0x27, 0x4C, 
    0x00, 0x27, 0x4C, 0x00, 0x27, 0x4C, 0x00, 0x27, 0x4C, 0x00, 0x27, 0x4C, 
    0x00, 0x27, 0x4C, 0x00, 0x27, 0x4C, 0x00, 0x27, 0x4C, 0x00, 0x27, 0x4C, 
    0x00, 0x27, 0x4C, 0x00, 0x27, 0x4C, 0x00, 0x27, 0x4C, 0x00, 0x27, 0x4C, 
    0x00, 0x27, 0x4C, 0x00, 0x27, 0x4C, 0x00, 0x27, 0x4C, 0x04, 0x2B, 0x50, 
    0x01, 0x18, 0x3F, 0x45, 0x77, 0xA1, 0xFF, 0xFF, 0xFF, 0xFD, 0xFC, 0xFC, 
    0xFC, 0xFC, 0xFC, 0xFF, 0xFE, 0xFE, 0xC4, 0xB7, 0xB0, 0x00, 0x1C, 0x40, 
    0x02, 0x29, 0x4F, 0x00, 0x27, 0x4C, 0x00, 0x27, 0x4C, 0x00, 0x27, 0x4C, 
    0x00, 0x27, 0x4C, 0x00, 0x27, 0x4C, 0x00, 0x27, 0x4C, 0x00, 0x27, 0x4C, 
    0x00, 0x27, 0x4C, 0x00, 0x27, 0x4C, 0x00, 0x27, 0x4C, 0x00, 0x27, 0x4C, 
    0x00, 0x27, 0x4C, 0x00, 0x27, 0x4C, 0x00, 0x27, 0x4C, 0x00, 0x27, 0x4C, 
    0x00, 0x27, 0x4C, 0x00, 0x27, 0x4C, 0x00, 0x27, 0x4C, 0x00, 0x27, 0x4C, 
    0x00, 0x27, 0x4C, 0x00, 0x27, 0x4C, 0x00, 0x27, 0x4C, 0x00, 0x27, 0x4C, 
    0x00, 0x27, 0x4C, 0x00, 0x27, 0x4C, 0x00, 0x27, 0x4C, 0x00, 0x27, 0x4C, 
    0x00, 0x27, 0x4C, 0x00, 0x27, 0x4C, 0x00, 0x27, 0x4C, 0x00, 0x27, 0x4C, 
    0x00, 0x27, 0x4C, 0x00, 0x27, 0x4C, 0x00, 0x27, 0x4C, 0x00, 0x27, 0x4C, 
    0x00, 0x27, 0x4C, 0x05, 0x2C, 0x4F, 0x00, 0x17, 0x43, 0x81, 0xAB, 0xCC, 
    0xFF, 0xFF, 0xFF, 0xFB, 0xFC, 0xFD, 0xFB, 0xFC, 0xFD, 0xFE, 0xFF, 0xFF, 
    0x8B, 0x86, 0x86, 0x00, 0x19, 0x41, 0x04, 0x2A, 0x4E, 0x00, 0x27, 0x4C, 
    0x00, 0x27, 0x4C, 0x00, 0x27, 0x4C, 0x00, 0x27, 0x4C, 0x04, 0x29, 0x4D, 
    0x00, 0x1C, 0x47, 0x89, 0xB4, 0xD2, 0xFF, 0xFF, 0xFF, 0xFA, 0xFA, 0xFB, 
    0xFF, 0xFF, 0xFF, 0xF1, 0xE3, 0xD9, 0x17, 0x2F, 0x49, 0x00, 0x25, 0x4D, 
    0x01, 0x28, 0x4C, 0x00, 0x27, 0x4C, 0x00, 0x27, 0x4C, 0x00, 0x27, 0x4C, 
    0x00, 0x27, 0x4C, 0x00, 0x27, 0x4C, 0x00, 0x27, 0x4C, 0x00, 0x27, 0x4C, 
    0x00, 0x27, 0x4C, 0x03, 0x29, 0x4C, 0x00, 0x1C, 0x49, 0x9C, 0xBF, 0xDB, 
    0xFF, 0xFF, 0xFF, 0xFA, 0xFA, 0xFB, 0xFF, 0xFF, 0xFF, 0xE8, 0xDB, 0xD0, 
    0x12, 0x24, 0x46, 0x00, 0x27, 0x4D, 0x01, 0x27, 0x4C, 0x00, 0x27, 0x4C, 
    0x00, 0x27, 0x4C, 0x03, 0x28, 0x4C, 0x00, 0x1F, 0x4A, 0x9D, 0xC2, 0xDD, 
    0xFF, 0xFF, 0xFF, 0xFB, 0xFC, 0xFC, 0xFF, 0xFF, 0xFF, 0xFE, 0xF6, 0xEA, 
    0x30, 0x3C, 0x53, 0x00, 0x22, 0x4A, 0x02, 0x28, 0x4D, 0x00, 0x27, 0x4C, 
    0x00, 0x27, 0x4C, 0x00, 0x27, 0x4C, 0x00, 0x27, 0x4C, 0x00, 0x27, 0x4C, 
    0x00, 0x27, 0x4C, 0x00, 0x27, 0x4C, 0x00, 0x27, 0x4C, 0x00, 0x27, 0x4C, 
    0x00, 0x27, 0x4C, 0x00, 0x27, 0x4C, 0x00, 0x27, 0x4C, 0x00, 0x27, 0x4C, 
    0x00, 0x27, 0x4C, 0x00, 0x27, 0x4C, 0x00, 0x27, 0x4C, 0x00, 0x27, 0x4C, 
    0x00, 0x27, 0x4C, 0x04, 0x2B, 0x4E, 0x00, 0x17, 0x45, 0x80, 0xA7, 0xC9, 
    0xFF, 0xFF, 0xFF, 0xFA, 0xFA, 0xFB, 0xFF, 0xFF, 0xFF, 0xFA, 0xED, 0xE2, 
    0x22, 0x30, 0x4A, 0x00, 0x1C, 0x4D, 0x8F, 0xB4, 0xCF, 0xFF, 0xFF, 0xFF, 
    0xFB, 0xFB, 0xFC, 0xFD, 0xFD, 0xFD, 0xFF, 0xFF, 0xFF, 0xFE, 0xF6, 0xEE, 
    0x59, 0x61, 0x6E, 0x00, 0x17, 0x41, 0x04, 0x2B, 0x4F, 0x00, 0x27, 0x4C, 
    0x00, 0x27, 0x4C, 0x00, 0x27, 0x4C, 0x00, 0x27, 0x4C, 0x00, 0x27, 0x4C, 
    0x00, 0x27, 0x4C, 0x00, 0x27, 0x4C, 0x00, 0x27, 0x4C, 0x01, 0x29, 0x4E, 
    0x00, 0x20, 0x44, 0x10, 0x46, 0x73, 0xEA, 0xF9, 0xFF, 0xFF, 0xFF, 0xFE, 
    0xFB, 0xFB, 0xFC, 0xFF, 0xFF, 0xFF, 0xBE, 0xB2, 0xAC, 0x00, 0x1B, 0x41, 
    0x03, 0x2B, 0x50, 0x01, 0x28, 0x4D, 0x01, 0x28, 0x4D, 0x01, 0x28, 0x4D, 
    0x01, 0x28, 0x4D, 0x01, 0x28, 0x4D, 0x01, 0x28, 0x4D, 0x01, 0x28, 0x4D, 
    0x01, 0x28, 0x4D, 0x01, 0x28, 0x4D, 0x01, 0x28, 0x4D, 0x01, 0x28, 0x4D, 
    0x01, 0x28, 0x4D, 0x01, 0x28, 0x4D, 0x01, 0x28, 0x4D, 0x01, 0x28, 0x4D, 
    0x01, 0x28, 0x4D, 0x01, 0x28, 0x4D, 0x01, 0x27, 0x4C, 0x00, 0x27, 0x4C, 
    0x00, 0x27, 0x4C, 0x00, 0x27, 0x4C, 0x00, 0x27, 0x4C, 0x04, 0x2A, 0x4D, 
    0x00, 0x18, 0x48, 0x8E, 0xB4, 0xD2, 0xFF, 0xFF, 0xFF, 0xFA, 0xFA, 0xFB, 
    0xFF, 0xFF, 0xFF, 0xF1, 0xE3, 0xD8, 0x18, 0x2C, 0x4A, 0x00, 0x25, 0x4C, 
    0x01, 0x28, 0x4C, 0x00, 0x27, 0x4C, 0x00, 0x27, 0x4C, 0x00, 0x27, 0x4C, 
    0x00, 0x27, 0x4C, 0x00, 0x27, 0x4C, 0x00, 0x27, 0x4C, 0x00, 0x27, 0x4C, 
    0x00, 0x27, 0x4C, 0x00, 0x27, 0x4C, 0x00, 0x27, 0x4C, 0x00, 0x27, 0x4C, 
    0x00, 0x27, 0x4C, 0x00, 0x27, 0x4C, 0x00, 0x27, 0x4C, 0x00, 0x27, 0x4C, 
    0x02, 0x2A, 0x4E, 0x03, 0x2A, 0x4E, 0x00, 0x22, 0x47, 0x00, 0x18, 0x40, 
    0x00, 0x21, 0x48, 0x27, 0x48, 0x6D, 0x85, 0x9A, 0xB4, 0xEA, 0xF4, 0xFD, 
    0xFF, 0xFF, 0xFF, 0xFD, 0xFD, 0xFE, 0xFE, 0xFD, 0xFD, 0xFA, 0xFC, 0xFE, 
    0xFF, 0xFF, 0xFE, 0x69, 0x6B, 0x73, 0x00, 0x1B, 0x44, 0x03, 0x2A, 0x4E, 
    0x00, 0x27, 0x4C, 0x00, 0x27, 0x4C, 0x00, 0x27, 0x4C, 0x00, 0x27, 0x4C, 
    0x00, 0x27, 0x4C, 0x00, 0x27, 0x4C, 0x00, 0x27, 0x4C, 0x00, 0x27, 0x4C, 
    0x00, 0x27, 0x4C, 0x00, 0x27, 0x4C, 0x00, 0x27, 0x4C, 0x00, 0x27, 0x4C, 
    0x00, 0x27, 0x4C, 0x00, 0x27, 0x4C, 0x00, 0x27, 0x4C, 0x00, 0x27, 0x4C, 
    0x00, 0x27, 0x4C, 0x00, 0x27, 0x4C, 0x00, 0x27, 0x4C, 0x00, 0x27, 0x4C, 
    0x00, 0x27, 0x4C, 0x00, 0x27, 0x4C, 0x00, 0x27, 0x4C, 0x00, 0x27, 0x4C, 
    0x00, 0x27, 0x4C, 0x00, 0x27, 0x4C, 0x00, 0x27, 0x4C, 0x02, 0x29, 0x4B, 
    0x00, 0x20, 0x4F, 0x30, 0x46, 0x3F, 0xFF, 0xCF, 0x03, 0xFE, 0xCA, 0x05, 
    0xFF, 0xCB, 0x05, 0xFF, 0xCB, 0x05, 0xFF, 0xCB, 0x05, 0xFF, 0xCB, 0x05, 
    0xFF, 0xCB, 0x05, 0xFF, 0xCB, 0x05, 0xFF, 0xCB, 0x05, 0xFF, 0xCB, 0x05, 
    0xFF, 0xCB, 0x05, 0xFF, 0xCB, 0x05, 0xFF, 0xCB, 0x05, 0xFF, 0xCB, 0x05, 
    0xFF, 0xCB, 0x05, 0xFF, 0xCB, 0x05, 0xFF, 0xCB, 0x05, 0xFF, 0xCB, 0x05, 
    0xFC, 0xC9, 0x05, 0xFF, 0xD5, 0x03, 0xB7, 0x97, 0x0E, 0x00, 0x20, 0x4B, 
    0x02, 0x29, 0x4C, 0x00, 0x27, 0x4C, 0x00, 0x27, 0x4C, 0x00, 0x27, 0x4C, 
    0x00, 0x27, 0x4C, 0x00, 0x27, 0x4C, 0x00, 0x27, 0x4C, 0x01, 0x27, 0x4C, 
    0x03, 0x28, 0x4B, 0x00, 0x22, 0x4E, 0xD0, 0xAD, 0x12, 0xFF, 0xD4, 0x02, 
    0xFC, 0xC9, 0x05, 0xFF, 0xCB, 0x05, 0xFF, 0xCB, 0x05, 0xFF, 0xCB, 0x05, 
    0xFF, 0xCB, 0x05, 0xFF, 0xCB, 0x05, 0xFF, 0xCB, 0x05, 0xFF, 0xCB, 0x05, 
    0xFF, 0xCB, 0x05, 0xFF, 0xCB, 0x05, 0xFF, 0xCB, 0x05, 0xFC, 0xC9, 0x06, 
    0xFF, 0xD3, 0x02, 0xCD, 0xAB, 0x13, 0x00, 0x21, 0x4F, 0x03, 0x29, 0x4B, 
    0x01, 0x27, 0x4C, 0x00, 0x27, 0x4C, 0x00, 0x27, 0x4C, 0x00, 0x27, 0x4C, 
    0x00, 0x27, 0x4C, 0x00, 0x27, 0x4C, 0x00, 0x27, 0x4C, 0x03, 0x2A, 0x4C, 
    0x00, 0x1C, 0x4B, 0xA8, 0x8B, 0x0D, 0xFF, 0xD6, 0x03, 0xFB, 0xC8, 0x05, 
    0xFF, 0xCB, 0x05, 0xFF, 0xCB, 0x05, 0xFF, 0xCB, 0x05, 0xFF, 0xCB, 0x05, 
    0xFF, 0xCB, 0x05, 0xFF, 0xCB, 0x05, 0xFF, 0xCB, 0x05, 0xFF, 0xCB, 0x05, 
    0xFF, 0xCB, 0x05, 0xFF, 0xCB, 0x05, 0xFF, 0xCB, 0x05, 0xFF, 0xCB, 0x05, 
    0xFF, 0xCB, 0x05, 0xFF, 0xCB, 0x05, 0xFF, 0xCB, 0x05, 0xFF, 0xCB, 0x05, 
    0xFE, 0xCB, 0x05, 0xFF, 0xCE, 0x04, 0x2C, 0x44, 0x40, 0x00, 0x20, 0x4F, 
    0x02, 0x28, 0x4B, 0x00, 0x27, 0x4C, 0x00, 0x27, 0x4C, 0x00, 0x27, 0x4C, 
    0x00, 0x27, 0x4C, 0x00, 0x27, 0x4C, 0x00, 0x27, 0x4C, 0x00, 0x27, 0x4C, 
    0x00, 0x27, 0x4C, 0x00, 0x27, 0x4C, 0x00, 0x27, 0x4C, 0x00, 0x27, 0x4C, 
    0x00, 0x27, 0x4C, 0x00, 0x27, 0x4C, 0x02, 0x28, 0x4D, 0x00, 0x1F, 0x45, 
    0x29, 0x4A, 0x69, 0x3C, 0x5A, 0x76, 0x00, 0x1D, 0x43, 0x02, 0x29, 0x4E, 
    0x00, 0x27, 0x4C, 0x00, 0x27, 0x4C, 0x00, 0x27, 0x4C, 0x00, 0x27, 0x4C, 
    0x00, 0x27, 0x4C, 0x00, 0x27, 0x4C, 0x00, 0x27, 0x4C, 0x00, 0x27, 0x4C, 
    0x00, 0x27, 0x4C, 0x00, 0x27, 0x4C, 0x00, 0x27, 0x4C, 0x00, 0x27, 0x4C, 
    0x00, 0x27, 0x4C, 0x00, 0x27, 0x4C, 0x00, 0x27, 0x4C, 0x00, 0x27, 0x4C, 
    0x00, 0x27, 0x4C, 0x00, 0x27, 0x4C, 0x00, 0x27, 0x4C, 0x00, 0x27, 0x4C, 
    0x00, 0x27, 0x4C, 0x03, 0x29, 0x4B, 0x00, 0x1C, 0x4D, 0xA4, 0xC6, 0xE0, 
    0xFF, 0xFF, 0xFF, 0xFB, 0xFB, 0xFC, 0xFF, 0xFF, 0xFF, 0xF2, 0xE6, 0xDB, 
    0x1D, 0x2F, 0x49, 0x00, 0x25, 0x4C, 0x02, 0x28, 0x4C, 0x00, 0x27, 0x4C, 
    0x00, 0x27, 0x4C, 0x00, 0x27, 0x4C, 0x00, 0x27, 0x4C, 0x00, 0x27, 0x4C, 
    0x00, 0x27, 0x4C, 0x00, 0x27, 0x4C, 0x00, 0x27, 0x4C, 0x00, 0x27, 0x4C, 
    0x00, 0x27, 0x4C, 0x00, 0x27, 0x4C, 0x00, 0x27, 0x4C, 0x00, 0x27, 0x4C, 
    0x00, 0x27, 0x4C, 0x00, 0x27, 0x4C, 0x00, 0x27, 0x4C, 0x00, 0x27, 0x4C, 
    0x00, 0x27, 0x4C, 0x00, 0x27, 0x4D, 0x03, 0x29, 0x4B, 0x00, 0x1E, 0x50, 
    0xAB, 0xCC, 0xE3, 0xFF, 0xFF, 0xFF, 0xFA, 0xFB, 0xFC, 0xFF, 0xFF, 0xFF, 
    0xEE, 0xE1, 0xD6, 0x18, 0x2C, 0x47, 0x00, 0x26, 0x4D, 0x01, 0x28, 0x4C, 
    0x00, 0x27, 0x4C, 0x00, 0x27, 0x4C, 0x00, 0x27, 0x4C, 0x00, 0x27, 0x4C, 
    0x00, 0x27, 0x4C, 0x00, 0x27, 0x4C, 0x00, 0x27, 0x4C, 0x00, 0x27, 0x4C, 
    0x00, 0x27, 0x4C, 0x00, 0x27, 0x4C, 0x00, 0x27, 0x4C, 0x00, 0x27, 0x4C, 
    0x00, 0x27, 0x4C, 0x00, 0x27, 0x4C, 0x00, 0x27, 0x4C, 0x00, 0x27, 0x4C, 
    0x00, 0x27, 0x4C, 0x00, 0x27, 0x4C, 0x03, 0x27, 0x4A, 0x00, 0x24, 0x51, 
    0xB5, 0xD4, 0xEB, 0xFF, 0xFE, 0xFE, 0xFB, 0xFC, 0xFE, 0xFD, 0xFD, 0xFD, 
    0xFF, 0xFF, 0xFF, 0xCF, 0xC2, 0xBB, 0x05, 0x1C, 0x3F, 0x03, 0x29, 0x4F, 
    0x01, 0x28, 0x4C, 0x00, 0x27, 0x4C, 0x00, 0x27, 0x4C, 0x00, 0x27, 0x4C, 
    0x00, 0x27, 0x4C, 0x00, 0x27, 0x4C, 0x00, 0x27, 0x4C, 0x00, 0x27, 0x4C, 
    0x00, 0x27, 0x4C, 0x00, 0x27, 0x4C, 0x00, 0x27, 0x4C, 0x00, 0x27, 0x4C, 
    0x00, 0x27, 0x4C, 0x00, 0x27, 0x4C, 0x00, 0x27, 0x4C, 0x00, 0x27, 0x4C, 
    0x00, 0x27, 0x4C, 0x00, 0x27, 0x4C, 0x00, 0x27, 0x4C, 0x00, 0x27, 0x4C, 
    0x00, 0x27, 0x4C, 0x00, 0x27, 0x4C, 0x00, 0x27, 0x4C, 0x00, 0x27, 0x4C, 
    0x00, 0x27, 0x4C, 0x00, 0x27, 0x4C, 0x00, 0x27, 0x4C, 0x00, 0x27, 0x4C, 
    0x00, 0x27, 0x4C, 0x00, 0x27, 0x4C, 0x00, 0x27, 0x4C, 0x00, 0x27, 0x4C, 
    0x00, 0x27, 0x4C, 0x00, 0x27, 0x4C, 0x00, 0x27, 0x4C, 0x00, 0x27, 0x4C, 
    0x00, 0x27, 0x4C, 0x00, 0x27, 0x4C, 0x00, 0x27, 0x4C, 0x00, 0x27, 0x4C, 
    0x00, 0x27, 0x4C, 0x00, 0x27, 0x4C, 0x00, 0x27, 0x4C, 0x02, 0x29, 0x4E, 
    0x00, 0x1F, 0x43, 0x1F, 0x54, 0x83, 0xF9, 0xFF, 0xFF, 0xFF, 0xFE, 0xFD, 
    0xFC, 0xFC, 0xFC, 0xFF, 0xFF, 0xFF, 0xCE, 0xC1, 0xB8, 0x00, 0x1E, 0x41, 
    0x01, 0x29, 0x4E, 0x00, 0x27, 0x4C, 0x00, 0x27, 0x4C, 0x00, 0x27, 0x4C, 
    0x00, 0x27, 0x4C, 0x00, 0x27, 0x4C, 0x00, 0x27, 0x4C, 0x00, 0x27, 0x4C, 
    0x00, 0x27, 0x4C, 0x00, 0x27, 0x4C, 0x00, 0x27, 0x4C, 0x00, 0x27, 0x4C, 
    0x00, 0x27, 0x4C, 0x00, 0x27, 0x4C, 0x00, 0x27, 0x4C, 0x00, 0x27, 0x4C, 
    0x00, 0x27, 0x4C, 0x00, 0x27, 0x4C, 0x00, 0x27, 0x4C, 0x00, 0x27, 0x4C, 
    0x00, 0x27, 0x4C, 0x00, 0x27, 0x4C, 0x00, 0x27, 0x4C, 0x00, 0x27, 0x4C, 
    0x00, 0x27, 0x4C, 0x00, 0x27, 0x4C, 0x00, 0x27, 0x4C, 0x00, 0x27, 0x4C, 
    0x00, 0x27, 0x4C, 0x00, 0x27, 0x4C, 0x00, 0x27, 0x4C, 0x00, 0x27, 0x4C, 
    0x00, 0x27, 0x4C, 0x00, 0x27, 0x4C, 0x00, 0x27, 0x4C, 0x00, 0x27, 0x4C, 
    0x00, 0x27, 0x4C, 0x04, 0x2A, 0x4F, 0x01, 0x1A, 0x41, 0x51, 0x83, 0xAC, 
    0xFF, 0xFF, 0xFF, 0xFC, 0xFC, 0xFC, 0xFB, 0xFC, 0xFD, 0xFF, 0xFF, 0xFF, 
    0x94, 0x90, 0x8F, 0x00, 0x18, 0x41, 0x04, 0x2A, 0x4E, 0x00, 0x27, 0x4C, 
    0x00, 0x27, 0x4C, 0x00, 0x27, 0x4C, 0x00, 0x27, 0x4C, 0x04, 0x29, 0x4D, 
    0x00, 0x1C, 0x47, 0x89, 0xB4, 0xD2, 0xFF, 0xFF, 0xFF, 0xFA, 0xFA, 0xFB, 
    0xFF, 0xFF, 0xFF, 0xF1, 0xE3, 0xD9, 0x17, 0x2F, 0x49, 0x00, 0x25, 0x4D, 
    0x01, 0x28, 0x4C, 0x00, 0x27, 0x4C, 0x00, 0x27, 0x4C, 0x00, 0x27, 0x4C, 
    0x00, 0x27, 0x4C, 0x00, 0x27, 0x4C, 0x00, 0x27, 0x4C, 0x00, 0x27, 0x4C, 
    0x00, 0x27, 0x4C, 0x03, 0x29, 0x4C, 0x00, 0x1C, 0x49, 0x9C, 0xBF, 0xDB, 
    0xFF, 0xFF, 0xFF, 0xFA, 0xFA, 0xFB, 0xFF, 0xFF, 0xFF, 0xE8, 0xDB, 0xD0, 
    0x12, 0x24, 0x46, 0x00, 0x27, 0x4D, 0x01, 0x27, 0x4C, 0x00, 0x27, 0x4C, 
    0x00, 0x27, 0x4C, 0x04, 0x2B, 0x4E, 0x00, 0x18, 0x43, 0x74, 0x9F, 0xC2, 
    0xFF, 0xFF, 0xFF, 0xFB, 0xFB, 0xFC, 0xFB, 0xFD, 0xFF, 0xFF, 0xFF, 0xFE, 
    0x66, 0x67, 0x6F, 0x00, 0x1B, 0x45, 0x04, 0x2A, 0x4E, 0x00, 0x27, 0x4C, 
    0x00, 0x27, 0x4C, 0x00, 0x27, 0x4C, 0x00, 0x27, 0x4C, 0x00, 0x27, 0x4C, 
    0x00, 0x27, 0x4C, 0x00, 0x27, 0x4C, 0x00, 0x27, 0x4C, 0x00, 0x27, 0x4C, 
    0x00, 0x27, 0x4C, 0x00, 0x27, 0x4C, 0x00, 0x27, 0x4C, 0x00, 0x27, 0x4C, 
    0x00, 0x27, 0x4C, 0x00, 0x27, 0x4C, 0x00, 0x27, 0x4C, 0x00, 0x27, 0x4C, 
    0x00, 0x27, 0x4C, 0x04, 0x2B, 0x4E, 0x00, 0x17, 0x45, 0x80, 0xA7, 0xC9, 
    0xFF, 0xFF, 0xFF, 0xFA, 0xFA, 0xFB, 0xFF, 0xFF, 0xFF, 0xF9, 0xEB, 0xE0, 
    0x24, 0x34, 0x50, 0x01, 0x23, 0x48, 0x00, 0x21, 0x4C, 0x8F, 0xB0, 0xCB, 
    0xFF, 0xFF, 0xFF, 0xFB, 0xFC, 0xFC, 0xFD, 0xFD, 0xFD, 0xFD, 0xFF, 0xFF, 
    0xFF, 0xFB, 0xF4, 0x66, 0x6B, 0x75, 0x00, 0x17, 0x40, 0x04, 0x2A, 0x50, 
    0x01, 0x27, 0x4C, 0x00, 0x27, 0x4C, 0x00, 0x27, 0x4C, 0x00, 0x27, 0x4C, 
    0x00, 0x27, 0x4C, 0x00, 0x27, 0x4C, 0x00, 0x27, 0x4C, 0x00, 0x27, 0x4D, 
    0x01, 0x26, 0x49, 0x00, 0x2B, 0x5B, 0xC8, 0xE2, 0xF4, 0xFF, 0xFF, 0xFF, 
    0xFB, 0xFB, 0xFC, 0xFF, 0xFF, 0xFF, 0xE7, 0xD8, 0xCD, 0x0D, 0x26, 0x44, 
    0x00, 0x27, 0x4E, 0x01, 0x28, 0x4C, 0x00, 0x27, 0x4C, 0x00, 0x27, 0x4C, 
    0x00, 0x27, 0x4C, 0x00, 0x27, 0x4C, 0x00, 0x27, 0x4C, 0x00, 0x27, 0x4C, 
    0x00, 0x27, 0x4C, 0x00, 0x27, 0x4C, 0x00, 0x27, 0x4C, 0x00, 0x27, 0x4C, 
    0x00, 0x27, 0x4C, 0x00, 0x27, 0x4C, 0x00, 0x27, 0x4C, 0x00, 0x27, 0x4C, 
    0x00, 0x27, 0x4C, 0x00, 0x27, 0x4C, 0x00, 0x27, 0x4C, 0x00, 0x27, 0x4C, 
    0x00, 0x27, 0x4C, 0x00, 0x27, 0x4C, 0x00, 0x27, 0x4C, 0x04, 0x2A, 0x4D, 
    0x00, 0x18, 0x48, 0x8E, 0xB4, 0xD2, 0xFF, 0xFF, 0xFF, 0xFA, 0xFA, 0xFB, 
    0xFF, 0xFF, 0xFF, 0xF1, 0xE3, 0xD8, 0x18, 0x2C, 0x4A, 0x00, 0x25, 0x4C, 
    0x01, 0x28, 0x4C, 0x00, 0x27, 0x4C, 0x00, 0x27, 0x4C, 0x00, 0x27, 0x4C, 
    0x00, 0x27, 0x4C, 0x00, 0x27, 0x4C, 0x00, 0x27, 0x4C, 0x00, 0x27, 0x4C, 
    0x00, 0x27, 0x4C, 0x00, 0x27, 0x4C, 0x00, 0x27, 0x4C, 0x00, 0x27, 0x4C, 
    0x00, 0x27, 0x4C, 0x00, 0x27, 0x4C, 0x00, 0x27, 0x4C, 0x00, 0x27, 0x4C, 
    0x00, 0x27, 0x4C, 0x00, 0x27, 0x4C, 0x01, 0x28, 0x4D, 0x03, 0x2A, 0x4F, 
    0x02, 0x28, 0x4D, 0x00, 0x20, 0x45, 0x00, 0x17, 0x40, 0x1D, 0x41, 0x6D, 
    0xB4, 0xD5, 0xE2, 0xFF, 0xFF, 0xFF, 0xFD, 0xFE, 0xFE, 0xFD, 0xFC, 0xFC, 
    0xFD, 0xFE, 0xFF, 0xE2, 0xD3, 0xC8, 0x0B, 0x23, 0x43, 0x01, 0x27, 0x4E, 
    0x01, 0x27, 0x4C, 0x00, 0x27, 0x4C, 0x00, 0x27, 0x4C, 0x00, 0x27, 0x4C, 
    0x00, 0x27, 0x4C, 0x00, 0x27, 0x4C, 0x00, 0x27, 0x4C, 0x00, 0x27, 0x4C, 
    0x00, 0x27, 0x4C, 0x00, 0x27, 0x4C, 0x00, 0x27, 0x4C, 0x00, 0x27, 0x4C, 
    0x00, 0x27, 0x4C, 0x00, 0x27, 0x4C, 0x00, 0x27, 0x4C, 0x00, 0x27, 0x4C, 
    0x00, 0x27, 0x4C, 0x00, 0x27, 0x4C, 0x00, 0x27, 0x4C, 0x00, 0x27, 0x4C, 
    0x00, 0x27, 0x4C, 0x00, 0x27, 0x4C, 0x02, 0x28, 0x4C, 0x04, 0x2A, 0x4B, 
    0x04, 0x2A, 0x4B, 0x04, 0x2A, 0x4B, 0x04, 0x2A, 0x4B, 0x06, 0x2C, 0x4A, 
    0x04, 0x23, 0x4E, 0x34, 0x48, 0x3E, 0xFF, 0xCF, 0x03, 0xFE, 0xCA, 0x05, 
    0xFF, 0xCB, 0x05, 0xFF, 0xCB, 0x05, 0xFF, 0xCB, 0x05, 0xFF, 0xCB, 0x05, 
    0xFF, 0xCB, 0x05, 0xFF, 0xCB, 0x05, 0xFF, 0xCB, 0x05, 0xFF, 0xCB, 0x05, 
    0xFF, 0xCB, 0x05, 0xFF, 0xCB, 0x05, 0xFF, 0xCB, 0x05, 0xFF, 0xCB, 0x05, 
    0xFF, 0xCB, 0x05, 0xFF, 0xCB, 0x05, 0xFF, 0xCB, 0x05, 0xFF, 0xCB, 0x05, 
    0xFC, 0xC9, 0x05, 0xFF, 0xD5, 0x03, 0xB8, 0x98, 0x0E, 0x04, 0x23, 0x4A, 
    0x06, 0x2C, 0x4B, 0x04, 0x2A, 0x4B, 0x04, 0x2A, 0x4B, 0x04, 0x2A, 0x4B, 
    0x04, 0x2A, 0x4B, 0x04, 0x2A, 0x4B, 0x02, 0x28, 0x4B, 0x00, 0x27, 0x4C, 
    0x02, 0x28, 0x4B, 0x01, 0x23, 0x4F, 0x24, 0x3B, 0x3D, 0xED, 0xC0, 0x04, 
    0xFC, 0xCD, 0x06, 0xFE, 0xCA, 0x05, 0xFF, 0xCB, 0x05, 0xFF, 0xCB, 0x05, 
    0xFF, 0xCB, 0x05, 0xFF, 0xCB, 0x05, 0xFF, 0xCB, 0x05, 0xFF, 0xCB, 0x05, 
    0xFF, 0xCB, 0x05, 0xFF, 0xCB, 0x05, 0xFE, 0xCB, 0x05, 0xFD, 0xCC, 0x05, 
    0xF3, 0xC5, 0x04, 0x28, 0x40, 0x3E, 0x01, 0x22, 0x4F, 0x02, 0x28, 0x4B, 
    0x00, 0x27, 0x4C, 0x01, 0x28, 0x4B, 0x04, 0x2A, 0x4B, 0x04, 0x2A, 0x4B, 
    0x04, 0x2A, 0x4B, 0x04, 0x2A, 0x4B, 0x04, 0x2A, 0x4B, 0x07, 0x2D, 0x4B, 
    0x04, 0x1F, 0x4A, 0xA9, 0x8C, 0x0D, 0xFF, 0xD6, 0x03, 0xFB, 0xC8, 0x05, 
    0xFF, 0xCB, 0x05, 0xFF, 0xCB, 0x05, 0xFF, 0xCB, 0x05, 0xFF, 0xCB, 0x05, 
    0xFF, 0xCB, 0x05, 0xFF, 0xCB, 0x05, 0xFF, 0xCB, 0x05, 0xFF, 0xCB, 0x05, 
    0xFF, 0xCB, 0x05, 0xFF, 0xCB, 0x05, 0xFF, 0xCB, 0x05, 0xFF, 0xCB, 0x05, 
    0xFF, 0xCB, 0x05, 0xFF, 0xCB, 0x05, 0xFF, 0xCB, 0x05, 0xFF, 0xCB, 0x05, 
    0xFE, 0xCB, 0x05, 0xFF, 0xCE, 0x04, 0x30, 0x46, 0x3F, 0x04, 0x23, 0x4E, 
    0x06, 0x2B, 0x4A, 0x04, 0x2A, 0x4B, 0x04, 0x2A, 0x4B, 0x04, 0x2A, 0x4B, 
    0x04, 0x2A, 0x4B, 0x02, 0x28, 0x4C, 0x00, 0x27, 0x4C, 0x00, 0x27, 0x4C, 
    0x00, 0x27, 0x4C, 0x00, 0x27, 0x4C, 0x00, 0x27, 0x4C, 0x00, 0x27, 0x4C, 
    0x00, 0x27, 0x4C, 0x00, 0x27, 0x4C, 0x02, 0x28, 0x4D, 0x00, 0x1F, 0x45, 
    0x29, 0x4A, 0x69, 0x3C, 0x5A, 0x76, 0x00, 0x1D, 0x43, 0x02, 0x29, 0x4E, 
    0x00, 0x27, 0x4C, 0x00, 0x27, 0x4C, 0x00, 0x27, 0x4C, 0x00, 0x27, 0x4C, 
    0x00, 0x27, 0x4C, 0x00, 0x27, 0x4C, 0x00, 0x27, 0x4C, 0x00, 0x27, 0x4C, 
    0x00, 0x27, 0x4C, 0x00, 0x27, 0x4C, 0x00, 0x27, 0x4C, 0x00, 0x27, 0x4C, 
    0x00, 0x27, 0x4C, 0x00, 0x27, 0x4C, 0x00, 0x27, 0x4C, 0x00, 0x27, 0x4C, 
    0x00, 0x27, 0x4C, 0x00, 0x27, 0x4C, 0x00, 0x27, 0x4C, 0x00, 0x27, 0x4C, 
    0x00, 0x27, 0x4C, 0x03, 0x29, 0x4B, 0x00, 0x1C, 0x4D, 0xA4, 0xC6, 0xE0, 
    0xFF, 0xFF, 0xFF, 0xFB, 0xFB, 0xFC, 0xFF, 0xFF, 0xFF, 0xF2, 0xE6, 0xDB, 
    0x1D, 0x2F, 0x49, 0x00, 0x25, 0x4C, 0x02, 0x28, 0x4C, 0x00, 0x27, 0x4C, 
    0x00, 0x27, 0x4C, 0x00, 0x27, 0x4C, 0x00, 0x27, 0x4C, 0x00, 0x27, 0x4C, 
    0x00, 0x27, 0x4C, 0x00, 0x27, 0x4C, 0x00, 0x27, 0x4C, 0x00, 0x27, 0x4C, 
    0x00, 0x27, 0x4C, 0x00, 0x27, 0x4C, 0x00, 0x27, 0x4C, 0x00, 0x27, 0x4C, 
    0x00, 0x27, 0x4C, 0x00, 0x27, 0x4C, 0x00, 0x27, 0x4C, 0x00, 0x27, 0x4C, 
    0x00, 0x27, 0x4C, 0x00, 0x27, 0x4D, 0x03, 0x29, 0x4B, 0x00, 0x1E, 0x50, 
    0xAB, 0xCC, 0xE3, 0xFF, 0xFF, 0xFF, 0xFA, 0xFB, 0xFC, 0xFF, 0xFF, 0xFF, 
    0xEE, 0xE1, 0xD6, 0x18, 0x2C, 0x47, 0x00, 0x26, 0x4D, 0x01, 0x28, 0x4C, 
    0x00, 0x27, 0x4C, 0x00, 0x27, 0x4C, 0x00, 0x27, 0x4C, 0x00, 0x27, 0x4C, 
    0x00, 0x27, 0x4C, 0x00, 0x27, 0x4C, 0x00, 0x27, 0x4C, 0x00, 0x27, 0x4C, 
    0x00, 0x27, 0x4C, 0x00, 0x27, 0x4C, 0x00, 0x27, 0x4C, 0x00, 0x27, 0x4C, 
    0x00, 0x27, 0x4C, 0x00, 0x27, 0x4C, 0x00, 0x27, 0x4C, 0x00, 0x27, 0x4C, 
    0x00, 0x27, 0x4C, 0x00, 0x27, 0x4C, 0x03, 0x2A, 0x4F, 0x00, 0x1A, 0x40, 
    0x3A, 0x6B, 0x98, 0xFF, 0xFF, 0xFF, 0xFC, 0xFC, 0xFC, 0xFF, 0xFF, 0xFF, 
    0xFC, 0xFC, 0xFD, 0xFF, 0xFF, 0xFF, 0x98, 0x91, 0x91, 0x00, 0x14, 0x3C, 
    0x03, 0x2B, 0x50, 0x02, 0x28, 0x4D, 0x00, 0x27, 0x4C, 0x00, 0x27, 0x4C, 
    0x00, 0x27, 0x4C, 0x00, 0x27, 0x4C, 0x00, 0x27, 0x4C, 0x00, 0x27, 0x4C, 
    0x00, 0x27, 0x4C, 0x00, 0x27, 0x4C, 0x00, 0x27, 0x4C, 0x00, 0x27, 0x4C, 
    0x00, 0x27, 0x4C, 0x00, 0x27, 0x4C, 0x00, 0x27, 0x4C, 0x00, 0x27, 0x4C, 
    0x00, 0x27, 0x4C, 0x00, 0x27, 0x4C, 0x00, 0x27, 0x4C, 0x00, 0x27, 0x4C, 
    0x00, 0x27, 0x4C, 0x00, 0x27, 0x4C, 0x00, 0x27, 0x4C, 0x00, 0x27, 0x4C, 
    0x00, 0x27, 0x4C, 0x00, 0x27, 0x4C, 0x01, 0x28, 0x4D, 0x03, 0x29, 0x4E, 
    0x00, 0x27, 0x4C, 0x00, 0x27, 0x4C, 0x00, 0x27, 0x4C, 0x00, 0x27, 0x4C, 
    0x00, 0x27, 0x4C, 0x00, 0x27, 0x4C, 0x00, 0x27, 0x4C, 0x00, 0x27, 0x4C, 
    0x00, 0x27, 0x4C, 0x00, 0x27, 0x4C, 0x00, 0x27, 0x4C, 0x00, 0x27, 0x4C, 
    0x00, 0x27, 0x4C, 0x00, 0x27, 0x4C, 0x00, 0x27, 0x4C, 0x02, 0x29, 0x4E, 
    0x00, 0x1E, 0x42, 0x21, 0x57, 0x85, 0xFA, 0xFF, 0xFF, 0xFF, 0xFE, 0xFD, 
    0xFC, 0xFC, 0xFC, 0xFF, 0xFF, 0xFF, 0xCA, 0xBE, 0xB5, 0x00, 0x1E, 0x41, 
    0x01, 0x29, 0x4E, 0x00, 0x27, 0x4C, 0x00, 0x27, 0x4C, 0x00, 0x27, 0x4C, 
    0x00, 0x27, 0x4C, 0x00, 0x27, 0x4C, 0x00, 0x27, 0x4C, 0x00, 0x27, 0x4C, 
    0x00, 0x27, 0x4C, 0x00, 0x27, 0x4C, 0x00, 0x27, 0x4C, 0x00, 0x27, 0x4C, 
    0x00, 0x27, 0x4C, 0x00, 0x27, 0x4C, 0x00, 0x27, 0x4C, 0x00, 0x27, 0x4C, 
    0x00, 0x27, 0x4C, 0x00, 0x27, 0x4C, 0x00, 0x27, 0x4C, 0x00, 0x27, 0x4C, 
    0x02, 0x29, 0x4E, 0x03, 0x29, 0x4D, 0x00, 0x27, 0x4C, 0x00, 0x27, 0x4C, 
    0x00, 0x27, 0x4C, 0x00, 0x27, 0x4C, 0x00, 0x27, 0x4C, 0x00, 0x27, 0x4C, 
    0x00, 0x27, 0x4C, 0x00, 0x27, 0x4C, 0x00, 0x27, 0x4C, 0x00, 0x27, 0x4C, 
    0x00, 0x27, 0x4C, 0x00, 0x27, 0x4C, 0x00, 0x27, 0x4C, 0x00, 0x27, 0x4C, 
    0x00, 0x27, 0x4C, 0x04, 0x2A, 0x4F, 0x01, 0x1A, 0x41, 0x54, 0x86, 0xAE, 
    0xFF, 0xFF, 0xFF, 0xFC, 0xFC, 0xFC, 0xFB, 0xFC, 0xFD, 0xFF, 0xFF, 0xFF, 
    0x91, 0x8D, 0x8C, 0x00, 0x18, 0x41, 0x04, 0x2A, 0x4E, 0x00, 0x27, 0x4C, 
    0x00, 0x27, 0x4C, 0x00, 0x27, 0x4C, 0x00, 0x27, 0x4C, 0x04, 0x29, 0x4D, 
    0x00, 0x1C, 0x47, 0x89, 0xB4, 0xD2, 0xFF, 0xFF, 0xFF, 0xFA, 0xFA, 0xFB, 
    0xFF, 0xFF, 0xFF, 0xF0, 0xE3, 0xD9, 0x17, 0x2F, 0x49, 0x00, 0x25, 0x4D, 
    0x01, 0x28, 0x4C, 0x00, 0x27, 0x4C, 0x00, 0x27, 0x4C, 0x00, 0x27, 0x4C, 
    0x00, 0x27, 0x4C, 0x00, 0x27, 0x4C, 0x00, 0x27, 0x4C, 0x00, 0x27, 0x4C, 
    0x00, 0x27, 0x4C, 0x03, 0x29, 0x4C, 0x00, 0x1C, 0x49, 0x9C, 0xBF, 0xDB, 
    0xFF, 0xFF, 0xFF, 0xFA, 0xFA, 0xFB, 0xFF, 0xFF, 0xFF, 0xE8, 0xDB, 0xD0, 
    0x12, 0x24, 0x46, 0x00, 0x27, 0x4D, 0x01, 0x27, 0x4C, 0x00, 0x27, 0x4C, 
    0x00, 0x27, 0x4C, 0x03, 0x2A, 0x4F, 0x00, 0x1B, 0x40, 0x36, 0x6B, 0x96, 
    0xFE, 0xFF, 0xFF, 0xFE, 0xFD, 0xFD, 0xFC, 0xFC, 0xFC, 0xFF, 0xFF, 0xFF, 
    0xC2, 0xB5, 0xAE, 0x00, 0x1A, 0x3E, 0x03, 0x2A, 0x50, 0x00, 0x27, 0x4C, 
    0x00, 0x27, 0x4C, 0x00, 0x27, 0x4C, 0x00, 0x27, 0x4C, 0x00, 0x27, 0x4C, 
    0x00, 0x27, 0x4C, 0x00, 0x27, 0x4C, 0x00, 0x27, 0x4C, 0x00, 0x27, 0x4C, 
    0x00, 0x27, 0x4C, 0x00, 0x27, 0x4C, 0x00, 0x27, 0x4C, 0x00, 0x27, 0x4C, 
    0x00, 0x27, 0x4C, 0x00, 0x27, 0x4C, 0x00, 0x27, 0x4C, 0x00, 0x27, 0x4C, 
    0x00, 0x27, 0x4C, 0x04, 0x2B, 0x4E, 0x00, 0x17, 0x45, 0x80, 0xA7, 0xC9, 
    0xFF, 0xFF, 0xFF, 0xFA, 0xFA, 0xFB, 0xFF, 0xFF, 0xFF, 0xF9, 0xEB, 0xE0, 
    0x22, 0x32, 0x4E, 0x00, 0x26, 0x4D, 0x05, 0x27, 0x4A, 0x00, 0x1E, 0x4A, 
    0x88, 0xAB, 0xCC, 0xFF, 0xFF, 0xFF, 0xFC, 0xFB, 0xFC, 0xFE, 0xFD, 0xFD, 
    0xFD, 0xFE, 0xFF, 0xFF, 0xFF, 0xF9, 0x76, 0x77, 0x80, 0x00, 0x18, 0x3E, 
    0x03, 0x2A, 0x50, 0x01, 0x28, 0x4C, 0x00, 0x27, 0x4C, 0x00, 0x27, 0x4C, 
    0x00, 0x27, 0x4C, 0x00, 0x27, 0x4C, 0x00, 0x27, 0x4C, 0x00, 0x27, 0x4C, 
    0x04, 0x29, 0x4C, 0x00, 0x1D, 0x49, 0x99, 0xBE, 0xDA, 0xFE, 0xFE, 0xFF, 
    0xFB, 0xFC, 0xFC, 0xFD, 0xFE, 0xFF, 0xFF, 0xFC, 0xF7, 0x4B, 0x51, 0x5F, 
    0x01, 0x1E, 0x48, 0x04, 0x29, 0x4D, 0x00, 0x27, 0x4C, 0x00, 0x27, 0x4C, 
    0x00, 0x27, 0x4C, 0x00, 0x27, 0x4C, 0x00, 0x27, 0x4C, 0x00, 0x27, 0x4C, 
    0x00, 0x27, 0x4C, 0x00, 0x27, 0x4C, 0x00, 0x27, 0x4C, 0x00, 0x27, 0x4C, 
    0x00, 0x27, 0x4C, 0x00, 0x27, 0x4C, 0x00, 0x27, 0x4C, 0x00, 0x27, 0x4C, 
    0x01, 0x28, 0x4D, 0x00, 0x27, 0x4C, 0x00, 0x27, 0x4C, 0x00, 0x27, 0x4C, 
    0x00, 0x27, 0x4C, 0x00, 0x27, 0x4C, 0x00, 0x27, 0x4C, 0x04, 0x2A, 0x4D, 
    0x00, 0x18, 0x48, 0x8E, 0xB4, 0xD2, 0xFF, 0xFF, 0xFF, 0xFA, 0xFA, 0xFB, 
    0xFF, 0xFF, 0xFF, 0xF1, 0xE3, 0xD8, 0x18, 0x2C, 0x4A, 0x00, 0x25, 0x4C, 
    0x01, 0x28, 0x4C, 0x00, 0x27, 0x4C, 0x00, 0x27, 0x4C, 0x00, 0x27, 0x4C, 
    0x00, 0x27, 0x4C, 0x00, 0x27, 0x4C, 0x00, 0x27, 0x4C, 0x00, 0x27, 0x4C, 
    0x00, 0x27, 0x4C, 0x00, 0x27, 0x4C, 0x00, 0x27, 0x4C, 0x00, 0x27, 0x4C, 
    0x00, 0x27, 0x4C, 0x00, 0x27, 0x4C, 0x00, 0x27, 0x4C, 0x00, 0x27, 0x4C, 
    0x00, 0x27, 0x4C, 0x00, 0x27, 0x4C, 0x00, 0x27, 0x4C, 0x00, 0x27, 0x4C, 
    0x00, 0x27, 0x4C, 0x02, 0x29, 0x4E, 0x05, 0x2C, 0x50, 0x00, 0x1B, 0x3F, 
    0x05, 0x37, 0x64, 0xD4, 0xE7, 0xF5, 0xFF, 0xFE, 0xFE, 0xFD, 0xFD, 0xFE, 
    0xFD, 0xFF, 0xFF, 0xFF, 0xFB, 0xF1, 0x39, 0x47, 0x59, 0x00, 0x20, 0x49, 
    0x03, 0x29, 0x4D, 0x00, 0x27, 0x4C, 0x00, 0x27, 0x4C, 0x00, 0x27, 0x4C, 
    0x00, 0x27, 0x4C, 0x00, 0x27, 0x4C, 0x00, 0x27, 0x4C, 0x00, 0x27, 0x4C, 
    0x00, 0x27, 0x4C, 0x00, 0x27, 0x4C, 0x00, 0x27, 0x4C, 0x00, 0x27, 0x4C, 
    0x00, 0x27, 0x4C, 0x00, 0x27, 0x4C, 0x00, 0x27, 0x4C, 0x00, 0x27, 0x4C, 
    0x00, 0x27, 0x4C, 0x00, 0x27, 0x4C, 0x00, 0x27, 0x4C, 0x00, 0x27, 0x4C, 
    0x00, 0x27, 0x4C, 0x00, 0x28, 0x4C, 0x00, 0x22, 0x4E, 0x00, 0x1A, 0x52, 
    0x00, 0x1B, 0x51, 0x00, 0x1B, 0x51, 0x00, 0x1B, 0x51, 0x00, 0x1D, 0x50, 
    0x00, 0x13, 0x55, 0x20, 0x3C, 0x43, 0xFF, 0xCF, 0x03, 0xFE, 0xCA, 0x05, 
    0xFF, 0xCB, 0x05, 0xFF, 0xCB, 0x05, 0xFF, 0xCB, 0x05, 0xFF, 0xCB, 0x05, 
    0xFF, 0xCB, 0x05, 0xFF, 0xCB, 0x05, 0xFF, 0xCB, 0x05, 0xFF, 0xCB, 0x05, 
    0xFF, 0xCB, 0x05, 0xFF, 0xCB, 0x05, 0xFF, 0xCB, 0x05, 0xFF, 0xCB, 0x05, 
    0xFF, 0xCB, 0x05, 0xFF, 0xCB, 0x05, 0xFF, 0xCB, 0x05, 0xFF, 0xCB, 0x05, 
    0xFC, 0xC9, 0x05, 0xFF, 0xD6, 0x03, 0xB2, 0x93, 0x0F, 0x00, 0x13, 0x50, 
    0x00, 0x1D, 0x51, 0x00, 0x1B, 0x51, 0x00, 0x1B, 0x51, 0x00, 0x1B, 0x51, 
    0x00, 0x1B, 0x51, 0x00, 0x1A, 0x52, 0x00, 0x21, 0x4E, 0x00, 0x28, 0x4C, 
    0x00, 0x27, 0x4C, 0x04, 0x2B, 0x4C, 0x00, 0x18, 0x4F, 0x97, 0x81, 0x15, 
    0xFF, 0xDA, 0x01, 0xF7, 0xC5, 0x07, 0xFF, 0xCB, 0x05, 0xFF, 0xCB, 0x05, 
    0xFF, 0xCB, 0x05, 0xFF, 0xCB, 0x05, 0xFF, 0xCB, 0x05, 0xFF, 0xCB, 0x05, 
    0xFF, 0xCB, 0x05, 0xFF, 0xCB, 0x05, 0xF8, 0xC5, 0x07, 0xFF, 0xD8, 0x01, 
    0xA7, 0x8F, 0x16, 0x00, 0x1B, 0x4F, 0x03, 0x2A, 0x4B, 0x00, 0x27, 0x4C, 
    0x00, 0x28, 0x4C, 0x00, 0x25, 0x4F, 0x00, 0x1A, 0x52, 0x00, 0x1B, 0x51, 
    0x00, 0x1B, 0x51, 0x00, 0x1B, 0x51, 0x00, 0x1B, 0x51, 0x00, 0x1E, 0x51, 
    0x00, 0x0F, 0x50, 0xA1, 0x86, 0x0E, 0xFF, 0xD7, 0x03, 0xFB, 0xC8, 0x05, 
    0xFF, 0xCB, 0x05, 0xFF, 0xCB, 0x05, 0xFF, 0xCB, 0x05, 0xFF, 0xCB, 0x05, 
    0xFF, 0xCB, 0x05, 0xFF, 0xCB, 0x05, 0xFF, 0xCB, 0x05, 0xFF, 0xCB, 0x05, 
    0xFF, 0xCB, 0x05, 0xFF, 0xCB, 0x05, 0xFF, 0xCB, 0x05, 0xFF, 0xCB, 0x05, 
    0xFF, 0xCB, 0x05, 0xFF, 0xCB, 0x05, 0xFF, 0xCB, 0x05, 0xFF, 0xCB, 0x05, 
    0xFE, 0xCB, 0x05, 0xFF, 0xCE, 0x04, 0x1C, 0x3A, 0x44, 0x00, 0x13, 0x55, 
    0x00, 0x1C, 0x50, 0x00, 0x1B, 0x51, 0x00, 0x1B, 0x51, 0x00, 0x1B, 0x51, 
    0x00, 0x1A, 0x52, 0x00, 0x22, 0x4E, 0x00, 0x28, 0x4C, 0x00, 0x27, 0x4C, 
    0x00, 0x27, 0x4C, 0x00, 0x27, 0x4C, 0x00, 0x27, 0x4C, 0x00, 0x27, 0x4C, 
    0x00, 0x27, 0x4C, 0x00, 0x27, 0x4C, 0x02, 0x28, 0x4D, 0x00, 0x1F, 0x45, 
    0x29, 0x4A, 0x69, 0x3C, 0x5A, 0x76, 0x00, 0x1D, 0x43, 0x02, 0x29, 0x4E, 
    0x00, 0x27, 0x4C, 0x00, 0x27, 0x4C, 0x00, 0x27, 0x4C, 0x00, 0x27, 0x4C, 
    0x00, 0x27, 0x4C, 0x00, 0x27, 0x4C, 0x00, 0x27, 0x4C, 0x00, 0x27, 0x4C, 
    0x00, 0x27, 0x4C, 0x00, 0x27, 0x4C, 0x00, 0x27, 0x4C, 0x00, 0x27, 0x4C, 
    0x00, 0x27, 0x4C, 0x00, 0x27, 0x4C, 0x00, 0x27, 0x4C, 0x00, 0x27, 0x4C, 
    0x00, 0x27, 0x4C, 0x00, 0x27, 0x4C, 0x00, 0x27, 0x4C, 0x00, 0x27, 0x4C, 
    0x00, 0x27, 0x4C, 0x03, 0x29, 0x4B, 0x00, 0x1C, 0x4D, 0xA4, 0xC6, 0xE0, 
    0xFF, 0xFF, 0xFF, 0xFB, 0xFB, 0xFC, 0xFF, 0xFF, 0xFF, 0xF2, 0xE6, 0xDB, 
    0x1D, 0x2F, 0x49, 0x00, 0x25, 0x4C, 0x02, 0x28, 0x4C, 0x00, 0x27, 0x4C, 
    0x00, 0x27, 0x4C, 0x00, 0x27, 0x4C, 0x00, 0x27, 0x4C, 0x00, 0x27, 0x4C, 
    0x00, 0x27, 0x4C, 0x00, 0x27, 0x4C, 0x00, 0x27, 0x4C, 0x00, 0x27, 0x4C, 
    0x00, 0x27, 0x4C, 0x00, 0x27, 0x4C, 0x00, 0x27, 0x4C, 0x00, 0x27, 0x4C, 
    0x00, 0x27, 0x4C, 0x00, 0x27, 0x4C, 0x00, 0x27, 0x4C, 0x00, 0x27, 0x4C, 
    0x00, 0x27, 0x4C, 0x00, 0x27, 0x4D, 0x03, 0x29, 0x4B, 0x00, 0x1E, 0x50, 
    0xAB, 0xCC, 0xE3, 0xFF, 0xFF, 0xFF, 0xFA, 0xFB, 0xFC, 0xFF, 0xFF, 0xFF, 
    0xEE, 0xE1, 0xD6, 0x18, 0x2C, 0x47, 0x00, 0x26, 0x4D, 0x01, 0x28, 0x4C, 
    0x00, 0x27, 0x4C, 0x00, 0x27, 0x4C, 0x00, 0x27, 0x4C, 0x00, 0x27, 0x4C, 
    0x00, 0x27, 0x4C, 0x00, 0x27, 0x4C, 0x00, 0x27, 0x4C, 0x00, 0x27, 0x4C, 
    0x00, 0x27, 0x4C, 0x00, 0x27, 0x4C, 0x00, 0x27, 0x4C, 0x00, 0x27, 0x4C, 
    0x00, 0x27, 0x4C, 0x00, 0x27, 0x4C, 0x00, 0x27, 0x4C, 0x00, 0x27, 0x4C, 
    0x00, 0x27, 0x4C, 0x00, 0x27, 0x4C, 0x00, 0x27, 0x4C, 0x03, 0x29, 0x4C, 
    0x00, 0x1E, 0x4A, 0x98, 0xBE, 0xD9, 0xFF, 0xFF, 0xFF, 0xFB, 0xFC, 0xFD, 
    0xFF, 0xFF, 0xFF, 0xFB, 0xFC, 0xFD, 0xFF, 0xFF, 0xFD, 0x85, 0x86, 0x8A, 
    0x00, 0x17, 0x3D, 0x00, 0x27, 0x4D, 0x04, 0x2A, 0x4E, 0x00, 0x27, 0x4C, 
    0x00, 0x27, 0x4C, 0x00, 0x27, 0x4C, 0x00, 0x27, 0x4C, 0x00, 0x27, 0x4C, 
    0x00, 0x27, 0x4C, 0x00, 0x27, 0x4C, 0x00, 0x27, 0x4C, 0x00, 0x27, 0x4C, 
    0x00, 0x27, 0x4C, 0x00, 0x27, 0x4C, 0x00, 0x27, 0x4C, 0x00, 0x27, 0x4C, 
    0x00, 0x27, 0x4C, 0x00, 0x27, 0x4C, 0x02, 0x29, 0x4E, 0x03, 0x29, 0x4E, 
    0x00, 0x27, 0x4C, 0x00, 0x27, 0x4C, 0x00, 0x27, 0x4C, 0x00, 0x27, 0x4C, 
    0x00, 0x27, 0x4C, 0x00, 0x28, 0x4D, 0x00, 0x22, 0x46, 0x00, 0x1D, 0x44, 
    0x02, 0x2A, 0x4F, 0x03, 0x29, 0x4E, 0x01, 0x27, 0x4C, 0x00, 0x27, 0x4C, 
    0x00, 0x27, 0x4C, 0x00, 0x27, 0x4C, 0x00, 0x27, 0x4C, 0x00, 0x27, 0x4C, 
    0x00, 0x27, 0x4C, 0x00, 0x27, 0x4C, 0x00, 0x27, 0x4C, 0x00, 0x27, 0x4C, 
    0x00, 0x27, 0x4C, 0x00, 0x27, 0x4C, 0x00, 0x27, 0x4C, 0x04, 0x2C, 0x50, 
    0x01, 0x18, 0x3E, 0x4A, 0x7C, 0xA5, 0xFF, 0xFF, 0xFF, 0xFC, 0xFC, 0xFC, 
    0xFC, 0xFC, 0xFC, 0xFE, 0xFE, 0xFF, 0xB1, 0xA5, 0xA0, 0x00, 0x1A, 0x3F, 
    0x03, 0x2A, 0x4F, 0x00, 0x27, 0x4C, 0x00, 0x27, 0x4C, 0x00, 0x27, 0x4C, 
    0x00, 0x27, 0x4C, 0x00, 0x27, 0x4C, 0x00, 0x27, 0x4C, 0x00, 0x27, 0x4C, 
    0x00, 0x27, 0x4C, 0x00, 0x27, 0x4C, 0x00, 0x27, 0x4C, 0x00, 0x27, 0x4C, 
    0x00, 0x27, 0x4C, 0x00, 0x27, 0x4C, 0x00, 0x27, 0x4C, 0x00, 0x27, 0x4C, 
    0x00, 0x27, 0x4C, 0x00, 0x27, 0x4C, 0x00, 0x27, 0x4C, 0x00, 0x28, 0x4D, 
    0x00, 0x1E, 0x44, 0x00, 0x20, 0x47, 0x03, 0x2B, 0x4F, 0x02, 0x29, 0x4D, 
    0x00, 0x27, 0x4C, 0x00, 0x27, 0x4C, 0x00, 0x27, 0x4C, 0x00, 0x27, 0x4C, 
    0x00, 0x27, 0x4C, 0x00, 0x27, 0x4C, 0x00, 0x27, 0x4C, 0x00, 0x27, 0x4C, 
    0x00, 0x27, 0x4C, 0x00, 0x27, 0x4C, 0x00, 0x27, 0x4C, 0x00, 0x27, 0x4C, 
    0x00, 0x27, 0x4C, 0x05, 0x2C, 0x4F, 0x00, 0x18, 0x43, 0x87, 0xB0, 0xCF, 
    0xFF, 0xFF, 0xFF, 0xFB, 0xFC, 0xFC, 0xFB, 0xFD, 0xFE, 0xFF, 0xFF, 0xFF, 
    0x76, 0x73, 0x78, 0x00, 0x1A, 0x43, 0x04, 0x2A, 0x4E, 0x00, 0x27, 0x4C, 
    0x00, 0x27, 0x4C, 0x00, 0x27, 0x4C, 0x00, 0x27, 0x4C, 0x04, 0x29, 0x4D, 
    0x00, 0x1C, 0x47, 0x89, 0xB4, 0xD2, 0xFF, 0xFF, 0xFF, 0xFA, 0xFA, 0xFB, 
    0xFF, 0xFF, 0xFF, 0xF5, 0xE6, 0xDC, 0x19, 0x32, 0x4B, 0x00, 0x25, 0x4C, 
    0x01, 0x28, 0x4C, 0x00, 0x27, 0x4C, 0x00, 0x27, 0x4C, 0x00, 0x27, 0x4C, 
    0x00, 0x27, 0x4C, 0x00, 0x27, 0x4C, 0x00, 0x27, 0x4C, 0x00, 0x27, 0x4C, 
    0x00, 0x27, 0x4C, 0x03, 0x29, 0x4C, 0x00, 0x1C, 0x49, 0x9C, 0xBF, 0xDB, 
    0xFF, 0xFF, 0xFF, 0xFA, 0xFA, 0xFB, 0xFF, 0xFF, 0xFF, 0xE8, 0xDB, 0xD0, 
    0x12, 0x24, 0x46, 0x00, 0x27, 0x4D, 0x01, 0x27, 0x4C, 0x00, 0x27, 0x4C, 
    0x00, 0x27, 0x4C, 0x01, 0x28, 0x4D, 0x01, 0x24, 0x47, 0x04, 0x31, 0x60, 
    0xD3, 0xEA, 0xF8, 0xFE, 0xFE, 0xFE, 0xFC, 0xFD, 0xFE, 0xFC, 0xFE, 0xFE, 
    0xFF, 0xFC, 0xF7, 0x52, 0x57, 0x63, 0x00, 0x1B, 0x45, 0x05, 0x2C, 0x4F, 
    0x00, 0x27, 0x4C, 0x00, 0x27, 0x4C, 0x00, 0x27, 0x4C, 0x00, 0x27, 0x4C, 
    0x00, 0x27, 0x4C, 0x00, 0x27, 0x4C, 0x00, 0x27, 0x4C, 0x00, 0x27, 0x4C, 
    0x00, 0x27, 0x4C, 0x00, 0x27, 0x4C, 0x00, 0x27, 0x4C, 0x01, 0x29, 0x4D, 
    0x02, 0x29, 0x4D, 0x00, 0x27, 0x4C, 0x00, 0x27, 0x4C, 0x00, 0x27, 0x4C, 
    0x00, 0x27, 0x4C, 0x04, 0x2B, 0x4E, 0x00, 0x17, 0x45, 0x80, 0xA7, 0xC9, 
    0xFF, 0xFF, 0xFF, 0xFA, 0xFA, 0xFB, 0xFF, 0xFF, 0xFF, 0xF9, 0xEB, 0xE0, 
    0x22, 0x32, 0x4E, 0x00, 0x24, 0x4B, 0x03, 0x2A, 0x4E, 0x04, 0x27, 0x4A, 
    0x00, 0x1C, 0x4A, 0x85, 0xAB, 0xC9, 0xFF, 0xFF, 0xFF, 0xFB, 0xFC, 0xFC, 
    0xFD, 0xFD, 0xFE, 0xFC, 0xFE, 0xFF, 0xFF, 0xFF, 0xFD, 0x86, 0x84, 0x84, 
    0x00, 0x17, 0x3E, 0x02, 0x29, 0x4F, 0x01, 0x28, 0x4C, 0x00, 0x27, 0x4C, 
    0x00, 0x27, 0x4C, 0x00, 0x27, 0x4C, 0x00, 0x27, 0x4C, 0x00, 0x27, 0x4C, 
    0x03, 0x2A, 0x4F, 0x00, 0x18, 0x40, 0x4F, 0x80, 0xA9, 0xFF, 0xFF, 0xFF, 
    0xFC, 0xFC, 0xFC, 0xFC, 0xFC, 0xFD, 0xFF, 0xFF, 0xFF, 0xBA, 0xAE, 0xA8, 
    0x00, 0x17, 0x3D, 0x05, 0x2B, 0x51, 0x01, 0x27, 0x4C, 0x00, 0x27, 0x4C, 
    0x00, 0x27, 0x4C, 0x00, 0x27, 0x4C, 0x00, 0x27, 0x4C, 0x00, 0x27, 0x4C, 
    0x00, 0x27, 0x4C, 0x00, 0x27, 0x4C, 0x00, 0x27, 0x4C, 0x00, 0x27, 0x4C, 
    0x00, 0x27, 0x4C, 0x00, 0x27, 0x4C, 0x01, 0x28, 0x4E, 0x03, 0x29, 0x4D, 
    0x00, 0x24, 0x4A, 0x00, 0x27, 0x4C, 0x00, 0x27, 0x4C, 0x00, 0x27, 0x4C, 
    0x00, 0x27, 0x4C, 0x00, 0x27, 0x4C, 0x00, 0x27, 0x4C, 0x04, 0x2A, 0x4D, 
    0x00, 0x18, 0x48, 0x8E, 0xB4, 0xD2, 0xFF, 0xFF, 0xFF, 0xFA, 0xFA, 0xFB, 
    0xFF, 0xFF, 0xFF, 0xF1, 0xE3, 0xD8, 0x18, 0x2C, 0x4A, 0x00, 0x25, 0x4C, 
    0x01, 0x28, 0x4C, 0x00, 0x27, 0x4C, 0x00, 0x27, 0x4C, 0x00, 0x27, 0x4C, 
    0x00, 0x27, 0x4C, 0x00, 0x27, 0x4C, 0x00, 0x27, 0x4C, 0x00, 0x27, 0x4C, 
    0x00, 0x27, 0x4C, 0x00, 0x27, 0x4C, 0x00, 0x27, 0x4C, 0x02, 0x29, 0x4E, 
    0x02, 0x29, 0x4D, 0x00, 0x27, 0x4C, 0x00, 0x27, 0x4C, 0x00, 0x27, 0x4C, 
    0x00, 0x27, 0x4C, 0x00, 0x27, 0x4C, 0x00, 0x27, 0x4C, 0x00, 0x27, 0x4C, 
    0x00, 0x27, 0x4C, 0x00, 0x27, 0x4C, 0x00, 0x27, 0x4C, 0x06, 0x2C, 0x50, 
    0x00, 0x17, 0x41, 0x70, 0x9F, 0xC2, 0xFF, 0xFF, 0xFF, 0xFB, 0xFB, 0xFC, 
    0xFC, 0xFF, 0xFF, 0xFE, 0xFF, 0xF7, 0x4D, 0x52, 0x63, 0x00, 0x1E, 0x47, 
    0x03, 0x29, 0x4D, 0x00, 0x27, 0x4C, 0x00, 0x27, 0x4C, 0x00, 0x27, 0x4C, 
    0x00, 0x27, 0x4C, 0x00, 0x27, 0x4C, 0x00, 0x27, 0x4C, 0x00, 0x27, 0x4C, 
    0x00, 0x27, 0x4C, 0x00, 0x27, 0x4C, 0x00, 0x27, 0x4C, 0x00, 0x27, 0x4C, 
    0x00, 0x27, 0x4C, 0x00, 0x27, 0x4C, 0x00, 0x27, 0x4C, 0x00, 0x27, 0x4C, 
    0x00, 0x27, 0x4C, 0x00, 0x27, 0x4C, 0x00, 0x27, 0x4C, 0x00, 0x27, 0x4C, 
    0x02, 0x29, 0x4B, 0x00, 0x20, 0x4F, 0x3C, 0x4D, 0x3C, 0x8F, 0x8A, 0x21, 
    0x8D, 0x81, 0x25, 0x8F, 0x83, 0x24, 0x8F, 0x83, 0x24, 0x90, 0x84, 0x24, 
    0x8F, 0x80, 0x25, 0xA4, 0x91, 0x1E, 0xFF, 0xCD, 0x04, 0xFF, 0xCB, 0x05, 
    0xFF, 0xCB, 0x05, 0xFF, 0xCB, 0x05, 0xFF, 0xCB, 0x05, 0xFF, 0xCB, 0x05, 
    0xFF, 0xCB, 0x05, 0xFF, 0xCB, 0x05, 0xFF, 0xCB, 0x05, 0xFF, 0xCB, 0x05, 
    0xFF, 0xCB, 0x05, 0xFF, 0xCB, 0x05, 0xFF, 0xCB, 0x05, 0xFF, 0xCB, 0x05, 
    0xFF, 0xCB, 0x05, 0xFF, 0xCB, 0x05, 0xFF, 0xCB, 0x05, 0xFF, 0xCB, 0x05, 
    0xFE, 0xCA, 0x05, 0xFF, 0xCF, 0x04, 0xDF, 0xB4, 0x09, 0x8F, 0x80, 0x24, 
    0x90, 0x84, 0x24, 0x8F, 0x83, 0x24, 0x8F, 0x83, 0x24, 0x8F, 0x83, 0x24, 
    0x8D, 0x81, 0x25, 0x8F, 0x8A, 0x21, 0x43, 0x52, 0x39, 0x00, 0x20, 0x4F, 
    0x02, 0x29, 0x4B, 0x02, 0x28, 0x4B, 0x03, 0x25, 0x4E, 0x1D, 0x34, 0x41, 
    0xE6, 0xBC, 0x05, 0xFF, 0xDA, 0x00, 0xFE, 0xCB, 0x05, 0xFF, 0xCB, 0x05, 
    0xFF, 0xCB, 0x05, 0xFF, 0xCB, 0x05, 0xFF, 0xCB, 0x05, 0xFF, 0xCB, 0x05, 
    0xFF, 0xCB, 0x05, 0xFE, 0xCB, 0x05, 0xFF, 0xDA, 0x00, 0xEA, 0xC0, 0x06, 
    0x1F, 0x37, 0x42, 0x02, 0x24, 0x4E, 0x02, 0x28, 0x4C, 0x02, 0x28, 0x4B, 
    0x00, 0x23, 0x4F, 0x24, 0x39, 0x38, 0x8F, 0x85, 0x21, 0x8E, 0x83, 0x25, 
    0x8F, 0x83, 0x24, 0x8F, 0x83, 0x24, 0x8F, 0x83, 0x24, 0x91, 0x84, 0x24, 
    0x8F, 0x7E, 0x24, 0xD9, 0xAF, 0x09, 0xFF, 0xD0, 0x04, 0xFD, 0xCA, 0x05, 
    0xFF, 0xCB, 0x05, 0xFF, 0xCB, 0x05, 0xFF, 0xCB, 0x05, 0xFF, 0xCB, 0x05, 
    0xFF, 0xCB, 0x05, 0xFF, 0xCB, 0x05, 0xFF, 0xCB, 0x05, 0xFF, 0xCB, 0x05, 
    0xFF, 0xCB, 0x05, 0xFF, 0xCB, 0x05, 0xFF, 0xCB, 0x05, 0xFF, 0xCB, 0x05, 
    0xFF, 0xCB, 0x05, 0xFF, 0xCB, 0x05, 0xFF, 0xCB, 0x05, 0xFF, 0xCB, 0x05, 
    0xFF, 0xCB, 0x05, 0xFF, 0xCC, 0x05, 0xA3, 0x90, 0x1F, 0x8F, 0x80, 0x25, 
    0x90, 0x84, 0x24, 0x8F, 0x83, 0x24, 0x8F, 0x83, 0x24, 0x8D, 0x81, 0x25, 
    0x8F, 0x8A, 0x21, 0x39, 0x4C, 0x3C, 0x00, 0x20, 0x4F, 0x02, 0x29, 0x4B, 
    0x00, 0x27, 0x4C, 0x00, 0x27, 0x4C, 0x00, 0x27, 0x4C, 0x00, 0x27, 0x4C, 
    0x00, 0x27, 0x4C, 0x00, 0x27, 0x4C, 0x02, 0x28, 0x4D, 0x00, 0x1F, 0x45, 
    0x29, 0x4A, 0x69, 0x3C, 0x5A, 0x76, 0x00, 0x1D, 0x43, 0x02, 0x29, 0x4E, 
    0x00, 0x27, 0x4C, 0x00, 0x27, 0x4C, 0x00, 0x27, 0x4C, 0x00, 0x27, 0x4C, 
    0x00, 0x27, 0x4C, 0x00, 0x27, 0x4C, 0x00, 0x27, 0x4C, 0x00, 0x27, 0x4C, 
    0x00, 0x27, 0x4C, 0x00, 0x27, 0x4C, 0x00, 0x27, 0x4C, 0x00, 0x27, 0x4C, 
    0x00, 0x27, 0x4C, 0x00, 0x27, 0x4C, 0x00, 0x27, 0x4C, 0x00, 0x27, 0x4C, 
    0x00, 0x27, 0x4C, 0x00, 0x27, 0x4C, 0x00, 0x27, 0x4C, 0x00, 0x27, 0x4C, 
    0x00, 0x27, 0x4C, 0x03, 0x29, 0x4B, 0x00, 0x1C, 0x4D, 0xA4, 0xC6, 0xE0, 
    0xFF, 0xFF, 0xFF, 0xFB, 0xFB, 0xFC, 0xFF, 0xFF, 0xFF, 0xF2, 0xE6, 0xDB, 
    0x1F, 0x31, 0x4B, 0x03, 0x27, 0x4E, 0x05, 0x2A, 0x4E, 0x03, 0x29, 0x4E, 
    0x03, 0x29, 0x4E, 0x03, 0x29, 0x4E, 0x03, 0x29, 0x4E, 0x03, 0x29, 0x4E, 
    0x03, 0x29, 0x4E, 0x03, 0x29, 0x4E, 0x03, 0x29, 0x4E, 0x03, 0x29, 0x4E, 
    0x03, 0x29, 0x4E, 0x03, 0x29, 0x4E, 0x03, 0x29, 0x4E, 0x03, 0x29, 0x4E, 
    0x02, 0x28, 0x4D, 0x00, 0x27, 0x4C, 0x00, 0x27, 0x4C, 0x00, 0x27, 0x4C, 
    0x00, 0x27, 0x4C, 0x00, 0x27, 0x4D, 0x03, 0x29, 0x4B, 0x00, 0x1E, 0x50, 
    0xAB, 0xCC, 0xE3, 0xFF, 0xFF, 0xFF, 0xFA, 0xFB, 0xFC, 0xFF, 0xFF, 0xFF, 
    0xEE, 0xE1, 0xD6, 0x1A, 0x2E, 0x49, 0x03, 0x28, 0x4F, 0x04, 0x2A, 0x4E, 
    0x03, 0x29, 0x4E, 0x03, 0x29, 0x4E, 0x03, 0x29, 0x4E, 0x03, 0x29, 0x4E, 
    0x03, 0x29, 0x4E, 0x03, 0x29, 0x4E, 0x03, 0x29, 0x4E, 0x03, 0x29, 0x4E, 
    0x03, 0x29, 0x4E, 0x03, 0x29, 0x4E, 0x03, 0x29, 0x4E, 0x03, 0x29, 0x4E, 
    0x03, 0x29, 0x4E, 0x02, 0x28, 0x4D, 0x00, 0x27, 0x4C, 0x00, 0x27, 0x4C, 
    0x00, 0x27, 0x4C, 0x00, 0x27, 0x4C, 0x00, 0x27, 0x4C, 0x01, 0x29, 0x4E, 
    0x02, 0x22, 0x45, 0x0C, 0x37, 0x66, 0xD4, 0xEA, 0xF6, 0xFF, 0xFF, 0xFF, 
    0xFB, 0xFD, 0xFD, 0xFF, 0xFF, 0xFE, 0xFB, 0xFD, 0xFE, 0xFF, 0xFF, 0xFF, 
    0xA0, 0x9E, 0x9E, 0x0C, 0x24, 0x46, 0x00, 0x1B, 0x44, 0x00, 0x29, 0x4E, 
    0x04, 0x2A, 0x4F, 0x02, 0x29, 0x4D, 0x01, 0x28, 0x4C, 0x00, 0x27, 0x4C, 
    0x00, 0x27, 0x4C, 0x00, 0x27, 0x4C, 0x00, 0x27, 0x4C, 0x00, 0x27, 0x4C, 
    0x00, 0x27, 0x4C, 0x01, 0x27, 0x4C, 0x01, 0x28, 0x4D, 0x03, 0x29, 0x4E, 
    0x04, 0x2B, 0x4F, 0x02, 0x28, 0x4D, 0x00, 0x1E, 0x43, 0x00, 0x1C, 0x44, 
    0x01, 0x28, 0x4D, 0x00, 0x27, 0x4C, 0x00, 0x27, 0x4C, 0x00, 0x27, 0x4C, 
    0x03, 0x29, 0x4D, 0x00, 0x1D, 0x46, 0x50, 0x73, 0x93, 0x5B, 0x63, 0x76, 
    0x00, 0x17, 0x3D, 0x00, 0x1D, 0x45, 0x00, 0x28, 0x4D, 0x04, 0x2B, 0x4F, 
    0x03, 0x29, 0x4E, 0x02, 0x28, 0x4D, 0x01, 0x27, 0x4C, 0x00, 0x27, 0x4C, 
    0x00, 0x27, 0x4C, 0x00, 0x27, 0x4C, 0x00, 0x27, 0x4C, 0x00, 0x27, 0x4C, 
    0x01, 0x27, 0x4C, 0x02, 0x28, 0x4D, 0x04, 0x2C, 0x50, 0x01, 0x22, 0x44, 
    0x00, 0x25, 0x56, 0xBD, 0xD9, 0xEB, 0xFF, 0xFF, 0xFE, 0xFC, 0xFD, 0xFE, 
    0xFC, 0xFD, 0xFE, 0xFF, 0xFF, 0xFF, 0x6B, 0x6B, 0x72, 0x00, 0x1A, 0x44, 
    0x04, 0x2A, 0x4E, 0x00, 0x27, 0x4C, 0x00, 0x27, 0x4C, 0x00, 0x27, 0x4C, 
    0x00, 0x27, 0x4C, 0x00, 0x27, 0x4C, 0x00, 0x27, 0x4C, 0x00, 0x27, 0x4C, 
    0x00, 0x27, 0x4C, 0x00, 0x27, 0x4C, 0x00, 0x27, 0x4C, 0x00, 0x27, 0x4C, 
    0x00, 0x27, 0x4C, 0x00, 0x27, 0x4C, 0x00, 0x27, 0x4C, 0x00, 0x27, 0x4C, 
    0x00, 0x27, 0x4C, 0x00, 0x27, 0x4C, 0x01, 0x27, 0x4B, 0x01, 0x25, 0x50, 
    0x6D, 0x86, 0x9F, 0x3C, 0x48, 0x5F, 0x00, 0x15, 0x3E, 0x00, 0x20, 0x47, 
    0x01, 0x29, 0x4E, 0x04, 0x2A, 0x4F, 0x03, 0x29, 0x4E, 0x01, 0x28, 0x4D, 
    0x00, 0x27, 0x4C, 0x00, 0x27, 0x4C, 0x00, 0x27, 0x4C, 0x00, 0x27, 0x4C, 
    0x00, 0x27, 0x4C, 0x00, 0x27, 0x4C, 0x01, 0x28, 0x4D, 0x02, 0x29, 0x4E, 
    0x05, 0x2D, 0x51, 0x00, 0x19, 0x3D, 0x13, 0x46, 0x77, 0xE6, 0xF5, 0xFC, 
    0xFE, 0xFE, 0xFE, 0xFD, 0xFE, 0xFE, 0xFD, 0xFE, 0xFE, 0xFE, 0xF7, 0xEE, 
    0x32, 0x40, 0x54, 0x00, 0x21, 0x4A, 0x02, 0x28, 0x4C, 0x00, 0x27, 0x4C, 
    0x00, 0x27, 0x4C, 0x00, 0x27, 0x4C, 0x00, 0x27, 0x4C, 0x04, 0x29, 0x4D, 
    0x00, 0x1B, 0x47, 0x87, 0xB2, 0xD1, 0xFF, 0xFF, 0xFF, 0xFA, 0xFB, 0xFC, 
    0xFF, 0xFF, 0xFF, 0xFF, 0xF5, 0xE9, 0x2C, 0x3A, 0x52, 0x02, 0x23, 0x4B, 
    0x02, 0x28, 0x4D, 0x00, 0x27, 0x4C, 0x00, 0x27, 0x4C, 0x00, 0x27, 0x4C, 
    0x01, 0x28, 0x4D, 0x01, 0x27, 0x4C, 0x00, 0x27, 0x4C, 0x00, 0x27, 0x4C, 
    0x00, 0x27, 0x4C, 0x03, 0x29, 0x4C, 0x00, 0x1C, 0x49, 0x9C, 0xBF, 0xDB, 
    0xFF, 0xFF, 0xFF, 0xFA, 0xFA, 0xFB, 0xFF, 0xFF, 0xFF, 0xE8, 0xDB, 0xD0, 
    0x12, 0x24, 0x46, 0x00, 0x27, 0x4D, 0x01, 0x27, 0x4C, 0x00, 0x27, 0x4C, 
    0x00, 0x27, 0x4C, 0x00, 0x27, 0x4C, 0x03, 0x2A, 0x4F, 0x00, 0x18, 0x41, 
    0x63, 0x92, 0xB8, 0xFF, 0xFF, 0xFF, 0xFB, 0xFB, 0xFD, 0xFD, 0xFD, 0xFD, 
    0xFD, 0xFF, 0xFF, 0xE7, 0xDD, 0xD5, 0x1F, 0x2F, 0x4A, 0x00, 0x1E, 0x47, 
    0x05, 0x2C, 0x50, 0x01, 0x28, 0x4C, 0x00, 0x27, 0x4C, 0x00, 0x27, 0x4C, 
    0x00, 0x27, 0x4C, 0x00, 0x27, 0x4C, 0x00, 0x27, 0x4C, 0x00, 0x27, 0x4C, 
    0x00, 0x27, 0x4C, 0x01, 0x28, 0x4D, 0x03, 0x2B, 0x4F, 0x00, 0x20, 0x46, 
    0x00, 0x1F, 0x47, 0x00, 0x28, 0x4D, 0x00, 0x27, 0x4C, 0x00, 0x27, 0x4C, 
    0x00, 0x27, 0x4C, 0x04, 0x2B, 0x4E, 0x00, 0x17, 0x45, 0x80, 0xA7, 0xC9, 
    0xFF, 0xFF, 0xFF, 0xFA, 0xFA, 0xFB, 0xFF, 0xFF, 0xFF, 0xF9, 0xEB, 0xE0, 
    0x22, 0x32, 0x4E, 0x00, 0x24, 0x4B, 0x02, 0x28, 0x4C, 0x01, 0x28, 0x4E, 
    0x04, 0x27, 0x4A, 0x00, 0x1E, 0x4A, 0x7E, 0xAA, 0xC6, 0xFF, 0xFF, 0xFF, 
    0xFB, 0xFB, 0xFC, 0xFE, 0xFE, 0xFE, 0xFC, 0xFD, 0xFE, 0xFF, 0xFF, 0xFF, 
    0x96, 0x91, 0x93, 0x00, 0x1B, 0x3E, 0x01, 0x28, 0x4E, 0x02, 0x28, 0x4D, 
    0x00, 0x27, 0x4C, 0x00, 0x27, 0x4C, 0x00, 0x27, 0x4C, 0x00, 0x27, 0x4C, 
    0x01, 0x28, 0x4D, 0x01, 0x23, 0x46, 0x09, 0x37, 0x67, 0xDD, 0xF0, 0xFB, 
    0xFE, 0xFD, 0xFE, 0xFD, 0xFD, 0xFE, 0xFC, 0xFD, 0xFD, 0xFF, 0xFE, 0xF9, 
    0x65, 0x67, 0x70, 0x00, 0x14, 0x3F, 0x05, 0x2C, 0x51, 0x02, 0x28, 0x4D, 
    0x00, 0x27, 0x4C, 0x00, 0x27, 0x4C, 0x00, 0x27, 0x4C, 0x00, 0x27, 0x4C, 
    0x00, 0x27, 0x4C, 0x00, 0x27, 0x4C, 0x00, 0x27, 0x4C, 0x00, 0x27, 0x4C, 
    0x02, 0x29, 0x4E, 0x04, 0x2B, 0x4F, 0x00, 0x21, 0x45, 0x00, 0x1F, 0x48, 
    0x14, 0x34, 0x56, 0x01, 0x26, 0x4A, 0x00, 0x27, 0x4C, 0x00, 0x27, 0x4C, 
    0x00, 0x27, 0x4C, 0x00, 0x27, 0x4C, 0x00, 0x27, 0x4C, 0x04, 0x2A, 0x4D, 
    0x00, 0x18, 0x48, 0x8E, 0xB4, 0xD2, 0xFF, 0xFF, 0xFF, 0xFA, 0xFA, 0xFB, 
    0xFF, 0xFF, 0xFF, 0xF1, 0xE3, 0xD8, 0x18, 0x2C, 0x4A, 0x00, 0x25, 0x4C, 
    0x01, 0x28, 0x4C, 0x00, 0x27, 0x4C, 0x00, 0x27, 0x4C, 0x00, 0x27, 0x4C, 
    0x00, 0x27, 0x4C, 0x00, 0x27, 0x4C, 0x00, 0x27, 0x4C, 0x00, 0x27, 0x4C, 
    0x00, 0x27, 0x4C, 0x00, 0x27, 0x4C, 0x00, 0x28, 0x4D, 0x00, 0x1E, 0x44, 
    0x00, 0x21, 0x48, 0x03, 0x2B, 0x4F, 0x03, 0x29, 0x4D, 0x01, 0x27, 0x4C, 
    0x00, 0x27, 0x4C, 0x00, 0x27, 0x4C, 0x00, 0x27, 0x4C, 0x00, 0x27, 0x4C, 
    0x00, 0x27, 0x4C, 0x00, 0x27, 0x4C, 0x00, 0x27, 0x4C, 0x05, 0x2B, 0x50, 
    0x03, 0x1A, 0x41, 0x60, 0x93, 0xB8, 0xFF, 0xFF, 0xFF, 0xFB, 0xFB, 0xFC, 
    0xFC, 0xFF, 0xFF, 0xFF, 0xFF, 0xF6, 0x4A, 0x50, 0x61, 0x00, 0x1E, 0x47, 
    0x03, 0x29, 0x4D, 0x00, 0x27, 0x4C, 0x00, 0x27, 0x4C, 0x00, 0x27, 0x4C, 
    0x00, 0x27, 0x4C, 0x00, 0x27, 0x4C, 0x00, 0x27, 0x4C, 0x00, 0x27, 0x4C, 
    0x00, 0x27, 0x4C, 0x00, 0x27, 0x4C, 0x00, 0x27, 0x4C, 0x00, 0x27, 0x4C, 
    0x00, 0x27, 0x4C, 0x00, 0x27, 0x4C, 0x00, 0x27, 0x4C, 0x00, 0x27, 0x4C, 
    0x00, 0x27, 0x4C, 0x00, 0x27, 0x4C, 0x00, 0x27, 0x4C, 0x00, 0x27, 0x4C, 
    0x04, 0x2A, 0x4B, 0x00, 0x1A, 0x51, 0x72, 0x70, 0x2D, 0xFF, 0xE4, 0x00, 
    0xFF, 0xD4, 0x01, 0xFF, 0xD7, 0x00, 0xFF, 0xD7, 0x00, 0xFF, 0xD7, 0x00, 
    0xFF, 0xD8, 0x00, 0xFF, 0xD5, 0x01, 0xFF, 0xCB, 0x05, 0xFF, 0xCB, 0x05, 
    0xFF, 0xCB, 0x05, 0xFF, 0xCB, 0x05, 0xFF, 0xCB, 0x05, 0xFF, 0xCB, 0x05, 
    0xFF, 0xCB, 0x05, 0xFF, 0xCB, 0x05, 0xFF, 0xCB, 0x05, 0xFF, 0xCB, 0x05, 
    0xFF, 0xCB, 0x05, 0xFF, 0xCB, 0x05, 0xFF, 0xCB, 0x05, 0xFF, 0xCB, 0x05, 
    0xFF, 0xCB, 0x05, 0xFF, 0xCB, 0x05, 0xFF, 0xCB, 0x05, 0xFF, 0xCB, 0x05, 
    0xFF, 0xCB, 0x05, 0xFF, 0xCA, 0x05, 0xFF, 0xCF, 0x04, 0xFF, 0xD8, 0x00, 
    0xFF, 0xD7, 0x00, 0xFF, 0xD7, 0x00, 0xFF, 0xD7, 0x00, 0xFF, 0xD7, 0x00, 
    0xFF, 0xD4, 0x01, 0xFF, 0xE5, 0x00, 0x80, 0x7A, 0x29, 0x00, 0x1A, 0x51, 
    0x04, 0x2A, 0x4B, 0x00, 0x27, 0x4C, 0x02, 0x29, 0x4B, 0x00, 0x21, 0x4F, 
    0x2A, 0x3C, 0x3F, 0x85, 0x80, 0x25, 0xF6, 0xC8, 0x05, 0xFD, 0xCB, 0x05, 
    0xFF, 0xCB, 0x05, 0xFF, 0xCB, 0x05, 0xFF, 0xCB, 0x05, 0xFF, 0xCB, 0x05, 
    0xFD, 0xCB, 0x06, 0xF8, 0xC9, 0x03, 0x87, 0x81, 0x21, 0x2E, 0x3F, 0x40, 
    0x00, 0x21, 0x4E, 0x01, 0x29, 0x4B, 0x00, 0x27, 0x4C, 0x03, 0x29, 0x4B, 
    0x00, 0x1F, 0x52, 0x45, 0x49, 0x26, 0xFF, 0xDA, 0x00, 0xFF, 0xD6, 0x01, 
    0xFF, 0xD7, 0x00, 0xFF, 0xD7, 0x00, 0xFF, 0xD7, 0x00, 0xFF, 0xD7, 0x00, 
    0xFF, 0xD8, 0x00, 0xFF, 0xD0, 0x04, 0xFF, 0xCA, 0x05, 0xFF, 0xCB, 0x05, 
    0xFF, 0xCB, 0x05, 0xFF, 0xCB, 0x05, 0xFF, 0xCB, 0x05, 0xFF, 0xCB, 0x05, 
    0xFF, 0xCB, 0x05, 0xFF, 0xCB, 0x05, 0xFF, 0xCB, 0x05, 0xFF, 0xCB, 0x05, 
    0xFF, 0xCB, 0x05, 0xFF, 0xCB, 0x05, 0xFF, 0xCB, 0x05, 0xFF, 0xCB, 0x05, 
    0xFF, 0xCB, 0x05, 0xFF, 0xCB, 0x05, 0xFF, 0xCB, 0x05, 0xFF, 0xCB, 0x05, 
    0xFF, 0xCB, 0x05, 0xFF, 0xCB, 0x05, 0xFF, 0xD5, 0x01, 0xFF, 0xD8, 0x00, 
    0xFF, 0xD7, 0x00, 0xFF, 0xD7, 0x00, 0xFF, 0xD7, 0x00, 0xFF, 0xD4, 0x01, 
    0xFF, 0xE4, 0x00, 0x6C, 0x6D, 0x2E, 0x00, 0x1A, 0x51, 0x04, 0x2A, 0x4B, 
    0x00, 0x27, 0x4C, 0x00, 0x27, 0x4C, 0x00, 0x27, 0x4C, 0x00, 0x27, 0x4C, 
    0x00, 0x27, 0x4C, 0x00, 0x27, 0x4C, 0x02, 0x28, 0x4D, 0x00, 0x1F, 0x45, 
    0x29, 0x4A, 0x69, 0x3C, 0x5A, 0x76, 0x00, 0x1D, 0x43, 0x02, 0x29, 0x4E, 
    0x00, 0x27, 0x4C, 0x00, 0x27, 0x4C, 0x00, 0x27, 0x4C, 0x00, 0x27, 0x4C, 
    0x00, 0x27, 0x4C, 0x00, 0x27, 0x4C, 0x00, 0x27, 0x4C, 0x00, 0x27, 0x4C, 
    0x00, 0x27, 0x4C, 0x00, 0x27, 0x4C, 0x00, 0x27, 0x4C, 0x00, 0x27, 0x4C, 
    0x00, 0x27, 0x4C, 0x00, 0x27, 0x4C, 0x00, 0x27, 0x4C, 0x00, 0x27, 0x4C, 
    0x00, 0x27, 0x4C, 0x00, 0x27, 0x4C, 0x00, 0x27, 0x4C, 0x00, 0x27, 0x4C, 
    0x00, 0x27, 0x4C, 0x03, 0x29, 0x4B, 0x00, 0x1C, 0x4D, 0xA4, 0xC6, 0xE0, 
    0xFF, 0xFF, 0xFF, 0xFB, 0xFB, 0xFC, 0xFF, 0xFF, 0xFF, 0xF1, 0xE5, 0xD9, 
    0x12, 0x25, 0x41, 0x00, 0x1B, 0x44, 0x00, 0x1E, 0x44, 0x00, 0x1D, 0x44, 
    0x00, 0x1D, 0x44, 0x00, 0x1D, 0x44, 0x00, 0x1D, 0x44, 0x00, 0x1D, 0x44, 
    0x00, 0x1D, 0x44, 0x00, 0x1D, 0x44, 0x00, 0x1D, 0x44, 0x00, 0x1D, 0x44, 
    0x00, 0x1D, 0x44, 0x00, 0x1D, 0x44, 0x00, 0x1D, 0x44, 0x00, 0x1D, 0x44, 
    0x00, 0x22, 0x49, 0x00, 0x28, 0x4D, 0x00, 0x27, 0x4C, 0x00, 0x27, 0x4C, 
    0x00, 0x27, 0x4C, 0x00, 0x27, 0x4D, 0x03, 0x29, 0x4B, 0x00, 0x1E, 0x50, 
    0xAB, 0xCC, 0xE3, 0xFF, 0xFF, 0xFF, 0xFA, 0xFB, 0xFC, 0xFF, 0xFF, 0xFF, 
    0xED, 0xE0, 0xD4, 0x0D, 0x22, 0x3E, 0x00, 0x1C, 0x45, 0x00, 0x1E, 0x44, 
    0x00, 0x1D, 0x44, 0x00, 0x1D, 0x44, 0x00, 0x1D, 0x44, 0x00, 0x1D, 0x44, 
    0x00, 0x1D, 0x44, 0x00, 0x1D, 0x44, 0x00, 0x1D, 0x44, 0x00, 0x1D, 0x44, 
    0x00, 0x1D, 0x44, 0x00, 0x1D, 0x44, 0x00, 0x1D, 0x44, 0x00, 0x1D, 0x44, 
    0x00, 0x1D, 0x44, 0x00, 0x22, 0x49, 0x00, 0x28, 0x4D, 0x00, 0x27, 0x4C, 
    0x00, 0x27, 0x4C, 0x00, 0x27, 0x4C, 0x00, 0x27, 0x4C, 0x00, 0x27, 0x4C, 
    0x02, 0x2A, 0x4F, 0x00, 0x1D, 0x42, 0x25, 0x50, 0x7E, 0xE4, 0xF5, 0xFC, 
    0xFF, 0xFF, 0xFF, 0xFB, 0xFC, 0xFD, 0xFF, 0xFF, 0xFE, 0xFC, 0xFD, 0xFE, 
    0xFF, 0xFF, 0xFF, 0xD7, 0xD4, 0xD1, 0x56, 0x5F, 0x72, 0x02, 0x20, 0x45, 
    0x00, 0x19, 0x40, 0x00, 0x1F, 0x46, 0x00, 0x26, 0x4B, 0x01, 0x28, 0x4D, 
    0x03, 0x2A, 0x4F, 0x04, 0x2B, 0x4F, 0x04, 0x2B, 0x4F, 0x03, 0x2A, 0x4E, 
    0x02, 0x29, 0x4D, 0x00, 0x27, 0x4C, 0x00, 0x23, 0x48, 0x00, 0x1D, 0x43, 
    0x00, 0x18, 0x3F, 0x00, 0x20, 0x47, 0x26, 0x4A, 0x71, 0x90, 0xA7, 0xC0, 
    0x60, 0x67, 0x6E, 0x00, 0x1C, 0x45, 0x03, 0x2A, 0x4E, 0x00, 0x27, 0x4C, 
    0x04, 0x2B, 0x4E, 0x00, 0x16, 0x40, 0x6E, 0x9B, 0xC0, 0xFF, 0xFF, 0xFF, 
    0xAD, 0xB0, 0xB5, 0x41, 0x56, 0x6C, 0x07, 0x23, 0x47, 0x00, 0x18, 0x3F, 
    0x00, 0x1C, 0x43, 0x00, 0x23, 0x49, 0x00, 0x27, 0x4C, 0x02, 0x29, 0x4E, 
    0x04, 0x2A, 0x4F, 0x04, 0x2B, 0x4F, 0x04, 0x2A, 0x4F, 0x02, 0x29, 0x4D, 
    0x00, 0x27, 0x4B, 0x00, 0x21, 0x46, 0x00, 0x18, 0x3F, 0x04, 0x2B, 0x55, 
    0x95, 0xB6, 0xCE, 0xFF, 0xFF, 0xFF, 0xFD, 0xFD, 0xFD, 0xFD, 0xFD, 0xFD, 
    0xFD, 0xFF, 0xFF, 0xF2, 0xE5, 0xDA, 0x18, 0x2D, 0x48, 0x00, 0x25, 0x4D, 
    0x02, 0x28, 0x4C, 0x00, 0x27, 0x4C, 0x00, 0x27, 0x4C, 0x00, 0x27, 0x4C, 
    0x00, 0x27, 0x4C, 0x00, 0x27, 0x4C, 0x00, 0x27, 0x4C, 0x00, 0x27, 0x4C, 
    0x00, 0x27, 0x4C, 0x00, 0x27, 0x4C, 0x00, 0x27, 0x4C, 0x00, 0x27, 0x4C, 
    0x00, 0x27, 0x4C, 0x00, 0x27, 0x4C, 0x00, 0x27, 0x4C, 0x00, 0x27, 0x4C, 
    0x00, 0x27, 0x4C, 0x00, 0x27, 0x4C, 0x03, 0x29, 0x4C, 0x00, 0x1C, 0x4A, 
    0xAE, 0xD0, 0xE9, 0xFF, 0xF6, 0xF1, 0x92, 0x9A, 0xA2, 0x31, 0x44, 0x5F, 
    0x00, 0x1E, 0x43, 0x00, 0x18, 0x40, 0x00, 0x1E, 0x45, 0x00, 0x24, 0x4A, 
    0x00, 0x28, 0x4C, 0x02, 0x29, 0x4E, 0x04, 0x2A, 0x4F, 0x04, 0x2B, 0x4F, 
    0x03, 0x2A, 0x4E, 0x02, 0x28, 0x4D, 0x00, 0x26, 0x4B, 0x00, 0x1F, 0x45, 
    0x00, 0x16, 0x3F, 0x19, 0x41, 0x6A, 0xC3, 0xD9, 0xE8, 0xFF, 0xFF, 0xFF, 
    0xFD, 0xFD, 0xFE, 0xFC, 0xFC, 0xFC, 0xFF, 0xFF, 0xFF, 0xC7, 0xB9, 0xB1, 
    0x01, 0x1C, 0x40, 0x01, 0x2A, 0x4F, 0x00, 0x27, 0x4C, 0x00, 0x27, 0x4C, 
    0x00, 0x27, 0x4C, 0x00, 0x27, 0x4C, 0x00, 0x27, 0x4C, 0x04, 0x2B, 0x4E, 
    0x00, 0x17, 0x42, 0x71, 0x9C, 0xBF, 0xFE, 0xFE, 0xFF, 0xFB, 0xFB, 0xFC, 
    0xFC, 0xFD, 0xFE, 0xFF, 0xFF, 0xFD, 0x67, 0x65, 0x6D, 0x00, 0x17, 0x43, 
    0x08, 0x2E, 0x51, 0x03, 0x2A, 0x4E, 0x03, 0x2A, 0x4E, 0x04, 0x2B, 0x4F, 
    0x00, 0x26, 0x4B, 0x00, 0x25, 0x4B, 0x00, 0x27, 0x4C, 0x00, 0x27, 0x4C, 
    0x00, 0x27, 0x4C, 0x03, 0x29, 0x4C, 0x00, 0x1C, 0x49, 0x9C, 0xBF, 0xDB, 
    0xFF, 0xFF, 0xFF, 0xFA, 0xFA, 0xFB, 0xFF, 0xFF, 0xFF, 0xE8, 0xDB, 0xD0, 
    0x12, 0x24, 0x46, 0x00, 0x27, 0x4D, 0x01, 0x27, 0x4C, 0x00, 0x27, 0x4C, 
    0x00, 0x27, 0x4C, 0x00, 0x27, 0x4C, 0x00, 0x28, 0x4D, 0x02, 0x25, 0x48, 
    0x04, 0x2E, 0x5D, 0xCC, 0xE5, 0xF4, 0xFF, 0xFF, 0xFE, 0xFC, 0xFD, 0xFE, 
    0xFD, 0xFD, 0xFD, 0xFF, 0xFF, 0xFF, 0xD7, 0xD0, 0xCC, 0x2E, 0x3C, 0x54, 
    0x00, 0x17, 0x40, 0x00, 0x24, 0x4B, 0x03, 0x2A, 0x4F, 0x04, 0x2A, 0x4F, 
    0x04, 0x2A, 0x4E, 0x04, 0x2A, 0x4E, 0x04, 0x2A, 0x4F, 0x04, 0x2A, 0x4F, 
    0x03, 0x29, 0x4E, 0x00, 0x22, 0x47, 0x00, 0x14, 0x3C, 0x1B, 0x4B, 0x6F, 
    0x4F, 0x5F, 0x75, 0x01, 0x1F, 0x45, 0x01, 0x29, 0x4D, 0x00, 0x27, 0x4C, 
    0x00, 0x27, 0x4C, 0x04, 0x2B, 0x4E, 0x00, 0x17, 0x45, 0x80, 0xA7, 0xC9, 
    0xFF, 0xFF, 0xFF, 0xFA, 0xFA, 0xFB, 0xFF, 0xFF, 0xFF, 0xF9, 0xEB, 0xE0, 
    0x22, 0x32, 0x4E, 0x00, 0x24, 0x4B, 0x02, 0x28, 0x4C, 0x00, 0x27, 0x4C, 
    0x01, 0x28, 0x4E, 0x04, 0x27, 0x4A, 0x00, 0x1D, 0x46, 0x80, 0xA5, 0xC0, 
    0xFF, 0xFF, 0xFF, 0xFB, 0xFB, 0xFC, 0xFE, 0xFE, 0xFE, 0xFB, 0xFC, 0xFE, 
    0xFF, 0xFF, 0xFF, 0xA3, 0x9C, 0x9E, 0x04, 0x18, 0x41, 0x00, 0x27, 0x4D, 
    0x02, 0x29, 0x4D, 0x00, 0x27, 0x4C, 0x00, 0x27, 0x4C, 0x00, 0x27, 0x4C, 
    0x00, 0x27, 0x4C, 0x04, 0x2A, 0x4F, 0x00, 0x18, 0x40, 0x63, 0x93, 0xB9, 
    0xFF, 0xFF, 0xFF, 0xFA, 0xFB, 0xFC, 0xFE, 0xFE, 0xFE, 0xFD, 0xFE, 0xFF, 
    0xF9, 0xF3, 0xED, 0x5A, 0x62, 0x6E, 0x00, 0x15, 0x3D, 0x00, 0x22, 0x49, 
    0x02, 0x2A, 0x4E, 0x04, 0x2A, 0x4F, 0x04, 0x2A, 0x4E, 0x04, 0x2A, 0x4E, 
    0x04, 0x2A, 0x4E, 0x04, 0x2A, 0x4F, 0x04, 0x2A, 0x4F, 0x01, 0x28, 0x4C, 
    0x00, 0x20, 0x45, 0x00, 0x17, 0x3F, 0x10, 0x32, 0x5E, 0x8D, 0xAC, 0xC6, 
    0x9F, 0x97, 0x97, 0x00, 0x19, 0x3F, 0x03, 0x2A, 0x4F, 0x00, 0x27, 0x4C, 
    0x00, 0x27, 0x4C, 0x00, 0x27, 0x4C, 0x00, 0x27, 0x4C, 0x04, 0x2A, 0x4D, 
    0x00, 0x18, 0x48, 0x8E, 0xB4, 0xD2, 0xFF, 0xFF, 0xFF, 0xFA, 0xFA, 0xFB, 
    0xFF, 0xFF, 0xFF, 0xF1, 0xE3, 0xD8, 0x18, 0x2C, 0x4A, 0x00, 0x25, 0x4C, 
    0x01, 0x28, 0x4C, 0x00, 0x27, 0x4C, 0x00, 0x27, 0x4C, 0x00, 0x27, 0x4C, 
    0x00, 0x27, 0x4C, 0x00, 0x27, 0x4C, 0x00, 0x27, 0x4C, 0x00, 0x27, 0x4C, 
    0x00, 0x27, 0x4C, 0x02, 0x28, 0x4C, 0x00, 0x22, 0x4B, 0x49, 0x68, 0x89, 
    0x33, 0x46, 0x5D, 0x00, 0x14, 0x3E, 0x00, 0x1E, 0x46, 0x00, 0x27, 0x4D, 
    0x04, 0x2A, 0x4F, 0x04, 0x2A, 0x4F, 0x04, 0x2A, 0x4F, 0x04, 0x2A, 0x4E, 
    0x04, 0x2A, 0x4E, 0x04, 0x2A, 0x4F, 0x04, 0x2B, 0x50, 0x00, 0x24, 0x46, 
    0x00, 0x1A, 0x4A, 0xA9, 0xC9, 0xE1, 0xFF, 0xFF, 0xFF, 0xFB, 0xFB, 0xFC, 
    0xFE, 0xFE, 0xFE, 0xFA, 0xEF, 0xE4, 0x23, 0x36, 0x4D, 0x00, 0x23, 0x4B, 
    0x02, 0x28, 0x4C, 0x00, 0x27, 0x4C, 0x00, 0x27, 0x4C, 0x00, 0x27, 0x4C, 
    0x00, 0x27, 0x4C, 0x00, 0x27, 0x4C, 0x00, 0x27, 0x4C, 0x00, 0x27, 0x4C, 
    0x00, 0x27, 0x4C, 0x00, 0x27, 0x4C, 0x00, 0x27, 0x4C, 0x00, 0x27, 0x4C, 
    0x00, 0x27, 0x4C, 0x00, 0x27, 0x4C, 0x00, 0x27, 0x4C, 0x00, 0x27, 0x4C, 
    0x00, 0x27, 0x4C, 0x00, 0x27, 0x4C, 0x00, 0x27, 0x4C, 0x00, 0x27, 0x4C, 
    0x04, 0x2A, 0x4B, 0x00, 0x1B, 0x51, 0x68, 0x6A, 0x2F, 0xFB, 0xD4, 0x01, 
    0xF7, 0xC5, 0x07, 0xFB, 0xC8, 0x06, 0xFB, 0xC8, 0x06, 0xFB, 0xC8, 0x06, 
    0xFB, 0xC8, 0x06, 0xFC, 0xC9, 0x06, 0xFF, 0xCB, 0x05, 0xFF, 0xCB, 0x05, 
    0xFF, 0xCB, 0x05, 0xFF, 0xCB, 0x05, 0xFF, 0xCB, 0x05, 0xFF, 0xCB, 0x05, 
    0xFF, 0xCB, 0x05, 0xFF, 0xCB, 0x05, 0xFF, 0xCB, 0x05, 0xFF, 0xCB, 0x05, 
    0xFF, 0xCB, 0x05, 0xFF, 0xCB, 0x05, 0xFF, 0xCB, 0x05, 0xFF, 0xCB, 0x05, 
    0xFF, 0xCB, 0x05, 0xFF, 0xCB, 0x05, 0xFF, 0xCB, 0x05, 0xFF, 0xCB, 0x05, 
    0xFF, 0xCB, 0x05, 0xFF, 0xCB, 0x05, 0xFE, 0xCA, 0x05, 0xFB, 0xC8, 0x06, 
    0xFB, 0xC8, 0x06, 0xFB, 0xC8, 0x06, 0xFB, 0xC8, 0x06, 0xFB, 0xC8, 0x06, 
    0xF7, 0xC5, 0x07, 0xFB, 0xD5, 0x01, 0x75, 0x73, 0x2C, 0x00, 0x1B, 0x51, 
    0x04, 0x2A, 0x4B, 0x00, 0x27, 0x4C, 0x00, 0x27, 0x4C, 0x02, 0x29, 0x4B, 
    0x00, 0x22, 0x50, 0x00, 0x1A, 0x50, 0xD1, 0xAC, 0x0F, 0xFE, 0xD2, 0x02, 
    0xFC, 0xC9, 0x06, 0xFF, 0xCB, 0x05, 0xFF, 0xCB, 0x05, 0xFD, 0xC9, 0x05, 
    0xFE, 0xD1, 0x03, 0xDA, 0xB2, 0x0D, 0x00, 0x1C, 0x4F, 0x00, 0x21, 0x50, 
    0x02, 0x29, 0x4B, 0x00, 0x27, 0x4C, 0x00, 0x27, 0x4C, 0x03, 0x29, 0x4B, 
    0x00, 0x20, 0x52, 0x3F, 0x46, 0x2A, 0xFB, 0xCB, 0x01, 0xF9, 0xC7, 0x07, 
    0xFB, 0xC8, 0x06, 0xFB, 0xC8, 0x06, 0xFB, 0xC8, 0x06, 0xFB, 0xC8, 0x06, 
    0xFB, 0xC8, 0x06, 0xFE, 0xCA, 0x05, 0xFF, 0xCB, 0x05, 0xFF, 0xCB, 0x05, 
    0xFF, 0xCB, 0x05, 0xFF, 0xCB, 0x05, 0xFF, 0xCB, 0x05, 0xFF, 0xCB, 0x05, 
    0xFF, 0xCB, 0x05, 0xFF, 0xCB, 0x05, 0xFF, 0xCB, 0x05, 0xFF, 0xCB, 0x05, 
    0xFF, 0xCB, 0x05, 0xFF, 0xCB, 0x05, 0xFF, 0xCB, 0x05, 0xFF, 0xCB, 0x05, 
    0xFF, 0xCB, 0x05, 0xFF, 0xCB, 0x05, 0xFF, 0xCB, 0x05, 0xFF, 0xCB, 0x05, 
    0xFF, 0xCB, 0x05, 0xFF, 0xCB, 0x05, 0xFB, 0xC9, 0x06, 0xFB, 0xC8, 0x06, 
    0xFB, 0xC8, 0x06, 0xFB, 0xC8, 0x06, 0xFB, 0xC8, 0x06, 0xF7, 0xC5, 0x07, 
    0xFB, 0xD4, 0x01, 0x63, 0x67, 0x30, 0x00, 0x1B, 0x51, 0x04, 0x2A, 0x4B, 
    0x00, 0x27, 0x4C, 0x00, 0x27, 0x4C, 0x00, 0x27, 0x4C, 0x00, 0x27, 0x4C, 
    0x00, 0x27, 0x4C, 0x00, 0x27, 0x4C, 0x02, 0x28, 0x4D, 0x00, 0x1F, 0x45, 
    0x29, 0x4A, 0x69, 0x3C, 0x5A, 0x76, 0x00, 0x1D, 0x43, 0x02, 0x29, 0x4E, 
    0x00, 0x27, 0x4C, 0x00, 0x27, 0x4C, 0x00, 0x27, 0x4C, 0x00, 0x27, 0x4C, 
    0x00, 0x27, 0x4C, 0x00, 0x27, 0x4C, 0x00, 0x27, 0x4C, 0x00, 0x27, 0x4C, 
    0x00, 0x27, 0x4C, 0x00, 0x27, 0x4C, 0x00, 0x27, 0x4C, 0x00, 0x27, 0x4C, 
    0x00, 0x27, 0x4C, 0x00, 0x27, 0x4C, 0x00, 0x27, 0x4C, 0x00, 0x27, 0x4C, 
    0x00, 0x27, 0x4C, 0x00, 0x27, 0x4C, 0x00, 0x27, 0x4C, 0x00, 0x27, 0x4C, 
    0x00, 0x27, 0x4C, 0x03, 0x29, 0x4B, 0x00, 0x1C, 0x4D, 0xA4, 0xC6, 0xE0, 
    0xFF, 0xFF, 0xFF, 0xFB, 0xFB, 0xFC, 0xFF, 0xFF, 0xFF, 0xF5, 0xEB, 0xE3, 
    0x4C, 0x5B, 0x6F, 0x36, 0x53, 0x72, 0x37, 0x55, 0x72, 0x36, 0x54, 0x72, 
    0x36, 0x54, 0x72, 0x36, 0x54, 0x72, 0x36, 0x54, 0x72, 0x36, 0x54, 0x72, 
    0x36, 0x54, 0x72, 0x36, 0x54, 0x72, 0x36, 0x54, 0x72, 0x36, 0x54, 0x72, 
    0x36, 0x54, 0x72, 0x36, 0x54, 0x72, 0x35, 0x54, 0x71, 0x36, 0x54, 0x72, 
    0x21, 0x3E, 0x5B, 0x00, 0x24, 0x49, 0x01, 0x28, 0x4D, 0x00, 0x27, 0x4C, 
    0x00, 0x27, 0x4C, 0x00, 0x27, 0x4D, 0x03, 0x29, 0x4B, 0x00, 0x1E, 0x50, 
    0xAB, 0xCC, 0xE3, 0xFF, 0xFF, 0xFF, 0xFA, 0xFB, 0xFC, 0xFF, 0xFF, 0xFF, 
    0xF2, 0xE7, 0xDF, 0x49, 0x58, 0x6E, 0x36, 0x54, 0x72, 0x36, 0x55, 0x72, 
    0x36, 0x54, 0x72, 0x36, 0x54, 0x72, 0x36, 0x54, 0x72, 0x36, 0x54, 0x72, 
    0x36, 0x54, 0x72, 0x36, 0x54, 0x72, 0x36, 0x54, 0x72, 0x36, 0x54, 0x72, 
    0x36, 0x54, 0x72, 0x36, 0x54, 0x72, 0x36, 0x54, 0x72, 0x35, 0x54, 0x71, 
    0x36, 0x54, 0x72, 0x1F, 0x3D, 0x5A, 0x00, 0x24, 0x4A, 0x01, 0x28, 0x4D, 
    0x00, 0x27, 0x4C, 0x00, 0x27, 0x4C, 0x00, 0x27, 0x4C, 0x00, 0x27, 0x4C, 
    0x00, 0x27, 0x4C, 0x03, 0x2B, 0x4F, 0x00, 0x1A, 0x40, 0x2D, 0x5B, 0x84, 
    0xE3, 0xF1, 0xFB, 0xFF, 0xFF, 0xFF, 0xFB, 0xFB, 0xFC, 0xFE, 0xFE, 0xFE, 
    0xFC, 0xFC, 0xFD, 0xFF, 0xFF, 0xFF, 0xFF, 0xFF, 0xFF, 0xCF, 0xC8, 0xCC, 
    0x77, 0x7C, 0x8F, 0x2E, 0x49, 0x66, 0x07, 0x2B, 0x4E, 0x00, 0x21, 0x46, 
    0x00, 0x1A, 0x41, 0x00, 0x17, 0x3F, 0x00, 0x17, 0x3F, 0x00, 0x1A, 0x41, 
    0x00, 0x1F, 0x46, 0x00, 0x26, 0x4C, 0x10, 0x36, 0x5D, 0x34, 0x5A, 0x76, 
    0x6F, 0x88, 0xA6, 0xB6, 0xC8, 0xD9, 0xF3, 0xFD, 0xFF, 0xFF, 0xFF, 0xFF, 
    0x73, 0x70, 0x72, 0x00, 0x1B, 0x44, 0x04, 0x2A, 0x4E, 0x00, 0x27, 0x4C, 
    0x04, 0x2B, 0x4E, 0x00, 0x17, 0x41, 0x66, 0x91, 0xB6, 0xFD, 0xFF, 0xFF, 
    0xFF, 0xFF, 0xFF, 0xFF, 0xFF, 0xFF, 0xD9, 0xD2, 0xD5, 0x8B, 0x93, 0xA1, 
    0x4C, 0x5D, 0x74, 0x1B, 0x38, 0x57, 0x01, 0x25, 0x4B, 0x00, 0x1E, 0x43, 
    0x00, 0x19, 0x3F, 0x00, 0x17, 0x3F, 0x00, 0x19, 0x41, 0x00, 0x1F, 0x45, 
    0x01, 0x27, 0x4E, 0x20, 0x41, 0x65, 0x5B, 0x80, 0x9C, 0xCA, 0xE0, 0xED, 
    0xFF, 0xFF, 0xFF, 0xFD, 0xFD, 0xFD, 0xFE, 0xFE, 0xFD, 0xFA, 0xFC, 0xFE, 
    0xFF, 0xFF, 0xFC, 0x68, 0x68, 0x71, 0x00, 0x1C, 0x44, 0x03, 0x2A, 0x4E, 
    0x00, 0x27, 0x4C, 0x00, 0x27, 0x4C, 0x00, 0x27, 0x4C, 0x00, 0x27, 0x4C, 
    0x00, 0x27, 0x4C, 0x00, 0x27, 0x4C, 0x00, 0x27, 0x4C, 0x00, 0x27, 0x4C, 
    0x00, 0x27, 0x4C, 0x00, 0x27, 0x4C, 0x00, 0x27, 0x4C, 0x00, 0x27, 0x4C, 
    0x00, 0x27, 0x4C, 0x00, 0x27, 0x4C, 0x00, 0x27, 0x4C, 0x00, 0x27, 0x4C, 
    0x00, 0x27, 0x4C, 0x00, 0x27, 0x4C, 0x03, 0x29, 0x4C, 0x00, 0x1E, 0x4B, 
    0xA0, 0xC2, 0xDC, 0xFF, 0xFF, 0xFF, 0xFF, 0xFF, 0xFF, 0xFF, 0xF8, 0xF7, 
    0xC5, 0xC1, 0xC8, 0x7A, 0x84, 0x94, 0x3E, 0x53, 0x6C, 0x12, 0x31, 0x52, 
    0x00, 0x23, 0x49, 0x00, 0x1C, 0x41, 0x00, 0x18, 0x3F, 0x00, 0x17, 0x3F, 
    0x00, 0x1A, 0x42, 0x00, 0x21, 0x47, 0x04, 0x2A, 0x51, 0x29, 0x4C, 0x6F, 
    0x74, 0x96, 0xB0, 0xE4, 0xF2, 0xFA, 0xFF, 0xFF, 0xFF, 0xFD, 0xFE, 0xFE, 
    0xFC, 0xFC, 0xFC, 0xFD, 0xFF, 0xFF, 0xF9, 0xF2, 0xE8, 0x34, 0x41, 0x56, 
    0x00, 0x21, 0x49, 0x03, 0x29, 0x4D, 0x00, 0x27, 0x4C, 0x00, 0x27, 0x4C, 
    0x00, 0x27, 0x4C, 0x00, 0x27, 0x4C, 0x00, 0x27, 0x4C, 0x03, 0x2A, 0x4F, 
    0x00, 0x1A, 0x3F, 0x3E, 0x70, 0x9B, 0xFF, 0xFF, 0xFF, 0xFE, 0xFD, 0xFC, 
    0xFD, 0xFD, 0xFD, 0xFE, 0xFE, 0xFF, 0xDF, 0xD4, 0xCD, 0x1D, 0x2F, 0x4B, 
    0x00, 0x16, 0x3F, 0x00, 0x1A, 0x41, 0x00, 0x1A, 0x41, 0x00, 0x17, 0x3E, 
    0x03, 0x2A, 0x51, 0x0B, 0x2F, 0x50, 0x00, 0x25, 0x4B, 0x00, 0x27, 0x4C, 
    0x00, 0x27, 0x4C, 0x03, 0x29, 0x4C, 0x00, 0x1C, 0x49, 0x9C, 0xBF, 0xDB, 
    0xFF, 0xFF, 0xFF, 0xFA, 0xFA, 0xFB, 0xFF, 0xFF, 0xFF, 0xE8, 0xDB, 0xD0, 
    0x12, 0x24, 0x46, 0x00, 0x27, 0x4D, 0x01, 0x27, 0x4C, 0x00, 0x27, 0x4C, 
    0x00, 0x27, 0x4C, 0x00, 0x27, 0x4C, 0x00, 0x27, 0x4C, 0x02, 0x29, 0x4F, 
    0x00, 0x1C, 0x41, 0x29, 0x5A, 0x86, 0xF1, 0xFC, 0xFF, 0xFF, 0xFF, 0xFD, 
    0xFC, 0xFD, 0xFE, 0xFD, 0xFD, 0xFD, 0xFF, 0xFF, 0xFF, 0xF4, 0xEE, 0xE8, 
    0x7A, 0x7E, 0x8B, 0x17, 0x33, 0x51, 0x00, 0x1B, 0x40, 0x00, 0x18, 0x40, 
    0x00, 0x1A, 0x41, 0x00, 0x1A, 0x41, 0x00, 0x19, 0x41, 0x00, 0x18, 0x40, 
    0x00, 0x1D, 0x45, 0x1B, 0x3C, 0x62, 0x71, 0x88, 0xA5, 0xE9, 0xF5, 0xF9, 
    0xAB, 0x9B, 0x9A, 0x00, 0x15, 0x3F, 0x03, 0x2B, 0x4F, 0x00, 0x27, 0x4C, 
    0x00, 0x27, 0x4C, 0x04, 0x2B, 0x4E, 0x00, 0x17, 0x45, 0x80, 0xA7, 0xC9, 
    0xFF, 0xFF, 0xFF, 0xFA, 0xFA, 0xFB, 0xFF, 0xFF, 0xFF, 0xF9, 0xEB, 0xE0, 
    0x22, 0x32, 0x4E, 0x00, 0x24, 0x4B, 0x02, 0x28, 0x4C, 0x00, 0x27, 0x4C, 
    0x00, 0x27, 0x4C, 0x01, 0x28, 0x4E, 0x04, 0x27, 0x4A, 0x00, 0x1A, 0x47, 
    0x7B, 0x9F, 0xC1, 0xFF, 0xFF, 0xFF, 0xFB, 0xFB, 0xFC, 0xFE, 0xFE, 0xFE, 
    0xFB, 0xFC, 0xFD, 0xFF, 0xFF, 0xFF, 0xB0, 0xA6, 0xA7, 0x08, 0x1F, 0x42, 
    0x00, 0x25, 0x4C, 0x02, 0x29, 0x4D, 0x00, 0x27, 0x4C, 0x00, 0x27, 0x4C, 
    0x00, 0x27, 0x4C, 0x01, 0x28, 0x4D, 0x03, 0x26, 0x49, 0x03, 0x29, 0x57, 
    0xB9, 0xD7, 0xEA, 0xFF, 0xFF, 0xFF, 0xFA, 0xFC, 0xFC, 0xFE, 0xFE, 0xFE, 
    0xFF, 0xFF, 0xFF, 0xFF, 0xFD, 0xF9, 0x9B, 0x9B, 0xA0, 0x29, 0x3D, 0x58, 
    0x00, 0x1C, 0x42, 0x00, 0x18, 0x40, 0x00, 0x19, 0x41, 0x00, 0x1A, 0x41, 
    0x00, 0x19, 0x41, 0x00, 0x19, 0x40, 0x00, 0x18, 0x40, 0x00, 0x23, 0x4A, 
    0x21, 0x48, 0x6A, 0x7C, 0x93, 0xAE, 0xDF, 0xE9, 0xF5, 0xFF, 0xFF, 0xFF, 
    0xA4, 0x98, 0x95, 0x00, 0x18, 0x40, 0x03, 0x2A, 0x4F, 0x00, 0x27, 0x4C, 
    0x00, 0x27, 0x4C, 0x00, 0x27, 0x4C, 0x00, 0x27, 0x4C, 0x04, 0x2A, 0x4D, 
    0x00, 0x18, 0x48, 0x8E, 0xB4, 0xD2, 0xFF, 0xFF, 0xFF, 0xFA, 0xFA, 0xFB, 
    0xFF, 0xFF, 0xFF, 0xF1, 0xE3, 0xD8, 0x18, 0x2C, 0x4A, 0x00, 0x25, 0x4C, 
    0x01, 0x28, 0x4C, 0x00, 0x27, 0x4C, 0x00, 0x27, 0x4C, 0x00, 0x27, 0x4C, 
    0x00, 0x27, 0x4C, 0x00, 0x27, 0x4C, 0x00, 0x27, 0x4C, 0x00, 0x27, 0x4C, 
    0x00, 0x27, 0x4C, 0x04, 0x2A, 0x4D, 0x00, 0x18, 0x44, 0x8A, 0xB4, 0xD4, 
    0xFA, 0xF4, 0xF0, 0x98, 0x9A, 0xA0, 0x3C, 0x50, 0x65, 0x03, 0x26, 0x49, 
    0x00, 0x19, 0x3F, 0x00, 0x18, 0x40, 0x00, 0x1A, 0x41, 0x00, 0x1A, 0x41, 
    0x00, 0x1A, 0x41, 0x00, 0x19, 0x40, 0x00, 0x18, 0x40, 0x09, 0x2B, 0x56, 
    0x7E, 0xA2, 0xC0, 0xFF, 0xFF, 0xFF, 0xFD, 0xFD, 0xFD, 0xFA, 0xFB, 0xFB, 
    0xFF, 0xFF, 0xFF, 0xB3, 0xA8, 0xA2, 0x00, 0x1A, 0x40, 0x02, 0x2A, 0x4F, 
    0x00, 0x27, 0x4C, 0x00, 0x27, 0x4C, 0x00, 0x27, 0x4C, 0x00, 0x27, 0x4C, 
    0x00, 0x27, 0x4C, 0x00, 0x27, 0x4C, 0x00, 0x27, 0x4C, 0x00, 0x27, 0x4C, 
    0x00, 0x27, 0x4C, 0x00, 0x27, 0x4C, 0x00, 0x27, 0x4C, 0x00, 0x27, 0x4C, 
    0x00, 0x27, 0x4C, 0x00, 0x27, 0x4C, 0x00, 0x27, 0x4C, 0x00, 0x27, 0x4C, 
    0x00, 0x27, 0x4C, 0x00, 0x27, 0x4C, 0x00, 0x27, 0x4C, 0x00, 0x27, 0x4C, 
    0x04, 0x2A, 0x4B, 0x00, 0x1B, 0x51, 0x6A, 0x6B, 0x2F, 0xFF, 0xD7, 0x00, 
    0xFB, 0xC8, 0x06, 0xFF, 0xCB, 0x05, 0xFF, 0xCB, 0x05, 0xFF, 0xCB, 0x05, 
    0xFF, 0xCB, 0x05, 0xFF, 0xCB, 0x05, 0xFF, 0xCB, 0x05, 0xFF, 0xCB, 0x05, 
    0xFF, 0xCB, 0x05, 0xFF, 0xCB, 0x05, 0xFF, 0xCB, 0x05, 0xFF, 0xCB, 0x05, 
    0xFF, 0xCB, 0x05, 0xFF, 0xCB, 0x05, 0xFF, 0xCB, 0x05, 0xFF, 0xCB, 0x05, 
    0xFF, 0xCB, 0x05, 0xFF, 0xCB, 0x05, 0xFF, 0xCB, 0x05, 0xFF, 0xCB, 0x05, 
    0xFF, 0xCB, 0x05, 0xFF, 0xCB, 0x05, 0xFF, 0xCB, 0x05, 0xFF, 0xCB, 0x05, 
    0xFF, 0xCB, 0x05, 0xFF, 0xCB, 0x05, 0xFF, 0xCB, 0x05, 0xFF, 0xCB, 0x05, 
    0xFF, 0xCB, 0x05, 0xFF, 0xCB, 0x05, 0xFF, 0xCB, 0x05, 0xFF, 0xCB, 0x05, 
    0xFB, 0xC8, 0x06, 0xFF, 0xD8, 0x00, 0x77, 0x74, 0x2B, 0x00, 0x1B, 0x51, 
    0x04, 0x2A, 0x4B, 0x00, 0x27, 0x4C, 0x00, 0x27, 0x4C, 0x00, 0x27, 0x4C, 
    0x05, 0x2A, 0x4B, 0x03, 0x21, 0x4E, 0x41, 0x50, 0x3A, 0xFF, 0xD5, 0x00, 
    0xFE, 0xCB, 0x05, 0xFE, 0xCA, 0x05, 0xFE, 0xCA, 0x05, 0xFD, 0xCB, 0x05, 
    0xFF, 0xD5, 0x00, 0x42, 0x4F, 0x34, 0x03, 0x21, 0x4F, 0x05, 0x2A, 0x4A, 
    0x00, 0x27, 0x4C, 0x00, 0x27, 0x4C, 0x00, 0x27, 0x4C, 0x03, 0x29, 0x4B, 
    0x00, 0x20, 0x52, 0x40, 0x47, 0x29, 0xFF, 0xCE, 0x00, 0xFD, 0xCA, 0x06, 
    0xFF, 0xCB, 0x05, 0xFF, 0xCB, 0x05, 0xFF, 0xCB, 0x05, 0xFF, 0xCB, 0x05, 
    0xFF, 0xCB, 0x05, 0xFF, 0xCB, 0x05, 0xFF, 0xCB, 0x05, 0xFF, 0xCB, 0x05, 
    0xFF, 0xCB, 0x05, 0xFF, 0xCB, 0x05, 0xFF, 0xCB, 0x05, 0xFF, 0xCB, 0x05, 
    0xFF, 0xCB, 0x05, 0xFF, 0xCB, 0x05, 0xFF, 0xCB, 0x05, 0xFF, 0xCB, 0x05, 
    0xFF, 0xCB, 0x05, 0xFF, 0xCB, 0x05, 0xFF, 0xCB, 0x05, 0xFF, 0xCB, 0x05, 
    0xFF, 0xCB, 0x05, 0xFF, 0xCB, 0x05, 0xFF, 0xCB, 0x05, 0xFF, 0xCB, 0x05, 
    0xFF, 0xCB, 0x05, 0xFF, 0xCB, 0x05, 0xFF, 0xCB, 0x05, 0xFF, 0xCB, 0x05, 
    0xFF, 0xCB, 0x05, 0xFF, 0xCB, 0x05, 0xFF, 0xCB, 0x05, 0xFB, 0xC8, 0x06, 
    0xFF, 0xD7, 0x00, 0x65, 0x68, 0x30, 0x00, 0x1B, 0x51, 0x04, 0x2A, 0x4B, 
    0x00, 0x27, 0x4C, 0x00, 0x27, 0x4C, 0x00, 0x27, 0x4C, 0x00, 0x27, 0x4C, 
    0x00, 0x27, 0x4C, 0x00, 0x27, 0x4C, 0x02, 0x28, 0x4D, 0x00, 0x1F, 0x45, 
    0x29, 0x4A, 0x69, 0x3C, 0x5A, 0x76, 0x00, 0x1D, 0x43, 0x02, 0x29, 0x4E, 
    0x00, 0x27, 0x4C, 0x00, 0x27, 0x4C, 0x00, 0x27, 0x4C, 0x00, 0x27, 0x4C, 
    0x00, 0x27, 0x4C, 0x00, 0x27, 0x4C, 0x00, 0x27, 0x4C, 0x00, 0x27, 0x4C, 
    0x00, 0x27, 0x4C, 0x00, 0x27, 0x4C, 0x00, 0x27, 0x4C, 0x00, 0x27, 0x4C, 
    0x00, 0x27, 0x4C, 0x00, 0x27, 0x4C, 0x00, 0x27, 0x4C, 0x00, 0x27, 0x4C, 
    0x00, 0x27, 0x4C, 0x00, 0x27, 0x4C, 0x00, 0x27, 0x4C, 0x00, 0x27, 0x4C, 
    0x00, 0x27, 0x4C, 0x03, 0x29, 0x4B, 0x00, 0x1C, 0x4D, 0xA4, 0xC6, 0xE0, 
    0xFF, 0xFF, 0xFF, 0xFC, 0xFC, 0xFD, 0xFF, 0xFF, 0xFF, 0xFF, 0xFF, 0xFF, 
    0xFF, 0xFF, 0xFF, 0xFF, 0xFF, 0xFF, 0xFF, 0xFF, 0xFF, 0xFF, 0xFF, 0xFF, 
    0xFF, 0xFF, 0xFF, 0xFF, 0xFF, 0xFF, 0xFF, 0xFF, 0xFF, 0xFF, 0xFF, 0xFF, 
    0xFF, 0xFF, 0xFF, 0xFF, 0xFF, 0xFF, 0xFF, 0xFF, 0xFF, 0xFF, 0xFF, 0xFF, 
    0xFF, 0xFF, 0xFF, 0xFF, 0xFF, 0xFF, 0xFF, 0xFF, 0xFF, 0xFF, 0xFF, 0xFF, 
    0xA1, 0x98, 0x94, 0x00, 0x19, 0x40, 0x04, 0x2A, 0x4F, 0x00, 0x27, 0x4C, 
    0x00, 0x27, 0x4C, 0x00, 0x27, 0x4D, 0x03, 0x29, 0x4B, 0x00, 0x1E, 0x50, 
    0xAB, 0xCC, 0xE3, 0xFF, 0xFF, 0xFF, 0xFC, 0xFD, 0xFE, 0xFF, 0xFF, 0xFF, 
    0xFF, 0xFF, 0xFF, 0xFF, 0xFF, 0xFF, 0xFF, 0xFF, 0xFF, 0xFF, 0xFF, 0xFF, 
    0xFF, 0xFF, 0xFF, 0xFF, 0xFF, 0xFF, 0xFF, 0xFF, 0xFF, 0xFF, 0xFF, 0xFF, 
    0xFF, 0xFF, 0xFF, 0xFF, 0xFF, 0xFF, 0xFF, 0xFF, 0xFF, 0xFF, 0xFF, 0xFF, 
    0xFF, 0xFF, 0xFF, 0xFF, 0xFF, 0xFF, 0xFF, 0xFF, 0xFF, 0xFF, 0xFF, 0xFF, 
    0xFF, 0xFF, 0xFF, 0x9A, 0x92, 0x8F, 0x00, 0x19, 0x41, 0x04, 0x2A, 0x4F, 
    0x00, 0x27, 0x4C, 0x00, 0x27, 0x4C, 0x00, 0x27, 0x4C, 0x00, 0x27, 0x4C, 
    0x00, 0x27, 0x4C, 0x00, 0x27, 0x4C, 0x03, 0x2B, 0x4F, 0x00, 0x1B, 0x40, 
    0x20, 0x46, 0x71, 0xBC, 0xD3, 0xE4, 0xFF, 0xFF, 0xFF, 0xFF, 0xFF, 0xFF, 
    0xFB, 0xFC, 0xFC, 0xFC, 0xFC, 0xFC, 0xFD, 0xFE, 0xFF, 0xFF, 0xFF, 0xFF, 
    0xFF, 0xFF, 0xFF, 0xFF, 0xFE, 0xFC, 0xE0, 0xE3, 0xE7, 0xC2, 0xC9, 0xCE, 
    0xA5, 0xB2, 0xBD, 0x9B, 0xAA, 0xB9, 0x9B, 0xAA, 0xB9, 0xA5, 0xB1, 0xBF, 
    0xB4, 0xC1, 0xCF, 0xD5, 0xDB, 0xE2, 0xE8, 0xED, 0xF4, 0xFF, 0xFF, 0xFF, 
    0xFF, 0xFF, 0xFF, 0xFF, 0xFF, 0xFF, 0xFB, 0xFB, 0xFC, 0xF8, 0xF9, 0xFA, 
    0x6E, 0x6D, 0x71, 0x00, 0x1B, 0x44, 0x04, 0x2A, 0x4E, 0x00, 0x27, 0x4C, 
    0x04, 0x2B, 0x4E, 0x00, 0x17, 0x41, 0x67, 0x92, 0xB7, 0xFB, 0xFC, 0xFC, 
    0xF7, 0xF8, 0xF8, 0xFD, 0xFE, 0xFF, 0xFF, 0xFF, 0xFF, 0xFF, 0xFF, 0xFF, 
    0xFF, 0xFF, 0xFF, 0xF1, 0xF0, 0xF0, 0xD6, 0xD9, 0xE0, 0xB6, 0xBE, 0xC5, 
    0x9F, 0xAE, 0xB9, 0x9B, 0xA9, 0xB9, 0xA0, 0xAE, 0xBE, 0xB5, 0xC1, 0xCC, 
    0xD6, 0xDC, 0xE6, 0xF4, 0xF7, 0xFC, 0xFF, 0xFF, 0xFF, 0xFF, 0xFF, 0xFF, 
    0xFC, 0xFC, 0xFC, 0xFB, 0xFC, 0xFC, 0xFF, 0xFF, 0xFF, 0xFF, 0xFF, 0xFF, 
    0x91, 0x88, 0x8B, 0x00, 0x1A, 0x40, 0x03, 0x29, 0x4F, 0x00, 0x27, 0x4C, 
    0x00, 0x27, 0x4C, 0x00, 0x27, 0x4C, 0x00, 0x27, 0x4C, 0x00, 0x27, 0x4C, 
    0x00, 0x27, 0x4C, 0x00, 0x27, 0x4C, 0x00, 0x27, 0x4C, 0x00, 0x27, 0x4C, 
    0x00, 0x27, 0x4C, 0x00, 0x27, 0x4C, 0x00, 0x27, 0x4C, 0x00, 0x27, 0x4C, 
    0x00, 0x27, 0x4C, 0x00, 0x27, 0x4C, 0x00, 0x27, 0x4C, 0x00, 0x27, 0x4C, 
    0x00, 0x27, 0x4C, 0x00, 0x27, 0x4C, 0x03, 0x29, 0x4C, 0x00, 0x1E, 0x4B, 
    0xA2, 0xC4, 0xDE, 0xFB, 0xFB, 0xFC, 0xF6, 0xF8, 0xFA, 0xFF, 0xFF, 0xFF, 
    0xFF, 0xFF, 0xFF, 0xFF, 0xFF, 0xFF, 0xFF, 0xFF, 0xFF, 0xEA, 0xEA, 0xEB, 
    0xCF, 0xD2, 0xDA, 0xAF, 0xB8, 0xBF, 0x9D, 0xAC, 0xB8, 0x9B, 0xAA, 0xB9, 
    0xA4, 0xB1, 0xC0, 0xBC, 0xC8, 0xD2, 0xDC, 0xE2, 0xEB, 0xFC, 0xFF, 0xFF, 
    0xFF, 0xFF, 0xFF, 0xFF, 0xFF, 0xFF, 0xFB, 0xFC, 0xFC, 0xFB, 0xFC, 0xFC, 
    0xFF, 0xFF, 0xFF, 0xFF, 0xF9, 0xF1, 0x5D, 0x5D, 0x6A, 0x00, 0x1B, 0x44, 
    0x02, 0x2A, 0x4E, 0x00, 0x27, 0x4C, 0x00, 0x27, 0x4C, 0x00, 0x27, 0x4C, 
    0x00, 0x27, 0x4C, 0x00, 0x27, 0x4C, 0x00, 0x27, 0x4C, 0x00, 0x28, 0x4D, 
    0x01, 0x23, 0x46, 0x08, 0x37, 0x66, 0xDD, 0xF0, 0xFB, 0xFD, 0xFD, 0xFD, 
    0xFD, 0xFE, 0xFE, 0xFE, 0xFE, 0xFE, 0xFF, 0xFF, 0xFF, 0xE7, 0xE2, 0xDF, 
    0x89, 0x97, 0xA0, 0x55, 0x6E, 0x86, 0x51, 0x6B, 0x85, 0x78, 0x8E, 0xA8, 
    0xCD, 0xD4, 0xDA, 0x40, 0x4B, 0x59, 0x00, 0x1F, 0x48, 0x03, 0x29, 0x4D, 
    0x00, 0x27, 0x4C, 0x03, 0x29, 0x4C, 0x00, 0x1C, 0x49, 0x9C, 0xBF, 0xDB, 
    0xFF, 0xFF, 0xFF, 0xFA, 0xFA, 0xFB, 0xFF, 0xFF, 0xFF, 0xE8, 0xDB, 0xD0, 
    0x12, 0x24, 0x46, 0x00, 0x27, 0x4D, 0x01, 0x27, 0x4C, 0x00, 0x27, 0x4C, 
    0x00, 0x27, 0x4C, 0x00, 0x27, 0x4C, 0x00, 0x27, 0x4C, 0x00, 0x27, 0x4C, 
    0x03, 0x2A, 0x4E, 0x00, 0x1A, 0x40, 0x42, 0x6B, 0x96, 0xF4, 0xFA, 0xFF, 
    0xFF, 0xFF, 0xFF, 0xFB, 0xFC, 0xFC, 0xFC, 0xFC, 0xFD, 0xFF, 0xFF, 0xFF, 
    0xFF, 0xFF, 0xFF, 0xEE, 0xED, 0xEA, 0xAF, 0xB6, 0xBD, 0x80, 0x8D, 0x9E, 
    0x59, 0x71, 0x86, 0x50, 0x6A, 0x83, 0x58, 0x75, 0x8C, 0x81, 0x93, 0xA8, 
    0xAF, 0xC0, 0xD0, 0xF0, 0xF3, 0xF9, 0xFF, 0xFF, 0xFF, 0xFF, 0xFF, 0xFF, 
    0x99, 0x8E, 0x90, 0x00, 0x17, 0x40, 0x03, 0x2B, 0x4F, 0x00, 0x27, 0x4C, 
    0x00, 0x27, 0x4C, 0x04, 0x2B, 0x4E, 0x00, 0x17, 0x45, 0x80, 0xA7, 0xC9, 
    0xFF, 0xFF, 0xFF, 0xFA, 0xFA, 0xFB, 0xFF, 0xFF, 0xFF, 0xF9, 0xEB, 0xE0, 
    0x22, 0x32, 0x4E, 0x00, 0x24, 0x4B, 0x02, 0x28, 0x4C, 0x00, 0x27, 0x4C, 
    0x00, 0x27, 0x4C, 0x00, 0x27, 0x4C, 0x00, 0x28, 0x4E, 0x04, 0x28, 0x4B, 
    0x00, 0x1A, 0x46, 0x73, 0x9E, 0xBE, 0xFF, 0xFF, 0xFF, 0xFC, 0xFC, 0xFC, 
    0xFE, 0xFE, 0xFE, 0xFB, 0xFC, 0xFC, 0xFF, 0xFF, 0xFF, 0xC0, 0xB4, 0xB2, 
    0x0C, 0x23, 0x44, 0x00, 0x24, 0x4B, 0x03, 0x29, 0x4E, 0x00, 0x27, 0x4C, 
    0x00, 0x27, 0x4C, 0x00, 0x27, 0x4C, 0x02, 0x29, 0x4E, 0x01, 0x1F, 0x43, 
    0x15, 0x40, 0x6F, 0xD2, 0xE9, 0xF6, 0xFF, 0xFF, 0xFF, 0xFA, 0xFB, 0xFC, 
    0xFD, 0xFD, 0xFE, 0xFE, 0xFF, 0xFF, 0xFF, 0xFF, 0xFF, 0xF8, 0xF5, 0xF2, 
    0xBF, 0xBD, 0xC4, 0x8B, 0x96, 0xA2, 0x61, 0x74, 0x89, 0x50, 0x69, 0x83, 
    0x51, 0x6C, 0x88, 0x69, 0x7F, 0x9B, 0x95, 0xA4, 0xB7, 0xC7, 0xD1, 0xDD, 
    0xF5, 0xFC, 0xFE, 0xFF, 0xFF, 0xFF, 0xFF, 0xFE, 0xFC, 0xF9, 0xFA, 0xFC, 
    0xA8, 0x9B, 0x99, 0x00, 0x18, 0x40, 0x03, 0x2A, 0x4F, 0x00, 0x27, 0x4C, 
    0x00, 0x27, 0x4C, 0x00, 0x27, 0x4C, 0x00, 0x27, 0x4C, 0x04, 0x2A, 0x4D, 
    0x00, 0x18, 0x48, 0x8E, 0xB4, 0xD2, 0xFF, 0xFF, 0xFF, 0xFA, 0xFA, 0xFB, 
    0xFF, 0xFF, 0xFF, 0xF1, 0xE3, 0xD8, 0x18, 0x2C, 0x4A, 0x00, 0x25, 0x4C, 
    0x01, 0x28, 0x4C, 0x00, 0x27, 0x4C, 0x00, 0x27, 0x4C, 0x00, 0x27, 0x4C, 
    0x00, 0x27, 0x4C, 0x00, 0x27, 0x4C, 0x00, 0x27, 0x4C, 0x00, 0x27, 0x4C, 
    0x00, 0x27, 0x4C, 0x04, 0x2A, 0x4D, 0x00, 0x1A, 0x45, 0x7B, 0xA6, 0xC7, 
    0xFF, 0xFF, 0xFF, 0xFF, 0xFF, 0xFF, 0xFF, 0xFF, 0xFB, 0xD8, 0xDA, 0xDA, 
    0xA0, 0xAE, 0xB7, 0x7C, 0x88, 0x9A, 0x5C, 0x6E, 0x86, 0x50, 0x6A, 0x83, 
    0x55, 0x6E, 0x86, 0x6F, 0x83, 0x9A, 0x96, 0xAA, 0xBD, 0xDB, 0xE7, 0xF1, 
    0xFF, 0xFF, 0xFF, 0xFE, 0xFD, 0xFD, 0xFA, 0xFA, 0xFB, 0xFF, 0xFF, 0xFF, 
    0xED, 0xE4, 0xD9, 0x22, 0x33, 0x4D, 0x01, 0x24, 0x4B, 0x02, 0x28, 0x4C, 
    0x00, 0x27, 0x4C, 0x00, 0x27, 0x4C, 0x00, 0x27, 0x4C, 0x00, 0x27, 0x4C, 
    0x00, 0x27, 0x4C, 0x00, 0x27, 0x4C, 0x00, 0x27, 0x4C, 0x00, 0x27, 0x4C, 
    0x00, 0x27, 0x4C, 0x00, 0x27, 0x4C, 0x00, 0x27, 0x4C, 0x00, 0x27, 0x4C, 
    0x00, 0x27, 0x4C, 0x00, 0x27, 0x4C, 0x00, 0x27, 0x4C, 0x00, 0x27, 0x4C, 
    0x00, 0x27, 0x4C, 0x00, 0x27, 0x4C, 0x00, 0x27, 0x4C, 0x00, 0x27, 0x4C, 
    0x04, 0x2A, 0x4B, 0x00, 0x1B, 0x51, 0x6A, 0x6B, 0x2F, 0xFF, 0xD7, 0x00, 
    0xFB, 0xC8, 0x06, 0xFF, 0xCB, 0x05, 0xFF, 0xCB, 0x05, 0xFF, 0xCB, 0x05, 
    0xFF, 0xCB, 0x05, 0xFF, 0xCB, 0x05, 0xFF, 0xCB, 0x05, 0xFF, 0xCB, 0x05, 
    0xFF, 0xCB, 0x05, 0xFF, 0xCB, 0x05, 0xFF, 0xCB, 0x05, 0xFF, 0xCB, 0x05, 
    0xFF, 0xCB, 0x05, 0xFF, 0xCB, 0x05, 0xFF, 0xCB, 0x05, 0xFF, 0xCB, 0x05, 
    0xFF, 0xCB, 0x05, 0xFF, 0xCB, 0x05, 0xFF, 0xCB, 0x05, 0xFF, 0xCB, 0x05, 
    0xFF, 0xCB, 0x05, 0xFF, 0xCB, 0x05, 0xFF, 0xCB, 0x05, 0xFF, 0xCB, 0x05, 
    0xFF, 0xCB, 0x05, 0xFF, 0xCB, 0x05, 0xFF, 0xCB, 0x05, 0xFF, 0xCB, 0x05, 
    0xFF, 0xCB, 0x05, 0xFF, 0xCB, 0x05, 0xFF, 0xCB, 0x05, 0xFF, 0xCB, 0x05, 
    0xFB, 0xC8, 0x06, 0xFF, 0xD8, 0x00, 0x77, 0x74, 0x2B, 0x00, 0x1B, 0x51, 
    0x04, 0x2A, 0x4B, 0x00, 0x27, 0x4C, 0x00, 0x27, 0x4C, 0x00, 0x27, 0x4C, 
    0x00, 0x27, 0x4C, 0x02, 0x29, 0x4B, 0x00, 0x1E, 0x4F, 0x82, 0x77, 0x28, 
    0xFB, 0xD0, 0x03, 0xFB, 0xCA, 0x05, 0xFB, 0xCA, 0x06, 0xFD, 0xD0, 0x00, 
    0x83, 0x78, 0x27, 0x00, 0x1F, 0x51, 0x02, 0x29, 0x4B, 0x00, 0x27, 0x4C, 
    0x00, 0x27, 0x4C, 0x00, 0x27, 0x4C, 0x00, 0x27, 0x4C, 0x03, 0x29, 0x4B, 
    0x00, 0x20, 0x52, 0x40, 0x47, 0x29, 0xFF, 0xCE, 0x00, 0xFD, 0xCA, 0x06, 
    0xFF, 0xCB, 0x05, 0xFF, 0xCB, 0x05, 0xFF, 0xCB, 0x05, 0xFF, 0xCB, 0x05, 
    0xFF, 0xCB, 0x05, 0xFF, 0xCB, 0x05, 0xFF, 0xCB, 0x05, 0xFF, 0xCB, 0x05, 
    0xFF, 0xCB, 0x05, 0xFF, 0xCB, 0x05, 0xFF, 0xCB, 0x05, 0xFF, 0xCB, 0x05, 
    0xFF, 0xCB, 0x05, 0xFF, 0xCB, 0x05, 0xFF, 0xCB, 0x05, 0xFF, 0xCB, 0x05, 
    0xFF, 0xCB, 0x05, 0xFF, 0xCB, 0x05, 0xFF, 0xCB, 0x05, 0xFF, 0xCB, 0x05, 
    0xFF, 0xCB, 0x05, 0xFF, 0xCB, 0x05, 0xFF, 0xCB, 0x05, 0xFF, 0xCB, 0x05, 
    0xFF, 0xCB, 0x05, 0xFF, 0xCB, 0x05, 0xFF, 0xCB, 0x05, 0xFF, 0xCB, 0x05, 
    0xFF, 0xCB, 0x05, 0xFF, 0xCB, 0x05, 0xFF, 0xCB, 0x05, 0xFB, 0xC8, 0x06, 
    0xFF, 0xD7, 0x00, 0x65, 0x68, 0x30, 0x00, 0x1B, 0x51, 0x04, 0x2A, 0x4B, 
    0x00, 0x27, 0x4C, 0x00, 0x27, 0x4C, 0x00, 0x27, 0x4C, 0x00, 0x27, 0x4C, 
    0x00, 0x27, 0x4C, 0x00, 0x27, 0x4C, 0x02, 0x28, 0x4D, 0x00, 0x1F, 0x45, 
    0x29, 0x4A, 0x69, 0x3C, 0x5A, 0x76, 0x00, 0x1D, 0x43, 0x02, 0x29, 0x4E, 
    0x00, 0x27, 0x4C, 0x00, 0x27, 0x4C, 0x00, 0x27, 0x4C, 0x00, 0x27, 0x4C, 
    0x00, 0x27, 0x4C, 0x00, 0x27, 0x4C, 0x00, 0x27, 0x4C, 0x00, 0x27, 0x4C, 
    0x00, 0x27, 0x4C, 0x00, 0x27, 0x4C, 0x00, 0x27, 0x4C, 0x00, 0x27, 0x4C, 
    0x00, 0x27, 0x4C, 0x00, 0x27, 0x4C, 0x00, 0x27, 0x4C, 0x00, 0x27, 0x4C, 
    0x00, 0x27, 0x4C, 0x00, 0x27, 0x4C, 0x00, 0x27, 0x4C, 0x00, 0x27, 0x4C, 
    0x00, 0x27, 0x4C, 0x03, 0x29, 0x4B, 0x00, 0x1C, 0x4D, 0xA2, 0xC4, 0xDE, 
    0xFB, 0xFC, 0xFC, 0xF8, 0xF9, 0xFA, 0xFB, 0xFC, 0xFC, 0xFB, 0xFC, 0xFC, 
    0xFA, 0xFB, 0xFB, 0xFA, 0xFA, 0xFB, 0xFA, 0xFA, 0xFB, 0xFA, 0xFA, 0xFB, 
    0xFA, 0xFA, 0xFB, 0xFA, 0xFA, 0xFB, 0xFA, 0xFA, 0xFB, 0xFA, 0xFA, 0xFB, 
    0xFA, 0xFA, 0xFB, 0xFA, 0xFA, 0xFB, 0xFA, 0xFA, 0xFB, 0xFA, 0xFA, 0xFB, 
    0xFA, 0xFA, 0xFB, 0xFA, 0xFA, 0xFB, 0xF6, 0xF8, 0xF8, 0xFA, 0xFA, 0xFB, 
    0x99, 0x93, 0x91, 0x00, 0x19, 0x40, 0x04, 0x2A, 0x4F, 0x00, 0x27, 0x4C, 
    0x00, 0x27, 0x4C, 0x00, 0x27, 0x4D, 0x03, 0x29, 0x4B, 0x00, 0x1E, 0x50, 
    0xA8, 0xC9, 0xE1, 0xFB, 0xFC, 0xFC, 0xF8, 0xFA, 0xFB, 0xFB, 0xFC, 0xFC, 
    0xFB, 0xFC, 0xFC, 0xFA, 0xFA, 0xFB, 0xFA, 0xFA, 0xFB, 0xFA, 0xFA, 0xFB, 
    0xFA, 0xFA, 0xFB, 0xFA, 0xFA, 0xFB, 0xFA, 0xFA, 0xFB, 0xFA, 0xFA, 0xFB, 
    0xFA, 0xFA, 0xFB, 0xFA, 0xFA, 0xFB, 0xFA, 0xFA, 0xFB, 0xFA, 0xFA, 0xFB, 
    0xFA, 0xFA, 0xFB, 0xFA, 0xFA, 0xFB, 0xFA, 0xFA, 0xFB, 0xF6, 0xF8, 0xF9, 
    0xFA, 0xFA, 0xFB, 0x92, 0x8D, 0x8C, 0x00, 0x19, 0x41, 0x04, 0x2A, 0x4F, 
    0x00, 0x27, 0x4C, 0x00, 0x27, 0x4C, 0x00, 0x27, 0x4C, 0x00, 0x27, 0x4C, 
    0x00, 0x27, 0x4C, 0x00, 0x27, 0x4C, 0x00, 0x27, 0x4C, 0x03, 0x2A, 0x4F, 
    0x00, 0x1F, 0x43, 0x01, 0x29, 0x54, 0x75, 0x96, 0xB2, 0xEC, 0xF5, 0xFB, 
    0xFF, 0xFF, 0xFF, 0xFF, 0xFF, 0xFF, 0xFD, 0xFD, 0xFD, 0xF9, 0xFA, 0xFA, 
    0xF9, 0xFA, 0xFB, 0xFE, 0xFE, 0xFF, 0xFF, 0xFF, 0xFF, 0xFF, 0xFF, 0xFF, 
    0xFF, 0xFF, 0xFF, 0xFF, 0xFF, 0xFF, 0xFF, 0xFF, 0xFF, 0xFF, 0xFF, 0xFF, 
    0xFF, 0xFF, 0xFF, 0xFF, 0xFF, 0xFF, 0xFF, 0xFF, 0xFF, 0xFB, 0xFB, 0xFB, 
    0xF7, 0xF8, 0xFA, 0xFB, 0xFC, 0xFE, 0xFF, 0xFF, 0xFF, 0xFF, 0xFF, 0xFF, 
    0x72, 0x70, 0x71, 0x00, 0x1B, 0x44, 0x04, 0x2A, 0x4E, 0x00, 0x27, 0x4C, 
    0x04, 0x2B, 0x4E, 0x00, 0x16, 0x40, 0x6B, 0x97, 0xBC, 0xFF, 0xFF, 0xFF, 
    0xFF, 0xFF, 0xFF, 0xFE, 0xFD, 0xFD, 0xF9, 0xFA, 0xFA, 0xF7, 0xF9, 0xFA, 
    0xFB, 0xFC, 0xFD, 0xFF, 0xFF, 0xFF, 0xFF, 0xFF, 0xFF, 0xFF, 0xFF, 0xFF, 
    0xFF, 0xFF, 0xFF, 0xFF, 0xFF, 0xFF, 0xFF, 0xFF, 0xFF, 0xFF, 0xFF, 0xFF, 
    0xFF, 0xFF, 0xFF, 0xFF, 0xFF, 0xFE, 0xF8, 0xF9, 0xFA, 0xF9, 0xFB, 0xFC, 
    0xFF, 0xFF, 0xFF, 0xFF, 0xFF, 0xFF, 0xF5, 0xEE, 0xE9, 0x74, 0x76, 0x80, 
    0x00, 0x1A, 0x42, 0x02, 0x29, 0x4E, 0x01, 0x27, 0x4C, 0x00, 0x27, 0x4C, 
    0x00, 0x27, 0x4C, 0x00, 0x27, 0x4C, 0x00, 0x27, 0x4C, 0x00, 0x27, 0x4C, 
    0x00, 0x27, 0x4C, 0x00, 0x27, 0x4C, 0x00, 0x27, 0x4C, 0x00, 0x27, 0x4C, 
    0x00, 0x27, 0x4C, 0x00, 0x27, 0x4C, 0x00, 0x27, 0x4C, 0x00, 0x27, 0x4C, 
    0x00, 0x27, 0x4C, 0x00, 0x27, 0x4C, 0x00, 0x27, 0x4C, 0x00, 0x27, 0x4C, 
    0x00, 0x27, 0x4C, 0x00, 0x27, 0x4C, 0x03, 0x29, 0x4C, 0x00, 0x1D, 0x4A, 
    0xAA, 0xCC, 0xE6, 0xFF, 0xFF, 0xFF, 0xFF, 0xFF, 0xFF, 0xFC, 0xFC, 0xFC, 
    0xF9, 0xF9, 0xFA, 0xF8, 0xF9, 0xFA, 0xFC, 0xFD, 0xFE, 0xFF, 0xFF, 0xFF, 
    0xFF, 0xFF, 0xFF, 0xFF, 0xFF, 0xFF, 0xFF, 0xFF, 0xFF, 0xFF, 0xFF, 0xFF, 
    0xFF, 0xFF, 0xFF, 0xFF, 0xFF, 0xFF, 0xFF, 0xFF, 0xFF, 0xFD, 0xFD, 0xFC, 
    0xF8, 0xF9, 0xFA, 0xFB, 0xFC, 0xFD, 0xFF, 0xFF, 0xFF, 0xFF, 0xFF, 0xFF, 
    0xDF, 0xDA, 0xD6, 0x4C, 0x54, 0x66, 0x00, 0x1A, 0x44, 0x03, 0x2A, 0x4F, 
    0x00, 0x27, 0x4C, 0x00, 0x27, 0x4C, 0x00, 0x27, 0x4C, 0x00, 0x27, 0x4C, 
    0x00, 0x27, 0x4C, 0x00, 0x27, 0x4C, 0x00, 0x27, 0x4C, 0x00, 0x27, 0x4C, 
    0x03, 0x2A, 0x4E, 0x00, 0x19, 0x41, 0x5C, 0x8B, 0xB2, 0xFF, 0xFF, 0xFF, 
    0xFC, 0xFB, 0xFB, 0xFC, 0xFC, 0xFD, 0xFD, 0xFD, 0xFD, 0xFF, 0xFF, 0xFF, 
    0xFF, 0xFF, 0xFF, 0xFF, 0xFF, 0xFF, 0xFF, 0xFF, 0xFF, 0xFF, 0xFF, 0xFF, 
    0xFF, 0xFF, 0xF6, 0x3D, 0x47, 0x55, 0x00, 0x20, 0x49, 0x03, 0x29, 0x4D, 
    0x00, 0x27, 0x4C, 0x03, 0x29, 0x4C, 0x00, 0x1C, 0x49, 0x9A, 0xBD, 0xD9, 
    0xFB, 0xFC, 0xFC, 0xF6, 0xF7, 0xF8, 0xFB, 0xFC, 0xFC, 0xE4, 0xD8, 0xCE, 
    0x12, 0x24, 0x46, 0x00, 0x27, 0x4D, 0x01, 0x27, 0x4C, 0x00, 0x27, 0x4C, 
    0x00, 0x27, 0x4C, 0x00, 0x27, 0x4C, 0x00, 0x27, 0x4C, 0x00, 0x27, 0x4C, 
    0x00, 0x27, 0x4C, 0x03, 0x2B, 0x4E, 0x00, 0x17, 0x41, 0x36, 0x5A, 0x86, 
    0xD6, 0xE6, 0xF1, 0xFF, 0xFF, 0xFF, 0xFF, 0xFF, 0xFF, 0xFB, 0xFB, 0xFB, 
    0xF9, 0xFA, 0xFB, 0xFF, 0xFF, 0xFF, 0xFF, 0xFF, 0xFF, 0xFF, 0xFF, 0xFF, 
    0xFF, 0xFF, 0xFF, 0xFF, 0xFF, 0xFF, 0xFF, 0xFF, 0xFF, 0xFF, 0xFF, 0xFF, 
    0xFF, 0xFF, 0xFF, 0xFF, 0xFF, 0xFE, 0xF5, 0xF6, 0xF9, 0xFF, 0xFF, 0xFF, 
    0xA9, 0x9A, 0x99, 0x00, 0x15, 0x3F, 0x03, 0x2B, 0x4F, 0x00, 0x27, 0x4C, 
    0x00, 0x27, 0x4C, 0x04, 0x2B, 0x4E, 0x00, 0x17, 0x45, 0x7E, 0xA5, 0xC7, 
    0xFB, 0xFC, 0xFC, 0xF6, 0xF7, 0xF8, 0xFB, 0xFC, 0xFC, 0xF5, 0xE8, 0xDE, 
    0x21, 0x32, 0x4E, 0x00, 0x24, 0x4B, 0x02, 0x28, 0x4C, 0x00, 0x27, 0x4C, 
    0x00, 0x27, 0x4C, 0x00, 0x27, 0x4C, 0x00, 0x27, 0x4C, 0x01, 0x28, 0x4D, 
    0x04, 0x28, 0x4B, 0x00, 0x1A, 0x45, 0x74, 0x9A, 0xBA, 0xFF, 0xFF, 0xFF, 
    0xFC, 0xFB, 0xFB, 0xFB, 0xFB, 0xFC, 0xF7, 0xF8, 0xF9, 0xFF, 0xFF, 0xFF, 
    0xC0, 0xBD, 0xBA, 0x0F, 0x25, 0x43, 0x00, 0x1E, 0x47, 0x01, 0x29, 0x4D, 
    0x00, 0x27, 0x4C, 0x00, 0x27, 0x4C, 0x00, 0x27, 0x4C, 0x02, 0x2A, 0x4F, 
    0x00, 0x1D, 0x42, 0x13, 0x44, 0x70, 0xBE, 0xD8, 0xE8, 0xFF, 0xFF, 0xFF, 
    0xFF, 0xFF, 0xFF, 0xFB, 0xFB, 0xFC, 0xF9, 0xFA, 0xFB, 0xFF, 0xFF, 0xFF, 
    0xFF, 0xFF, 0xFF, 0xFF, 0xFF, 0xFF, 0xFF, 0xFF, 0xFF, 0xFF, 0xFF, 0xFF, 
    0xFF, 0xFF, 0xFF, 0xFF, 0xFF, 0xFF, 0xFF, 0xFF, 0xFF, 0xFF, 0xFF, 0xFF, 
    0xFE, 0xFD, 0xFD, 0xFA, 0xFB, 0xFC, 0xFF, 0xFF, 0xFF, 0xFF, 0xFF, 0xFF, 
    0x8F, 0x87, 0x89, 0x00, 0x1A, 0x42, 0x03, 0x2A, 0x4F, 0x00, 0x27, 0x4C, 
    0x00, 0x27, 0x4C, 0x00, 0x27, 0x4C, 0x00, 0x27, 0x4C, 0x04, 0x2A, 0x4D, 
    0x00, 0x18, 0x48, 0x8C, 0xB2, 0xD0, 0xFB, 0xFC, 0xFC, 0xF6, 0xF7, 0xF8, 
    0xFB, 0xFC, 0xFC, 0xED, 0xE0, 0xD6, 0x18, 0x2C, 0x4A, 0x00, 0x25, 0x4C, 
    0x01, 0x28, 0x4C, 0x00, 0x27, 0x4C, 0x00, 0x27, 0x4C, 0x00, 0x27, 0x4C, 
    0x00, 0x27, 0x4C, 0x00, 0x27, 0x4C, 0x00, 0x27, 0x4C, 0x00, 0x27, 0x4C, 
    0x00, 0x27, 0x4C, 0x04, 0x2A, 0x4D, 0x00, 0x1A, 0x45, 0x85, 0xAF, 0xCF, 
    0xFF, 0xFE, 0xFD, 0xF3, 0xF5, 0xF8, 0xFB, 0xFD, 0xFE, 0xFF, 0xFF, 0xFF, 
    0xFF, 0xFF, 0xFF, 0xFF, 0xFF, 0xFF, 0xFF, 0xFF, 0xFF, 0xFF, 0xFF, 0xFF, 
    0xFF, 0xFF, 0xFF, 0xFF, 0xFF, 0xFF, 0xFF, 0xFF, 0xFF, 0xFF, 0xFF, 0xFF, 
    0xF8, 0xF9, 0xFB, 0xFF, 0xFF, 0xFF, 0xFF, 0xFF, 0xFF, 0xE5, 0xDD, 0xD7, 
    0x37, 0x45, 0x59, 0x00, 0x1F, 0x47, 0x02, 0x29, 0x4E, 0x00, 0x27, 0x4C, 
    0x00, 0x27, 0x4C, 0x00, 0x27, 0x4C, 0x00, 0x27, 0x4C, 0x00, 0x27, 0x4C, 
    0x00, 0x27, 0x4C, 0x00, 0x27, 0x4C, 0x00, 0x27, 0x4C, 0x00, 0x27, 0x4C, 
    0x00, 0x27, 0x4C, 0x00, 0x27, 0x4C, 0x00, 0x27, 0x4C, 0x00, 0x27, 0x4C, 
    0x00, 0x27, 0x4C, 0x00, 0x27, 0x4C, 0x00, 0x27, 0x4C, 0x00, 0x27, 0x4C, 
    0x00, 0x27, 0x4C, 0x00, 0x27, 0x4C, 0x00, 0x27, 0x4C, 0x00, 0x27, 0x4C, 
    0x04, 0x2A, 0x4B, 0x00, 0x1B, 0x51, 0x6A, 0x6B, 0x2F, 0xFF, 0xD7, 0x00, 
    0xFB, 0xC8, 0x06, 0xFF, 0xCB, 0x05, 0xFF, 0xCB, 0x05, 0xFF, 0xCB, 0x05, 
    0xFF, 0xCB, 0x05, 0xFF, 0xCB, 0x05, 0xFF, 0xCB, 0x05, 0xFF, 0xCB, 0x05, 
    0xFF, 0xCB, 0x05, 0xFF, 0xCB, 0x05, 0xFF, 0xCB, 0x05, 0xFF, 0xCB, 0x05, 
    0xFF, 0xCB, 0x05, 0xFF, 0xCB, 0x05, 0xFF, 0xCB, 0x05, 0xFF, 0xCB, 0x05, 
    0xFF, 0xCB, 0x05, 0xFF, 0xCB, 0x05, 0xFF, 0xCB, 0x05, 0xFF, 0xCB, 0x05, 
    0xFF, 0xCB, 0x05, 0xFF, 0xCB, 0x05, 0xFF, 0xCB, 0x05, 0xFF, 0xCB, 0x05, 
    0xFF, 0xCB, 0x05, 0xFF, 0xCB, 0x05, 0xFF, 0xCB, 0x05, 0xFF, 0xCB, 0x05, 
    0xFF, 0xCB, 0x05, 0xFF, 0xCB, 0x05, 0xFF, 0xCB, 0x05, 0xFF, 0xCB, 0x05, 
    0xFB, 0xC8, 0x06, 0xFF, 0xD8, 0x00, 0x77, 0x74, 0x2B, 0x00, 0x1B, 0x51, 
    0x04, 0x2A, 0x4B, 0x00, 0x27, 0x4C, 0x00, 0x27, 0x4C, 0x00, 0x27, 0x4C, 
    0x00, 0x27, 0x4C, 0x00, 0x27, 0x4C, 0x05, 0x29, 0x4B, 0x00, 0x18, 0x53, 
    0x69, 0x6B, 0x2E, 0xFF, 0xD6, 0x01, 0xFF, 0xD5, 0x00, 0x6B, 0x69, 0x28, 
    0x00, 0x18, 0x52, 0x04, 0x29, 0x4B, 0x00, 0x27, 0x4C, 0x00, 0x27, 0x4C, 
    0x00, 0x27, 0x4C, 0x00, 0x27, 0x4C, 0x00, 0x27, 0x4C, 0x03, 0x29, 0x4B, 
    0x00, 0x20, 0x52, 0x40, 0x47, 0x29, 0xFF, 0xCE, 0x00, 0xFD, 0xCA, 0x06, 
    0xFF, 0xCB, 0x05, 0xFF, 0xCB, 0x05, 0xFF, 0xCB, 0x05, 0xFF, 0xCB, 0x05, 
    0xFF, 0xCB, 0x05, 0xFF, 0xCB, 0x05, 0xFF, 0xCB, 0x05, 0xFF, 0xCB, 0x05, 
    0xFF, 0xCB, 0x05, 0xFF, 0xCB, 0x05, 0xFF, 0xCB, 0x05, 0xFF, 0xCB, 0x05, 
    0xFF, 0xCB, 0x05, 0xFF, 0xCB, 0x05, 0xFF, 0xCB, 0x05, 0xFF, 0xCB, 0x05, 
    0xFF, 0xCB, 0x05, 0xFF, 0xCB, 0x05, 0xFF, 0xCB, 0x05, 0xFF, 0xCB, 0x05, 
    0xFF, 0xCB, 0x05, 0xFF, 0xCB, 0x05, 0xFF, 0xCB, 0x05, 0xFF, 0xCB, 0x05, 
    0xFF, 0xCB, 0x05, 0xFF, 0xCB, 0x05, 0xFF, 0xCB, 0x05, 0xFF, 0xCB, 0x05, 
    0xFF, 0xCB, 0x05, 0xFF, 0xCB, 0x05, 0xFF, 0xCB, 0x05, 0xFB, 0xC8, 0x06, 
    0xFF, 0xD7, 0x00, 0x65, 0x68, 0x30, 0x00, 0x1B, 0x51, 0x04, 0x2A, 0x4B, 
    0x00, 0x27, 0x4C, 0x00, 0x27, 0x4C, 0x00, 0x27, 0x4C, 0x00, 0x27, 0x4C, 
    0x00, 0x27, 0x4C, 0x00, 0x27, 0x4C, 0x02, 0x28, 0x4D, 0x00, 0x1F, 0x45, 
    0x29, 0x4A, 0x69, 0x3C, 0x5A, 0x76, 0x00, 0x1D, 0x43, 0x02, 0x29, 0x4E, 
    0x00, 0x27, 0x4C, 0x00, 0x27, 0x4C, 0x00, 0x27, 0x4C, 0x00, 0x27, 0x4C, 
    0x00, 0x27, 0x4C, 0x00, 0x27, 0x4C, 0x00, 0x27, 0x4C, 0x00, 0x27, 0x4C, 
    0x00, 0x27, 0x4C, 0x00, 0x27, 0x4C, 0x00, 0x27, 0x4C, 0x00, 0x27, 0x4C, 
    0x00, 0x27, 0x4C, 0x00, 0x27, 0x4C, 0x00, 0x27, 0x4C, 0x00, 0x27, 0x4C, 
    0x00, 0x27, 0x4C, 0x00, 0x27, 0x4C, 0x00, 0x27, 0x4C, 0x00, 0x27, 0x4C, 
    0x00, 0x27, 0x4C, 0x03, 0x29, 0x4B, 0x00, 0x1B, 0x4D, 0xAF, 0xD1, 0xEA, 
    0xFF, 0xFF, 0xFF, 0xFF, 0xFF, 0xFF, 0xFF, 0xFF, 0xFF, 0xFF, 0xFF, 0xFF, 
    0xFF, 0xFF, 0xFF, 0xFF, 0xFF, 0xFF, 0xFF, 0xFF, 0xFF, 0xFF, 0xFF, 0xFF, 
    0xFF, 0xFF, 0xFF, 0xFF, 0xFF, 0xFF, 0xFF, 0xFF, 0xFF, 0xFF, 0xFF, 0xFF, 
    0xFF, 0xFF, 0xFF, 0xFF, 0xFF, 0xFF, 0xFF, 0xFF, 0xFF, 0xFF, 0xFF, 0xFF, 
    0xFF, 0xFF, 0xFF, 0xFF, 0xFF, 0xFF, 0xFF, 0xFF, 0xFF, 0xFF, 0xFF, 0xFF, 
    0xA6, 0x9C, 0x97, 0x00, 0x18, 0x3F, 0x04, 0x2A, 0x4F, 0x00, 0x27, 0x4C, 
    0x00, 0x27, 0x4C, 0x00, 0x27, 0x4D, 0x03, 0x29, 0x4B, 0x00, 0x1D, 0x50, 
    0xB7, 0xD7, 0xED, 0xFF, 0xFF, 0xFF, 0xFF, 0xFF, 0xFF, 0xFF, 0xFF, 0xFF, 
    0xFF, 0xFF, 0xFF, 0xFF, 0xFF, 0xFF, 0xFF, 0xFF, 0xFF, 0xFF, 0xFF, 0xFF, 
    0xFF, 0xFF, 0xFF, 0xFF, 0xFF, 0xFF, 0xFF, 0xFF, 0xFF, 0xFF, 0xFF, 0xFF, 
    0xFF, 0xFF, 0xFF, 0xFF, 0xFF, 0xFF, 0xFF, 0xFF, 0xFF, 0xFF, 0xFF, 0xFF, 
    0xFF, 0xFF, 0xFF, 0xFF, 0xFF, 0xFF, 0xFF, 0xFF, 0xFF, 0xFF, 0xFF, 0xFF, 
    0xFF, 0xFF, 0xFF, 0x9F, 0x96, 0x91, 0x00, 0x18, 0x40, 0x04, 0x2A, 0x4F, 
    0x00, 0x27, 0x4C, 0x00, 0x27, 0x4C, 0x00, 0x27, 0x4C, 0x00, 0x27, 0x4C, 
    0x00, 0x27, 0x4C, 0x00, 0x27, 0x4C, 0x00, 0x27, 0x4C, 0x00, 0x27, 0x4C, 
    0x02, 0x29, 0x4E, 0x01, 0x26, 0x4A, 0x00, 0x19, 0x40, 0x1D, 0x42, 0x6B, 
    0x86, 0x9F, 0xB7, 0xDF, 0xE7, 0xF1, 0xFF, 0xFF, 0xFF, 0xFF, 0xFF, 0xFF, 
    0xFF, 0xFF, 0xFF, 0xFF, 0xFF, 0xFF, 0xFF, 0xFF, 0xFF, 0xFB, 0xFC, 0xFC, 
    0xF9, 0xFA, 0xFB, 0xF9, 0xFA, 0xFB, 0xF9, 0xFA, 0xFB, 0xFA, 0xFB, 0xFC, 
    0xFD, 0xFD, 0xFE, 0xFF, 0xFF, 0xFF, 0xFF, 0xFF, 0xFF, 0xFF, 0xFF, 0xFF, 
    0xFF, 0xFF, 0xFF, 0xFF, 0xFF, 0xFE, 0xDC, 0xD6, 0xD8, 0x84, 0x89, 0x94, 
    0x1A, 0x33, 0x50, 0x01, 0x25, 0x4B, 0x01, 0x28, 0x4C, 0x00, 0x27, 0x4C, 
    0x01, 0x28, 0x4D, 0x01, 0x23, 0x49, 0x19, 0x3E, 0x68, 0x86, 0xA3, 0xBA, 
    0xDD, 0xE5, 0xEE, 0xFF, 0xFF, 0xFF, 0xFF, 0xFF, 0xFF, 0xFF, 0xFF, 0xFF, 
    0xFF, 0xFF, 0xFF, 0xFF, 0xFF, 0xFF, 0xFE, 0xFE, 0xFE, 0xFA, 0xFB, 0xFB, 
    0xF9, 0xFA, 0xFB, 0xF9, 0xFA, 0xFB, 0xFA, 0xFB, 0xFC, 0xFD, 0xFE, 0xFE, 
    0xFF, 0xFF, 0xFF, 0xFF, 0xFF, 0xFF, 0xFF, 0xFF, 0xFF, 0xFF, 0xFF, 0xFF, 
    0xEF, 0xEC, 0xEA, 0xA0, 0xA0, 0xA4, 0x29, 0x3B, 0x57, 0x00, 0x19, 0x42, 
    0x02, 0x2A, 0x4F, 0x00, 0x27, 0x4C, 0x00, 0x27, 0x4C, 0x00, 0x27, 0x4C, 
    0x00, 0x27, 0x4C, 0x00, 0x27, 0x4C, 0x00, 0x27, 0x4C, 0x00, 0x27, 0x4C, 
    0x00, 0x27, 0x4C, 0x00, 0x27, 0x4C, 0x00, 0x27, 0x4C, 0x00, 0x27, 0x4C, 
    0x00, 0x27, 0x4C, 0x00, 0x27, 0x4C, 0x00, 0x27, 0x4C, 0x00, 0x27, 0x4C, 
    0x00, 0x27, 0x4C, 0x00, 0x27, 0x4C, 0x00, 0x27, 0x4C, 0x00, 0x27, 0x4C, 
    0x00, 0x27, 0x4C, 0x00, 0x27, 0x4C, 0x01, 0x28, 0x4D, 0x01, 0x23, 0x49, 
    0x2F, 0x53, 0x7B, 0x9E, 0xB7, 0xC9, 0xE8, 0xEF, 0xF7, 0xFF, 0xFF, 0xFF, 
    0xFF, 0xFF, 0xFF, 0xFF, 0xFF, 0xFF, 0xFF, 0xFF, 0xFF, 0xFF, 0xFF, 0xFF, 
    0xFD, 0xFD, 0xFD, 0xFA, 0xFA, 0xFB, 0xF9, 0xFA, 0xFB, 0xF9, 0xFA, 0xFB, 
    0xFB, 0xFB, 0xFC, 0xFE, 0xFF, 0xFF, 0xFF, 0xFF, 0xFF, 0xFF, 0xFF, 0xFF, 
    0xFF, 0xFF, 0xFF, 0xFF, 0xFF, 0xFF, 0xE1, 0xDF, 0xDD, 0x84, 0x87, 0x91, 
    0x11, 0x2B, 0x4B, 0x00, 0x1D, 0x45, 0x03, 0x2A, 0x4E, 0x00, 0x27, 0x4C, 
    0x00, 0x27, 0x4C, 0x00, 0x27, 0x4C, 0x00, 0x27, 0x4C, 0x00, 0x27, 0x4C, 
    0x00, 0x27, 0x4C, 0x00, 0x27, 0x4C, 0x00, 0x27, 0x4C, 0x00, 0x27, 0x4C, 
    0x00, 0x27, 0x4D, 0x03, 0x27, 0x4B, 0x00, 0x21, 0x4C, 0x83, 0xA5, 0xC3, 
    0xFF, 0xFF, 0xFF, 0xFF, 0xFF, 0xFF, 0xFF, 0xFF, 0xFF, 0xFD, 0xFD, 0xFD, 
    0xF9, 0xFA, 0xFB, 0xF9, 0xFA, 0xFB, 0xFB, 0xFB, 0xFC, 0xFF, 0xFF, 0xFF, 
    0xFF, 0xFF, 0xFC, 0x42, 0x4B, 0x57, 0x00, 0x1F, 0x49, 0x03, 0x29, 0x4D, 
    0x00, 0x27, 0x4C, 0x03, 0x29, 0x4C, 0x00, 0x1B, 0x49, 0xA7, 0xC9, 0xE5, 
    0xFF, 0xFF, 0xFF, 0xFF, 0xFF, 0xFF, 0xFF, 0xFF, 0xFF, 0xF8, 0xE7, 0xD9, 
    0x13, 0x24, 0x46, 0x00, 0x27, 0x4D, 0x01, 0x27, 0x4C, 0x00, 0x27, 0x4C, 
    0x00, 0x27, 0x4C, 0x00, 0x27, 0x4C, 0x00, 0x27, 0x4C, 0x00, 0x27, 0x4C, 
    0x00, 0x27, 0x4C, 0x00, 0x27, 0x4C, 0x03, 0x2B, 0x4E, 0x00, 0x1C, 0x41, 
    0x0C, 0x36, 0x5F, 0x85, 0xA0, 0xBB, 0xEA, 0xF2, 0xF9, 0xFF, 0xFF, 0xFF, 
    0xFF, 0xFF, 0xFF, 0xFF, 0xFF, 0xFF, 0xFD, 0xFD, 0xFD, 0xFA, 0xFB, 0xFB, 
    0xF9, 0xFA, 0xFB, 0xFA, 0xFA, 0xFB, 0xFB, 0xFC, 0xFC, 0xFF, 0xFF, 0xFF, 
    0xFF, 0xFF, 0xFF, 0xFF, 0xFF, 0xFF, 0xFF, 0xFF, 0xFF, 0xE0, 0xDD, 0xDB, 
    0x5D, 0x61, 0x6F, 0x01, 0x1E, 0x46, 0x02, 0x29, 0x4E, 0x00, 0x27, 0x4C, 
    0x00, 0x27, 0x4C, 0x04, 0x2B, 0x4E, 0x00, 0x16, 0x45, 0x89, 0xB0, 0xD1, 
    0xFF, 0xFF, 0xFF, 0xFF, 0xFF, 0xFF, 0xFF, 0xFF, 0xFF, 0xFF, 0xF8, 0xEA, 
    0x24, 0x33, 0x4E, 0x00, 0x24, 0x4B, 0x02, 0x28, 0x4C, 0x00, 0x27, 0x4C, 
    0x00, 0x27, 0x4C, 0x00, 0x27, 0x4C, 0x00, 0x27, 0x4C, 0x00, 0x27, 0x4C, 
    0x00, 0x28, 0x4D, 0x04, 0x28, 0x4C, 0x00, 0x19, 0x45, 0x6E, 0x94, 0xB9, 
    0xFF, 0xFF, 0xFF, 0xFF, 0xFF, 0xFF, 0xFF, 0xFF, 0xFF, 0xFF, 0xFF, 0xFF, 
    0xFF, 0xFF, 0xFF, 0xE4, 0xDA, 0xD2, 0x2F, 0x3E, 0x58, 0x01, 0x24, 0x4A, 
    0x02, 0x28, 0x4D, 0x00, 0x27, 0x4C, 0x00, 0x27, 0x4C, 0x00, 0x27, 0x4C, 
    0x02, 0x2A, 0x4F, 0x00, 0x1F, 0x44, 0x04, 0x2D, 0x58, 0x77, 0x96, 0xB4, 
    0xE7, 0xF0, 0xF8, 0xFF, 0xFF, 0xFF, 0xFF, 0xFF, 0xFF, 0xFF, 0xFF, 0xFF, 
    0xFE, 0xFD, 0xFD, 0xFA, 0xFA, 0xFB, 0xF9, 0xFA, 0xFB, 0xF9, 0xFA, 0xFB, 
    0xFA, 0xFB, 0xFC, 0xFD, 0xFE, 0xFE, 0xFF, 0xFF, 0xFF, 0xFF, 0xFF, 0xFF, 
    0xFF, 0xFF, 0xFF, 0xFF, 0xFF, 0xFF, 0xD6, 0xCE, 0xCE, 0x6A, 0x6D, 0x7D, 
    0x08, 0x26, 0x4A, 0x01, 0x27, 0x4C, 0x00, 0x27, 0x4C, 0x00, 0x27, 0x4C, 
    0x00, 0x27, 0x4C, 0x00, 0x27, 0x4C, 0x00, 0x27, 0x4C, 0x04, 0x2A, 0x4D, 
    0x00, 0x17, 0x48, 0x98, 0xBE, 0xDB, 0xFF, 0xFF, 0xFF, 0xFF, 0xFF, 0xFF, 
    0xFF, 0xFF, 0xFF, 0xFF, 0xF0, 0xE1, 0x1A, 0x2C, 0x4A, 0x00, 0x25, 0x4C, 
    0x01, 0x28, 0x4C, 0x00, 0x27, 0x4C, 0x00, 0x27, 0x4C, 0x00, 0x27, 0x4C, 
    0x00, 0x27, 0x4C, 0x00, 0x27, 0x4C, 0x00, 0x27, 0x4C, 0x00, 0x27, 0x4C, 
    0x00, 0x27, 0x4C, 0x03, 0x2A, 0x4D, 0x00, 0x1C, 0x45, 0x66, 0x92, 0xB5, 
    0xFC, 0xFF, 0xFF, 0xFF, 0xFF, 0xFF, 0xFF, 0xFF, 0xFF, 0xFF, 0xFF, 0xFF, 
    0xFD, 0xFD, 0xFD, 0xFA, 0xFB, 0xFB, 0xF9, 0xFA, 0xFB, 0xF9, 0xFA, 0xFB, 
    0xFA, 0xFB, 0xFC, 0xFD, 0xFD, 0xFF, 0xFF, 0xFF, 0xFF, 0xFF, 0xFF, 0xFF, 
    0xFF, 0xFF, 0xFF, 0xF8, 0xF3, 0xF0, 0xA1, 0x9F, 0xA6, 0x1C, 0x31, 0x4E, 
    0x00, 0x1E, 0x47, 0x03, 0x2A, 0x4E, 0x00, 0x27, 0x4C, 0x00, 0x27, 0x4C, 
    0x00, 0x27, 0x4C, 0x00, 0x27, 0x4C, 0x00, 0x27, 0x4C, 0x00, 0x27, 0x4C, 
    0x00, 0x27, 0x4C, 0x00, 0x27, 0x4C, 0x00, 0x27, 0x4C, 0x00, 0x27, 0x4C, 
    0x00, 0x27, 0x4C, 0x00, 0x27, 0x4C, 0x00, 0x27, 0x4C, 0x00, 0x27, 0x4C, 
    0x00, 0x27, 0x4C, 0x00, 0x27, 0x4C, 0x00, 0x27, 0x4C, 0x00, 0x27, 0x4C, 
    0x00, 0x27, 0x4C, 0x00, 0x27, 0x4C, 0x00, 0x27, 0x4C, 0x00, 0x27, 0x4C, 
    0x04, 0x2A, 0x4B, 0x00, 0x1B, 0x51, 0x6A, 0x6B, 0x2F, 0xFF, 0xD7, 0x00, 
    0xFB, 0xC8, 0x06, 0xFF, 0xCB, 0x05, 0xFF, 0xCB, 0x05, 0xFF, 0xCB, 0x05, 
    0xFF, 0xCB, 0x05, 0xFF, 0xCB, 0x05, 0xFF, 0xCB, 0x05, 0xFF, 0xCB, 0x05, 
    0xFF, 0xCB, 0x05, 0xFF, 0xCB, 0x05, 0xFF, 0xCB, 0x05, 0xFF, 0xCB, 0x05, 
    0xFF, 0xCB, 0x05, 0xFF, 0xCB, 0x05, 0xFF, 0xCB, 0x05, 0xFF, 0xCB, 0x05, 
    0xFF, 0xCB, 0x05, 0xFF, 0xCB, 0x05, 0xFF, 0xCB, 0x05, 0xFF, 0xCB, 0x05, 
    0xFF, 0xCB, 0x05, 0xFF, 0xCB, 0x05, 0xFF, 0xCB, 0x05, 0xFF, 0xCB, 0x05, 
    0xFF, 0xCB, 0x05, 0xFF, 0xCB, 0x05, 0xFF, 0xCB, 0x05, 0xFF, 0xCB, 0x05, 
    0xFF, 0xCB, 0x05, 0xFF, 0xCB, 0x05, 0xFF, 0xCB, 0x05, 0xFF, 0xCB, 0x05, 
    0xFB, 0xC8, 0x06, 0xFF, 0xD8, 0x00, 0x77, 0x74, 0x2B, 0x00, 0x1B, 0x51, 
    0x04, 0x2A, 0x4B, 0x00, 0x27, 0x4C, 0x00, 0x27, 0x4C, 0x00, 0x27, 0x4C, 
    0x00, 0x27, 0x4C, 0x00, 0x27, 0x4C, 0x00, 0x27, 0x4C, 0x04, 0x29, 0x4B, 
    0x00, 0x1D, 0x50, 0xB2, 0x99, 0x1A, 0xB7, 0x99, 0x12, 0x00, 0x1B, 0x4C, 
    0x04, 0x2A, 0x4C, 0x00, 0x27, 0x4C, 0x00, 0x27, 0x4C, 0x00, 0x27, 0x4C, 
    0x00, 0x27, 0x4C, 0x00, 0x27, 0x4C, 0x00, 0x27, 0x4C, 0x03, 0x29, 0x4B, 
    0x00, 0x20, 0x52, 0x40, 0x47, 0x29, 0xFF, 0xCE, 0x00, 0xFD, 0xCA, 0x06, 
    0xFF, 0xCB, 0x05, 0xFF, 0xCB, 0x05, 0xFF, 0xCB, 0x05, 0xFF, 0xCB, 0x05, 
    0xFF, 0xCB, 0x05, 0xFF, 0xCB, 0x05, 0xFF, 0xCB, 0x05, 0xFF, 0xCB, 0x05, 
    0xFF, 0xCB, 0x05, 0xFF, 0xCB, 0x05, 0xFF, 0xCB, 0x05, 0xFF, 0xCB, 0x05, 
    0xFF, 0xCB, 0x05, 0xFF, 0xCB, 0x05, 0xFF, 0xCB, 0x05, 0xFF, 0xCB, 0x05, 
    0xFF, 0xCB, 0x05, 0xFF, 0xCB, 0x05, 0xFF, 0xCB, 0x05, 0xFF, 0xCB, 0x05, 
    0xFF, 0xCB, 0x05, 0xFF, 0xCB, 0x05, 0xFF, 0xCB, 0x05, 0xFF, 0xCB, 0x05, 
    0xFF, 0xCB, 0x05, 0xFF, 0xCB, 0x05, 0xFF, 0xCB, 0x05, 0xFF, 0xCB, 0x05, 
    0xFF, 0xCB, 0x05, 0xFF, 0xCB, 0x05, 0xFF, 0xCB, 0x05, 0xFB, 0xC8, 0x06, 
    0xFF, 0xD7, 0x00, 0x65, 0x68, 0x30, 0x00, 0x1B, 0x51, 0x04, 0x2A, 0x4B, 
    0x00, 0x27, 0x4C, 0x00, 0x27, 0x4C, 0x00, 0x27, 0x4C, 0x00, 0x27, 0x4C, 
    0x00, 0x27, 0x4C, 0x00, 0x27, 0x4C, 0x02, 0x28, 0x4D, 0x00, 0x1F, 0x45, 
    0x29, 0x4A, 0x69, 0x3C, 0x5A, 0x76, 0x00, 0x1D, 0x43, 0x02, 0x29, 0x4E, 
    0x00, 0x27, 0x4C, 0x00, 0x27, 0x4C, 0x00, 0x27, 0x4C, 0x00, 0x27, 0x4C, 
    0x00, 0x27, 0x4C, 0x00, 0x27, 0x4C, 0x00, 0x27, 0x4C, 0x00, 0x27, 0x4C, 
    0x00, 0x27, 0x4C, 0x00, 0x27, 0x4C, 0x00, 0x27, 0x4C, 0x00, 0x27, 0x4C, 
    0x00, 0x27, 0x4C, 0x00, 0x27, 0x4C, 0x00, 0x27, 0x4C, 0x00, 0x27, 0x4C, 
    0x00, 0x27, 0x4C, 0x00, 0x27, 0x4C, 0x00, 0x27, 0x4C, 0x00, 0x27, 0x4C, 
    0x00, 0x27, 0x4C, 0x02, 0x28, 0x4B, 0x00, 0x20, 0x4D, 0x69, 0x8D, 0xAB, 
    0xA4, 0xB2, 0xBF, 0xA2, 0xB0, 0xBE, 0xA4, 0xB2, 0xBF, 0xA4, 0xB2, 0xBF, 
    0xA4, 0xB2, 0xBF, 0xA4, 0xB2, 0xBF, 0xA4, 0xB2, 0xBF, 0xA4, 0xB2, 0xBF, 
    0xA4, 0xB2, 0xBF, 0xA4, 0xB2, 0xBF, 0xA4, 0xB2, 0xBF, 0xA4, 0xB2, 0xBF, 
    0xA4, 0xB2, 0xBF, 0xA4, 0xB2, 0xBF, 0xA4, 0xB2, 0xBF, 0xA4, 0xB2, 0xBF, 
    0xA4, 0xB2, 0xBF, 0xA4, 0xB2, 0xBF, 0xA1, 0xB0, 0xBD, 0xA4, 0xB2, 0xBF, 
    0x64, 0x6E, 0x79, 0x00, 0x1E, 0x44, 0x03, 0x29, 0x4E, 0x00, 0x27, 0x4C, 
    0x00, 0x27, 0x4C, 0x00, 0x27, 0x4D, 0x02, 0x28, 0x4B, 0x00, 0x21, 0x4F, 
    0x6E, 0x91, 0xAD, 0xA4, 0xB2, 0xBF, 0xA2, 0xB0, 0xBE, 0xA4, 0xB2, 0xBF, 
    0xA4, 0xB2, 0xBF, 0xA4, 0xB2, 0xBF, 0xA4, 0xB2, 0xBF, 0xA4, 0xB2, 0xBF, 
    0xA4, 0xB2, 0xBF, 0xA4, 0xB2, 0xBF, 0xA4, 0xB2, 0xBF, 0xA4, 0xB2, 0xBF, 
    0xA4, 0xB2, 0xBF, 0xA4, 0xB2, 0xBF, 0xA4, 0xB2, 0xBF, 0xA4, 0xB2, 0xBF, 
    0xA4, 0xB2, 0xBF, 0xA4, 0xB2, 0xBF, 0xA4, 0xB2, 0xBF, 0xA1, 0xB0, 0xBE, 
    0xA4, 0xB2, 0xBF, 0x60, 0x6A, 0x76, 0x00, 0x1E, 0x45, 0x03, 0x29, 0x4E, 
    0x00, 0x27, 0x4C, 0x00, 0x27, 0x4C, 0x00, 0x27, 0x4C, 0x00, 0x27, 0x4C, 
    0x00, 0x27, 0x4C, 0x00, 0x27, 0x4C, 0x00, 0x27, 0x4C, 0x00, 0x27, 0x4C, 
    0x00, 0x27, 0x4C, 0x00, 0x28, 0x4D, 0x03, 0x2A, 0x4E, 0x00, 0x21, 0x46, 
    0x00, 0x18, 0x41, 0x0A, 0x32, 0x5B, 0x46, 0x6A, 0x89, 0x8E, 0x9F, 0xB8, 
    0xC3, 0xD1, 0xDA, 0xE5, 0xE9, 0xF0, 0xF8, 0xFA, 0xFB, 0xFF, 0xFF, 0xFF, 
    0xFF, 0xFF, 0xFF, 0xFF, 0xFF, 0xFF, 0xFF, 0xFF, 0xFF, 0xFF, 0xFF, 0xFF, 
    0xFD, 0xFB, 0xFA, 0xEB, 0xED, 0xEF, 0xD9, 0xDB, 0xDC, 0xAE, 0xB5, 0xBE, 
    0x7B, 0x84, 0x96, 0x3B, 0x51, 0x6A, 0x08, 0x25, 0x48, 0x00, 0x19, 0x40, 
    0x00, 0x24, 0x4B, 0x00, 0x28, 0x4C, 0x00, 0x27, 0x4C, 0x00, 0x27, 0x4C, 
    0x00, 0x27, 0x4C, 0x00, 0x28, 0x4D, 0x00, 0x21, 0x46, 0x00, 0x19, 0x41, 
    0x09, 0x2F, 0x58, 0x3C, 0x5C, 0x7C, 0x7C, 0x8E, 0xA8, 0xA9, 0xBA, 0xC7, 
    0xD7, 0xDE, 0xE5, 0xEB, 0xEE, 0xF2, 0xFB, 0xFE, 0xFF, 0xFF, 0xFF, 0xFF, 
    0xFF, 0xFF, 0xFF, 0xFF, 0xFF, 0xFF, 0xFF, 0xFF, 0xFF, 0xFB, 0xF9, 0xF9, 
    0xEA, 0xE9, 0xED, 0xCF, 0xD2, 0xD3, 0xA2, 0xA9, 0xAE, 0x5D, 0x70, 0x83, 
    0x1A, 0x37, 0x55, 0x00, 0x19, 0x40, 0x00, 0x22, 0x49, 0x03, 0x2A, 0x4E, 
    0x00, 0x27, 0x4C, 0x00, 0x27, 0x4C, 0x00, 0x27, 0x4C, 0x00, 0x27, 0x4C, 
    0x00, 0x27, 0x4C, 0x00, 0x27, 0x4C, 0x00, 0x27, 0x4C, 0x00, 0x27, 0x4C, 
    0x00, 0x27, 0x4C, 0x00, 0x27, 0x4C, 0x00, 0x27, 0x4C, 0x00, 0x27, 0x4C, 
    0x00, 0x27, 0x4C, 0x00, 0x27, 0x4C, 0x00, 0x27, 0x4C, 0x00, 0x27, 0x4C, 
    0x00, 0x27, 0x4C, 0x00, 0x27, 0x4C, 0x00, 0x27, 0x4C, 0x00, 0x27, 0x4C, 
    0x00, 0x27, 0x4C, 0x00, 0x27, 0x4C, 0x00, 0x27, 0x4C, 0x00, 0x28, 0x4D, 
    0x00, 0x1E, 0x43, 0x00, 0x1C, 0x44, 0x10, 0x39, 0x60, 0x4A, 0x69, 0x87, 
    0x8B, 0x9B, 0xB2, 0xB2, 0xC2, 0xCF, 0xDF, 0xE4, 0xE9, 0xEF, 0xF2, 0xF5, 
    0xFF, 0xFF, 0xFF, 0xFF, 0xFF, 0xFF, 0xFF, 0xFF, 0xFF, 0xFF, 0xFF, 0xFF, 
    0xFF, 0xFF, 0xFF, 0xF8, 0xF5, 0xF6, 0xE6, 0xE7, 0xEB, 0xC4, 0xC9, 0xCB, 
    0x93, 0x9B, 0xA4, 0x4A, 0x62, 0x77, 0x0B, 0x2C, 0x4C, 0x00, 0x18, 0x40, 
    0x00, 0x25, 0x4C, 0x03, 0x2A, 0x4E, 0x00, 0x27, 0x4C, 0x00, 0x27, 0x4C, 
    0x00, 0x27, 0x4C, 0x00, 0x27, 0x4C, 0x00, 0x27, 0x4C, 0x00, 0x27, 0x4C, 
    0x00, 0x27, 0x4C, 0x00, 0x27, 0x4C, 0x00, 0x27, 0x4C, 0x00, 0x27, 0x4C, 
    0x00, 0x27, 0x4C, 0x00, 0x28, 0x4D, 0x02, 0x26, 0x4A, 0x00, 0x1D, 0x46, 
    0x44, 0x69, 0x8D, 0xAE, 0xC3, 0xD4, 0xEA, 0xEE, 0xF3, 0xFF, 0xFF, 0xFF, 
    0xFF, 0xFF, 0xFF, 0xFF, 0xFF, 0xFF, 0xFF, 0xFF, 0xFD, 0xEC, 0xEA, 0xEC, 
    0xB3, 0xB0, 0xB4, 0x1D, 0x32, 0x4D, 0x01, 0x25, 0x4C, 0x01, 0x28, 0x4C, 
    0x00, 0x27, 0x4C, 0x02, 0x28, 0x4C, 0x00, 0x20, 0x4A, 0x64, 0x89, 0xA8, 
    0xA4, 0xB2, 0xBF, 0xA0, 0xAE, 0xBC, 0xA4, 0xB2, 0xBF, 0x95, 0x9B, 0xA1, 
    0x0C, 0x25, 0x48, 0x00, 0x27, 0x4D, 0x01, 0x27, 0x4C, 0x00, 0x27, 0x4C, 
    0x00, 0x27, 0x4C, 0x00, 0x27, 0x4C, 0x00, 0x27, 0x4C, 0x00, 0x27, 0x4C, 
    0x00, 0x27, 0x4C, 0x00, 0x27, 0x4C, 0x00, 0x27, 0x4C, 0x02, 0x2A, 0x4F, 
    0x00, 0x23, 0x47, 0x00, 0x19, 0x42, 0x19, 0x3E, 0x66, 0x6F, 0x87, 0x9E, 
    0xB6, 0xC2, 0xD0, 0xE5, 0xEA, 0xED, 0xFA, 0xFC, 0xFD, 0xFF, 0xFF, 0xFF, 
    0xFF, 0xFF, 0xFF, 0xFF, 0xFF, 0xFF, 0xFF, 0xFF, 0xFF, 0xF2, 0xF3, 0xF3, 
    0xD9, 0xDB, 0xDD, 0xA3, 0xAC, 0xB3, 0x56, 0x69, 0x7A, 0x0B, 0x2B, 0x4A, 
    0x00, 0x1E, 0x46, 0x01, 0x29, 0x4D, 0x00, 0x27, 0x4C, 0x00, 0x27, 0x4C, 
    0x00, 0x27, 0x4C, 0x03, 0x2A, 0x4D, 0x00, 0x1D, 0x48, 0x52, 0x79, 0x9C, 
    0xA4, 0xB2, 0xBF, 0xA0, 0xAE, 0xBC, 0xA4, 0xB2, 0xBF, 0xA0, 0xA5, 0xAB, 
    0x16, 0x2E, 0x4D, 0x00, 0x25, 0x4B, 0x01, 0x28, 0x4C, 0x00, 0x27, 0x4C, 
    0x00, 0x27, 0x4C, 0x00, 0x27, 0x4C, 0x00, 0x27, 0x4C, 0x00, 0x27, 0x4C, 
    0x00, 0x27, 0x4C, 0x00, 0x28, 0x4D, 0x04, 0x28, 0x4B, 0x00, 0x1A, 0x46, 
    0x5F, 0x88, 0xA3, 0xA4, 0xB2, 0xBF, 0xA2, 0xB0, 0xBE, 0xA4, 0xB2, 0xBF, 
    0xA0, 0xAE, 0xBC, 0xAB, 0xB9, 0xC7, 0x80, 0x86, 0x92, 0x06, 0x24, 0x46, 
    0x01, 0x27, 0x4D, 0x00, 0x27, 0x4C, 0x00, 0x27, 0x4C, 0x00, 0x27, 0x4C, 
    0x00, 0x27, 0x4C, 0x01, 0x29, 0x4E, 0x00, 0x25, 0x49, 0x00, 0x18, 0x41, 
    0x15, 0x3B, 0x65, 0x6C, 0x84, 0x9F, 0xB7, 0xC3, 0xD0, 0xE6, 0xEA, 0xEF, 
    0xFA, 0xFD, 0xFF, 0xFF, 0xFF, 0xFF, 0xFF, 0xFF, 0xFF, 0xFF, 0xFF, 0xFF, 
    0xFF, 0xFF, 0xFF, 0xF9, 0xF9, 0xF9, 0xE7, 0xE8, 0xEB, 0xC5, 0xC7, 0xCC, 
    0x8C, 0x94, 0xA1, 0x3F, 0x55, 0x6F, 0x05, 0x23, 0x46, 0x00, 0x1A, 0x42, 
    0x00, 0x27, 0x4C, 0x00, 0x27, 0x4C, 0x00, 0x27, 0x4C, 0x00, 0x27, 0x4C, 
    0x00, 0x27, 0x4C, 0x00, 0x27, 0x4C, 0x00, 0x27, 0x4C, 0x03, 0x29, 0x4D, 
    0x00, 0x1D, 0x49, 0x5B, 0x82, 0xA2, 0xA4, 0xB2, 0xBF, 0xA0, 0xAE, 0xBC, 
    0xA4, 0xB2, 0xBF, 0x9B, 0xA0, 0xA6, 0x0F, 0x2A, 0x4B, 0x00, 0x26, 0x4C, 
    0x01, 0x28, 0x4C, 0x00, 0x27, 0x4C, 0x00, 0x27, 0x4C, 0x00, 0x27, 0x4C, 
    0x00, 0x27, 0x4C, 0x00, 0x27, 0x4C, 0x00, 0x27, 0x4C, 0x00, 0x27, 0x4C, 
    0x00, 0x27, 0x4C, 0x00, 0x27, 0x4C, 0x01, 0x27, 0x4C, 0x00, 0x26, 0x4C, 
    0x2D, 0x55, 0x74, 0x7E, 0x92, 0xAA, 0xB8, 0xC9, 0xD7, 0xE5, 0xE9, 0xEF, 
    0xFA, 0xFA, 0xFD, 0xFF, 0xFF, 0xFF, 0xFF, 0xFF, 0xFF, 0xFF, 0xFF, 0xFF, 
    0xFF, 0xFF, 0xFF, 0xF9, 0xF9, 0xF6, 0xE5, 0xE7, 0xEA, 0xB9, 0xBE, 0xC9, 
    0x76, 0x82, 0x91, 0x2A, 0x3F, 0x5A, 0x00, 0x19, 0x40, 0x00, 0x24, 0x4B, 
    0x02, 0x29, 0x4E, 0x00, 0x27, 0x4C, 0x00, 0x27, 0x4C, 0x00, 0x27, 0x4C, 
    0x00, 0x27, 0x4C, 0x00, 0x27, 0x4C, 0x00, 0x27, 0x4C, 0x00, 0x27, 0x4C, 
    0x00, 0x27, 0x4C, 0x00, 0x27, 0x4C, 0x00, 0x27, 0x4C, 0x00, 0x27, 0x4C, 
    0x00, 0x27, 0x4C, 0x00, 0x27, 0x4C, 0x00, 0x27, 0x4C, 0x00, 0x27, 0x4C, 
    0x00, 0x27, 0x4C, 0x00, 0x27, 0x4C, 0x00, 0x27, 0x4C, 0x00, 0x27, 0x4C, 
    0x00, 0x27, 0x4C, 0x00, 0x27, 0x4C, 0x00, 0x27, 0x4C, 0x00, 0x27, 0x4C, 
    0x04, 0x2A, 0x4B, 0x00, 0x1B, 0x51, 0x6A, 0x6B, 0x2F, 0xFF, 0xD7, 0x00, 
    0xFB, 0xC8, 0x06, 0xFF, 0xCB, 0x05, 0xFF, 0xCB, 0x05, 0xFF, 0xCB, 0x05, 
    0xFF, 0xCB, 0x05, 0xFF, 0xCB, 0x05, 0xFF, 0xCB, 0x05, 0xFF, 0xCB, 0x05, 
    0xFF, 0xCB, 0x05, 0xFF, 0xCB, 0x05, 0xFF, 0xCB, 0x05, 0xFF, 0xCB, 0x05, 
    0xFF, 0xCB, 0x05, 0xFF, 0xCB, 0x05, 0xFF, 0xCB, 0x05, 0xFF, 0xCB, 0x05, 
    0xFF, 0xCB, 0x05, 0xFF, 0xCB, 0x05, 0xFF, 0xCB, 0x05, 0xFF, 0xCB, 0x05, 
    0xFF, 0xCB, 0x05, 0xFF, 0xCB, 0x05, 0xFF, 0xCB, 0x05, 0xFF, 0xCB, 0x05, 
    0xFF, 0xCB, 0x05, 0xFF, 0xCB, 0x05, 0xFF, 0xCB, 0x05, 0xFF, 0xCB, 0x05, 
    0xFF, 0xCB, 0x05, 0xFF, 0xCB, 0x05, 0xFF, 0xCB, 0x05, 0xFF, 0xCB, 0x05, 
    0xFB, 0xC8, 0x06, 0xFF, 0xD8, 0x00, 0x77, 0x74, 0x2B, 0x00, 0x1B, 0x51, 
    0x04, 0x2A, 0x4B, 0x00, 0x27, 0x4C, 0x00, 0x27, 0x4C, 0x00, 0x27, 0x4C, 
    0x00, 0x27, 0x4C, 0x00, 0x27, 0x4C, 0x00, 0x27, 0x4C, 0x01, 0x27, 0x4C, 
    0x01, 0x27, 0x4C, 0x00, 0x26, 0x4B, 0x00, 0x27, 0x4C, 0x01, 0x27, 0x4D, 
    0x01, 0x27, 0x4C, 0x00, 0x27, 0x4C, 0x00, 0x27, 0x4C, 0x00, 0x27, 0x4C, 
    0x00, 0x27, 0x4C, 0x00, 0x27, 0x4C, 0x00, 0x27, 0x4C, 0x03, 0x29, 0x4B, 
    0x00, 0x20, 0x52, 0x40, 0x47, 0x29, 0xFF, 0xCE, 0x00, 0xFD, 0xCA, 0x06, 
    0xFF, 0xCB, 0x05, 0xFF, 0xCB, 0x05, 0xFF, 0xCB, 0x05, 0xFF, 0xCB, 0x05, 
    0xFF, 0xCB, 0x05, 0xFF, 0xCB, 0x05, 0xFF, 0xCB, 0x05, 0xFF, 0xCB, 0x05, 
    0xFF, 0xCB, 0x05, 0xFF, 0xCB, 0x05, 0xFF, 0xCB, 0x05, 0xFF, 0xCB, 0x05, 
    0xFF, 0xCB, 0x05, 0xFF, 0xCB, 0x05, 0xFF, 0xCB, 0x05, 0xFF, 0xCB, 0x05, 
    0xFF, 0xCB, 0x05, 0xFF, 0xCB, 0x05, 0xFF, 0xCB, 0x05, 0xFF, 0xCB, 0x05, 
    0xFF, 0xCB, 0x05, 0xFF, 0xCB, 0x05, 0xFF, 0xCB, 0x05, 0xFF, 0xCB, 0x05, 
    0xFF, 0xCB, 0x05, 0xFF, 0xCB, 0x05, 0xFF, 0xCB, 0x05, 0xFF, 0xCB, 0x05, 
    0xFF, 0xCB, 0x05, 0xFF, 0xCB, 0x05, 0xFF, 0xCB, 0x05, 0xFB, 0xC8, 0x06, 
    0xFF, 0xD7, 0x00, 0x65, 0x68, 0x30, 0x00, 0x1B, 0x51, 0x04, 0x2A, 0x4B, 
    0x00, 0x27, 0x4C, 0x00, 0x27, 0x4C, 0x00, 0x27, 0x4C, 0x00, 0x27, 0x4C, 
    0x00, 0x27, 0x4C, 0x00, 0x27, 0x4C, 0x02, 0x28, 0x4D, 0x00, 0x1F, 0x45, 
    0x29, 0x4A, 0x69, 0x3C, 0x5A, 0x76, 0x00, 0x1D, 0x43, 0x02, 0x29, 0x4E, 
    0x00, 0x27, 0x4C, 0x00, 0x27, 0x4C, 0x00, 0x27, 0x4C, 0x00, 0x27, 0x4C, 
    0x00, 0x27, 0x4C, 0x00, 0x27, 0x4C, 0x00, 0x27, 0x4C, 0x00, 0x27, 0x4C, 
    0x00, 0x27, 0x4C, 0x00, 0x27, 0x4C, 0x00, 0x27, 0x4C, 0x00, 0x27, 0x4C, 
    0x00, 0x27, 0x4C, 0x00, 0x27, 0x4C, 0x00, 0x27, 0x4C, 0x00, 0x27, 0x4C, 
    0x00, 0x27, 0x4C, 0x00, 0x27, 0x4C, 0x00, 0x27, 0x4C, 0x00, 0x27, 0x4C, 
    0x00, 0x27, 0x4C, 0x00, 0x27, 0x4C, 0x00, 0x28, 0x4C, 0x00, 0x1C, 0x42, 
    0x00, 0x18, 0x40, 0x00, 0x19, 0x40, 0x00, 0x18, 0x40, 0x00, 0x18, 0x40, 
    0x00, 0x18, 0x40, 0x00, 0x18, 0x40, 0x00, 0x18, 0x40, 0x00, 0x18, 0x40, 
    0x00, 0x18, 0x40, 0x00, 0x18, 0x40, 0x00, 0x18, 0x40, 0x00, 0x18, 0x40, 
    0x00, 0x18, 0x40, 0x00, 0x18, 0x40, 0x00, 0x18, 0x40, 0x00, 0x18, 0x40, 
    0x00, 0x18, 0x40, 0x00, 0x18, 0x40, 0x00, 0x19, 0x40, 0x00, 0x18, 0x40, 
    0x00, 0x20, 0x47, 0x00, 0x28, 0x4D, 0x00, 0x27, 0x4C, 0x00, 0x27, 0x4C, 
    0x00, 0x27, 0x4C, 0x00, 0x27, 0x4C, 0x00, 0x27, 0x4C, 0x00, 0x28, 0x4C, 
    0x00, 0x1C, 0x42, 0x00, 0x18, 0x40, 0x00, 0x18, 0x40, 0x00, 0x18, 0x40, 
    0x00, 0x18, 0x40, 0x00, 0x18, 0x40, 0x00, 0x18, 0x40, 0x00, 0x18, 0x40, 
    0x00, 0x18, 0x40, 0x00, 0x18, 0x40, 0x00, 0x18, 0x40, 0x00, 0x18, 0x40, 
    0x00, 0x18, 0x40, 0x00, 0x18, 0x40, 0x00, 0x18, 0x40, 0x00, 0x18, 0x40, 
    0x00, 0x18, 0x40, 0x00, 0x18, 0x40, 0x00, 0x18, 0x40, 0x00, 0x19, 0x40, 
    0x00, 0x18, 0x40, 0x00, 0x20, 0x48, 0x00, 0x28, 0x4D, 0x00, 0x27, 0x4C, 
    0x00, 0x27, 0x4C, 0x00, 0x27, 0x4C, 0x00, 0x27, 0x4C, 0x00, 0x27, 0x4C, 
    0x00, 0x27, 0x4C, 0x00, 0x27, 0x4C, 0x00, 0x27, 0x4C, 0x00, 0x27, 0x4C, 
    0x00, 0x27, 0x4C, 0x00, 0x27, 0x4C, 0x00, 0x27, 0x4C, 0x01, 0x29, 0x4E, 
    0x03, 0x2A, 0x4F, 0x00, 0x24, 0x48, 0x00, 0x1A, 0x41, 0x00, 0x18, 0x41, 
    0x00, 0x24, 0x4A, 0x0A, 0x2F, 0x56, 0x25, 0x47, 0x67, 0x36, 0x55, 0x73, 
    0x3C, 0x5A, 0x77, 0x3D, 0x5B, 0x77, 0x3C, 0x5A, 0x75, 0x36, 0x55, 0x6F, 
    0x2B, 0x48, 0x64, 0x11, 0x34, 0x55, 0x03, 0x27, 0x4A, 0x00, 0x1A, 0x41, 
    0x00, 0x18, 0x40, 0x00, 0x1E, 0x45, 0x00, 0x27, 0x4D, 0x03, 0x2A, 0x4F, 
    0x01, 0x28, 0x4C, 0x00, 0x27, 0x4C, 0x00, 0x27, 0x4C, 0x00, 0x27, 0x4C, 
    0x00, 0x27, 0x4C, 0x00, 0x27, 0x4C, 0x01, 0x28, 0x4D, 0x03, 0x2A, 0x4F, 
    0x00, 0x25, 0x49, 0x00, 0x1C, 0x42, 0x00, 0x18, 0x3F, 0x00, 0x1C, 0x43, 
    0x02, 0x28, 0x4E, 0x11, 0x35, 0x5A, 0x29, 0x4D, 0x6C, 0x38, 0x59, 0x75, 
    0x3D, 0x5B, 0x77, 0x3C, 0x5A, 0x76, 0x36, 0x55, 0x70, 0x29, 0x45, 0x64, 
    0x10, 0x2F, 0x52, 0x00, 0x24, 0x48, 0x00, 0x19, 0x40, 0x00, 0x1A, 0x42, 
    0x00, 0x23, 0x4A, 0x03, 0x2A, 0x4F, 0x02, 0x28, 0x4D, 0x00, 0x27, 0x4C, 
    0x00, 0x27, 0x4C, 0x00, 0x27, 0x4C, 0x00, 0x27, 0x4C, 0x00, 0x27, 0x4C, 
    0x00, 0x27, 0x4C, 0x00, 0x27, 0x4C, 0x00, 0x27, 0x4C, 0x00, 0x27, 0x4C, 
    0x00, 0x27, 0x4C, 0x00, 0x27, 0x4C, 0x00, 0x27, 0x4C, 0x00, 0x27, 0x4C, 
    0x00, 0x27, 0x4C, 0x00, 0x27, 0x4C, 0x00, 0x27, 0x4C, 0x00, 0x27, 0x4C, 
    0x00, 0x27, 0x4C, 0x00, 0x27, 0x4C, 0x00, 0x27, 0x4C, 0x00, 0x27, 0x4C, 
    0x00, 0x27, 0x4C, 0x00, 0x27, 0x4C, 0x00, 0x27, 0x4C, 0x00, 0x27, 0x4C, 
    0x02, 0x29, 0x4E, 0x03, 0x29, 0x4E, 0x00, 0x23, 0x47, 0x00, 0x1A, 0x41, 
    0x00, 0x18, 0x3F, 0x00, 0x1F, 0x46, 0x05, 0x2B, 0x50, 0x16, 0x3A, 0x5E, 
    0x2D, 0x51, 0x6F, 0x3A, 0x5A, 0x76, 0x3D, 0x5B, 0x77, 0x3B, 0x59, 0x76, 
    0x34, 0x52, 0x6E, 0x23, 0x3F, 0x5F, 0x0B, 0x2C, 0x50, 0x00, 0x21, 0x45, 
    0x00, 0x18, 0x3F, 0x00, 0x1B, 0x43, 0x00, 0x26, 0x4C, 0x03, 0x2A, 0x4F, 
    0x01, 0x28, 0x4C, 0x00, 0x27, 0x4C, 0x00, 0x27, 0x4C, 0x00, 0x27, 0x4C, 
    0x00, 0x27, 0x4C, 0x00, 0x27, 0x4C, 0x00, 0x27, 0x4C, 0x00, 0x27, 0x4C, 
    0x00, 0x27, 0x4C, 0x00, 0x27, 0x4C, 0x00, 0x27, 0x4C, 0x00, 0x27, 0x4C, 
    0x00, 0x27, 0x4C, 0x00, 0x27, 0x4C, 0x00, 0x28, 0x4D, 0x02, 0x29, 0x4D, 
    0x00, 0x1B, 0x41, 0x00, 0x1E, 0x46, 0x11, 0x36, 0x5C, 0x32, 0x54, 0x73, 
    0x3D, 0x5B, 0x77, 0x3D, 0x5B, 0x76, 0x34, 0x4E, 0x6B, 0x13, 0x32, 0x53, 
    0x00, 0x1C, 0x42, 0x00, 0x24, 0x4B, 0x00, 0x28, 0x4C, 0x00, 0x27, 0x4C, 
    0x00, 0x27, 0x4C, 0x00, 0x27, 0x4C, 0x00, 0x28, 0x4C, 0x00, 0x1D, 0x42, 
    0x00, 0x18, 0x40, 0x00, 0x19, 0x40, 0x00, 0x18, 0x40, 0x00, 0x1B, 0x43, 
    0x00, 0x27, 0x4C, 0x00, 0x27, 0x4C, 0x00, 0x27, 0x4C, 0x00, 0x27, 0x4C, 
    0x00, 0x27, 0x4C, 0x00, 0x27, 0x4C, 0x00, 0x27, 0x4C, 0x00, 0x27, 0x4C, 
    0x00, 0x27, 0x4C, 0x00, 0x27, 0x4C, 0x00, 0x27, 0x4C, 0x00, 0x27, 0x4C, 
    0x01, 0x28, 0x4D, 0x03, 0x2A, 0x4E, 0x00, 0x21, 0x46, 0x00, 0x18, 0x3F, 
    0x00, 0x1E, 0x46, 0x0B, 0x30, 0x53, 0x27, 0x49, 0x6A, 0x39, 0x57, 0x76, 
    0x3D, 0x5B, 0x77, 0x3C, 0x5A, 0x76, 0x36, 0x52, 0x6F, 0x1B, 0x3C, 0x5C, 
    0x03, 0x27, 0x4B, 0x00, 0x1A, 0x40, 0x00, 0x1A, 0x43, 0x00, 0x26, 0x4C, 
    0x02, 0x29, 0x4D, 0x00, 0x27, 0x4C, 0x00, 0x27, 0x4C, 0x00, 0x27, 0x4C, 
    0x00, 0x27, 0x4C, 0x00, 0x27, 0x4C, 0x00, 0x28, 0x4C, 0x00, 0x1E, 0x44, 
    0x00, 0x18, 0x40, 0x00, 0x19, 0x40, 0x00, 0x18, 0x40, 0x00, 0x1A, 0x42, 
    0x00, 0x26, 0x4C, 0x00, 0x27, 0x4C, 0x00, 0x27, 0x4C, 0x00, 0x27, 0x4C, 
    0x00, 0x27, 0x4C, 0x00, 0x27, 0x4C, 0x00, 0x27, 0x4C, 0x00, 0x27, 0x4C, 
    0x00, 0x27, 0x4C, 0x00, 0x27, 0x4C, 0x00, 0x27, 0x4D, 0x02, 0x29, 0x4D, 
    0x00, 0x1B, 0x41, 0x00, 0x18, 0x40, 0x00, 0x18, 0x40, 0x00, 0x18, 0x40, 
    0x00, 0x18, 0x40, 0x00, 0x16, 0x3E, 0x00, 0x1F, 0x47, 0x00, 0x28, 0x4D, 
    0x00, 0x27, 0x4C, 0x00, 0x27, 0x4C, 0x00, 0x27, 0x4C, 0x00, 0x27, 0x4C, 
    0x00, 0x27, 0x4C, 0x00, 0x27, 0x4C, 0x01, 0x28, 0x4D, 0x03, 0x2A, 0x4E, 
    0x00, 0x22, 0x46, 0x00, 0x18, 0x3F, 0x00, 0x1E, 0x46, 0x0B, 0x30, 0x56, 
    0x27, 0x4B, 0x6C, 0x39, 0x58, 0x76, 0x3D, 0x5B, 0x77, 0x3D, 0x5A, 0x76, 
    0x38, 0x54, 0x71, 0x25, 0x45, 0x63, 0x0C, 0x2E, 0x51, 0x00, 0x21, 0x45, 
    0x00, 0x18, 0x3F, 0x00, 0x1D, 0x44, 0x00, 0x28, 0x4D, 0x03, 0x2A, 0x4E, 
    0x01, 0x27, 0x4C, 0x00, 0x27, 0x4C, 0x00, 0x27, 0x4C, 0x00, 0x27, 0x4C, 
    0x00, 0x27, 0x4C, 0x00, 0x27, 0x4C, 0x00, 0x27, 0x4C, 0x00, 0x27, 0x4C, 
    0x00, 0x28, 0x4C, 0x00, 0x1D, 0x43, 0x00, 0x18, 0x40, 0x00, 0x19, 0x40, 
    0x00, 0x18, 0x40, 0x00, 0x1A, 0x43, 0x00, 0x27, 0x4C, 0x00, 0x27, 0x4C, 
    0x00, 0x27, 0x4C, 0x00, 0x27, 0x4C, 0x00, 0x27, 0x4C, 0x00, 0x27, 0x4C, 
    0x00, 0x27, 0x4C, 0x00, 0x27, 0x4C, 0x00, 0x27, 0x4C, 0x00, 0x27, 0x4C, 
    0x00, 0x27, 0x4C, 0x00, 0x27, 0x4C, 0x00, 0x27, 0x4C, 0x00, 0x27, 0x4C, 
    0x00, 0x1D, 0x44, 0x00, 0x18, 0x40, 0x00, 0x22, 0x49, 0x09, 0x2E, 0x56, 
    0x26, 0x46, 0x6A, 0x38, 0x56, 0x73, 0x3D, 0x5B, 0x77, 0x3D, 0x5B, 0x76, 
    0x39, 0x57, 0x71, 0x25, 0x46, 0x60, 0x0A, 0x2E, 0x50, 0x00, 0x1D, 0x44, 
    0x00, 0x18, 0x40, 0x00, 0x21, 0x49, 0x03, 0x2A, 0x4F, 0x01, 0x28, 0x4D, 
    0x00, 0x27, 0x4C, 0x00, 0x27, 0x4C, 0x00, 0x27, 0x4C, 0x00, 0x27, 0x4C, 
    0x00, 0x27, 0x4C, 0x00, 0x27, 0x4C, 0x00, 0x27, 0x4C, 0x00, 0x27, 0x4C, 
    0x00, 0x27, 0x4C, 0x00, 0x27, 0x4C, 0x00, 0x27, 0x4C, 0x00, 0x27, 0x4C, 
    0x00, 0x27, 0x4C, 0x00, 0x27, 0x4C, 0x00, 0x27, 0x4C, 0x00, 0x27, 0x4C, 
    0x00, 0x27, 0x4C, 0x00, 0x27, 0x4C, 0x00, 0x27, 0x4C, 0x00, 0x27, 0x4C, 
    0x00, 0x27, 0x4C, 0x00, 0x27, 0x4C, 0x00, 0x27, 0x4C, 0x00, 0x27, 0x4C, 
    0x04, 0x2A, 0x4B, 0x00, 0x1B, 0x51, 0x6A, 0x6B, 0x2F, 0xFF, 0xD7, 0x00, 
    0xFB, 0xC8, 0x06, 0xFF, 0xCB, 0x05, 0xFF, 0xCB, 0x05, 0xFF, 0xCB, 0x05, 
    0xFF, 0xCB, 0x05, 0xFF, 0xCB, 0x05, 0xFF, 0xCB, 0x05, 0xFF, 0xCB, 0x05, 
    0xFF, 0xCB, 0x05, 0xFF, 0xCB, 0x05, 0xFF, 0xCB, 0x05, 0xFF, 0xCB, 0x05, 
    0xFF, 0xCB, 0x05, 0xFF, 0xCB, 0x05, 0xFF, 0xCB, 0x05, 0xFF, 0xCB, 0x05, 
    0xFF, 0xCB, 0x05, 0xFF, 0xCB, 0x05, 0xFF, 0xCB, 0x05, 0xFF, 0xCB, 0x05, 
    0xFF, 0xCB, 0x05, 0xFF, 0xCB, 0x05, 0xFF, 0xCB, 0x05, 0xFF, 0xCB, 0x05, 
    0xFF, 0xCB, 0x05, 0xFF, 0xCB, 0x05, 0xFF, 0xCB, 0x05, 0xFF, 0xCB, 0x05, 
    0xFF, 0xCB, 0x05, 0xFF, 0xCB, 0x05, 0xFF, 0xCB, 0x05, 0xFF, 0xCB, 0x05, 
    0xFB, 0xC8, 0x06, 0xFF, 0xD8, 0x00, 0x77, 0x74, 0x2B, 0x00, 0x1B, 0x51, 
    0x04, 0x2A, 0x4B, 0x00, 0x27, 0x4C, 0x00, 0x27, 0x4C, 0x00, 0x27, 0x4C, 
    0x00, 0x27, 0x4C, 0x00, 0x27, 0x4C, 0x00, 0x27, 0x4C, 0x00, 0x27, 0x4C, 
    0x00, 0x27, 0x4C, 0x00, 0x27, 0x4C, 0x00, 0x27, 0x4C, 0x00, 0x27, 0x4C, 
    0x00, 0x27, 0x4C, 0x00, 0x27, 0x4C, 0x00, 0x27, 0x4C, 0x00, 0x27, 0x4C, 
    0x00, 0x27, 0x4C, 0x00, 0x27, 0x4C, 0x00, 0x27, 0x4C, 0x03, 0x29, 0x4B, 
    0x00, 0x20, 0x52, 0x40, 0x47, 0x29, 0xFF, 0xCE, 0x00, 0xFD, 0xCA, 0x06, 
    0xFF, 0xCB, 0x05, 0xFF, 0xCB, 0x05, 0xFF, 0xCB, 0x05, 0xFF, 0xCB, 0x05, 
    0xFF, 0xCB, 0x05, 0xFF, 0xCB, 0x05, 0xFF, 0xCB, 0x05, 0xFF, 0xCB, 0x05, 
    0xFF, 0xCB, 0x05, 0xFF, 0xCB, 0x05, 0xFF, 0xCB, 0x05, 0xFF, 0xCB, 0x05, 
    0xFF, 0xCB, 0x05, 0xFF, 0xCB, 0x05, 0xFF, 0xCB, 0x05, 0xFF, 0xCB, 0x05, 
    0xFF, 0xCB, 0x05, 0xFF, 0xCB, 0x05, 0xFF, 0xCB, 0x05, 0xFF, 0xCB, 0x05, 
    0xFF, 0xCB, 0x05, 0xFF, 0xCB, 0x05, 0xFF, 0xCB, 0x05, 0xFF, 0xCB, 0x05, 
    0xFF, 0xCB, 0x05, 0xFF, 0xCB, 0x05, 0xFF, 0xCB, 0x05, 0xFF, 0xCB, 0x05, 
    0xFF, 0xCB, 0x05, 0xFF, 0xCB, 0x05, 0xFF, 0xCB, 0x05, 0xFB, 0xC8, 0x06, 
    0xFF, 0xD7, 0x00, 0x65, 0x68, 0x30, 0x00, 0x1B, 0x51, 0x04, 0x2A, 0x4B, 
    0x00, 0x27, 0x4C, 0x00, 0x27, 0x4C, 0x00, 0x27, 0x4C, 0x00, 0x27, 0x4C, 
    0x00, 0x27, 0x4C, 0x00, 0x27, 0x4C, 0x02, 0x28, 0x4D, 0x00, 0x1F, 0x45, 
    0x29, 0x4A, 0x69, 0x3C, 0x5A, 0x76, 0x00, 0x1D, 0x43, 0x02, 0x29, 0x4E, 
    0x00, 0x27, 0x4C, 0x00, 0x27, 0x4C, 0x00, 0x27, 0x4C, 0x00, 0x27, 0x4C, 
    0x00, 0x27, 0x4C, 0x00, 0x27, 0x4C, 0x00, 0x27, 0x4C, 0x00, 0x27, 0x4C, 
    0x00, 0x27, 0x4C, 0x00, 0x27, 0x4C, 0x00, 0x27, 0x4C, 0x00, 0x27, 0x4C, 
    0x00, 0x27, 0x4C, 0x00, 0x27, 0x4C, 0x00, 0x27, 0x4C, 0x00, 0x27, 0x4C, 
    0x00, 0x27, 0x4C, 0x00, 0x27, 0x4C, 0x00, 0x27, 0x4C, 0x00, 0x27, 0x4C, 
    0x00, 0x27, 0x4C, 0x00, 0x27, 0x4C, 0x00, 0x27, 0x4C, 0x02, 0x29, 0x4E, 
    0x04, 0x2A, 0x4F, 0x04, 0x2A, 0x4F, 0x04, 0x2A, 0x4F, 0x04, 0x2A, 0x4F, 
    0x04, 0x2A, 0x4F, 0x04, 0x2A, 0x4F, 0x04, 0x2A, 0x4F, 0x04, 0x2A, 0x4F, 
    0x04, 0x2A, 0x4F, 0x04, 0x2A, 0x4F, 0x04, 0x2A, 0x4F, 0x04, 0x2A, 0x4F, 
    0x04, 0x2A, 0x4F, 0x04, 0x2A, 0x4F, 0x04, 0x2A, 0x4F, 0x04, 0x2A, 0x4F, 
    0x04, 0x2A, 0x4F, 0x04, 0x2A, 0x4F, 0x04, 0x2A, 0x4F, 0x04, 0x2A, 0x4F, 
    0x02, 0x29, 0x4D, 0x00, 0x27, 0x4C, 0x00, 0x27, 0x4C, 0x00, 0x27, 0x4C, 
    0x00, 0x27, 0x4C, 0x00, 0x27, 0x4C, 0x00, 0x27, 0x4C, 0x00, 0x27, 0x4C, 
    0x03, 0x2A, 0x4E, 0x04, 0x2A, 0x4F, 0x04, 0x2A, 0x4F, 0x04, 0x2A, 0x4F, 
    0x04, 0x2A, 0x4F, 0x04, 0x2A, 0x4F, 0x04, 0x2A, 0x4F, 0x04, 0x2A, 0x4F, 
    0x04, 0x2A, 0x4F, 0x04, 0x2A, 0x4F, 0x04, 0x2A, 0x4F, 0x04, 0x2A, 0x4F, 
    0x04, 0x2A, 0x4F, 0x04, 0x2A, 0x4F, 0x04, 0x2A, 0x4F, 0x04, 0x2A, 0x4F, 
    0x04, 0x2A, 0x4F, 0x04, 0x2A, 0x4F, 0x04, 0x2A, 0x4F, 0x04, 0x2A, 0x4F, 
    0x04, 0x2A, 0x4F, 0x02, 0x29, 0x4D, 0x00, 0x27, 0x4C, 0x00, 0x27, 0x4C, 
    0x00, 0x27, 0x4C, 0x00, 0x27, 0x4C, 0x00, 0x27, 0x4C, 0x00, 0x27, 0x4C, 
    0x00, 0x27, 0x4C, 0x00, 0x27, 0x4C, 0x00, 0x27, 0x4C, 0x00, 0x27, 0x4C, 
    0x00, 0x27, 0x4C, 0x00, 0x27, 0x4C, 0x00, 0x27, 0x4C, 0x00, 0x27, 0x4C, 
    0x00, 0x27, 0x4C, 0x01, 0x28, 0x4D, 0x03, 0x2A, 0x4F, 0x04, 0x2A, 0x4F, 
    0x01, 0x27, 0x4C, 0x00, 0x25, 0x49, 0x00, 0x20, 0x46, 0x00, 0x1D, 0x44, 
    0x00, 0x1C, 0x43, 0x00, 0x1C, 0x43, 0x00, 0x1C, 0x43, 0x00, 0x1D, 0x44, 
    0x00, 0x20, 0x47, 0x00, 0x24, 0x4A, 0x00, 0x27, 0x4C, 0x03, 0x2A, 0x4F, 
    0x04, 0x2A, 0x4F, 0x03, 0x29, 0x4E, 0x01, 0x27, 0x4C, 0x00, 0x27, 0x4C, 
    0x00, 0x27, 0x4C, 0x00, 0x27, 0x4C, 0x00, 0x27, 0x4C, 0x00, 0x27, 0x4C, 
    0x00, 0x27, 0x4C, 0x00, 0x27, 0x4C, 0x00, 0x27, 0x4C, 0x00, 0x27, 0x4C, 
    0x01, 0x28, 0x4D, 0x03, 0x29, 0x4E, 0x04, 0x2A, 0x4F, 0x03, 0x29, 0x4E, 
    0x00, 0x26, 0x4B, 0x00, 0x24, 0x49, 0x00, 0x1F, 0x45, 0x00, 0x1C, 0x43, 
    0x00, 0x1C, 0x43, 0x00, 0x1C, 0x43, 0x00, 0x1D, 0x44, 0x00, 0x20, 0x47, 
    0x00, 0x25, 0x4A, 0x00, 0x27, 0x4D, 0x03, 0x2A, 0x4F, 0x04, 0x2A, 0x4E, 
    0x01, 0x28, 0x4D, 0x00, 0x27, 0x4C, 0x00, 0x27, 0x4C, 0x00, 0x27, 0x4C, 
    0x00, 0x27, 0x4C, 0x00, 0x27, 0x4C, 0x00, 0x27, 0x4C, 0x00, 0x27, 0x4C, 
    0x00, 0x27, 0x4C, 0x00, 0x27, 0x4C, 0x00, 0x27, 0x4C, 0x00, 0x27, 0x4C, 
    0x00, 0x27, 0x4C, 0x00, 0x27, 0x4C, 0x00, 0x27, 0x4C, 0x00, 0x27, 0x4C, 
    0x00, 0x27, 0x4C, 0x00, 0x27, 0x4C, 0x00, 0x27, 0x4C, 0x00, 0x27, 0x4C, 
    0x00, 0x27, 0x4C, 0x00, 0x27, 0x4C, 0x00, 0x27, 0x4C, 0x00, 0x27, 0x4C, 
    0x00, 0x27, 0x4C, 0x00, 0x27, 0x4C, 0x00, 0x27, 0x4C, 0x00, 0x27, 0x4C, 
    0x00, 0x27, 0x4C, 0x00, 0x27, 0x4C, 0x01, 0x28, 0x4D, 0x03, 0x2A, 0x4E, 
    0x04, 0x2A, 0x4F, 0x02, 0x29, 0x4D, 0x00, 0x26, 0x4B, 0x00, 0x22, 0x48, 
    0x00, 0x1E, 0x44, 0x00, 0x1C, 0x43, 0x00, 0x1C, 0x43, 0x00, 0x1C, 0x43, 
    0x00, 0x1E, 0x45, 0x00, 0x22, 0x48, 0x00, 0x25, 0x4B, 0x01, 0x28, 0x4E, 
    0x04, 0x2A, 0x4F, 0x03, 0x2A, 0x4E, 0x01, 0x28, 0x4C, 0x00, 0x27, 0x4C, 
    0x00, 0x27, 0x4C, 0x00, 0x27, 0x4C, 0x00, 0x27, 0x4C, 0x00, 0x27, 0x4C, 
    0x00, 0x27, 0x4C, 0x00, 0x27, 0x4C, 0x00, 0x27, 0x4C, 0x00, 0x27, 0x4C, 
    0x00, 0x27, 0x4C, 0x00, 0x27, 0x4C, 0x00, 0x27, 0x4C, 0x00, 0x27, 0x4C, 
    0x00, 0x27, 0x4C, 0x00, 0x27, 0x4C, 0x00, 0x27, 0x4C, 0x00, 0x27, 0x4C, 
    0x03, 0x2A, 0x4E, 0x02, 0x29, 0x4D, 0x00, 0x23, 0x48, 0x00, 0x1D, 0x43, 
    0x00, 0x1C, 0x43, 0x00, 0x1C, 0x43, 0x00, 0x1E, 0x45, 0x00, 0x24, 0x4A, 
    0x02, 0x29, 0x4E, 0x01, 0x28, 0x4C, 0x00, 0x27, 0x4C, 0x00, 0x27, 0x4C, 
    0x00, 0x27, 0x4C, 0x00, 0x27, 0x4C, 0x00, 0x27, 0x4C, 0x02, 0x29, 0x4E, 
    0x04, 0x2A, 0x4F, 0x04, 0x2A, 0x4F, 0x04, 0x2A, 0x4F, 0x04, 0x2A, 0x4E, 
    0x00, 0x27, 0x4C, 0x00, 0x27, 0x4C, 0x00, 0x27, 0x4C, 0x00, 0x27, 0x4C, 
    0x00, 0x27, 0x4C, 0x00, 0x27, 0x4C, 0x00, 0x27, 0x4C, 0x00, 0x27, 0x4C, 
    0x00, 0x27, 0x4C, 0x00, 0x27, 0x4C, 0x00, 0x27, 0x4C, 0x00, 0x27, 0x4C, 
    0x00, 0x27, 0x4C, 0x00, 0x27, 0x4C, 0x01, 0x28, 0x4D, 0x04, 0x2A, 0x4F, 
    0x02, 0x29, 0x4D, 0x00, 0x25, 0x4A, 0x00, 0x1F, 0x45, 0x00, 0x1D, 0x43, 
    0x00, 0x1C, 0x43, 0x00, 0x1C, 0x43, 0x00, 0x1E, 0x44, 0x00, 0x22, 0x48, 
    0x00, 0x27, 0x4C, 0x03, 0x2A, 0x4F, 0x03, 0x2A, 0x4E, 0x01, 0x28, 0x4C, 
    0x00, 0x27, 0x4C, 0x00, 0x27, 0x4C, 0x00, 0x27, 0x4C, 0x00, 0x27, 0x4C, 
    0x00, 0x27, 0x4C, 0x00, 0x27, 0x4C, 0x00, 0x27, 0x4C, 0x02, 0x29, 0x4E, 
    0x04, 0x2A, 0x4F, 0x04, 0x2A, 0x4F, 0x04, 0x2A, 0x4F, 0x04, 0x2A, 0x4E, 
    0x01, 0x27, 0x4C, 0x00, 0x27, 0x4C, 0x00, 0x27, 0x4C, 0x00, 0x27, 0x4C, 
    0x00, 0x27, 0x4C, 0x00, 0x27, 0x4C, 0x00, 0x27, 0x4C, 0x00, 0x27, 0x4C, 
    0x00, 0x27, 0x4C, 0x00, 0x27, 0x4C, 0x00, 0x27, 0x4C, 0x00, 0x27, 0x4C, 
    0x03, 0x2A, 0x4E, 0x04, 0x2A, 0x4F, 0x04, 0x2A, 0x4F, 0x04, 0x2A, 0x4F, 
    0x04, 0x2A, 0x4F, 0x04, 0x2A, 0x4F, 0x02, 0x29, 0x4D, 0x00, 0x27, 0x4C, 
    0x00, 0x27, 0x4C, 0x00, 0x27, 0x4C, 0x00, 0x27, 0x4C, 0x00, 0x27, 0x4C, 
    0x00, 0x27, 0x4C, 0x00, 0x27, 0x4C, 0x00, 0x27, 0x4C, 0x00, 0x27, 0x4C, 
    0x01, 0x28, 0x4D, 0x04, 0x2A, 0x4F, 0x02, 0x29, 0x4D, 0x00, 0x25, 0x49, 
    0x00, 0x1F, 0x45, 0x00, 0x1C, 0x43, 0x00, 0x1C, 0x43, 0x00, 0x1C, 0x43, 
    0x00, 0x1D, 0x44, 0x00, 0x20, 0x47, 0x00, 0x25, 0x4A, 0x01, 0x28, 0x4D, 
    0x04, 0x2A, 0x4F, 0x03, 0x29, 0x4E, 0x01, 0x27, 0x4C, 0x00, 0x27, 0x4C, 
    0x00, 0x27, 0x4C, 0x00, 0x27, 0x4C, 0x00, 0x27, 0x4C, 0x00, 0x27, 0x4C, 
    0x00, 0x27, 0x4C, 0x00, 0x27, 0x4C, 0x00, 0x27, 0x4C, 0x00, 0x27, 0x4C, 
    0x00, 0x27, 0x4C, 0x02, 0x29, 0x4E, 0x04, 0x2A, 0x4F, 0x04, 0x2A, 0x4F, 
    0x04, 0x2A, 0x4F, 0x04, 0x2A, 0x4E, 0x00, 0x27, 0x4C, 0x00, 0x27, 0x4C, 
    0x00, 0x27, 0x4C, 0x00, 0x27, 0x4C, 0x00, 0x27, 0x4C, 0x00, 0x27, 0x4C, 
    0x00, 0x27, 0x4C, 0x00, 0x27, 0x4C, 0x00, 0x27, 0x4C, 0x00, 0x27, 0x4C, 
    0x00, 0x27, 0x4C, 0x00, 0x27, 0x4C, 0x00, 0x27, 0x4C, 0x00, 0x27, 0x4C, 
    0x02, 0x29, 0x4E, 0x04, 0x2A, 0x4F, 0x02, 0x28, 0x4D, 0x00, 0x25, 0x49, 
    0x00, 0x20, 0x45, 0x00, 0x1D, 0x43, 0x00, 0x1C, 0x43, 0x00, 0x1C, 0x43, 
    0x00, 0x1D, 0x44, 0x00, 0x20, 0x47, 0x00, 0x25, 0x4B, 0x02, 0x29, 0x4E, 
    0x04, 0x2A, 0x4F, 0x02, 0x28, 0x4D, 0x00, 0x27, 0x4C, 0x00, 0x27, 0x4C, 
    0x00, 0x27, 0x4C, 0x00, 0x27, 0x4C, 0x00, 0x27, 0x4C, 0x00, 0x27, 0x4C, 
    0x00, 0x27, 0x4C, 0x00, 0x27, 0x4C, 0x00, 0x27, 0x4C, 0x00, 0x27, 0x4C, 
    0x00, 0x27, 0x4C, 0x00, 0x27, 0x4C, 0x00, 0x27, 0x4C, 0x00, 0x27, 0x4C, 
    0x00, 0x27, 0x4C, 0x00, 0x27, 0x4C, 0x00, 0x27, 0x4C, 0x00, 0x27, 0x4C, 
    0x00, 0x27, 0x4C, 0x00, 0x27, 0x4C, 0x00, 0x27, 0x4C, 0x00, 0x27, 0x4C, 
    0x00, 0x27, 0x4C, 0x00, 0x27, 0x4C, 0x00, 0x27, 0x4C, 0x00, 0x27, 0x4C, 
    0x04, 0x2A, 0x4B, 0x00, 0x1B, 0x51, 0x6A, 0x6B, 0x2F, 0xFF, 0xD7, 0x00, 
    0xFB, 0xC8, 0x06, 0xFF, 0xCB, 0x05, 0xFF, 0xCB, 0x05, 0xFF, 0xCB, 0x05, 
    0xFF, 0xCB, 0x05, 0xFF, 0xCB, 0x05, 0xFF, 0xCB, 0x05, 0xFF, 0xCB, 0x05, 
    0xFF, 0xCB, 0x05, 0xFF, 0xCB, 0x05, 0xFF, 0xCB, 0x05, 0xFF, 0xCB, 0x05, 
    0xFF, 0xCB, 0x05, 0xFF, 0xCB, 0x05, 0xFF, 0xCB, 0x05, 0xFF, 0xCB, 0x05, 
    0xFF, 0xCB, 0x05, 0xFF, 0xCB, 0x05, 0xFF, 0xCB, 0x05, 0xFF, 0xCB, 0x05, 
    0xFF, 0xCB, 0x05, 0xFF, 0xCB, 0x05, 0xFF, 0xCB, 0x05, 0xFF, 0xCB, 0x05, 
    0xFF, 0xCB, 0x05, 0xFF, 0xCB, 0x05, 0xFF, 0xCB, 0x05, 0xFF, 0xCB, 0x05, 
    0xFF, 0xCB, 0x05, 0xFF, 0xCB, 0x05, 0xFF, 0xCB, 0x05, 0xFF, 0xCB, 0x05, 
    0xFB, 0xC8, 0x06, 0xFF, 0xD8, 0x00, 0x77, 0x74, 0x2B, 0x00, 0x1B, 0x51, 
    0x04, 0x2A, 0x4B, 0x00, 0x27, 0x4C, 0x00, 0x27, 0x4C, 0x00, 0x27, 0x4C, 
    0x00, 0x27, 0x4C, 0x00, 0x27, 0x4C, 0x00, 0x27, 0x4C, 0x00, 0x27, 0x4C, 
    0x00, 0x27, 0x4C, 0x00, 0x27, 0x4C, 0x00, 0x27, 0x4C, 0x00, 0x27, 0x4C, 
    0x00, 0x27, 0x4C, 0x00, 0x27, 0x4C, 0x00, 0x27, 0x4C, 0x00, 0x27, 0x4C, 
    0x00, 0x27, 0x4C, 0x00, 0x27, 0x4C, 0x00, 0x27, 0x4C, 0x03, 0x29, 0x4B, 
    0x00, 0x20, 0x52, 0x40, 0x47, 0x29, 0xFF, 0xCE, 0x00, 0xFD, 0xCA, 0x06, 
    0xFF, 0xCB, 0x05, 0xFF, 0xCB, 0x05, 0xFF, 0xCB, 0x05, 0xFF, 0xCB, 0x05, 
    0xFF, 0xCB, 0x05, 0xFF, 0xCB, 0x05, 0xFF, 0xCB, 0x05, 0xFF, 0xCB, 0x05, 
    0xFF, 0xCB, 0x05, 0xFF, 0xCB, 0x05, 0xFF, 0xCB, 0x05, 0xFF, 0xCB, 0x05, 
    0xFF, 0xCB, 0x05, 0xFF, 0xCB, 0x05, 0xFF, 0xCB, 0x05, 0xFF, 0xCB, 0x05, 
    0xFF, 0xCB, 0x05, 0xFF, 0xCB, 0x05, 0xFF, 0xCB, 0x05, 0xFF, 0xCB, 0x05, 
    0xFF, 0xCB, 0x05, 0xFF, 0xCB, 0x05, 0xFF, 0xCB, 0x05, 0xFF, 0xCB, 0x05, 
    0xFF, 0xCB, 0x05, 0xFF, 0xCB, 0x05, 0xFF, 0xCB, 0x05, 0xFF, 0xCB, 0x05, 
    0xFF, 0xCB, 0x05, 0xFF, 0xCB, 0x05, 0xFF, 0xCB, 0x05, 0xFB, 0xC8, 0x06, 
    0xFF, 0xD7, 0x00, 0x65, 0x68, 0x30, 0x00, 0x1B, 0x51, 0x04, 0x2A, 0x4B, 
    0x00, 0x27, 0x4C, 0x00, 0x27, 0x4C, 0x00, 0x27, 0x4C, 0x00, 0x27, 0x4C, 
    0x00, 0x27, 0x4C, 0x00, 0x27, 0x4C, 0x02, 0x28, 0x4D, 0x00, 0x1F, 0x45, 
    0x29, 0x4A, 0x69, 0x3C, 0x5A, 0x76, 0x00, 0x1D, 0x43, 0x02, 0x29, 0x4E, 
    0x00, 0x27, 0x4C, 0x00, 0x27, 0x4C, 0x00, 0x27, 0x4C, 0x00, 0x27, 0x4C, 
    0x00, 0x27, 0x4C, 0x00, 0x27, 0x4C, 0x00, 0x27, 0x4C, 0x00, 0x27, 0x4C, 
    0x00, 0x27, 0x4C, 0x00, 0x27, 0x4C, 0x00, 0x27, 0x4C, 0x00, 0x27, 0x4C, 
    0x00, 0x27, 0x4C, 0x00, 0x27, 0x4C, 0x00, 0x27, 0x4C, 0x00, 0x27, 0x4C, 
    0x00, 0x27, 0x4C, 0x00, 0x27, 0x4C, 0x00, 0x27, 0x4C, 0x00, 0x27, 0x4C, 
    0x00, 0x27, 0x4C, 0x00, 0x27, 0x4C, 0x00, 0x27, 0x4C, 0x00, 0x27, 0x4C, 
    0x00, 0x27, 0x4C, 0x00, 0x27, 0x4C, 0x00, 0x27, 0x4C, 0x00, 0x27, 0x4C, 
    0x00, 0x27, 0x4C, 0x00, 0x27, 0x4C, 0x00, 0x27, 0x4C, 0x00, 0x27, 0x4C, 
    0x00, 0x27, 0x4C, 0x00, 0x27, 0x4C, 0x00, 0x27, 0x4C, 0x00, 0x27, 0x4C, 
    0x00, 0x27, 0x4C, 0x00, 0x27, 0x4C, 0x00, 0x27, 0x4C, 0x00, 0x27, 0x4C, 
    0x00, 0x27, 0x4C, 0x00, 0x27, 0x4C, 0x00, 0x27, 0x4C, 0x00, 0x27, 0x4C, 
    0x00, 0x27, 0x4C, 0x00, 0x27, 0x4C, 0x00, 0x27, 0x4C, 0x00, 0x27, 0x4C, 
    0x00, 0x27, 0x4C, 0x00, 0x27, 0x4C, 0x00, 0x27, 0x4C, 0x00, 0x27, 0x4C, 
    0x00, 0x27, 0x4C, 0x00, 0x27, 0x4C, 0x00, 0x27, 0x4C, 0x00, 0x27, 0x4C, 
    0x00, 0x27, 0x4C, 0x00, 0x27, 0x4C, 0x00, 0x27, 0x4C, 0x00, 0x27, 0x4C, 
    0x00, 0x27, 0x4C, 0x00, 0x27, 0x4C, 0x00, 0x27, 0x4C, 0x00, 0x27, 0x4C, 
    0x00, 0x27, 0x4C, 0x00, 0x27, 0x4C, 0x00, 0x27, 0x4C, 0x00, 0x27, 0x4C, 
    0x00, 0x27, 0x4C, 0x00, 0x27, 0x4C, 0x00, 0x27, 0x4C, 0x00, 0x27, 0x4C, 
    0x00, 0x27, 0x4C, 0x00, 0x27, 0x4C, 0x00, 0x27, 0x4C, 0x00, 0x27, 0x4C, 
    0x00, 0x27, 0x4C, 0x00, 0x27, 0x4C, 0x00, 0x27, 0x4C, 0x00, 0x27, 0x4C, 
    0x00, 0x27, 0x4C, 0x00, 0x27, 0x4C, 0x00, 0x27, 0x4C, 0x00, 0x27, 0x4C, 
    0x00, 0x27, 0x4C, 0x00, 0x27, 0x4C, 0x00, 0x27, 0x4C, 0x00, 0x27, 0x4C, 
    0x00, 0x27, 0x4C, 0x00, 0x27, 0x4C, 0x00, 0x27, 0x4C, 0x00, 0x27, 0x4C, 
    0x00, 0x27, 0x4C, 0x01, 0x28, 0x4D, 0x02, 0x29, 0x4D, 0x03, 0x29, 0x4E, 
    0x03, 0x29, 0x4E, 0x03, 0x29, 0x4E, 0x03, 0x29, 0x4E, 0x03, 0x29, 0x4E, 
    0x02, 0x29, 0x4D, 0x01, 0x28, 0x4D, 0x01, 0x27, 0x4C, 0x00, 0x27, 0x4C, 
    0x00, 0x27, 0x4C, 0x00, 0x27, 0x4C, 0x00, 0x27, 0x4C, 0x00, 0x27, 0x4C, 
    0x00, 0x27, 0x4C, 0x00, 0x27, 0x4C, 0x00, 0x27, 0x4C, 0x00, 0x27, 0x4C, 
    0x00, 0x27, 0x4C, 0x00, 0x27, 0x4C, 0x00, 0x27, 0x4C, 0x00, 0x27, 0x4C, 
    0x00, 0x27, 0x4C, 0x00, 0x27, 0x4C, 0x00, 0x27, 0x4C, 0x00, 0x27, 0x4C, 
    0x01, 0x27, 0x4C, 0x01, 0x28, 0x4D, 0x02, 0x29, 0x4E, 0x03, 0x29, 0x4E, 
    0x03, 0x29, 0x4E, 0x03, 0x29, 0x4E, 0x03, 0x29, 0x4E, 0x02, 0x29, 0x4D, 
    0x01, 0x28, 0x4D, 0x00, 0x27, 0x4C, 0x00, 0x27, 0x4C, 0x00, 0x27, 0x4C, 
    0x00, 0x27, 0x4C, 0x00, 0x27, 0x4C, 0x00, 0x27, 0x4C, 0x00, 0x27, 0x4C, 
    0x00, 0x27, 0x4C, 0x00, 0x27, 0x4C, 0x00, 0x27, 0x4C, 0x00, 0x27, 0x4C, 
    0x00, 0x27, 0x4C, 0x00, 0x27, 0x4C, 0x00, 0x27, 0x4C, 0x00, 0x27, 0x4C, 
    0x00, 0x27, 0x4C, 0x00, 0x27, 0x4C, 0x00, 0x27, 0x4C, 0x00, 0x27, 0x4C, 
    0x00, 0x27, 0x4C, 0x00, 0x27, 0x4C, 0x00, 0x27, 0x4C, 0x00, 0x27, 0x4C, 
    0x00, 0x27, 0x4C, 0x00, 0x27, 0x4C, 0x00, 0x27, 0x4C, 0x00, 0x27, 0x4C, 
    0x00, 0x27, 0x4C, 0x00, 0x27, 0x4C, 0x00, 0x27, 0x4C, 0x00, 0x27, 0x4C, 
    0x00, 0x27, 0x4C, 0x00, 0x27, 0x4C, 0x00, 0x27, 0x4C, 0x00, 0x27, 0x4C, 
    0x00, 0x27, 0x4C, 0x00, 0x27, 0x4C, 0x01, 0x28, 0x4D, 0x01, 0x28, 0x4D, 
    0x02, 0x29, 0x4E, 0x03, 0x29, 0x4E, 0x03, 0x29, 0x4E, 0x03, 0x29, 0x4E, 
    0x03, 0x29, 0x4E, 0x02, 0x28, 0x4D, 0x01, 0x28, 0x4C, 0x00, 0x27, 0x4C, 
    0x00, 0x27, 0x4C, 0x00, 0x27, 0x4C, 0x00, 0x27, 0x4C, 0x00, 0x27, 0x4C, 
    0x00, 0x27, 0x4C, 0x00, 0x27, 0x4C, 0x00, 0x27, 0x4C, 0x00, 0x27, 0x4C, 
    0x00, 0x27, 0x4C, 0x00, 0x27, 0x4C, 0x00, 0x27, 0x4C, 0x00, 0x27, 0x4C, 
    0x00, 0x27, 0x4C, 0x00, 0x27, 0x4C, 0x00, 0x27, 0x4C, 0x00, 0x27, 0x4C, 
    0x00, 0x27, 0x4C, 0x00, 0x27, 0x4C, 0x00, 0x27, 0x4C, 0x00, 0x27, 0x4C, 
    0x00, 0x27, 0x4C, 0x00, 0x27, 0x4C, 0x01, 0x28, 0x4D, 0x02, 0x29, 0x4E, 
    0x03, 0x29, 0x4E, 0x03, 0x29, 0x4E, 0x03, 0x29, 0x4E, 0x01, 0x28, 0x4D, 
    0x00, 0x27, 0x4C, 0x00, 0x27, 0x4C, 0x00, 0x27, 0x4C, 0x00, 0x27, 0x4C, 
    0x00, 0x27, 0x4C, 0x00, 0x27, 0x4C, 0x00, 0x27, 0x4C, 0x00, 0x27, 0x4C, 
    0x00, 0x27, 0x4C, 0x00, 0x27, 0x4C, 0x00, 0x27, 0x4C, 0x00, 0x27, 0x4C, 
    0x00, 0x27, 0x4C, 0x00, 0x27, 0x4C, 0x00, 0x27, 0x4C, 0x00, 0x27, 0x4C, 
    0x00, 0x27, 0x4C, 0x00, 0x27, 0x4C, 0x00, 0x27, 0x4C, 0x00, 0x27, 0x4C, 
    0x00, 0x27, 0x4C, 0x00, 0x27, 0x4C, 0x00, 0x27, 0x4C, 0x00, 0x27, 0x4C, 
    0x00, 0x27, 0x4C, 0x00, 0x27, 0x4C, 0x00, 0x27, 0x4C, 0x00, 0x27, 0x4C, 
    0x00, 0x27, 0x4C, 0x01, 0x28, 0x4D, 0x02, 0x29, 0x4E, 0x03, 0x29, 0x4E, 
    0x03, 0x29, 0x4E, 0x03, 0x29, 0x4E, 0x03, 0x29, 0x4E, 0x02, 0x28, 0x4D, 
    0x01, 0x27, 0x4C, 0x00, 0x27, 0x4C, 0x00, 0x27, 0x4C, 0x00, 0x27, 0x4C, 
    0x00, 0x27, 0x4C, 0x00, 0x27, 0x4C, 0x00, 0x27, 0x4C, 0x00, 0x27, 0x4C, 
    0x00, 0x27, 0x4C, 0x00, 0x27, 0x4C, 0x00, 0x27, 0x4C, 0x00, 0x27, 0x4C, 
    0x00, 0x27, 0x4C, 0x00, 0x27, 0x4C, 0x00, 0x27, 0x4C, 0x00, 0x27, 0x4C, 
    0x00, 0x27, 0x4C, 0x00, 0x27, 0x4C, 0x00, 0x27, 0x4C, 0x00, 0x27, 0x4C, 
    0x00, 0x27, 0x4C, 0x00, 0x27, 0x4C, 0x00, 0x27, 0x4C, 0x00, 0x27, 0x4C, 
    0x00, 0x27, 0x4C, 0x00, 0x27, 0x4C, 0x00, 0x27, 0x4C, 0x00, 0x27, 0x4C, 
    0x00, 0x27, 0x4C, 0x00, 0x27, 0x4C, 0x00, 0x27, 0x4C, 0x00, 0x27, 0x4C, 
    0x00, 0x27, 0x4C, 0x00, 0x27, 0x4C, 0x00, 0x27, 0x4C, 0x00, 0x27, 0x4C, 
    0x00, 0x27, 0x4C, 0x00, 0x27, 0x4C, 0x00, 0x27, 0x4C, 0x00, 0x27, 0x4C, 
    0x00, 0x27, 0x4C, 0x00, 0x27, 0x4C, 0x00, 0x27, 0x4C, 0x00, 0x27, 0x4C, 
    0x00, 0x27, 0x4C, 0x00, 0x27, 0x4C, 0x00, 0x27, 0x4C, 0x01, 0x28, 0x4D, 
    0x02, 0x29, 0x4E, 0x03, 0x29, 0x4E, 0x03, 0x29, 0x4E, 0x03, 0x29, 0x4E, 
    0x03, 0x29, 0x4E, 0x02, 0x29, 0x4D, 0x01, 0x28, 0x4D, 0x00, 0x27, 0x4C, 
    0x00, 0x27, 0x4C, 0x00, 0x27, 0x4C, 0x00, 0x27, 0x4C, 0x00, 0x27, 0x4C, 
    0x00, 0x27, 0x4C, 0x00, 0x27, 0x4C, 0x00, 0x27, 0x4C, 0x00, 0x27, 0x4C, 
    0x00, 0x27, 0x4C, 0x00, 0x27, 0x4C, 0x00, 0x27, 0x4C, 0x00, 0x27, 0x4C, 
    0x00, 0x27, 0x4C, 0x00, 0x27, 0x4C, 0x00, 0x27, 0x4C, 0x00, 0x27, 0x4C, 
    0x00, 0x27, 0x4C, 0x00, 0x27, 0x4C, 0x00, 0x27, 0x4C, 0x00, 0x27, 0x4C, 
    0x00, 0x27, 0x4C, 0x00, 0x27, 0x4C, 0x00, 0x27, 0x4C, 0x00, 0x27, 0x4C, 
    0x00, 0x27, 0x4C, 0x00, 0x27, 0x4C, 0x00, 0x27, 0x4C, 0x00, 0x27, 0x4C, 
    0x00, 0x27, 0x4C, 0x00, 0x27, 0x4C, 0x00, 0x27, 0x4C, 0x00, 0x27, 0x4C, 
    0x00, 0x27, 0x4C, 0x00, 0x27, 0x4C, 0x00, 0x27, 0x4C, 0x01, 0x28, 0x4D, 
    0x02, 0x29, 0x4E, 0x03, 0x29, 0x4E, 0x03, 0x29, 0x4E, 0x03, 0x29, 0x4E, 
    0x03, 0x29, 0x4E, 0x02, 0x29, 0x4D, 0x01, 0x28, 0x4C, 0x00, 0x27, 0x4C, 
    0x00, 0x27, 0x4C, 0x00, 0x27, 0x4C, 0x00, 0x27, 0x4C, 0x00, 0x27, 0x4C, 
    0x00, 0x27, 0x4C, 0x00, 0x27, 0x4C, 0x00, 0x27, 0x4C, 0x00, 0x27, 0x4C, 
    0x00, 0x27, 0x4C, 0x00, 0x27, 0x4C, 0x00, 0x27, 0x4C, 0x00, 0x27, 0x4C, 
    0x00, 0x27, 0x4C, 0x00, 0x27, 0x4C, 0x00, 0x27, 0x4C, 0x00, 0x27, 0x4C, 
    0x00, 0x27, 0x4C, 0x00, 0x27, 0x4C, 0x00, 0x27, 0x4C, 0x00, 0x27, 0x4C, 
    0x00, 0x27, 0x4C, 0x00, 0x27, 0x4C, 0x00, 0x27, 0x4C, 0x00, 0x27, 0x4C, 
    0x00, 0x27, 0x4C, 0x00, 0x27, 0x4C, 0x00, 0x27, 0x4C, 0x00, 0x27, 0x4C, 
    0x04, 0x2A, 0x4B, 0x00, 0x1B, 0x51, 0x6A, 0x6B, 0x2F, 0xFF, 0xD7, 0x00, 
    0xFB, 0xC8, 0x06, 0xFF, 0xCB, 0x05, 0xFF, 0xCB, 0x05, 0xFF, 0xCB, 0x05, 
    0xFF, 0xCB, 0x05, 0xFF, 0xCB, 0x05, 0xFF, 0xCB, 0x05, 0xFF, 0xCB, 0x05, 
    0xFF, 0xCB, 0x05, 0xFF, 0xCB, 0x05, 0xFF, 0xCB, 0x05, 0xFF, 0xCB, 0x05, 
    0xFF, 0xCB, 0x05, 0xFF, 0xCB, 0x05, 0xFF, 0xCB, 0x05, 0xFF, 0xCB, 0x05, 
    0xFF, 0xCB, 0x05, 0xFF, 0xCB, 0x05, 0xFF, 0xCB, 0x05, 0xFF, 0xCB, 0x05, 
    0xFF, 0xCB, 0x05, 0xFF, 0xCB, 0x05, 0xFF, 0xCB, 0x05, 0xFF, 0xCB, 0x05, 
    0xFF, 0xCB, 0x05, 0xFF, 0xCB, 0x05, 0xFF, 0xCB, 0x05, 0xFF, 0xCB, 0x05, 
    0xFF, 0xCB, 0x05, 0xFF, 0xCB, 0x05, 0xFF, 0xCB, 0x05, 0xFF, 0xCB, 0x05, 
    0xFB, 0xC8, 0x06, 0xFF, 0xD8, 0x00, 0x77, 0x74, 0x2B, 0x00, 0x1B, 0x51, 
    0x04, 0x2A, 0x4B, 0x00, 0x27, 0x4C, 0x00, 0x27, 0x4C, 0x00, 0x27, 0x4C, 
    0x00, 0x27, 0x4C, 0x00, 0x27, 0x4C, 0x00, 0x27, 0x4C, 0x00, 0x27, 0x4C, 
    0x00, 0x27, 0x4C, 0x00, 0x27, 0x4C, 0x00, 0x27, 0x4C, 0x00, 0x27, 0x4C, 
    0x00, 0x27, 0x4C, 0x00, 0x27, 0x4C, 0x00, 0x27, 0x4C, 0x00, 0x27, 0x4C, 
    0x00, 0x27, 0x4C, 0x00, 0x27, 0x4C, 0x00, 0x27, 0x4C, 0x03, 0x29, 0x4B, 
    0x00, 0x20, 0x52, 0x40, 0x47, 0x29, 0xFF, 0xCE, 0x00, 0xFD, 0xCA, 0x06, 
    0xFF, 0xCB, 0x05, 0xFF, 0xCB, 0x05, 0xFF, 0xCB, 0x05, 0xFF, 0xCB, 0x05, 
    0xFF, 0xCB, 0x05, 0xFF, 0xCB, 0x05, 0xFF, 0xCB, 0x05, 0xFF, 0xCB, 0x05, 
    0xFF, 0xCB, 0x05, 0xFF, 0xCB, 0x05, 0xFF, 0xCB, 0x05, 0xFF, 0xCB, 0x05, 
    0xFF, 0xCB, 0x05, 0xFF, 0xCB, 0x05, 0xFF, 0xCB, 0x05, 0xFF, 0xCB, 0x05, 
    0xFF, 0xCB, 0x05, 0xFF, 0xCB, 0x05, 0xFF, 0xCB, 0x05, 0xFF, 0xCB, 0x05, 
    0xFF, 0xCB, 0x05, 0xFF, 0xCB, 0x05, 0xFF, 0xCB, 0x05, 0xFF, 0xCB, 0x05, 
    0xFF, 0xCB, 0x05, 0xFF, 0xCB, 0x05, 0xFF, 0xCB, 0x05, 0xFF, 0xCB, 0x05, 
    0xFF, 0xCB, 0x05, 0xFF, 0xCB, 0x05, 0xFF, 0xCB, 0x05, 0xFB, 0xC8, 0x06, 
    0xFF, 0xD7, 0x00, 0x65, 0x68, 0x30, 0x00, 0x1B, 0x51, 0x04, 0x2A, 0x4B, 
    0x00, 0x27, 0x4C, 0x00, 0x27, 0x4C, 0x00, 0x27, 0x4C, 0x00, 0x27, 0x4C, 
    0x00, 0x27, 0x4C, 0x00, 0x27, 0x4C, 0x02, 0x28, 0x4D, 0x00, 0x1F, 0x45, 
    0x29, 0x4A, 0x69, 0x3C, 0x5A, 0x76, 0x00, 0x1D, 0x43, 0x02, 0x29, 0x4E, 
    0x00, 0x27, 0x4C, 0x00, 0x27, 0x4C, 0x00, 0x27, 0x4C, 0x00, 0x27, 0x4C, 
    0x00, 0x27, 0x4C, 0x00, 0x27, 0x4C, 0x00, 0x27, 0x4C, 0x00, 0x27, 0x4C, 
    0x00, 0x27, 0x4C, 0x00, 0x27, 0x4C, 0x00, 0x27, 0x4C, 0x00, 0x27, 0x4C, 
    0x00, 0x27, 0x4C, 0x00, 0x27, 0x4C, 0x00, 0x27, 0x4C, 0x00, 0x27, 0x4C, 
    0x00, 0x27, 0x4C, 0x00, 0x27, 0x4C, 0x00, 0x27, 0x4C, 0x00, 0x27, 0x4C, 
    0x00, 0x27, 0x4C, 0x00, 0x27, 0x4C, 0x00, 0x27, 0x4C, 0x00, 0x27, 0x4C, 
    0x00, 0x27, 0x4C, 0x00, 0x27, 0x4C, 0x00, 0x27, 0x4C, 0x00, 0x27, 0x4C, 
    0x00, 0x27, 0x4C, 0x00, 0x27, 0x4C, 0x00, 0x27, 0x4C, 0x00, 0x27, 0x4C, 
    0x00, 0x27, 0x4C, 0x00, 0x27, 0x4C, 0x00, 0x27, 0x4C, 0x00, 0x27, 0x4C, 
    0x00, 0x27, 0x4C, 0x00, 0x27, 0x4C, 0x00, 0x27, 0x4C, 0x00, 0x27, 0x4C, 
    0x00, 0x27, 0x4C, 0x00, 0x27, 0x4C, 0x00, 0x27, 0x4C, 0x00, 0x27, 0x4C, 
    0x00, 0x27, 0x4C, 0x00, 0x27, 0x4C, 0x00, 0x27, 0x4C, 0x00, 0x27, 0x4C, 
    0x00, 0x27, 0x4C, 0x00, 0x27, 0x4C, 0x00, 0x27, 0x4C, 0x00, 0x27, 0x4C, 
    0x00, 0x27, 0x4C, 0x00, 0x27, 0x4C, 0x00, 0x27, 0x4C, 0x00, 0x27, 0x4C, 
    0x00, 0x27, 0x4C, 0x00, 0x27, 0x4C, 0x00, 0x27, 0x4C, 0x00, 0x27, 0x4C, 
    0x00, 0x27, 0x4C, 0x00, 0x27, 0x4C, 0x00, 0x27, 0x4C, 0x00, 0x27, 0x4C, 
    0x00, 0x27, 0x4C, 0x00, 0x27, 0x4C, 0x00, 0x27, 0x4C, 0x00, 0x27, 0x4C, 
    0x00, 0x27, 0x4C, 0x00, 0x27, 0x4C, 0x00, 0x27, 0x4C, 0x00, 0x27, 0x4C, 
    0x00, 0x27, 0x4C, 0x00, 0x27, 0x4C, 0x00, 0x27, 0x4C, 0x00, 0x27, 0x4C, 
    0x00, 0x27, 0x4C, 0x00, 0x27, 0x4C, 0x00, 0x27, 0x4C, 0x00, 0x27, 0x4C, 
    0x00, 0x27, 0x4C, 0x00, 0x27, 0x4C, 0x00, 0x27, 0x4C, 0x00, 0x27, 0x4C, 
    0x00, 0x27, 0x4C, 0x00, 0x27, 0x4C, 0x00, 0x27, 0x4C, 0x00, 0x27, 0x4C, 
    0x00, 0x27, 0x4C, 0x00, 0x27, 0x4C, 0x00, 0x27, 0x4C, 0x00, 0x27, 0x4C, 
    0x00, 0x27, 0x4C, 0x00, 0x27, 0x4C, 0x00, 0x27, 0x4C, 0x00, 0x27, 0x4C, 
    0x00, 0x27, 0x4C, 0x00, 0x27, 0x4C, 0x00, 0x27, 0x4C, 0x00, 0x27, 0x4C, 
    0x00, 0x27, 0x4C, 0x00, 0x27, 0x4C, 0x00, 0x27, 0x4C, 0x00, 0x27, 0x4C, 
    0x00, 0x27, 0x4C, 0x00, 0x27, 0x4C, 0x00, 0x27, 0x4C, 0x00, 0x27, 0x4C, 
    0x00, 0x27, 0x4C, 0x00, 0x27, 0x4C, 0x00, 0x27, 0x4C, 0x00, 0x27, 0x4C, 
    0x00, 0x27, 0x4C, 0x00, 0x27, 0x4C, 0x00, 0x27, 0x4C, 0x00, 0x27, 0x4C, 
    0x00, 0x27, 0x4C, 0x00, 0x27, 0x4C, 0x00, 0x27, 0x4C, 0x00, 0x27, 0x4C, 
    0x00, 0x27, 0x4C, 0x00, 0x27, 0x4C, 0x00, 0x27, 0x4C, 0x00, 0x27, 0x4C, 
    0x00, 0x27, 0x4C, 0x00, 0x27, 0x4C, 0x00, 0x27, 0x4C, 0x00, 0x27, 0x4C, 
    0x00, 0x27, 0x4C, 0x00, 0x27, 0x4C, 0x00, 0x27, 0x4C, 0x00, 0x27, 0x4C, 
    0x00, 0x27, 0x4C, 0x00, 0x27, 0x4C, 0x00, 0x27, 0x4C, 0x00, 0x27, 0x4C, 
    0x00, 0x27, 0x4C, 0x00, 0x27, 0x4C, 0x00, 0x27, 0x4C, 0x00, 0x27, 0x4C, 
    0x00, 0x27, 0x4C, 0x00, 0x27, 0x4C, 0x00, 0x27, 0x4C, 0x00, 0x27, 0x4C, 
    0x00, 0x27, 0x4C, 0x00, 0x27, 0x4C, 0x00, 0x27, 0x4C, 0x00, 0x27, 0x4C, 
    0x00, 0x27, 0x4C, 0x00, 0x27, 0x4C, 0x00, 0x27, 0x4C, 0x00, 0x27, 0x4C, 
    0x00, 0x27, 0x4C, 0x00, 0x27, 0x4C, 0x00, 0x27, 0x4C, 0x00, 0x27, 0x4C, 
    0x00, 0x27, 0x4C, 0x00, 0x27, 0x4C, 0x00, 0x27, 0x4C, 0x00, 0x27, 0x4C, 
    0x00, 0x27, 0x4C, 0x00, 0x27, 0x4C, 0x00, 0x27, 0x4C, 0x00, 0x27, 0x4C, 
    0x00, 0x27, 0x4C, 0x00, 0x27, 0x4C, 0x00, 0x27, 0x4C, 0x00, 0x27, 0x4C, 
    0x00, 0x27, 0x4C, 0x00, 0x27, 0x4C, 0x00, 0x27, 0x4C, 0x00, 0x27, 0x4C, 
    0x00, 0x27, 0x4C, 0x00, 0x27, 0x4C, 0x00, 0x27, 0x4C, 0x00, 0x27, 0x4C, 
    0x00, 0x27, 0x4C, 0x00, 0x27, 0x4C, 0x00, 0x27, 0x4C, 0x00, 0x27, 0x4C, 
    0x00, 0x27, 0x4C, 0x00, 0x27, 0x4C, 0x00, 0x27, 0x4C, 0x00, 0x27, 0x4C, 
    0x00, 0x27, 0x4C, 0x00, 0x27, 0x4C, 0x00, 0x27, 0x4C, 0x00, 0x27, 0x4C, 
    0x00, 0x27, 0x4C, 0x00, 0x27, 0x4C, 0x00, 0x27, 0x4C, 0x00, 0x27, 0x4C, 
    0x00, 0x27, 0x4C, 0x00, 0x27, 0x4C, 0x00, 0x27, 0x4C, 0x00, 0x27, 0x4C, 
    0x00, 0x27, 0x4C, 0x00, 0x27, 0x4C, 0x00, 0x27, 0x4C, 0x00, 0x27, 0x4C, 
    0x00, 0x27, 0x4C, 0x00, 0x27, 0x4C, 0x00, 0x27, 0x4C, 0x00, 0x27, 0x4C, 
    0x00, 0x27, 0x4C, 0x00, 0x27, 0x4C, 0x00, 0x27, 0x4C, 0x00, 0x27, 0x4C, 
    0x00, 0x27, 0x4C, 0x00, 0x27, 0x4C, 0x00, 0x27, 0x4C, 0x00, 0x27, 0x4C, 
    0x00, 0x27, 0x4C, 0x00, 0x27, 0x4C, 0x00, 0x27, 0x4C, 0x00, 0x27, 0x4C, 
    0x00, 0x27, 0x4C, 0x00, 0x27, 0x4C, 0x00, 0x27, 0x4C, 0x00, 0x27, 0x4C, 
    0x00, 0x27, 0x4C, 0x00, 0x27, 0x4C, 0x00, 0x27, 0x4C, 0x00, 0x27, 0x4C, 
    0x00, 0x27, 0x4C, 0x00, 0x27, 0x4C, 0x00, 0x27, 0x4C, 0x00, 0x27, 0x4C, 
    0x00, 0x27, 0x4C, 0x00, 0x27, 0x4C, 0x00, 0x27, 0x4C, 0x00, 0x27, 0x4C, 
    0x00, 0x27, 0x4C, 0x00, 0x27, 0x4C, 0x00, 0x27, 0x4C, 0x00, 0x27, 0x4C, 
    0x00, 0x27, 0x4C, 0x00, 0x27, 0x4C, 0x00, 0x27, 0x4C, 0x00, 0x27, 0x4C, 
    0x00, 0x27, 0x4C, 0x00, 0x27, 0x4C, 0x00, 0x27, 0x4C, 0x00, 0x27, 0x4C, 
    0x00, 0x27, 0x4C, 0x00, 0x27, 0x4C, 0x00, 0x27, 0x4C, 0x00, 0x27, 0x4C, 
    0x00, 0x27, 0x4C, 0x00, 0x27, 0x4C, 0x00, 0x27, 0x4C, 0x00, 0x27, 0x4C, 
    0x00, 0x27, 0x4C, 0x00, 0x27, 0x4C, 0x00, 0x27, 0x4C, 0x00, 0x27, 0x4C, 
    0x00, 0x27, 0x4C, 0x00, 0x27, 0x4C, 0x00, 0x27, 0x4C, 0x00, 0x27, 0x4C, 
    0x00, 0x27, 0x4C, 0x00, 0x27, 0x4C, 0x00, 0x27, 0x4C, 0x00, 0x27, 0x4C, 
    0x00, 0x27, 0x4C, 0x00, 0x27, 0x4C, 0x00, 0x27, 0x4C, 0x00, 0x27, 0x4C, 
    0x00, 0x27, 0x4C, 0x00, 0x27, 0x4C, 0x00, 0x27, 0x4C, 0x00, 0x27, 0x4C, 
    0x00, 0x27, 0x4C, 0x00, 0x27, 0x4C, 0x00, 0x27, 0x4C, 0x00, 0x27, 0x4C, 
    0x00, 0x27, 0x4C, 0x00, 0x27, 0x4C, 0x00, 0x27, 0x4C, 0x00, 0x27, 0x4C, 
    0x00, 0x27, 0x4C, 0x00, 0x27, 0x4C, 0x00, 0x27, 0x4C, 0x00, 0x27, 0x4C, 
    0x00, 0x27, 0x4C, 0x00, 0x27, 0x4C, 0x00, 0x27, 0x4C, 0x00, 0x27, 0x4C, 
    0x00, 0x27, 0x4C, 0x00, 0x27, 0x4C, 0x00, 0x27, 0x4C, 0x00, 0x27, 0x4C, 
    0x00, 0x27, 0x4C, 0x00, 0x27, 0x4C, 0x00, 0x27, 0x4C, 0x00, 0x27, 0x4C, 
    0x00, 0x27, 0x4C, 0x00, 0x27, 0x4C, 0x00, 0x27, 0x4C, 0x00, 0x27, 0x4C, 
    0x00, 0x27, 0x4C, 0x00, 0x27, 0x4C, 0x00, 0x27, 0x4C, 0x00, 0x27, 0x4C, 
    0x00, 0x27, 0x4C, 0x00, 0x27, 0x4C, 0x00, 0x27, 0x4C, 0x00, 0x27, 0x4C, 
    0x00, 0x27, 0x4C, 0x00, 0x27, 0x4C, 0x00, 0x27, 0x4C, 0x00, 0x27, 0x4C, 
    0x00, 0x27, 0x4C, 0x00, 0x27, 0x4C, 0x00, 0x27, 0x4C, 0x00, 0x27, 0x4C, 
    0x00, 0x27, 0x4C, 0x00, 0x27, 0x4C, 0x00, 0x27, 0x4C, 0x00, 0x27, 0x4C, 
    0x00, 0x27, 0x4C, 0x00, 0x27, 0x4C, 0x00, 0x27, 0x4C, 0x00, 0x27, 0x4C, 
    0x00, 0x27, 0x4C, 0x00, 0x27, 0x4C, 0x00, 0x27, 0x4C, 0x00, 0x27, 0x4C, 
    0x00, 0x27, 0x4C, 0x00, 0x27, 0x4C, 0x00, 0x27, 0x4C, 0x00, 0x27, 0x4C, 
    0x00, 0x27, 0x4C, 0x00, 0x27, 0x4C, 0x00, 0x27, 0x4C, 0x00, 0x27, 0x4C, 
    0x00, 0x27, 0x4C, 0x00, 0x27, 0x4C, 0x00, 0x27, 0x4C, 0x00, 0x27, 0x4C, 
    0x00, 0x27, 0x4C, 0x00, 0x27, 0x4C, 0x00, 0x27, 0x4C, 0x00, 0x27, 0x4C, 
    0x00, 0x27, 0x4C, 0x00, 0x27, 0x4C, 0x00, 0x27, 0x4C, 0x00, 0x27, 0x4C, 
    0x00, 0x27, 0x4C, 0x00, 0x27, 0x4C, 0x00, 0x27, 0x4C, 0x00, 0x27, 0x4C, 
    0x00, 0x27, 0x4C, 0x00, 0x27, 0x4C, 0x00, 0x27, 0x4C, 0x00, 0x27, 0x4C, 
    0x00, 0x27, 0x4C, 0x00, 0x27, 0x4C, 0x00, 0x27, 0x4C, 0x00, 0x27, 0x4C, 
    0x00, 0x27, 0x4C, 0x00, 0x27, 0x4C, 0x00, 0x27, 0x4C, 0x00, 0x27, 0x4C, 
    0x00, 0x27, 0x4C, 0x00, 0x27, 0x4C, 0x00, 0x27, 0x4C, 0x00, 0x27, 0x4C, 
    0x04, 0x2A, 0x4B, 0x00, 0x1B, 0x51, 0x6A, 0x6B, 0x2F, 0xFF, 0xD7, 0x00, 
    0xFB, 0xC8, 0x06, 0xFF, 0xCB, 0x05, 0xFF, 0xCB, 0x05, 0xFF, 0xCB, 0x05, 
    0xFF, 0xCB, 0x05, 0xFF, 0xCB, 0x05, 0xFF, 0xCB, 0x05, 0xFF, 0xCB, 0x05, 
    0xFF, 0xCB, 0x05, 0xFF, 0xCB, 0x05, 0xFF, 0xCB, 0x05, 0xFF, 0xCB, 0x05, 
    0xFF, 0xCB, 0x05, 0xFF, 0xCB, 0x05, 0xFF, 0xCB, 0x05, 0xFF, 0xCB, 0x05, 
    0xFF, 0xCB, 0x05, 0xFF, 0xCB, 0x05, 0xFF, 0xCB, 0x05, 0xFF, 0xCB, 0x05, 
    0xFF, 0xCB, 0x05, 0xFF, 0xCB, 0x05, 0xFF, 0xCB, 0x05, 0xFF, 0xCB, 0x05, 
    0xFF, 0xCB, 0x05, 0xFF, 0xCB, 0x05, 0xFF, 0xCB, 0x05, 0xFF, 0xCB, 0x05, 
    0xFF, 0xCB, 0x05, 0xFF, 0xCB, 0x05, 0xFF, 0xCB, 0x05, 0xFF, 0xCB, 0x05, 
    0xFB, 0xC8, 0x06, 0xFF, 0xD8, 0x00, 0x77, 0x74, 0x2B, 0x00, 0x1B, 0x51, 
    0x04, 0x2A, 0x4B, 0x00, 0x27, 0x4C, 0x00, 0x27, 0x4C, 0x00, 0x27, 0x4C, 
    0x00, 0x27, 0x4C, 0x00, 0x27, 0x4C, 0x00, 0x27, 0x4C, 0x00, 0x27, 0x4C, 
    0x00, 0x27, 0x4C, 0x00, 0x27, 0x4C, 0x00, 0x27, 0x4C, 0x00, 0x27, 0x4C, 
    0x00, 0x27, 0x4C, 0x00, 0x27, 0x4C, 0x00, 0x27, 0x4C, 0x00, 0x27, 0x4C, 
    0x00, 0x27, 0x4C, 0x00, 0x27, 0x4C, 0x00, 0x27, 0x4C, 0x03, 0x29, 0x4B, 
    0x00, 0x20, 0x52, 0x40, 0x47, 0x29, 0xFF, 0xCE, 0x00, 0xFD, 0xCA, 0x06, 
    0xFF, 0xCB, 0x05, 0xFF, 0xCB, 0x05, 0xFF, 0xCB, 0x05, 0xFF, 0xCB, 0x05, 
    0xFF, 0xCB, 0x05, 0xFF, 0xCB, 0x05, 0xFF, 0xCB, 0x05, 0xFF, 0xCB, 0x05, 
    0xFF, 0xCB, 0x05, 0xFF, 0xCB, 0x05, 0xFF, 0xCB, 0x05, 0xFF, 0xCB, 0x05, 
    0xFF, 0xCB, 0x05, 0xFF, 0xCB, 0x05, 0xFF, 0xCB, 0x05, 0xFF, 0xCB, 0x05, 
    0xFF, 0xCB, 0x05, 0xFF, 0xCB, 0x05, 0xFF, 0xCB, 0x05, 0xFF, 0xCB, 0x05, 
    0xFF, 0xCB, 0x05, 0xFF, 0xCB, 0x05, 0xFF, 0xCB, 0x05, 0xFF, 0xCB, 0x05, 
    0xFF, 0xCB, 0x05, 0xFF, 0xCB, 0x05, 0xFF, 0xCB, 0x05, 0xFF, 0xCB, 0x05, 
    0xFF, 0xCB, 0x05, 0xFF, 0xCB, 0x05, 0xFF, 0xCB, 0x05, 0xFB, 0xC8, 0x06, 
    0xFF, 0xD7, 0x00, 0x65, 0x68, 0x30, 0x00, 0x1B, 0x51, 0x04, 0x2A, 0x4B, 
    0x00, 0x27, 0x4C, 0x00, 0x27, 0x4C, 0x00, 0x27, 0x4C, 0x00, 0x27, 0x4C, 
    0x00, 0x27, 0x4C, 0x00, 0x27, 0x4C, 0x02, 0x28, 0x4D, 0x00, 0x1F, 0x45, 
    0x29, 0x4A, 0x69, 0x3C, 0x5A, 0x76, 0x00, 0x1D, 0x43, 0x02, 0x29, 0x4E, 
    0x00, 0x27, 0x4C, 0x00, 0x27, 0x4C, 0x00, 0x27, 0x4C, 0x00, 0x27, 0x4C, 
    0x00, 0x27, 0x4C, 0x00, 0x27, 0x4C, 0x00, 0x27, 0x4C, 0x00, 0x27, 0x4C, 
    0x00, 0x27, 0x4C, 0x00, 0x27, 0x4C, 0x00, 0x27, 0x4C, 0x00, 0x27, 0x4C, 
    0x00, 0x27, 0x4C, 0x00, 0x27, 0x4C, 0x00, 0x27, 0x4C, 0x00, 0x27, 0x4C, 
    0x00, 0x27, 0x4C, 0x00, 0x27, 0x4C, 0x00, 0x27, 0x4C, 0x00, 0x27, 0x4C, 
    0x00, 0x27, 0x4C, 0x00, 0x27, 0x4C, 0x00, 0x27, 0x4C, 0x00, 0x27, 0x4C, 
    0x00, 0x27, 0x4C, 0x00, 0x27, 0x4C, 0x00, 0x27, 0x4C, 0x00, 0x27, 0x4C, 
    0x00, 0x27, 0x4C, 0x00, 0x27, 0x4C, 0x00, 0x27, 0x4C, 0x00, 0x27, 0x4C, 
    0x00, 0x27, 0x4C, 0x00, 0x27, 0x4C, 0x00, 0x27, 0x4C, 0x00, 0x27, 0x4C, 
    0x00, 0x27, 0x4C, 0x00, 0x27, 0x4C, 0x00, 0x27, 0x4C, 0x00, 0x27, 0x4C, 
    0x00, 0x27, 0x4C, 0x00, 0x27, 0x4C, 0x00, 0x27, 0x4C, 0x00, 0x27, 0x4C, 
    0x00, 0x27, 0x4C, 0x00, 0x27, 0x4C, 0x00, 0x27, 0x4C, 0x00, 0x27, 0x4C, 
    0x00, 0x27, 0x4C, 0x00, 0x27, 0x4C, 0x00, 0x27, 0x4C, 0x00, 0x27, 0x4C, 
    0x00, 0x27, 0x4C, 0x00, 0x27, 0x4C, 0x00, 0x27, 0x4C, 0x00, 0x27, 0x4C, 
    0x00, 0x27, 0x4C, 0x00, 0x27, 0x4C, 0x00, 0x27, 0x4C, 0x00, 0x27, 0x4C, 
    0x00, 0x27, 0x4C, 0x00, 0x27, 0x4C, 0x00, 0x27, 0x4C, 0x00, 0x27, 0x4C, 
    0x00, 0x27, 0x4C, 0x00, 0x27, 0x4C, 0x00, 0x27, 0x4C, 0x00, 0x27, 0x4C, 
    0x00, 0x27, 0x4C, 0x00, 0x27, 0x4C, 0x00, 0x27, 0x4C, 0x00, 0x27, 0x4C, 
    0x00, 0x27, 0x4C, 0x00, 0x27, 0x4C, 0x00, 0x27, 0x4C, 0x00, 0x27, 0x4C, 
    0x00, 0x27, 0x4C, 0x00, 0x27, 0x4C, 0x00, 0x27, 0x4C, 0x00, 0x27, 0x4C, 
    0x00, 0x27, 0x4C, 0x00, 0x27, 0x4C, 0x00, 0x27, 0x4C, 0x00, 0x27, 0x4C, 
    0x00, 0x27, 0x4C, 0x00, 0x27, 0x4C, 0x00, 0x27, 0x4C, 0x00, 0x27, 0x4C, 
    0x00, 0x27, 0x4C, 0x00, 0x27, 0x4C, 0x00, 0x27, 0x4C, 0x00, 0x27, 0x4C, 
    0x00, 0x27, 0x4C, 0x00, 0x27, 0x4C, 0x00, 0x27, 0x4C, 0x00, 0x27, 0x4C, 
    0x00, 0x27, 0x4C, 0x00, 0x27, 0x4C, 0x00, 0x27, 0x4C, 0x00, 0x27, 0x4C, 
    0x00, 0x27, 0x4C, 0x00, 0x27, 0x4C, 0x00, 0x27, 0x4C, 0x00, 0x27, 0x4C, 
    0x00, 0x27, 0x4C, 0x00, 0x27, 0x4C, 0x00, 0x27, 0x4C, 0x00, 0x27, 0x4C, 
    0x00, 0x27, 0x4C, 0x00, 0x27, 0x4C, 0x00, 0x27, 0x4C, 0x00, 0x27, 0x4C, 
    0x00, 0x27, 0x4C, 0x00, 0x27, 0x4C, 0x00, 0x27, 0x4C, 0x00, 0x27, 0x4C, 
    0x00, 0x27, 0x4C, 0x00, 0x27, 0x4C, 0x00, 0x27, 0x4C, 0x00, 0x27, 0x4C, 
    0x00, 0x27, 0x4C, 0x00, 0x27, 0x4C, 0x00, 0x27, 0x4C, 0x00, 0x27, 0x4C, 
    0x00, 0x27, 0x4C, 0x00, 0x27, 0x4C, 0x00, 0x27, 0x4C, 0x00, 0x27, 0x4C, 
    0x00, 0x27, 0x4C, 0x00, 0x27, 0x4C, 0x00, 0x27, 0x4C, 0x00, 0x27, 0x4C, 
    0x00, 0x27, 0x4C, 0x00, 0x27, 0x4C, 0x00, 0x27, 0x4C, 0x00, 0x27, 0x4C, 
    0x00, 0x27, 0x4C, 0x00, 0x27, 0x4C, 0x00, 0x27, 0x4C, 0x00, 0x27, 0x4C, 
    0x00, 0x27, 0x4C, 0x00, 0x27, 0x4C, 0x00, 0x27, 0x4C, 0x00, 0x27, 0x4C, 
    0x00, 0x27, 0x4C, 0x00, 0x27, 0x4C, 0x00, 0x27, 0x4C, 0x00, 0x27, 0x4C, 
    0x00, 0x27, 0x4C, 0x00, 0x27, 0x4C, 0x00, 0x27, 0x4C, 0x00, 0x27, 0x4C, 
    0x00, 0x27, 0x4C, 0x00, 0x27, 0x4C, 0x00, 0x27, 0x4C, 0x00, 0x27, 0x4C, 
    0x00, 0x27, 0x4C, 0x00, 0x27, 0x4C, 0x00, 0x27, 0x4C, 0x00, 0x27, 0x4C, 
    0x00, 0x27, 0x4C, 0x00, 0x27, 0x4C, 0x00, 0x27, 0x4C, 0x00, 0x27, 0x4C, 
    0x00, 0x27, 0x4C, 0x00, 0x27, 0x4C, 0x00, 0x27, 0x4C, 0x00, 0x27, 0x4C, 
    0x00, 0x27, 0x4C, 0x00, 0x27, 0x4C, 0x00, 0x27, 0x4C, 0x00, 0x27, 0x4C, 
    0x00, 0x27, 0x4C, 0x00, 0x27, 0x4C, 0x00, 0x27, 0x4C, 0x00, 0x27, 0x4C, 
    0x00, 0x27, 0x4C, 0x00, 0x27, 0x4C, 0x00, 0x27, 0x4C, 0x00, 0x27, 0x4C, 
    0x00, 0x27, 0x4C, 0x00, 0x27, 0x4C, 0x00, 0x27, 0x4C, 0x00, 0x27, 0x4C, 
    0x00, 0x27, 0x4C, 0x00, 0x27, 0x4C, 0x00, 0x27, 0x4C, 0x00, 0x27, 0x4C, 
    0x00, 0x27, 0x4C, 0x00, 0x27, 0x4C, 0x00, 0x27, 0x4C, 0x00, 0x27, 0x4C, 
    0x00, 0x27, 0x4C, 0x00, 0x27, 0x4C, 0x00, 0x27, 0x4C, 0x00, 0x27, 0x4C, 
    0x00, 0x27, 0x4C, 0x00, 0x27, 0x4C, 0x00, 0x27, 0x4C, 0x00, 0x27, 0x4C, 
    0x00, 0x27, 0x4C, 0x00, 0x27, 0x4C, 0x00, 0x27, 0x4C, 0x00, 0x27, 0x4C, 
    0x00, 0x27, 0x4C, 0x00, 0x27, 0x4C, 0x00, 0x27, 0x4C, 0x00, 0x27, 0x4C, 
    0x00, 0x27, 0x4C, 0x00, 0x27, 0x4C, 0x00, 0x27, 0x4C, 0x00, 0x27, 0x4C, 
    0x00, 0x27, 0x4C, 0x00, 0x27, 0x4C, 0x00, 0x27, 0x4C, 0x00, 0x27, 0x4C, 
    0x00, 0x27, 0x4C, 0x00, 0x27, 0x4C, 0x00, 0x27, 0x4C, 0x00, 0x27, 0x4C, 
    0x00, 0x27, 0x4C, 0x00, 0x27, 0x4C, 0x00, 0x27, 0x4C, 0x00, 0x27, 0x4C, 
    0x00, 0x27, 0x4C, 0x00, 0x27, 0x4C, 0x00, 0x27, 0x4C, 0x00, 0x27, 0x4C, 
    0x00, 0x27, 0x4C, 0x00, 0x27, 0x4C, 0x00, 0x27, 0x4C, 0x00, 0x27, 0x4C, 
    0x00, 0x27, 0x4C, 0x00, 0x27, 0x4C, 0x00, 0x27, 0x4C, 0x00, 0x27, 0x4C, 
    0x00, 0x27, 0x4C, 0x00, 0x27, 0x4C, 0x00, 0x27, 0x4C, 0x00, 0x27, 0x4C, 
    0x00, 0x27, 0x4C, 0x00, 0x27, 0x4C, 0x00, 0x27, 0x4C, 0x00, 0x27, 0x4C, 
    0x00, 0x27, 0x4C, 0x00, 0x27, 0x4C, 0x00, 0x27, 0x4C, 0x00, 0x27, 0x4C, 
    0x00, 0x27, 0x4C, 0x00, 0x27, 0x4C, 0x00, 0x27, 0x4C, 0x00, 0x27, 0x4C, 
    0x00, 0x27, 0x4C, 0x00, 0x27, 0x4C, 0x00, 0x27, 0x4C, 0x00, 0x27, 0x4C, 
    0x00, 0x27, 0x4C, 0x00, 0x27, 0x4C, 0x00, 0x27, 0x4C, 0x00, 0x27, 0x4C, 
    0x00, 0x27, 0x4C, 0x00, 0x27, 0x4C, 0x00, 0x27, 0x4C, 0x00, 0x27, 0x4C, 
    0x00, 0x27, 0x4C, 0x00, 0x27, 0x4C, 0x00, 0x27, 0x4C, 0x00, 0x27, 0x4C, 
    0x00, 0x27, 0x4C, 0x00, 0x27, 0x4C, 0x00, 0x27, 0x4C, 0x00, 0x27, 0x4C, 
    0x00, 0x27, 0x4C, 0x00, 0x27, 0x4C, 0x00, 0x27, 0x4C, 0x00, 0x27, 0x4C, 
    0x00, 0x27, 0x4C, 0x00, 0x27, 0x4C, 0x00, 0x27, 0x4C, 0x00, 0x27, 0x4C, 
    0x00, 0x27, 0x4C, 0x00, 0x27, 0x4C, 0x00, 0x27, 0x4C, 0x00, 0x27, 0x4C, 
    0x00, 0x27, 0x4C, 0x00, 0x27, 0x4C, 0x00, 0x27, 0x4C, 0x00, 0x27, 0x4C, 
    0x00, 0x27, 0x4C, 0x00, 0x27, 0x4C, 0x00, 0x27, 0x4C, 0x00, 0x27, 0x4C, 
    0x00, 0x27, 0x4C, 0x00, 0x27, 0x4C, 0x00, 0x27, 0x4C, 0x00, 0x27, 0x4C, 
    0x00, 0x27, 0x4C, 0x00, 0x27, 0x4C, 0x00, 0x27, 0x4C, 0x00, 0x27, 0x4C, 
    0x00, 0x27, 0x4C, 0x00, 0x27, 0x4C, 0x00, 0x27, 0x4C, 0x00, 0x27, 0x4C, 
    0x00, 0x27, 0x4C, 0x00, 0x27, 0x4C, 0x00, 0x27, 0x4C, 0x00, 0x27, 0x4C, 
    0x00, 0x27, 0x4C, 0x00, 0x27, 0x4C, 0x00, 0x27, 0x4C, 0x00, 0x27, 0x4C, 
    0x00, 0x27, 0x4C, 0x00, 0x27, 0x4C, 0x00, 0x27, 0x4C, 0x00, 0x27, 0x4C, 
    0x00, 0x27, 0x4C, 0x00, 0x27, 0x4C, 0x00, 0x27, 0x4C, 0x00, 0x27, 0x4C, 
    0x00, 0x27, 0x4C, 0x00, 0x27, 0x4C, 0x00, 0x27, 0x4C, 0x00, 0x27, 0x4C, 
    0x00, 0x27, 0x4C, 0x00, 0x27, 0x4C, 0x00, 0x27, 0x4C, 0x00, 0x27, 0x4C, 
    0x00, 0x27, 0x4C, 0x00, 0x27, 0x4C, 0x00, 0x27, 0x4C, 0x00, 0x27, 0x4C, 
    0x00, 0x27, 0x4C, 0x00, 0x27, 0x4C, 0x00, 0x27, 0x4C, 0x00, 0x27, 0x4C, 
    0x00, 0x27, 0x4C, 0x00, 0x27, 0x4C, 0x00, 0x27, 0x4C, 0x00, 0x27, 0x4C, 
    0x00, 0x27, 0x4C, 0x00, 0x27, 0x4C, 0x00, 0x27, 0x4C, 0x00, 0x27, 0x4C, 
    0x00, 0x27, 0x4C, 0x00, 0x27, 0x4C, 0x00, 0x27, 0x4C, 0x00, 0x27, 0x4C, 
    0x00, 0x27, 0x4C, 0x00, 0x27, 0x4C, 0x00, 0x27, 0x4C, 0x00, 0x27, 0x4C, 
    0x00, 0x27, 0x4C, 0x00, 0x27, 0x4C, 0x00, 0x27, 0x4C, 0x00, 0x27, 0x4C, 
    0x00, 0x27, 0x4C, 0x00, 0x27, 0x4C, 0x00, 0x27, 0x4C, 0x00, 0x27, 0x4C, 
    0x00, 0x27, 0x4C, 0x00, 0x27, 0x4C, 0x00, 0x27, 0x4C, 0x00, 0x27, 0x4C, 
    0x00, 0x27, 0x4C, 0x00, 0x27, 0x4C, 0x00, 0x27, 0x4C, 0x00, 0x27, 0x4C, 
    0x04, 0x2A, 0x4B, 0x00, 0x1B, 0x51, 0x6A, 0x6B, 0x2F, 0xFF, 0xD7, 0x00, 
    0xFB, 0xC8, 0x06, 0xFF, 0xCB, 0x05, 0xFF, 0xCB, 0x05, 0xFF, 0xCB, 0x05, 
    0xFF, 0xCB, 0x05, 0xFF, 0xCB, 0x05, 0xFF, 0xCB, 0x05, 0xFF, 0xCB, 0x05, 
    0xFF, 0xCB, 0x05, 0xFF, 0xCB, 0x05, 0xFF, 0xCB, 0x05, 0xFF, 0xCB, 0x05, 
    0xFF, 0xCB, 0x05, 0xFF, 0xCB, 0x05, 0xFF, 0xCB, 0x05, 0xFF, 0xCB, 0x05, 
    0xFF, 0xCB, 0x05, 0xFF, 0xCB, 0x05, 0xFF, 0xCB, 0x05, 0xFF, 0xCB, 0x05, 
    0xFF, 0xCB, 0x05, 0xFF, 0xCB, 0x05, 0xFF, 0xCB, 0x05, 0xFF, 0xCB, 0x05, 
    0xFF, 0xCB, 0x05, 0xFF, 0xCB, 0x05, 0xFF, 0xCB, 0x05, 0xFF, 0xCB, 0x05, 
    0xFF, 0xCB, 0x05, 0xFF, 0xCB, 0x05, 0xFF, 0xCB, 0x05, 0xFF, 0xCB, 0x05, 
    0xFB, 0xC8, 0x06, 0xFF, 0xD8, 0x00, 0x77, 0x74, 0x2B, 0x00, 0x1B, 0x51, 
    0x04, 0x2A, 0x4B, 0x00, 0x27, 0x4C, 0x00, 0x27, 0x4C, 0x00, 0x27, 0x4C, 
    0x00, 0x27, 0x4C, 0x00, 0x27, 0x4C, 0x00, 0x27, 0x4C, 0x00, 0x27, 0x4C, 
    0x00, 0x27, 0x4C, 0x00, 0x27, 0x4C, 0x00, 0x27, 0x4C, 0x00, 0x27, 0x4C, 
    0x00, 0x27, 0x4C, 0x00, 0x27, 0x4C, 0x00, 0x27, 0x4C, 0x00, 0x27, 0x4C, 
    0x00, 0x27, 0x4C, 0x00, 0x27, 0x4C, 0x00, 0x27, 0x4C, 0x03, 0x29, 0x4B, 
    0x00, 0x20, 0x52, 0x40, 0x47, 0x29, 0xFF, 0xCE, 0x00, 0xFD, 0xCA, 0x06, 
    0xFF, 0xCB, 0x05, 0xFF, 0xCB, 0x05, 0xFF, 0xCB, 0x05, 0xFF, 0xCB, 0x05, 
    0xFF, 0xCB, 0x05, 0xFF, 0xCB, 0x05, 0xFF, 0xCB, 0x05, 0xFF, 0xCB, 0x05, 
    0xFF, 0xCB, 0x05, 0xFF, 0xCB, 0x05, 0xFF, 0xCB, 0x05, 0xFF, 0xCB, 0x05, 
    0xFF, 0xCB, 0x05, 0xFF, 0xCB, 0x05, 0xFF, 0xCB, 0x05, 0xFF, 0xCB, 0x05, 
    0xFF, 0xCB, 0x05, 0xFF, 0xCB, 0x05, 0xFF, 0xCB, 0x05, 0xFF, 0xCB, 0x05, 
    0xFF, 0xCB, 0x05, 0xFF, 0xCB, 0x05, 0xFF, 0xCB, 0x05, 0xFF, 0xCB, 0x05, 
    0xFF, 0xCB, 0x05, 0xFF, 0xCB, 0x05, 0xFF, 0xCB, 0x05, 0xFF, 0xCB, 0x05, 
    0xFF, 0xCB, 0x05, 0xFF, 0xCB, 0x05, 0xFF, 0xCB, 0x05, 0xFB, 0xC8, 0x06, 
    0xFF, 0xD7, 0x00, 0x65, 0x68, 0x30, 0x00, 0x1B, 0x51, 0x04, 0x2A, 0x4B, 
    0x00, 0x27, 0x4C, 0x00, 0x27, 0x4C, 0x00, 0x27, 0x4C, 0x00, 0x27, 0x4C, 
    0x00, 0x27, 0x4C, 0x00, 0x27, 0x4C, 0x02, 0x28, 0x4D, 0x00, 0x1F, 0x45, 
    0x29, 0x4A, 0x69, 0x3C, 0x5A, 0x76, 0x00, 0x1D, 0x43, 0x02, 0x29, 0x4E, 
    0x00, 0x27, 0x4C, 0x00, 0x27, 0x4C, 0x00, 0x27, 0x4C, 0x00, 0x27, 0x4C, 
    0x00, 0x27, 0x4C, 0x00, 0x27, 0x4C, 0x00, 0x27, 0x4C, 0x00, 0x27, 0x4C, 
    0x00, 0x27, 0x4C, 0x00, 0x27, 0x4C, 0x00, 0x27, 0x4C, 0x00, 0x27, 0x4C, 
    0x00, 0x27, 0x4C, 0x00, 0x27, 0x4C, 0x00, 0x27, 0x4C, 0x00, 0x27, 0x4C, 
    0x00, 0x27, 0x4C, 0x00, 0x27, 0x4C, 0x00, 0x27, 0x4C, 0x00, 0x27, 0x4C, 
    0x00, 0x27, 0x4C, 0x00, 0x27, 0x4C, 0x00, 0x27, 0x4C, 0x00, 0x27, 0x4C, 
    0x00, 0x27, 0x4C, 0x00, 0x27, 0x4C, 0x00, 0x27, 0x4C, 0x00, 0x27, 0x4C, 
    0x00, 0x27, 0x4C, 0x00, 0x27, 0x4C, 0x00, 0x27, 0x4C, 0x00, 0x27, 0x4C, 
    0x00, 0x27, 0x4C, 0x00, 0x27, 0x4C, 0x00, 0x27, 0x4C, 0x00, 0x27, 0x4C, 
    0x00, 0x27, 0x4C, 0x00, 0x27, 0x4C, 0x00, 0x27, 0x4C, 0x00, 0x27, 0x4C, 
    0x00, 0x27, 0x4C, 0x00, 0x27, 0x4C, 0x00, 0x27, 0x4C, 0x00, 0x27, 0x4C, 
    0x00, 0x27, 0x4C, 0x00, 0x27, 0x4C, 0x00, 0x27, 0x4C, 0x00, 0x27, 0x4C, 
    0x00, 0x27, 0x4C, 0x00, 0x27, 0x4C, 0x00, 0x27, 0x4C, 0x00, 0x27, 0x4C, 
    0x00, 0x27, 0x4C, 0x00, 0x27, 0x4C, 0x00, 0x27, 0x4C, 0x00, 0x27, 0x4C, 
    0x00, 0x27, 0x4C, 0x00, 0x27, 0x4C, 0x00, 0x27, 0x4C, 0x00, 0x27, 0x4C, 
    0x00, 0x27, 0x4C, 0x00, 0x27, 0x4C, 0x00, 0x27, 0x4C, 0x00, 0x27, 0x4C, 
    0x00, 0x27, 0x4C, 0x00, 0x27, 0x4C, 0x00, 0x27, 0x4C, 0x00, 0x27, 0x4C, 
    0x00, 0x27, 0x4C, 0x00, 0x27, 0x4C, 0x00, 0x27, 0x4C, 0x00, 0x27, 0x4C, 
    0x00, 0x27, 0x4C, 0x00, 0x27, 0x4C, 0x00, 0x27, 0x4C, 0x00, 0x27, 0x4C, 
    0x00, 0x27, 0x4C, 0x00, 0x27, 0x4C, 0x00, 0x27, 0x4C, 0x00, 0x27, 0x4C, 
    0x00, 0x27, 0x4C, 0x00, 0x27, 0x4C, 0x00, 0x27, 0x4C, 0x00, 0x27, 0x4C, 
    0x00, 0x27, 0x4C, 0x00, 0x27, 0x4C, 0x00, 0x27, 0x4C, 0x00, 0x27, 0x4C, 
    0x00, 0x27, 0x4C, 0x00, 0x27, 0x4C, 0x00, 0x27, 0x4C, 0x00, 0x27, 0x4C, 
    0x00, 0x27, 0x4C, 0x00, 0x27, 0x4C, 0x00, 0x27, 0x4C, 0x00, 0x27, 0x4C, 
    0x00, 0x27, 0x4C, 0x00, 0x27, 0x4C, 0x00, 0x27, 0x4C, 0x00, 0x27, 0x4C, 
    0x00, 0x27, 0x4C, 0x00, 0x27, 0x4C, 0x00, 0x27, 0x4C, 0x00, 0x27, 0x4C, 
    0x00, 0x27, 0x4C, 0x00, 0x27, 0x4C, 0x00, 0x27, 0x4C, 0x00, 0x27, 0x4C, 
    0x00, 0x27, 0x4C, 0x00, 0x27, 0x4C, 0x00, 0x27, 0x4C, 0x00, 0x27, 0x4C, 
    0x00, 0x27, 0x4C, 0x00, 0x27, 0x4C, 0x00, 0x27, 0x4C, 0x00, 0x27, 0x4C, 
    0x00, 0x27, 0x4C, 0x00, 0x27, 0x4C, 0x00, 0x27, 0x4C, 0x00, 0x27, 0x4C, 
    0x00, 0x27, 0x4C, 0x00, 0x27, 0x4C, 0x00, 0x27, 0x4C, 0x00, 0x27, 0x4C, 
    0x00, 0x27, 0x4C, 0x00, 0x27, 0x4C, 0x00, 0x27, 0x4C, 0x00, 0x27, 0x4C, 
    0x00, 0x27, 0x4C, 0x00, 0x27, 0x4C, 0x00, 0x27, 0x4C, 0x00, 0x27, 0x4C, 
    0x00, 0x27, 0x4C, 0x00, 0x27, 0x4C, 0x00, 0x27, 0x4C, 0x00, 0x27, 0x4C, 
    0x00, 0x27, 0x4C, 0x00, 0x27, 0x4C, 0x00, 0x27, 0x4C, 0x00, 0x27, 0x4C, 
    0x00, 0x27, 0x4C, 0x00, 0x27, 0x4C, 0x00, 0x27, 0x4C, 0x00, 0x27, 0x4C, 
    0x00, 0x27, 0x4C, 0x00, 0x27, 0x4C, 0x00, 0x27, 0x4C, 0x00, 0x27, 0x4C, 
    0x00, 0x27, 0x4C, 0x00, 0x27, 0x4C, 0x00, 0x27, 0x4C, 0x00, 0x27, 0x4C, 
    0x00, 0x27, 0x4C, 0x00, 0x27, 0x4C, 0x00, 0x27, 0x4C, 0x00, 0x27, 0x4C, 
    0x00, 0x27, 0x4C, 0x00, 0x27, 0x4C, 0x00, 0x27, 0x4C, 0x00, 0x27, 0x4C, 
    0x00, 0x27, 0x4C, 0x00, 0x27, 0x4C, 0x00, 0x27, 0x4C, 0x00, 0x27, 0x4C, 
    0x00, 0x27, 0x4C, 0x00, 0x27, 0x4C, 0x00, 0x27, 0x4C, 0x00, 0x27, 0x4C, 
    0x00, 0x27, 0x4C, 0x00, 0x27, 0x4C, 0x00, 0x27, 0x4C, 0x00, 0x27, 0x4C, 
    0x00, 0x27, 0x4C, 0x00, 0x27, 0x4C, 0x00, 0x27, 0x4C, 0x00, 0x27, 0x4C, 
    0x00, 0x27, 0x4C, 0x00, 0x27, 0x4C, 0x00, 0x27, 0x4C, 0x00, 0x27, 0x4C, 
    0x00, 0x27, 0x4C, 0x00, 0x27, 0x4C, 0x00, 0x27, 0x4C, 0x00, 0x27, 0x4C, 
    0x00, 0x27, 0x4C, 0x00, 0x27, 0x4C, 0x00, 0x27, 0x4C, 0x00, 0x27, 0x4C, 
    0x00, 0x27, 0x4C, 0x00, 0x27, 0x4C, 0x00, 0x27, 0x4C, 0x00, 0x27, 0x4C, 
    0x00, 0x27, 0x4C, 0x00, 0x27, 0x4C, 0x00, 0x27, 0x4C, 0x00, 0x27, 0x4C, 
    0x00, 0x27, 0x4C, 0x00, 0x27, 0x4C, 0x00, 0x27, 0x4C, 0x00, 0x27, 0x4C, 
    0x00, 0x27, 0x4C, 0x00, 0x27, 0x4C, 0x00, 0x27, 0x4C, 0x00, 0x27, 0x4C, 
    0x00, 0x27, 0x4C, 0x00, 0x27, 0x4C, 0x00, 0x27, 0x4C, 0x00, 0x27, 0x4C, 
    0x00, 0x27, 0x4C, 0x00, 0x27, 0x4C, 0x00, 0x27, 0x4C, 0x00, 0x27, 0x4C, 
    0x00, 0x27, 0x4C, 0x00, 0x27, 0x4C, 0x00, 0x27, 0x4C, 0x00, 0x27, 0x4C, 
    0x00, 0x27, 0x4C, 0x00, 0x27, 0x4C, 0x00, 0x27, 0x4C, 0x00, 0x27, 0x4C, 
    0x00, 0x27, 0x4C, 0x00, 0x27, 0x4C, 0x00, 0x27, 0x4C, 0x00, 0x27, 0x4C, 
    0x00, 0x27, 0x4C, 0x00, 0x27, 0x4C, 0x00, 0x27, 0x4C, 0x00, 0x27, 0x4C, 
    0x00, 0x27, 0x4C, 0x00, 0x27, 0x4C, 0x00, 0x27, 0x4C, 0x00, 0x27, 0x4C, 
    0x00, 0x27, 0x4C, 0x00, 0x27, 0x4C, 0x00, 0x27, 0x4C, 0x00, 0x27, 0x4C, 
    0x00, 0x27, 0x4C, 0x00, 0x27, 0x4C, 0x00, 0x27, 0x4C, 0x00, 0x27, 0x4C, 
    0x00, 0x27, 0x4C, 0x00, 0x27, 0x4C, 0x00, 0x27, 0x4C, 0x00, 0x27, 0x4C, 
    0x00, 0x27, 0x4C, 0x00, 0x27, 0x4C, 0x00, 0x27, 0x4C, 0x00, 0x27, 0x4C, 
    0x00, 0x27, 0x4C, 0x00, 0x27, 0x4C, 0x00, 0x27, 0x4C, 0x00, 0x27, 0x4C, 
    0x00, 0x27, 0x4C, 0x00, 0x27, 0x4C, 0x00, 0x27, 0x4C, 0x00, 0x27, 0x4C, 
    0x00, 0x27, 0x4C, 0x00, 0x27, 0x4C, 0x00, 0x27, 0x4C, 0x00, 0x27, 0x4C, 
    0x00, 0x27, 0x4C, 0x00, 0x27, 0x4C, 0x00, 0x27, 0x4C, 0x00, 0x27, 0x4C, 
    0x00, 0x27, 0x4C, 0x00, 0x27, 0x4C, 0x00, 0x27, 0x4C, 0x00, 0x27, 0x4C, 
    0x00, 0x27, 0x4C, 0x00, 0x27, 0x4C, 0x00, 0x27, 0x4C, 0x00, 0x27, 0x4C, 
    0x00, 0x27, 0x4C, 0x00, 0x27, 0x4C, 0x00, 0x27, 0x4C, 0x00, 0x27, 0x4C, 
    0x00, 0x27, 0x4C, 0x00, 0x27, 0x4C, 0x00, 0x27, 0x4C, 0x00, 0x27, 0x4C, 
    0x00, 0x27, 0x4C, 0x00, 0x27, 0x4C, 0x00, 0x27, 0x4C, 0x00, 0x27, 0x4C, 
    0x00, 0x27, 0x4C, 0x00, 0x27, 0x4C, 0x00, 0x27, 0x4C, 0x00, 0x27, 0x4C, 
    0x00, 0x27, 0x4C, 0x00, 0x27, 0x4C, 0x00, 0x27, 0x4C, 0x00, 0x27, 0x4C, 
    0x00, 0x27, 0x4C, 0x00, 0x27, 0x4C, 0x00, 0x27, 0x4C, 0x00, 0x27, 0x4C, 
    0x00, 0x27, 0x4C, 0x00, 0x27, 0x4C, 0x00, 0x27, 0x4C, 0x00, 0x27, 0x4C, 
    0x00, 0x27, 0x4C, 0x00, 0x27, 0x4C, 0x00, 0x27, 0x4C, 0x00, 0x27, 0x4C, 
    0x00, 0x27, 0x4C, 0x00, 0x27, 0x4C, 0x00, 0x27, 0x4C, 0x00, 0x27, 0x4C, 
    0x00, 0x27, 0x4C, 0x00, 0x27, 0x4C, 0x00, 0x27, 0x4C, 0x00, 0x27, 0x4C, 
    0x00, 0x27, 0x4C, 0x00, 0x27, 0x4C, 0x00, 0x27, 0x4C, 0x00, 0x27, 0x4C, 
    0x00, 0x27, 0x4C, 0x00, 0x27, 0x4C, 0x00, 0x27, 0x4C, 0x00, 0x27, 0x4C, 
    0x00, 0x27, 0x4C, 0x00, 0x27, 0x4C, 0x00, 0x27, 0x4C, 0x00, 0x27, 0x4C, 
    0x00, 0x27, 0x4C, 0x00, 0x27, 0x4C, 0x00, 0x27, 0x4C, 0x00, 0x27, 0x4C, 
    0x00, 0x27, 0x4C, 0x00, 0x27, 0x4C, 0x00, 0x27, 0x4C, 0x00, 0x27, 0x4C, 
    0x00, 0x27, 0x4C, 0x00, 0x27, 0x4C, 0x00, 0x27, 0x4C, 0x00, 0x27, 0x4C, 
    0x00, 0x27, 0x4C, 0x00, 0x27, 0x4C, 0x00, 0x27, 0x4C, 0x00, 0x27, 0x4C, 
    0x00, 0x27, 0x4C, 0x00, 0x27, 0x4C, 0x00, 0x27, 0x4C, 0x00, 0x27, 0x4C, 
    0x00, 0x27, 0x4C, 0x00, 0x27, 0x4C, 0x00, 0x27, 0x4C, 0x00, 0x27, 0x4C, 
    0x00, 0x27, 0x4C, 0x00, 0x27, 0x4C, 0x00, 0x27, 0x4C, 0x00, 0x27, 0x4C, 
    0x00, 0x27, 0x4C, 0x00, 0x27, 0x4C, 0x00, 0x27, 0x4C, 0x00, 0x27, 0x4C, 
    0x00, 0x27, 0x4C, 0x00, 0x27, 0x4C, 0x00, 0x27, 0x4C, 0x00, 0x27, 0x4C, 
    0x00, 0x27, 0x4C, 0x00, 0x27, 0x4C, 0x00, 0x27, 0x4C, 0x00, 0x27, 0x4C, 
    0x00, 0x27, 0x4C, 0x00, 0x27, 0x4C, 0x00, 0x27, 0x4C, 0x00, 0x27, 0x4C, 
    0x04, 0x2A, 0x4B, 0x00, 0x1B, 0x51, 0x6A, 0x6B, 0x2F, 0xFF, 0xD7, 0x00, 
    0xFB, 0xC8, 0x06, 0xFF, 0xCB, 0x05, 0xFF, 0xCB, 0x05, 0xFF, 0xCB, 0x05, 
    0xFF, 0xCB, 0x05, 0xFF, 0xCB, 0x05, 0xFF, 0xCB, 0x05, 0xFF, 0xCB, 0x05, 
    0xFF, 0xCB, 0x05, 0xFF, 0xCB, 0x05, 0xFF, 0xCB, 0x05, 0xFF, 0xCB, 0x05, 
    0xFF, 0xCB, 0x05, 0xFF, 0xCB, 0x05, 0xFF, 0xCB, 0x05, 0xFF, 0xCB, 0x05, 
    0xFF, 0xCB, 0x05, 0xFF, 0xCB, 0x05, 0xFF, 0xCB, 0x05, 0xFF, 0xCB, 0x05, 
    0xFF, 0xCB, 0x05, 0xFF, 0xCB, 0x05, 0xFF, 0xCB, 0x05, 0xFF, 0xCB, 0x05, 
    0xFF, 0xCB, 0x05, 0xFF, 0xCB, 0x05, 0xFF, 0xCB, 0x05, 0xFF, 0xCB, 0x05, 
    0xFF, 0xCB, 0x05, 0xFF, 0xCB, 0x05, 0xFF, 0xCB, 0x05, 0xFF, 0xCB, 0x05, 
    0xFB, 0xC8, 0x06, 0xFF, 0xD8, 0x00, 0x77, 0x74, 0x2B, 0x00, 0x1B, 0x51, 
    0x04, 0x2A, 0x4B, 0x00, 0x27, 0x4C, 0x00, 0x27, 0x4C, 0x00, 0x27, 0x4C, 
    0x00, 0x27, 0x4C, 0x00, 0x27, 0x4C, 0x00, 0x27, 0x4C, 0x00, 0x27, 0x4C, 
    0x00, 0x27, 0x4C, 0x00, 0x27, 0x4C, 0x00, 0x27, 0x4C, 0x00, 0x27, 0x4C, 
    0x00, 0x27, 0x4C, 0x00, 0x27, 0x4C, 0x00, 0x27, 0x4C, 0x00, 0x27, 0x4C, 
    0x00, 0x27, 0x4C, 0x00, 0x27, 0x4C, 0x00, 0x27, 0x4C, 0x03, 0x29, 0x4B, 
    0x00, 0x20, 0x52, 0x40, 0x47, 0x29, 0xFF, 0xCE, 0x00, 0xFD, 0xCA, 0x06, 
    0xFF, 0xCB, 0x05, 0xFF, 0xCB, 0x05, 0xFF, 0xCB, 0x05, 0xFF, 0xCB, 0x05, 
    0xFF, 0xCB, 0x05, 0xFF, 0xCB, 0x05, 0xFF, 0xCB, 0x05, 0xFF, 0xCB, 0x05, 
    0xFF, 0xCB, 0x05, 0xFF, 0xCB, 0x05, 0xFF, 0xCB, 0x05, 0xFF, 0xCB, 0x05, 
    0xFF, 0xCB, 0x05, 0xFF, 0xCB, 0x05, 0xFF, 0xCB, 0x05, 0xFF, 0xCB, 0x05, 
    0xFF, 0xCB, 0x05, 0xFF, 0xCB, 0x05, 0xFF, 0xCB, 0x05, 0xFF, 0xCB, 0x05, 
    0xFF, 0xCB, 0x05, 0xFF, 0xCB, 0x05, 0xFF, 0xCB, 0x05, 0xFF, 0xCB, 0x05, 
    0xFF, 0xCB, 0x05, 0xFF, 0xCB, 0x05, 0xFF, 0xCB, 0x05, 0xFF, 0xCB, 0x05, 
    0xFF, 0xCB, 0x05, 0xFF, 0xCB, 0x05, 0xFF, 0xCB, 0x05, 0xFB, 0xC8, 0x06, 
    0xFF, 0xD7, 0x00, 0x65, 0x68, 0x30, 0x00, 0x1B, 0x51, 0x04, 0x2A, 0x4B, 
    0x00, 0x27, 0x4C, 0x00, 0x27, 0x4C, 0x00, 0x27, 0x4C, 0x00, 0x27, 0x4C, 
    0x00, 0x27, 0x4C, 0x00, 0x27, 0x4C, 0x02, 0x28, 0x4D, 0x00, 0x1F, 0x45, 
    0x29, 0x4A, 0x69, 0x3C, 0x5A, 0x76, 0x00, 0x1D, 0x43, 0x02, 0x29, 0x4E, 
    0x00, 0x27, 0x4C, 0x00, 0x27, 0x4C, 0x00, 0x27, 0x4C, 0x00, 0x27, 0x4C, 
    0x00, 0x27, 0x4C, 0x00, 0x27, 0x4C, 0x00, 0x27, 0x4C, 0x00, 0x27, 0x4C, 
    0x00, 0x27, 0x4C, 0x00, 0x27, 0x4C, 0x00, 0x27, 0x4C, 0x00, 0x27, 0x4C, 
    0x00, 0x27, 0x4C, 0x00, 0x27, 0x4C, 0x00, 0x27, 0x4C, 0x00, 0x27, 0x4C, 
    0x00, 0x27, 0x4C, 0x00, 0x27, 0x4C, 0x00, 0x27, 0x4C, 0x00, 0x27, 0x4C, 
    0x00, 0x27, 0x4C, 0x00, 0x27, 0x4C, 0x00, 0x27, 0x4C, 0x00, 0x27, 0x4C, 
    0x00, 0x27, 0x4C, 0x00, 0x27, 0x4C, 0x00, 0x27, 0x4C, 0x00, 0x27, 0x4C, 
    0x00, 0x27, 0x4C, 0x00, 0x27, 0x4C, 0x00, 0x27, 0x4C, 0x00, 0x27, 0x4C, 
    0x00, 0x27, 0x4C, 0x00, 0x27, 0x4C, 0x00, 0x27, 0x4C, 0x00, 0x27, 0x4C, 
    0x00, 0x27, 0x4C, 0x00, 0x27, 0x4C, 0x00, 0x27, 0x4C, 0x00, 0x27, 0x4C, 
    0x00, 0x27, 0x4C, 0x00, 0x27, 0x4C, 0x00, 0x27, 0x4C, 0x00, 0x27, 0x4C, 
    0x00, 0x27, 0x4C, 0x00, 0x27, 0x4C, 0x00, 0x27, 0x4C, 0x00, 0x27, 0x4C, 
    0x00, 0x27, 0x4C, 0x00, 0x27, 0x4C, 0x00, 0x27, 0x4C, 0x00, 0x27, 0x4C, 
    0x00, 0x27, 0x4C, 0x00, 0x27, 0x4C, 0x00, 0x27, 0x4C, 0x00, 0x27, 0x4C, 
    0x00, 0x27, 0x4C, 0x00, 0x27, 0x4C, 0x00, 0x27, 0x4C, 0x00, 0x27, 0x4C, 
    0x00, 0x27, 0x4C, 0x00, 0x27, 0x4C, 0x00, 0x27, 0x4C, 0x00, 0x27, 0x4C, 
    0x00, 0x27, 0x4C, 0x00, 0x27, 0x4C, 0x00, 0x27, 0x4C, 0x00, 0x27, 0x4C, 
    0x00, 0x27, 0x4C, 0x00, 0x27, 0x4C, 0x00, 0x27, 0x4C, 0x00, 0x27, 0x4C, 
    0x00, 0x27, 0x4C, 0x00, 0x27, 0x4C, 0x00, 0x27, 0x4C, 0x00, 0x27, 0x4C, 
    0x00, 0x27, 0x4C, 0x00, 0x27, 0x4C, 0x00, 0x27, 0x4C, 0x00, 0x27, 0x4C, 
    0x00, 0x27, 0x4C, 0x00, 0x27, 0x4C, 0x00, 0x27, 0x4C, 0x00, 0x27, 0x4C, 
    0x00, 0x27, 0x4C, 0x00, 0x27, 0x4C, 0x00, 0x27, 0x4C, 0x00, 0x27, 0x4C, 
    0x00, 0x27, 0x4C, 0x00, 0x27, 0x4C, 0x00, 0x27, 0x4C, 0x00, 0x27, 0x4C, 
    0x00, 0x27, 0x4C, 0x00, 0x27, 0x4C, 0x00, 0x27, 0x4C, 0x00, 0x27, 0x4C, 
    0x00, 0x27, 0x4C, 0x00, 0x27, 0x4C, 0x00, 0x27, 0x4C, 0x00, 0x27, 0x4C, 
    0x00, 0x27, 0x4C, 0x00, 0x27, 0x4C, 0x00, 0x27, 0x4C, 0x00, 0x27, 0x4C, 
    0x00, 0x27, 0x4C, 0x00, 0x27, 0x4C, 0x00, 0x27, 0x4C, 0x00, 0x27, 0x4C, 
    0x00, 0x27, 0x4C, 0x00, 0x27, 0x4C, 0x00, 0x27, 0x4C, 0x00, 0x27, 0x4C, 
    0x00, 0x27, 0x4C, 0x00, 0x27, 0x4C, 0x00, 0x27, 0x4C, 0x00, 0x27, 0x4C, 
    0x00, 0x27, 0x4C, 0x00, 0x27, 0x4C, 0x00, 0x27, 0x4C, 0x00, 0x27, 0x4C, 
    0x00, 0x27, 0x4C, 0x00, 0x27, 0x4C, 0x00, 0x27, 0x4C, 0x00, 0x27, 0x4C, 
    0x00, 0x27, 0x4C, 0x00, 0x27, 0x4C, 0x00, 0x27, 0x4C, 0x00, 0x27, 0x4C, 
    0x00, 0x27, 0x4C, 0x00, 0x27, 0x4C, 0x00, 0x27, 0x4C, 0x00, 0x27, 0x4C, 
    0x00, 0x27, 0x4C, 0x00, 0x27, 0x4C, 0x00, 0x27, 0x4C, 0x00, 0x27, 0x4C, 
    0x00, 0x27, 0x4C, 0x00, 0x27, 0x4C, 0x00, 0x27, 0x4C, 0x00, 0x27, 0x4C, 
    0x00, 0x27, 0x4C, 0x00, 0x27, 0x4C, 0x00, 0x27, 0x4C, 0x00, 0x27, 0x4C, 
    0x00, 0x27, 0x4C, 0x00, 0x27, 0x4C, 0x00, 0x27, 0x4C, 0x00, 0x27, 0x4C, 
    0x00, 0x27, 0x4C, 0x00, 0x27, 0x4C, 0x00, 0x27, 0x4C, 0x00, 0x27, 0x4C, 
    0x00, 0x27, 0x4C, 0x00, 0x27, 0x4C, 0x00, 0x27, 0x4C, 0x00, 0x27, 0x4C, 
    0x00, 0x27, 0x4C, 0x00, 0x27, 0x4C, 0x00, 0x27, 0x4C, 0x00, 0x27, 0x4C, 
    0x00, 0x27, 0x4C, 0x00, 0x27, 0x4C, 0x00, 0x27, 0x4C, 0x00, 0x27, 0x4C, 
    0x00, 0x27, 0x4C, 0x00, 0x27, 0x4C, 0x00, 0x27, 0x4C, 0x00, 0x27, 0x4C, 
    0x00, 0x27, 0x4C, 0x00, 0x27, 0x4C, 0x00, 0x27, 0x4C, 0x00, 0x27, 0x4C, 
    0x00, 0x27, 0x4C, 0x00, 0x27, 0x4C, 0x00, 0x27, 0x4C, 0x00, 0x27, 0x4C, 
    0x00, 0x27, 0x4C, 0x00, 0x27, 0x4C, 0x00, 0x27, 0x4C, 0x00, 0x27, 0x4C, 
    0x00, 0x27, 0x4C, 0x00, 0x27, 0x4C, 0x00, 0x27, 0x4C, 0x00, 0x27, 0x4C, 
    0x00, 0x27, 0x4C, 0x00, 0x27, 0x4C, 0x00, 0x27, 0x4C, 0x00, 0x27, 0x4C, 
    0x00, 0x27, 0x4C, 0x00, 0x27, 0x4C, 0x00, 0x27, 0x4C, 0x00, 0x27, 0x4C, 
    0x00, 0x27, 0x4C, 0x00, 0x27, 0x4C, 0x00, 0x27, 0x4C, 0x00, 0x27, 0x4C, 
    0x00, 0x27, 0x4C, 0x00, 0x27, 0x4C, 0x00, 0x27, 0x4C, 0x00, 0x27, 0x4C, 
    0x00, 0x27, 0x4C, 0x00, 0x27, 0x4C, 0x00, 0x27, 0x4C, 0x00, 0x27, 0x4C, 
    0x00, 0x27, 0x4C, 0x00, 0x27, 0x4C, 0x00, 0x27, 0x4C, 0x00, 0x27, 0x4C, 
    0x00, 0x27, 0x4C, 0x00, 0x27, 0x4C, 0x00, 0x27, 0x4C, 0x00, 0x27, 0x4C, 
    0x00, 0x27, 0x4C, 0x00, 0x27, 0x4C, 0x00, 0x27, 0x4C, 0x00, 0x27, 0x4C, 
    0x00, 0x27, 0x4C, 0x00, 0x27, 0x4C, 0x00, 0x27, 0x4C, 0x00, 0x27, 0x4C, 
    0x00, 0x27, 0x4C, 0x00, 0x27, 0x4C, 0x00, 0x27, 0x4C, 0x00, 0x27, 0x4C, 
    0x00, 0x27, 0x4C, 0x00, 0x27, 0x4C, 0x00, 0x27, 0x4C, 0x00, 0x27, 0x4C, 
    0x00, 0x27, 0x4C, 0x00, 0x27, 0x4C, 0x00, 0x27, 0x4C, 0x00, 0x27, 0x4C, 
    0x00, 0x27, 0x4C, 0x00, 0x27, 0x4C, 0x00, 0x27, 0x4C, 0x00, 0x27, 0x4C, 
    0x00, 0x27, 0x4C, 0x00, 0x27, 0x4C, 0x00, 0x27, 0x4C, 0x00, 0x27, 0x4C, 
    0x00, 0x27, 0x4C, 0x00, 0x27, 0x4C, 0x00, 0x27, 0x4C, 0x00, 0x27, 0x4C, 
    0x00, 0x27, 0x4C, 0x00, 0x27, 0x4C, 0x00, 0x27, 0x4C, 0x00, 0x27, 0x4C, 
    0x00, 0x27, 0x4C, 0x00, 0x27, 0x4C, 0x00, 0x27, 0x4C, 0x00, 0x27, 0x4C, 
    0x00, 0x27, 0x4C, 0x00, 0x27, 0x4C, 0x00, 0x27, 0x4C, 0x00, 0x27, 0x4C, 
    0x00, 0x27, 0x4C, 0x00, 0x27, 0x4C, 0x00, 0x27, 0x4C, 0x00, 0x27, 0x4C, 
    0x00, 0x27, 0x4C, 0x00, 0x27, 0x4C, 0x00, 0x27, 0x4C, 0x00, 0x27, 0x4C, 
    0x00, 0x27, 0x4C, 0x00, 0x27, 0x4C, 0x00, 0x27, 0x4C, 0x00, 0x27, 0x4C, 
    0x00, 0x27, 0x4C, 0x00, 0x27, 0x4C, 0x00, 0x27, 0x4C, 0x00, 0x27, 0x4C, 
    0x00, 0x27, 0x4C, 0x00, 0x27, 0x4C, 0x00, 0x27, 0x4C, 0x00, 0x27, 0x4C, 
    0x00, 0x27, 0x4C, 0x00, 0x27, 0x4C, 0x00, 0x27, 0x4C, 0x00, 0x27, 0x4C, 
    0x00, 0x27, 0x4C, 0x00, 0x27, 0x4C, 0x00, 0x27, 0x4C, 0x00, 0x27, 0x4C, 
    0x00, 0x27, 0x4C, 0x00, 0x27, 0x4C, 0x00, 0x27, 0x4C, 0x00, 0x27, 0x4C, 
    0x00, 0x27, 0x4C, 0x00, 0x27, 0x4C, 0x00, 0x27, 0x4C, 0x00, 0x27, 0x4C, 
    0x00, 0x27, 0x4C, 0x00, 0x27, 0x4C, 0x00, 0x27, 0x4C, 0x00, 0x27, 0x4C, 
    0x00, 0x27, 0x4C, 0x00, 0x27, 0x4C, 0x00, 0x27, 0x4C, 0x00, 0x27, 0x4C, 
    0x00, 0x27, 0x4C, 0x00, 0x27, 0x4C, 0x00, 0x27, 0x4C, 0x00, 0x27, 0x4C, 
    0x00, 0x27, 0x4C, 0x00, 0x27, 0x4C, 0x00, 0x27, 0x4C, 0x00, 0x27, 0x4C, 
    0x00, 0x27, 0x4C, 0x00, 0x27, 0x4C, 0x00, 0x27, 0x4C, 0x00, 0x27, 0x4C, 
    0x00, 0x27, 0x4C, 0x00, 0x27, 0x4C, 0x00, 0x27, 0x4C, 0x00, 0x27, 0x4C, 
    0x00, 0x27, 0x4C, 0x00, 0x27, 0x4C, 0x00, 0x27, 0x4C, 0x00, 0x27, 0x4C, 
    0x00, 0x27, 0x4C, 0x00, 0x27, 0x4C, 0x00, 0x27, 0x4C, 0x00, 0x27, 0x4C, 
    0x00, 0x27, 0x4C, 0x00, 0x27, 0x4C, 0x00, 0x27, 0x4C, 0x00, 0x27, 0x4C, 
    0x00, 0x27, 0x4C, 0x00, 0x27, 0x4C, 0x00, 0x27, 0x4C, 0x00, 0x27, 0x4C, 
    0x00, 0x27, 0x4C, 0x00, 0x27, 0x4C, 0x00, 0x27, 0x4C, 0x00, 0x27, 0x4C, 
    0x00, 0x27, 0x4C, 0x00, 0x27, 0x4C, 0x00, 0x27, 0x4C, 0x00, 0x27, 0x4C, 
    0x00, 0x27, 0x4C, 0x00, 0x27, 0x4C, 0x00, 0x27, 0x4C, 0x00, 0x27, 0x4C, 
    0x00, 0x27, 0x4C, 0x00, 0x27, 0x4C, 0x00, 0x27, 0x4C, 0x00, 0x27, 0x4C, 
    0x00, 0x27, 0x4C, 0x00, 0x27, 0x4C, 0x00, 0x27, 0x4C, 0x00, 0x27, 0x4C, 
    0x00, 0x27, 0x4C, 0x00, 0x27, 0x4C, 0x00, 0x27, 0x4C, 0x00, 0x27, 0x4C, 
    0x00, 0x27, 0x4C, 0x00, 0x27, 0x4C, 0x00, 0x27, 0x4C, 0x00, 0x27, 0x4C, 
    0x00, 0x27, 0x4C, 0x00, 0x27, 0x4C, 0x00, 0x27, 0x4C, 0x00, 0x27, 0x4C, 
    0x00, 0x27, 0x4C, 0x00, 0x27, 0x4C, 0x00, 0x27, 0x4C, 0x00, 0x27, 0x4C, 
    0x04, 0x2A, 0x4B, 0x00, 0x1B, 0x51, 0x6A, 0x6B, 0x2F, 0xFF, 0xD7, 0x00, 
    0xFB, 0xC8, 0x06, 0xFF, 0xCB, 0x05, 0xFF, 0xCB, 0x05, 0xFF, 0xCB, 0x05, 
    0xFF, 0xCB, 0x05, 0xFF, 0xCB, 0x05, 0xFF, 0xCB, 0x05, 0xFF, 0xCB, 0x05, 
    0xFF, 0xCB, 0x05, 0xFF, 0xCB, 0x05, 0xFF, 0xCB, 0x05, 0xFF, 0xCB, 0x05, 
    0xFF, 0xCB, 0x05, 0xFF, 0xCB, 0x05, 0xFF, 0xCB, 0x05, 0xFF, 0xCB, 0x05, 
    0xFF, 0xCB, 0x05, 0xFF, 0xCB, 0x05, 0xFF, 0xCB, 0x05, 0xFF, 0xCB, 0x05, 
    0xFF, 0xCB, 0x05, 0xFF, 0xCB, 0x05, 0xFF, 0xCB, 0x05, 0xFF, 0xCB, 0x05, 
    0xFF, 0xCB, 0x05, 0xFF, 0xCB, 0x05, 0xFF, 0xCB, 0x05, 0xFF, 0xCB, 0x05, 
    0xFF, 0xCB, 0x05, 0xFF, 0xCB, 0x05, 0xFF, 0xCB, 0x05, 0xFF, 0xCB, 0x05, 
    0xFB, 0xC8, 0x06, 0xFF, 0xD8, 0x00, 0x77, 0x74, 0x2B, 0x00, 0x1B, 0x51, 
    0x04, 0x2A, 0x4B, 0x00, 0x27, 0x4C, 0x00, 0x27, 0x4C, 0x00, 0x27, 0x4C, 
    0x00, 0x27, 0x4C, 0x00, 0x27, 0x4C, 0x00, 0x27, 0x4C, 0x00, 0x27, 0x4C, 
    0x00, 0x27, 0x4C, 0x00, 0x27, 0x4C, 0x00, 0x27, 0x4C, 0x00, 0x27, 0x4C, 
    0x00, 0x27, 0x4C, 0x00, 0x27, 0x4C, 0x00, 0x27, 0x4C, 0x00, 0x27, 0x4C, 
    0x00, 0x27, 0x4C, 0x00, 0x27, 0x4C, 0x00, 0x27, 0x4C, 0x03, 0x29, 0x4B, 
    0x00, 0x20, 0x52, 0x40, 0x47, 0x29, 0xFF, 0xCE, 0x00, 0xFD, 0xCA, 0x06, 
    0xFF, 0xCB, 0x05, 0xFF, 0xCB, 0x05, 0xFF, 0xCB, 0x05, 0xFF, 0xCB, 0x05, 
    0xFF, 0xCB, 0x05, 0xFF, 0xCB, 0x05, 0xFF, 0xCB, 0x05, 0xFF, 0xCB, 0x05, 
    0xFF, 0xCB, 0x05, 0xFF, 0xCB, 0x05, 0xFF, 0xCB, 0x05, 0xFF, 0xCB, 0x05, 
    0xFF, 0xCB, 0x05, 0xFF, 0xCB, 0x05, 0xFF, 0xCB, 0x05, 0xFF, 0xCB, 0x05, 
    0xFF, 0xCB, 0x05, 0xFF, 0xCB, 0x05, 0xFF, 0xCB, 0x05, 0xFF, 0xCB, 0x05, 
    0xFF, 0xCB, 0x05, 0xFF, 0xCB, 0x05, 0xFF, 0xCB, 0x05, 0xFF, 0xCB, 0x05, 
    0xFF, 0xCB, 0x05, 0xFF, 0xCB, 0x05, 0xFF, 0xCB, 0x05, 0xFF, 0xCB, 0x05, 
    0xFF, 0xCB, 0x05, 0xFF, 0xCB, 0x05, 0xFF, 0xCB, 0x05, 0xFB, 0xC8, 0x06, 
    0xFF, 0xD7, 0x00, 0x65, 0x68, 0x30, 0x00, 0x1B, 0x51, 0x04, 0x2A, 0x4B, 
    0x00, 0x27, 0x4C, 0x00, 0x27, 0x4C, 0x00, 0x27, 0x4C, 0x00, 0x27, 0x4C, 
    0x00, 0x27, 0x4C, 0x00, 0x27, 0x4C, 0x02, 0x28, 0x4D, 0x00, 0x1F, 0x45, 
    0x28, 0x4A, 0x69, 0x3B, 0x59, 0x75, 0x00, 0x1D, 0x43, 0x02, 0x29, 0x4E, 
    0x00, 0x27, 0x4C, 0x00, 0x27, 0x4C, 0x00, 0x27, 0x4C, 0x00, 0x27, 0x4C, 
    0x00, 0x27, 0x4C, 0x00, 0x27, 0x4C, 0x00, 0x27, 0x4C, 0x00, 0x27, 0x4C, 
    0x00, 0x27, 0x4C, 0x00, 0x27, 0x4C, 0x00, 0x27, 0x4C, 0x00, 0x27, 0x4C, 
    0x00, 0x27, 0x4C, 0x00, 0x27, 0x4C, 0x00, 0x27, 0x4C, 0x00, 0x27, 0x4C, 
    0x00, 0x27, 0x4C, 0x00, 0x27, 0x4C, 0x00, 0x27, 0x4C, 0x00, 0x27, 0x4C, 
    0x00, 0x27, 0x4C, 0x00, 0x27, 0x4C, 0x00, 0x27, 0x4C, 0x00, 0x27, 0x4C, 
    0x00, 0x27, 0x4C, 0x00, 0x27, 0x4C, 0x00, 0x27, 0x4C, 0x00, 0x27, 0x4C, 
    0x00, 0x27, 0x4C, 0x00, 0x27, 0x4C, 0x00, 0x27, 0x4C, 0x00, 0x27, 0x4C, 
    0x00, 0x27, 0x4C, 0x00, 0x27, 0x4C, 0x00, 0x27, 0x4C, 0x00, 0x27, 0x4C, 
    0x00, 0x27, 0x4C, 0x00, 0x27, 0x4C, 0x00, 0x27, 0x4C, 0x00, 0x27, 0x4C, 
    0x00, 0x27, 0x4C, 0x00, 0x27, 0x4C, 0x00, 0x27, 0x4C, 0x00, 0x27, 0x4C, 
    0x00, 0x27, 0x4C, 0x00, 0x27, 0x4C, 0x00, 0x27, 0x4C, 0x00, 0x27, 0x4C, 
    0x00, 0x27, 0x4C, 0x00, 0x27, 0x4C, 0x00, 0x27, 0x4C, 0x00, 0x27, 0x4C, 
    0x00, 0x27, 0x4C, 0x00, 0x27, 0x4C, 0x00, 0x27, 0x4C, 0x00, 0x27, 0x4C, 
    0x00, 0x27, 0x4C, 0x00, 0x27, 0x4C, 0x00, 0x27, 0x4C, 0x00, 0x27, 0x4C, 
    0x00, 0x27, 0x4C, 0x00, 0x27, 0x4C, 0x00, 0x27, 0x4C, 0x00, 0x27, 0x4C, 
    0x00, 0x27, 0x4C, 0x00, 0x27, 0x4C, 0x00, 0x27, 0x4C, 0x00, 0x27, 0x4C, 
    0x00, 0x27, 0x4C, 0x00, 0x27, 0x4C, 0x00, 0x27, 0x4C, 0x00, 0x27, 0x4C, 
    0x00, 0x27, 0x4C, 0x00, 0x27, 0x4C, 0x00, 0x27, 0x4C, 0x00, 0x27, 0x4C, 
    0x00, 0x27, 0x4C, 0x00, 0x27, 0x4C, 0x00, 0x27, 0x4C, 0x00, 0x27, 0x4C, 
    0x00, 0x27, 0x4C, 0x00, 0x27, 0x4C, 0x00, 0x27, 0x4C, 0x00, 0x27, 0x4C, 
    0x00, 0x27, 0x4C, 0x00, 0x27, 0x4C, 0x00, 0x27, 0x4C, 0x00, 0x27, 0x4C, 
    0x00, 0x27, 0x4C, 0x00, 0x27, 0x4C, 0x00, 0x27, 0x4C, 0x00, 0x27, 0x4C, 
    0x00, 0x27, 0x4C, 0x00, 0x27, 0x4C, 0x00, 0x27, 0x4C, 0x00, 0x27, 0x4C, 
    0x00, 0x27, 0x4C, 0x00, 0x27, 0x4C, 0x00, 0x27, 0x4C, 0x00, 0x27, 0x4C, 
    0x00, 0x27, 0x4C, 0x00, 0x27, 0x4C, 0x00, 0x27, 0x4C, 0x00, 0x27, 0x4C, 
    0x00, 0x27, 0x4C, 0x00, 0x27, 0x4C, 0x00, 0x27, 0x4C, 0x00, 0x27, 0x4C, 
    0x00, 0x27, 0x4C, 0x00, 0x27, 0x4C, 0x00, 0x27, 0x4C, 0x00, 0x27, 0x4C, 
    0x00, 0x27, 0x4C, 0x00, 0x27, 0x4C, 0x00, 0x27, 0x4C, 0x00, 0x27, 0x4C, 
    0x00, 0x27, 0x4C, 0x00, 0x27, 0x4C, 0x00, 0x27, 0x4C, 0x00, 0x27, 0x4C, 
    0x00, 0x27, 0x4C, 0x00, 0x27, 0x4C, 0x00, 0x27, 0x4C, 0x00, 0x27, 0x4C, 
    0x00, 0x27, 0x4C, 0x00, 0x27, 0x4C, 0x00, 0x27, 0x4C, 0x00, 0x27, 0x4C, 
    0x00, 0x27, 0x4C, 0x00, 0x27, 0x4C, 0x00, 0x27, 0x4C, 0x00, 0x27, 0x4C, 
    0x00, 0x27, 0x4C, 0x00, 0x27, 0x4C, 0x00, 0x27, 0x4C, 0x00, 0x27, 0x4C, 
    0x00, 0x27, 0x4C, 0x00, 0x27, 0x4C, 0x00, 0x27, 0x4C, 0x00, 0x27, 0x4C, 
    0x00, 0x27, 0x4C, 0x00, 0x27, 0x4C, 0x00, 0x27, 0x4C, 0x00, 0x27, 0x4C, 
    0x00, 0x27, 0x4C, 0x00, 0x27, 0x4C, 0x00, 0x27, 0x4C, 0x00, 0x27, 0x4C, 
    0x00, 0x27, 0x4C, 0x00, 0x27, 0x4C, 0x00, 0x27, 0x4C, 0x00, 0x27, 0x4C, 
    0x00, 0x27, 0x4C, 0x00, 0x27, 0x4C, 0x00, 0x27, 0x4C, 0x00, 0x27, 0x4C, 
    0x00, 0x27, 0x4C, 0x00, 0x27, 0x4C, 0x00, 0x27, 0x4C, 0x00, 0x27, 0x4C, 
    0x00, 0x27, 0x4C, 0x00, 0x27, 0x4C, 0x00, 0x27, 0x4C, 0x00, 0x27, 0x4C, 
    0x00, 0x27, 0x4C, 0x00, 0x27, 0x4C, 0x00, 0x27, 0x4C, 0x00, 0x27, 0x4C, 
    0x00, 0x27, 0x4C, 0x00, 0x27, 0x4C, 0x00, 0x27, 0x4C, 0x00, 0x27, 0x4C, 
    0x00, 0x27, 0x4C, 0x00, 0x27, 0x4C, 0x00, 0x27, 0x4C, 0x00, 0x27, 0x4C, 
    0x00, 0x27, 0x4C, 0x00, 0x27, 0x4C, 0x00, 0x27, 0x4C, 0x00, 0x27, 0x4C, 
    0x00, 0x27, 0x4C, 0x00, 0x27, 0x4C, 0x00, 0x27, 0x4C, 0x00, 0x27, 0x4C, 
    0x00, 0x27, 0x4C, 0x00, 0x27, 0x4C, 0x00, 0x27, 0x4C, 0x00, 0x27, 0x4C, 
    0x00, 0x27, 0x4C, 0x00, 0x27, 0x4C, 0x00, 0x27, 0x4C, 0x00, 0x27, 0x4C, 
    0x00, 0x27, 0x4C, 0x00, 0x27, 0x4C, 0x00, 0x27, 0x4C, 0x00, 0x27, 0x4C, 
    0x00, 0x27, 0x4C, 0x00, 0x27, 0x4C, 0x00, 0x27, 0x4C, 0x00, 0x27, 0x4C, 
    0x00, 0x27, 0x4C, 0x00, 0x27, 0x4C, 0x00, 0x27, 0x4C, 0x00, 0x27, 0x4C, 
    0x00, 0x27, 0x4C, 0x00, 0x27, 0x4C, 0x00, 0x27, 0x4C, 0x00, 0x27, 0x4C, 
    0x00, 0x27, 0x4C, 0x00, 0x27, 0x4C, 0x00, 0x27, 0x4C, 0x00, 0x27, 0x4C, 
    0x00, 0x27, 0x4C, 0x00, 0x27, 0x4C, 0x00, 0x27, 0x4C, 0x00, 0x27, 0x4C, 
    0x00, 0x27, 0x4C, 0x00, 0x27, 0x4C, 0x00, 0x27, 0x4C, 0x00, 0x27, 0x4C, 
    0x00, 0x27, 0x4C, 0x00, 0x27, 0x4C, 0x00, 0x27, 0x4C, 0x00, 0x27, 0x4C, 
    0x00, 0x27, 0x4C, 0x00, 0x27, 0x4C, 0x00, 0x27, 0x4C, 0x00, 0x27, 0x4C, 
    0x00, 0x27, 0x4C, 0x00, 0x27, 0x4C, 0x00, 0x27, 0x4C, 0x00, 0x27, 0x4C, 
    0x00, 0x27, 0x4C, 0x00, 0x27, 0x4C, 0x00, 0x27, 0x4C, 0x00, 0x27, 0x4C, 
    0x00, 0x27, 0x4C, 0x00, 0x27, 0x4C, 0x00, 0x27, 0x4C, 0x00, 0x27, 0x4C, 
    0x00, 0x27, 0x4C, 0x00, 0x27, 0x4C, 0x00, 0x27, 0x4C, 0x00, 0x27, 0x4C, 
    0x00, 0x27, 0x4C, 0x00, 0x27, 0x4C, 0x00, 0x27, 0x4C, 0x00, 0x27, 0x4C, 
    0x00, 0x27, 0x4C, 0x00, 0x27, 0x4C, 0x00, 0x27, 0x4C, 0x00, 0x27, 0x4C, 
    0x00, 0x27, 0x4C, 0x00, 0x27, 0x4C, 0x00, 0x27, 0x4C, 0x00, 0x27, 0x4C, 
    0x00, 0x27, 0x4C, 0x00, 0x27, 0x4C, 0x00, 0x27, 0x4C, 0x00, 0x27, 0x4C, 
    0x00, 0x27, 0x4C, 0x00, 0x27, 0x4C, 0x00, 0x27, 0x4C, 0x00, 0x27, 0x4C, 
    0x00, 0x27, 0x4C, 0x00, 0x27, 0x4C, 0x00, 0x27, 0x4C, 0x00, 0x27, 0x4C, 
    0x00, 0x27, 0x4C, 0x00, 0x27, 0x4C, 0x00, 0x27, 0x4C, 0x00, 0x27, 0x4C, 
    0x00, 0x27, 0x4C, 0x00, 0x27, 0x4C, 0x00, 0x27, 0x4C, 0x00, 0x27, 0x4C, 
    0x00, 0x27, 0x4C, 0x00, 0x27, 0x4C, 0x00, 0x27, 0x4C, 0x00, 0x27, 0x4C, 
    0x00, 0x27, 0x4C, 0x00, 0x27, 0x4C, 0x00, 0x27, 0x4C, 0x00, 0x27, 0x4C, 
    0x00, 0x27, 0x4C, 0x00, 0x27, 0x4C, 0x00, 0x27, 0x4C, 0x00, 0x27, 0x4C, 
    0x00, 0x27, 0x4C, 0x00, 0x27, 0x4C, 0x00, 0x27, 0x4C, 0x00, 0x27, 0x4C, 
    0x00, 0x27, 0x4C, 0x00, 0x27, 0x4C, 0x00, 0x27, 0x4C, 0x00, 0x27, 0x4C, 
    0x00, 0x27, 0x4C, 0x00, 0x27, 0x4C, 0x00, 0x27, 0x4C, 0x00, 0x27, 0x4C, 
    0x00, 0x27, 0x4C, 0x00, 0x27, 0x4C, 0x00, 0x27, 0x4C, 0x00, 0x27, 0x4C, 
    0x00, 0x27, 0x4C, 0x00, 0x27, 0x4C, 0x00, 0x27, 0x4C, 0x00, 0x27, 0x4C, 
    0x00, 0x27, 0x4C, 0x00, 0x27, 0x4C, 0x00, 0x27, 0x4C, 0x00, 0x27, 0x4C, 
    0x00, 0x27, 0x4C, 0x00, 0x27, 0x4C, 0x00, 0x27, 0x4C, 0x00, 0x27, 0x4C, 
    0x00, 0x27, 0x4C, 0x00, 0x27, 0x4C, 0x00, 0x27, 0x4C, 0x00, 0x27, 0x4C, 
    0x00, 0x27, 0x4C, 0x00, 0x27, 0x4C, 0x00, 0x27, 0x4C, 0x00, 0x27, 0x4C, 
    0x00, 0x27, 0x4C, 0x00, 0x27, 0x4C, 0x00, 0x27, 0x4C, 0x00, 0x27, 0x4C, 
    0x00, 0x27, 0x4C, 0x00, 0x27, 0x4C, 0x00, 0x27, 0x4C, 0x00, 0x27, 0x4C, 
    0x00, 0x27, 0x4C, 0x00, 0x27, 0x4C, 0x00, 0x27, 0x4C, 0x00, 0x27, 0x4C, 
    0x00, 0x27, 0x4C, 0x00, 0x27, 0x4C, 0x00, 0x27, 0x4C, 0x00, 0x27, 0x4C, 
    0x00, 0x27, 0x4C, 0x00, 0x27, 0x4C, 0x00, 0x27, 0x4C, 0x00, 0x27, 0x4C, 
    0x00, 0x27, 0x4C, 0x00, 0x27, 0x4C, 0x00, 0x27, 0x4C, 0x00, 0x27, 0x4C, 
    0x00, 0x27, 0x4C, 0x00, 0x27, 0x4C, 0x00, 0x27, 0x4C, 0x00, 0x27, 0x4C, 
    0x00, 0x27, 0x4C, 0x00, 0x27, 0x4C, 0x00, 0x27, 0x4C, 0x00, 0x27, 0x4C, 
    0x00, 0x27, 0x4C, 0x00, 0x27, 0x4C, 0x00, 0x27, 0x4C, 0x00, 0x27, 0x4C, 
    0x00, 0x27, 0x4C, 0x00, 0x27, 0x4C, 0x00, 0x27, 0x4C, 0x00, 0x27, 0x4C, 
    0x00, 0x27, 0x4C, 0x00, 0x27, 0x4C, 0x00, 0x27, 0x4C, 0x00, 0x27, 0x4C, 
    0x04, 0x2A, 0x4B, 0x00, 0x1B, 0x51, 0x68, 0x6A, 0x2F, 0xFB, 0xD4, 0x01, 
    0xF7, 0xC5, 0x07, 0xFB, 0xC8, 0x06, 0xFB, 0xC8, 0x06, 0xFB, 0xC8, 0x06, 
    0xFB, 0xC8, 0x06, 0xFB, 0xC8, 0x06, 0xFB, 0xC8, 0x06, 0xFB, 0xC8, 0x06, 
    0xFB, 0xC8, 0x06, 0xFB, 0xC8, 0x06, 0xFB, 0xC8, 0x06, 0xFB, 0xC8, 0x06, 
    0xFB, 0xC8, 0x06, 0xFB, 0xC8, 0x06, 0xFB, 0xC8, 0x06, 0xFB, 0xC8, 0x06, 
    0xFB, 0xC8, 0x06, 0xFB, 0xC8, 0x06, 0xFB, 0xC8, 0x06, 0xFB, 0xC8, 0x06, 
    0xFB, 0xC8, 0x06, 0xFB, 0xC8, 0x06, 0xFB, 0xC8, 0x06, 0xFB, 0xC8, 0x06, 
    0xFB, 0xC8, 0x06, 0xFB, 0xC8, 0x06, 0xFB, 0xC8, 0x06, 0xFB, 0xC8, 0x06, 
    0xFB, 0xC8, 0x06, 0xFB, 0xC8, 0x06, 0xFB, 0xC8, 0x06, 0xFB, 0xC8, 0x06, 
    0xF7, 0xC5, 0x07, 0xFB, 0xD5, 0x01, 0x75, 0x73, 0x2C, 0x00, 0x1B, 0x51, 
    0x04, 0x2A, 0x4B, 0x00, 0x27, 0x4C, 0x00, 0x27, 0x4C, 0x00, 0x27, 0x4C, 
    0x00, 0x27, 0x4C, 0x00, 0x27, 0x4C, 0x00, 0x27, 0x4C, 0x00, 0x27, 0x4C, 
    0x00, 0x27, 0x4C, 0x00, 0x27, 0x4C, 0x00, 0x27, 0x4C, 0x00, 0x27, 0x4C, 
    0x00, 0x27, 0x4C, 0x00, 0x27, 0x4C, 0x00, 0x27, 0x4C, 0x00, 0x27, 0x4C, 
    0x00, 0x27, 0x4C, 0x00, 0x27, 0x4C, 0x00, 0x27, 0x4C, 0x03, 0x29, 0x4B, 
    0x00, 0x20, 0x52, 0x3F, 0x46, 0x2A, 0xFB, 0xCB, 0x01, 0xF9, 0xC7, 0x07, 
    0xFB, 0xC8, 0x06, 0xFB, 0xC8, 0x06, 0xFB, 0xC8, 0x06, 0xFB, 0xC8, 0x06, 
    0xFB, 0xC8, 0x06, 0xFB, 0xC8, 0x06, 0xFB, 0xC8, 0x06, 0xFB, 0xC8, 0x06, 
    0xFB, 0xC8, 0x06, 0xFB, 0xC8, 0x06, 0xFB, 0xC8, 0x06, 0xFB, 0xC8, 0x06, 
    0xFB, 0xC8, 0x06, 0xFB, 0xC8, 0x06, 0xFB, 0xC8, 0x06, 0xFB, 0xC8, 0x06, 
    0xFB, 0xC8, 0x06, 0xFB, 0xC8, 0x06, 0xFB, 0xC8, 0x06, 0xFB, 0xC8, 0x06, 
    0xFB, 0xC8, 0x06, 0xFB, 0xC8, 0x06, 0xFB, 0xC8, 0x06, 0xFB, 0xC8, 0x06, 
    0xFB, 0xC8, 0x06, 0xFB, 0xC8, 0x06, 0xFB, 0xC8, 0x06, 0xFB, 0xC8, 0x06, 
    0xFB, 0xC8, 0x06, 0xFB, 0xC8, 0x06, 0xFB, 0xC8, 0x06, 0xF7, 0xC5, 0x07, 
    0xFB, 0xD4, 0x01, 0x63, 0x67, 0x30, 0x00, 0x1B, 0x51, 0x04, 0x2A, 0x4B, 
    0x00, 0x27, 0x4C, 0x00, 0x27, 0x4C, 0x00, 0x27, 0x4C, 0x00, 0x27, 0x4C, 
    0x00, 0x27, 0x4C, 0x00, 0x27, 0x4C, 0x02, 0x28, 0x4D, 0x00, 0x1E, 0x45, 
    0x2C, 0x4C, 0x6B, 0x40, 0x5D, 0x79, 0x00, 0x1C, 0x42, 0x02, 0x29, 0x4E, 
    0x00, 0x27, 0x4C, 0x00, 0x27, 0x4C, 0x00, 0x27, 0x4C, 0x00, 0x27, 0x4C, 
    0x00, 0x27, 0x4C, 0x00, 0x27, 0x4C, 0x00, 0x27, 0x4C, 0x00, 0x27, 0x4C, 
    0x00, 0x27, 0x4C, 0x00, 0x27, 0x4C, 0x00, 0x27, 0x4C, 0x00, 0x27, 0x4C, 
    0x00, 0x27, 0x4C, 0x00, 0x27, 0x4C, 0x00, 0x27, 0x4C, 0x00, 0x27, 0x4C, 
    0x00, 0x27, 0x4C, 0x00, 0x27, 0x4C, 0x00, 0x27, 0x4C, 0x00, 0x27, 0x4C, 
    0x00, 0x27, 0x4C, 0x00, 0x27, 0x4C, 0x00, 0x27, 0x4C, 0x00, 0x27, 0x4C, 
    0x00, 0x27, 0x4C, 0x00, 0x27, 0x4C, 0x00, 0x27, 0x4C, 0x00, 0x27, 0x4C, 
    0x00, 0x27, 0x4C, 0x00, 0x27, 0x4C, 0x00, 0x27, 0x4C, 0x00, 0x27, 0x4C, 
    0x00, 0x27, 0x4C, 0x00, 0x27, 0x4C, 0x00, 0x27, 0x4C, 0x00, 0x27, 0x4C, 
    0x00, 0x27, 0x4C, 0x00, 0x27, 0x4C, 0x00, 0x27, 0x4C, 0x00, 0x27, 0x4C, 
    0x00, 0x27, 0x4C, 0x00, 0x27, 0x4C, 0x00, 0x27, 0x4C, 0x00, 0x27, 0x4C, 
    0x00, 0x27, 0x4C, 0x00, 0x27, 0x4C, 0x00, 0x27, 0x4C, 0x00, 0x27, 0x4C, 
    0x00, 0x27, 0x4C, 0x00, 0x27, 0x4C, 0x00, 0x27, 0x4C, 0x00, 0x27, 0x4C, 
    0x00, 0x27, 0x4C, 0x00, 0x27, 0x4C, 0x00, 0x27, 0x4C, 0x00, 0x27, 0x4C, 
    0x00, 0x27, 0x4C, 0x00, 0x27, 0x4C, 0x00, 0x27, 0x4C, 0x00, 0x27, 0x4C, 
    0x00, 0x27, 0x4C, 0x00, 0x27, 0x4C, 0x00, 0x27, 0x4C, 0x00, 0x27, 0x4C, 
    0x00, 0x27, 0x4C, 0x00, 0x27, 0x4C, 0x00, 0x27, 0x4C, 0x00, 0x27, 0x4C, 
    0x00, 0x27, 0x4C, 0x00, 0x27, 0x4C, 0x00, 0x27, 0x4C, 0x00, 0x27, 0x4C, 
    0x00, 0x27, 0x4C, 0x00, 0x27, 0x4C, 0x00, 0x27, 0x4C, 0x00, 0x27, 0x4C, 
    0x00, 0x27, 0x4C, 0x00, 0x27, 0x4C, 0x00, 0x27, 0x4C, 0x00, 0x27, 0x4C, 
    0x00, 0x27, 0x4C, 0x00, 0x27, 0x4C, 0x00, 0x27, 0x4C, 0x00, 0x27, 0x4C, 
    0x00, 0x27, 0x4C, 0x00, 0x27, 0x4C, 0x00, 0x27, 0x4C, 0x00, 0x27, 0x4C, 
    0x00, 0x27, 0x4C, 0x00, 0x27, 0x4C, 0x00, 0x27, 0x4C, 0x00, 0x27, 0x4C, 
    0x00, 0x27, 0x4C, 0x00, 0x27, 0x4C, 0x00, 0x27, 0x4C, 0x00, 0x27, 0x4C, 
    0x00, 0x27, 0x4C, 0x00, 0x27, 0x4C, 0x00, 0x27, 0x4C, 0x00, 0x27, 0x4C, 
    0x00, 0x27, 0x4C, 0x00, 0x27, 0x4C, 0x00, 0x27, 0x4C, 0x00, 0x27, 0x4C, 
    0x00, 0x27, 0x4C, 0x00, 0x27, 0x4C, 0x00, 0x27, 0x4C, 0x00, 0x27, 0x4C, 
    0x00, 0x27, 0x4C, 0x00, 0x27, 0x4C, 0x00, 0x27, 0x4C, 0x00, 0x27, 0x4C, 
    0x00, 0x27, 0x4C, 0x00, 0x27, 0x4C, 0x00, 0x27, 0x4C, 0x00, 0x27, 0x4C, 
    0x00, 0x27, 0x4C, 0x00, 0x27, 0x4C, 0x00, 0x27, 0x4C, 0x00, 0x27, 0x4C, 
    0x00, 0x27, 0x4C, 0x00, 0x27, 0x4C, 0x00, 0x27, 0x4C, 0x00, 0x27, 0x4C, 
    0x00, 0x27, 0x4C, 0x00, 0x27, 0x4C, 0x00, 0x27, 0x4C, 0x00, 0x27, 0x4C, 
    0x00, 0x27, 0x4C, 0x00, 0x27, 0x4C, 0x00, 0x27, 0x4C, 0x00, 0x27, 0x4C, 
    0x00, 0x27, 0x4C, 0x00, 0x27, 0x4C, 0x00, 0x27, 0x4C, 0x00, 0x27, 0x4C, 
    0x00, 0x27, 0x4C, 0x00, 0x27, 0x4C, 0x00, 0x27, 0x4C, 0x00, 0x27, 0x4C, 
    0x00, 0x27, 0x4C, 0x00, 0x27, 0x4C, 0x00, 0x27, 0x4C, 0x00, 0x27, 0x4C, 
    0x00, 0x27, 0x4C, 0x00, 0x27, 0x4C, 0x00, 0x27, 0x4C, 0x00, 0x27, 0x4C, 
    0x00, 0x27, 0x4C, 0x00, 0x27, 0x4C, 0x00, 0x27, 0x4C, 0x00, 0x27, 0x4C, 
    0x00, 0x27, 0x4C, 0x00, 0x27, 0x4C, 0x00, 0x27, 0x4C, 0x00, 0x27, 0x4C, 
    0x00, 0x27, 0x4C, 0x00, 0x27, 0x4C, 0x00, 0x27, 0x4C, 0x00, 0x27, 0x4C, 
    0x00, 0x27, 0x4C, 0x00, 0x27, 0x4C, 0x00, 0x27, 0x4C, 0x00, 0x27, 0x4C, 
    0x00, 0x27, 0x4C, 0x00, 0x27, 0x4C, 0x00, 0x27, 0x4C, 0x00, 0x27, 0x4C, 
    0x00, 0x27, 0x4C, 0x00, 0x27, 0x4C, 0x00, 0x27, 0x4C, 0x00, 0x27, 0x4C, 
    0x00, 0x27, 0x4C, 0x00, 0x27, 0x4C, 0x00, 0x27, 0x4C, 0x00, 0x27, 0x4C, 
    0x00, 0x27, 0x4C, 0x00, 0x27, 0x4C, 0x00, 0x27, 0x4C, 0x00, 0x27, 0x4C, 
    0x00, 0x27, 0x4C, 0x00, 0x27, 0x4C, 0x00, 0x27, 0x4C, 0x00, 0x27, 0x4C, 
    0x00, 0x27, 0x4C, 0x00, 0x27, 0x4C, 0x00, 0x27, 0x4C, 0x00, 0x27, 0x4C, 
    0x00, 0x27, 0x4C, 0x00, 0x27, 0x4C, 0x00, 0x27, 0x4C, 0x00, 0x27, 0x4C, 
    0x00, 0x27, 0x4C, 0x00, 0x27, 0x4C, 0x00, 0x27, 0x4C, 0x00, 0x27, 0x4C, 
    0x00, 0x27, 0x4C, 0x00, 0x27, 0x4C, 0x00, 0x27, 0x4C, 0x00, 0x27, 0x4C, 
    0x00, 0x27, 0x4C, 0x00, 0x27, 0x4C, 0x00, 0x27, 0x4C, 0x00, 0x27, 0x4C, 
    0x00, 0x27, 0x4C, 0x00, 0x27, 0x4C, 0x00, 0x27, 0x4C, 0x00, 0x27, 0x4C, 
    0x00, 0x27, 0x4C, 0x00, 0x27, 0x4C, 0x00, 0x27, 0x4C, 0x00, 0x27, 0x4C, 
    0x00, 0x27, 0x4C, 0x00, 0x27, 0x4C, 0x00, 0x27, 0x4C, 0x00, 0x27, 0x4C, 
    0x00, 0x27, 0x4C, 0x00, 0x27, 0x4C, 0x00, 0x27, 0x4C, 0x00, 0x27, 0x4C, 
    0x00, 0x27, 0x4C, 0x00, 0x27, 0x4C, 0x00, 0x27, 0x4C, 0x00, 0x27, 0x4C, 
    0x00, 0x27, 0x4C, 0x00, 0x27, 0x4C, 0x00, 0x27, 0x4C, 0x00, 0x27, 0x4C, 
    0x00, 0x27, 0x4C, 0x00, 0x27, 0x4C, 0x00, 0x27, 0x4C, 0x00, 0x27, 0x4C, 
    0x00, 0x27, 0x4C, 0x00, 0x27, 0x4C, 0x00, 0x27, 0x4C, 0x00, 0x27, 0x4C, 
    0x00, 0x27, 0x4C, 0x00, 0x27, 0x4C, 0x00, 0x27, 0x4C, 0x00, 0x27, 0x4C, 
    0x00, 0x27, 0x4C, 0x00, 0x27, 0x4C, 0x00, 0x27, 0x4C, 0x00, 0x27, 0x4C, 
    0x00, 0x27, 0x4C, 0x00, 0x27, 0x4C, 0x00, 0x27, 0x4C, 0x00, 0x27, 0x4C, 
    0x00, 0x27, 0x4C, 0x00, 0x27, 0x4C, 0x00, 0x27, 0x4C, 0x00, 0x27, 0x4C, 
    0x00, 0x27, 0x4C, 0x00, 0x27, 0x4C, 0x00, 0x27, 0x4C, 0x00, 0x27, 0x4C, 
    0x00, 0x27, 0x4C, 0x00, 0x27, 0x4C, 0x00, 0x27, 0x4C, 0x00, 0x27, 0x4C, 
    0x00, 0x27, 0x4C, 0x00, 0x27, 0x4C, 0x00, 0x27, 0x4C, 0x00, 0x27, 0x4C, 
    0x00, 0x27, 0x4C, 0x00, 0x27, 0x4C, 0x00, 0x27, 0x4C, 0x00, 0x27, 0x4C, 
    0x00, 0x27, 0x4C, 0x00, 0x27, 0x4C, 0x00, 0x27, 0x4C, 0x00, 0x27, 0x4C, 
    0x00, 0x27, 0x4C, 0x00, 0x27, 0x4C, 0x00, 0x27, 0x4C, 0x00, 0x27, 0x4C, 
    0x00, 0x27, 0x4C, 0x00, 0x27, 0x4C, 0x00, 0x27, 0x4C, 0x00, 0x27, 0x4C, 
    0x00, 0x27, 0x4C, 0x00, 0x27, 0x4C, 0x00, 0x27, 0x4C, 0x00, 0x27, 0x4C, 
    0x00, 0x27, 0x4C, 0x00, 0x27, 0x4C, 0x00, 0x27, 0x4C, 0x00, 0x27, 0x4C, 
    0x00, 0x27, 0x4C, 0x00, 0x27, 0x4C, 0x00, 0x27, 0x4C, 0x00, 0x27, 0x4C, 
    0x00, 0x27, 0x4C, 0x00, 0x27, 0x4C, 0x00, 0x27, 0x4C, 0x00, 0x27, 0x4C, 
    0x00, 0x27, 0x4C, 0x00, 0x27, 0x4C, 0x00, 0x27, 0x4C, 0x00, 0x27, 0x4C, 
    0x00, 0x27, 0x4C, 0x00, 0x27, 0x4C, 0x00, 0x27, 0x4C, 0x00, 0x27, 0x4C, 
    0x00, 0x27, 0x4C, 0x00, 0x27, 0x4C, 0x00, 0x27, 0x4C, 0x00, 0x27, 0x4C, 
    0x00, 0x27, 0x4C, 0x00, 0x27, 0x4C, 0x00, 0x27, 0x4C, 0x00, 0x27, 0x4C, 
    0x00, 0x27, 0x4C, 0x00, 0x27, 0x4C, 0x00, 0x27, 0x4C, 0x00, 0x27, 0x4C, 
    0x00, 0x27, 0x4C, 0x00, 0x27, 0x4C, 0x00, 0x27, 0x4C, 0x00, 0x27, 0x4C, 
    0x00, 0x27, 0x4C, 0x00, 0x27, 0x4C, 0x00, 0x27, 0x4C, 0x00, 0x27, 0x4C, 
    0x00, 0x27, 0x4C, 0x00, 0x27, 0x4C, 0x00, 0x27, 0x4C, 0x00, 0x27, 0x4C, 
    0x00, 0x27, 0x4C, 0x00, 0x27, 0x4C, 0x00, 0x27, 0x4C, 0x00, 0x27, 0x4C, 
    0x00, 0x27, 0x4C, 0x00, 0x27, 0x4C, 0x00, 0x27, 0x4C, 0x00, 0x27, 0x4C, 
    0x00, 0x27, 0x4C, 0x00, 0x27, 0x4C, 0x00, 0x27, 0x4C, 0x00, 0x27, 0x4C, 
    0x00, 0x27, 0x4C, 0x00, 0x27, 0x4C, 0x00, 0x27, 0x4C, 0x00, 0x27, 0x4C, 
    0x00, 0x27, 0x4C, 0x00, 0x27, 0x4C, 0x00, 0x27, 0x4C, 0x00, 0x27, 0x4C, 
    0x00, 0x27, 0x4C, 0x00, 0x27, 0x4C, 0x00, 0x27, 0x4C, 0x00, 0x27, 0x4C, 
    0x00, 0x27, 0x4C, 0x00, 0x27, 0x4C, 0x00, 0x27, 0x4C, 0x00, 0x27, 0x4C, 
    0x00, 0x27, 0x4C, 0x00, 0x27, 0x4C, 0x00, 0x27, 0x4C, 0x00, 0x27, 0x4C, 
    0x00, 0x27, 0x4C, 0x00, 0x27, 0x4C, 0x00, 0x27, 0x4C, 0x00, 0x27, 0x4C, 
    0x00, 0x27, 0x4C, 0x00, 0x27, 0x4C, 0x00, 0x27, 0x4C, 0x00, 0x27, 0x4C, 
    0x04, 0x2A, 0x4B, 0x00, 0x1A, 0x51, 0x72, 0x70, 0x2D, 0xFF, 0xE4, 0x00, 
    0xFF, 0xD4, 0x01, 0xFF, 0xD7, 0x00, 0xFF, 0xD7, 0x00, 0xFF, 0xD7, 0x00, 
    0xFF, 0xD7, 0x00, 0xFF, 0xD7, 0x00, 0xFF, 0xD7, 0x00, 0xFF, 0xD7, 0x00, 
    0xFF, 0xD7, 0x00, 0xFF, 0xD7, 0x00, 0xFF, 0xD7, 0x00, 0xFF, 0xD7, 0x00, 
    0xFF, 0xD7, 0x00, 0xFF, 0xD7, 0x00, 0xFF, 0xD7, 0x00, 0xFF, 0xD7, 0x00, 
    0xFF, 0xD7, 0x00, 0xFF, 0xD7, 0x00, 0xFF, 0xD7, 0x00, 0xFF, 0xD7, 0x00, 
    0xFF, 0xD7, 0x00, 0xFF, 0xD7, 0x00, 0xFF, 0xD7, 0x00, 0xFF, 0xD7, 0x00, 
    0xFF, 0xD7, 0x00, 0xFF, 0xD7, 0x00, 0xFF, 0xD7, 0x00, 0xFF, 0xD7, 0x00, 
    0xFF, 0xD7, 0x00, 0xFF, 0xD7, 0x00, 0xFF, 0xD7, 0x00, 0xFF, 0xD7, 0x00, 
    0xFF, 0xD4, 0x01, 0xFF, 0xE5, 0x00, 0x80, 0x7A, 0x29, 0x00, 0x1A, 0x51, 
    0x04, 0x2A, 0x4B, 0x00, 0x27, 0x4C, 0x00, 0x27, 0x4C, 0x00, 0x27, 0x4C, 
    0x00, 0x27, 0x4C, 0x00, 0x27, 0x4C, 0x00, 0x27, 0x4C, 0x00, 0x27, 0x4C, 
    0x00, 0x27, 0x4C, 0x00, 0x27, 0x4C, 0x00, 0x27, 0x4C, 0x00, 0x27, 0x4C, 
    0x00, 0x27, 0x4C, 0x00, 0x27, 0x4C, 0x00, 0x27, 0x4C, 0x00, 0x27, 0x4C, 
    0x00, 0x27, 0x4C, 0x00, 0x27, 0x4C, 0x00, 0x27, 0x4C, 0x03, 0x29, 0x4B, 
    0x00, 0x1F, 0x52, 0x45, 0x49, 0x26, 0xFF, 0xDA, 0x00, 0xFF, 0xD6, 0x01, 
    0xFF, 0xD7, 0x00, 0xFF, 0xD7, 0x00, 0xFF, 0xD7, 0x00, 0xFF, 0xD7, 0x00, 
    0xFF, 0xD7, 0x00, 0xFF, 0xD7, 0x00, 0xFF, 0xD7, 0x00, 0xFF, 0xD7, 0x00, 
    0xFF, 0xD7, 0x00, 0xFF, 0xD7, 0x00, 0xFF, 0xD7, 0x00, 0xFF, 0xD7, 0x00, 
    0xFF, 0xD7, 0x00, 0xFF, 0xD7, 0x00, 0xFF, 0xD7, 0x00, 0xFF, 0xD7, 0x00, 
    0xFF, 0xD7, 0x00, 0xFF, 0xD7, 0x00, 0xFF, 0xD7, 0x00, 0xFF, 0xD7, 0x00, 
    0xFF, 0xD7, 0x00, 0xFF, 0xD7, 0x00, 0xFF, 0xD7, 0x00, 0xFF, 0xD7, 0x00, 
    0xFF, 0xD7, 0x00, 0xFF, 0xD7, 0x00, 0xFF, 0xD7, 0x00, 0xFF, 0xD7, 0x00, 
    0xFF, 0xD7, 0x00, 0xFF, 0xD7, 0x00, 0xFF, 0xD7, 0x00, 0xFF, 0xD4, 0x01, 
    0xFF, 0xE4, 0x00, 0x6C, 0x6D, 0x2E, 0x00, 0x1A, 0x51, 0x04, 0x2A, 0x4B, 
    0x00, 0x27, 0x4C, 0x00, 0x27, 0x4C, 0x00, 0x27, 0x4C, 0x00, 0x27, 0x4C, 
    0x00, 0x27, 0x4C, 0x00, 0x27, 0x4C, 0x01, 0x28, 0x4D, 0x00, 0x22, 0x47, 
    0x1C, 0x3F, 0x60, 0x29, 0x4A, 0x69, 0x00, 0x20, 0x46, 0x01, 0x28, 0x4D, 
    0x00, 0x27, 0x4C, 0x00, 0x27, 0x4C, 0x00, 0x27, 0x4C, 0x00, 0x27, 0x4C, 
    0x00, 0x27, 0x4C, 0x00, 0x27, 0x4C, 0x00, 0x27, 0x4C, 0x00, 0x27, 0x4C, 
    0x00, 0x27, 0x4C, 0x00, 0x27, 0x4C, 0x00, 0x27, 0x4C, 0x00, 0x27, 0x4C, 
    0x00, 0x27, 0x4C, 0x00, 0x27, 0x4C, 0x00, 0x27, 0x4C, 0x00, 0x27, 0x4C, 
    0x00, 0x27, 0x4C, 0x00, 0x27, 0x4C, 0x00, 0x27, 0x4C, 0x00, 0x27, 0x4C, 
    0x00, 0x27, 0x4C, 0x00, 0x27, 0x4C, 0x00, 0x27, 0x4C, 0x00, 0x27, 0x4C, 
    0x00, 0x27, 0x4C, 0x00, 0x27, 0x4C, 0x00, 0x27, 0x4C, 0x00, 0x27, 0x4C, 
    0x00, 0x27, 0x4C, 0x00, 0x27, 0x4C, 0x00, 0x27, 0x4C, 0x00, 0x27, 0x4C, 
    0x00, 0x27, 0x4C, 0x00, 0x27, 0x4C, 0x00, 0x27, 0x4C, 0x00, 0x27, 0x4C, 
    0x00, 0x27, 0x4C, 0x00, 0x27, 0x4C, 0x00, 0x27, 0x4C, 0x00, 0x27, 0x4C, 
    0x00, 0x27, 0x4C, 0x00, 0x27, 0x4C, 0x00, 0x27, 0x4C, 0x00, 0x27, 0x4C, 
    0x00, 0x27, 0x4C, 0x00, 0x27, 0x4C, 0x00, 0x27, 0x4C, 0x00, 0x27, 0x4C, 
    0x00, 0x27, 0x4C, 0x00, 0x27, 0x4C, 0x00, 0x27, 0x4C, 0x00, 0x27, 0x4C, 
    0x00, 0x27, 0x4C, 0x00, 0x27, 0x4C, 0x00, 0x27, 0x4C, 0x00, 0x27, 0x4C, 
    0x00, 0x27, 0x4C, 0x00, 0x27, 0x4C, 0x00, 0x27, 0x4C, 0x00, 0x27, 0x4C, 
    0x00, 0x27, 0x4C, 0x00, 0x27, 0x4C, 0x00, 0x27, 0x4C, 0x00, 0x27, 0x4C, 
    0x00, 0x27, 0x4C, 0x00, 0x27, 0x4C, 0x00, 0x27, 0x4C, 0x00, 0x27, 0x4C, 
    0x00, 0x27, 0x4C, 0x00, 0x27, 0x4C, 0x00, 0x27, 0x4C, 0x00, 0x27, 0x4C, 
    0x00, 0x27, 0x4C, 0x00, 0x27, 0x4C, 0x00, 0x27, 0x4C, 0x00, 0x27, 0x4C, 
    0x00, 0x27, 0x4C, 0x00, 0x27, 0x4C, 0x00, 0x27, 0x4C, 0x00, 0x27, 0x4C, 
    0x00, 0x27, 0x4C, 0x00, 0x27, 0x4C, 0x00, 0x27, 0x4C, 0x00, 0x27, 0x4C, 
    0x00, 0x27, 0x4C, 0x00, 0x27, 0x4C, 0x00, 0x27, 0x4C, 0x00, 0x27, 0x4C, 
    0x00, 0x27, 0x4C, 0x00, 0x27, 0x4C, 0x00, 0x27, 0x4C, 0x00, 0x27, 0x4C, 
    0x00, 0x27, 0x4C, 0x00, 0x27, 0x4C, 0x00, 0x27, 0x4C, 0x00, 0x27, 0x4C, 
    0x00, 0x27, 0x4C, 0x00, 0x27, 0x4C, 0x00, 0x27, 0x4C, 0x00, 0x27, 0x4C, 
    0x00, 0x27, 0x4C, 0x00, 0x27, 0x4C, 0x00, 0x27, 0x4C, 0x00, 0x27, 0x4C, 
    0x00, 0x27, 0x4C, 0x00, 0x27, 0x4C, 0x00, 0x27, 0x4C, 0x00, 0x27, 0x4C, 
    0x00, 0x27, 0x4C, 0x00, 0x27, 0x4C, 0x00, 0x27, 0x4C, 0x00, 0x27, 0x4C, 
    0x00, 0x27, 0x4C, 0x00, 0x27, 0x4C, 0x00, 0x27, 0x4C, 0x00, 0x27, 0x4C, 
    0x00, 0x27, 0x4C, 0x00, 0x27, 0x4C, 0x00, 0x27, 0x4C, 0x00, 0x27, 0x4C, 
    0x00, 0x27, 0x4C, 0x00, 0x27, 0x4C, 0x00, 0x27, 0x4C, 0x00, 0x27, 0x4C, 
    0x00, 0x27, 0x4C, 0x00, 0x27, 0x4C, 0x00, 0x27, 0x4C, 0x00, 0x27, 0x4C, 
    0x00, 0x27, 0x4C, 0x00, 0x27, 0x4C, 0x00, 0x27, 0x4C, 0x00, 0x27, 0x4C, 
    0x00, 0x27, 0x4C, 0x00, 0x27, 0x4C, 0x00, 0x27, 0x4C, 0x00, 0x27, 0x4C, 
    0x00, 0x27, 0x4C, 0x00, 0x27, 0x4C, 0x00, 0x27, 0x4C, 0x00, 0x27, 0x4C, 
    0x00, 0x27, 0x4C, 0x00, 0x27, 0x4C, 0x00, 0x27, 0x4C, 0x00, 0x27, 0x4C, 
    0x00, 0x27, 0x4C, 0x00, 0x27, 0x4C, 0x00, 0x27, 0x4C, 0x00, 0x27, 0x4C, 
    0x00, 0x27, 0x4C, 0x00, 0x27, 0x4C, 0x00, 0x27, 0x4C, 0x00, 0x27, 0x4C, 
    0x00, 0x27, 0x4C, 0x00, 0x27, 0x4C, 0x00, 0x27, 0x4C, 0x00, 0x27, 0x4C, 
    0x00, 0x27, 0x4C, 0x00, 0x27, 0x4C, 0x00, 0x27, 0x4C, 0x00, 0x27, 0x4C, 
    0x00, 0x27, 0x4C, 0x00, 0x27, 0x4C, 0x00, 0x27, 0x4C, 0x00, 0x27, 0x4C, 
    0x00, 0x27, 0x4C, 0x00, 0x27, 0x4C, 0x00, 0x27, 0x4C, 0x00, 0x27, 0x4C, 
    0x00, 0x27, 0x4C, 0x00, 0x27, 0x4C, 0x00, 0x27, 0x4C, 0x00, 0x27, 0x4C, 
    0x00, 0x27, 0x4C, 0x00, 0x27, 0x4C, 0x00, 0x27, 0x4C, 0x00, 0x27, 0x4C, 
    0x00, 0x27, 0x4C, 0x00, 0x27, 0x4C, 0x00, 0x27, 0x4C, 0x00, 0x27, 0x4C, 
    0x00, 0x27, 0x4C, 0x00, 0x27, 0x4C, 0x00, 0x27, 0x4C, 0x00, 0x27, 0x4C, 
    0x00, 0x27, 0x4C, 0x00, 0x27, 0x4C, 0x00, 0x27, 0x4C, 0x00, 0x27, 0x4C, 
    0x00, 0x27, 0x4C, 0x00, 0x27, 0x4C, 0x00, 0x27, 0x4C, 0x00, 0x27, 0x4C, 
    0x00, 0x27, 0x4C, 0x00, 0x27, 0x4C, 0x00, 0x27, 0x4C, 0x00, 0x27, 0x4C, 
    0x00, 0x27, 0x4C, 0x00, 0x27, 0x4C, 0x00, 0x27, 0x4C, 0x00, 0x27, 0x4C, 
    0x00, 0x27, 0x4C, 0x00, 0x27, 0x4C, 0x00, 0x27, 0x4C, 0x00, 0x27, 0x4C, 
    0x00, 0x27, 0x4C, 0x00, 0x27, 0x4C, 0x00, 0x27, 0x4C, 0x00, 0x27, 0x4C, 
    0x00, 0x27, 0x4C, 0x00, 0x27, 0x4C, 0x00, 0x27, 0x4C, 0x00, 0x27, 0x4C, 
    0x00, 0x27, 0x4C, 0x00, 0x27, 0x4C, 0x00, 0x27, 0x4C, 0x00, 0x27, 0x4C, 
    0x00, 0x27, 0x4C, 0x00, 0x27, 0x4C, 0x00, 0x27, 0x4C, 0x00, 0x27, 0x4C, 
    0x00, 0x27, 0x4C, 0x00, 0x27, 0x4C, 0x00, 0x27, 0x4C, 0x00, 0x27, 0x4C, 
    0x00, 0x27, 0x4C, 0x00, 0x27, 0x4C, 0x00, 0x27, 0x4C, 0x00, 0x27, 0x4C, 
    0x00, 0x27, 0x4C, 0x00, 0x27, 0x4C, 0x00, 0x27, 0x4C, 0x00, 0x27, 0x4C, 
    0x00, 0x27, 0x4C, 0x00, 0x27, 0x4C, 0x00, 0x27, 0x4C, 0x00, 0x27, 0x4C, 
    0x00, 0x27, 0x4C, 0x00, 0x27, 0x4C, 0x00, 0x27, 0x4C, 0x00, 0x27, 0x4C, 
    0x00, 0x27, 0x4C, 0x00, 0x27, 0x4C, 0x00, 0x27, 0x4C, 0x00, 0x27, 0x4C, 
    0x00, 0x27, 0x4C, 0x00, 0x27, 0x4C, 0x00, 0x27, 0x4C, 0x00, 0x27, 0x4C, 
    0x00, 0x27, 0x4C, 0x00, 0x27, 0x4C, 0x00, 0x27, 0x4C, 0x00, 0x27, 0x4C, 
    0x00, 0x27, 0x4C, 0x00, 0x27, 0x4C, 0x00, 0x27, 0x4C, 0x00, 0x27, 0x4C, 
    0x00, 0x27, 0x4C, 0x00, 0x27, 0x4C, 0x00, 0x27, 0x4C, 0x00, 0x27, 0x4C, 
    0x00, 0x27, 0x4C, 0x00, 0x27, 0x4C, 0x00, 0x27, 0x4C, 0x00, 0x27, 0x4C, 
    0x00, 0x27, 0x4C, 0x00, 0x27, 0x4C, 0x00, 0x27, 0x4C, 0x00, 0x27, 0x4C, 
    0x00, 0x27, 0x4C, 0x00, 0x27, 0x4C, 0x00, 0x27, 0x4C, 0x00, 0x27, 0x4C, 
    0x00, 0x27, 0x4C, 0x00, 0x27, 0x4C, 0x00, 0x27, 0x4C, 0x00, 0x27, 0x4C, 
    0x00, 0x27, 0x4C, 0x00, 0x27, 0x4C, 0x00, 0x27, 0x4C, 0x00, 0x27, 0x4C, 
    0x00, 0x27, 0x4C, 0x00, 0x27, 0x4C, 0x00, 0x27, 0x4C, 0x00, 0x27, 0x4C, 
    0x00, 0x27, 0x4C, 0x00, 0x27, 0x4C, 0x00, 0x27, 0x4C, 0x00, 0x27, 0x4C, 
    0x00, 0x27, 0x4C, 0x00, 0x27, 0x4C, 0x00, 0x27, 0x4C, 0x00, 0x27, 0x4C, 
    0x00, 0x27, 0x4C, 0x00, 0x27, 0x4C, 0x00, 0x27, 0x4C, 0x00, 0x27, 0x4C, 
    0x00, 0x27, 0x4C, 0x00, 0x27, 0x4C, 0x00, 0x27, 0x4C, 0x00, 0x27, 0x4C, 
    0x00, 0x27, 0x4C, 0x00, 0x27, 0x4C, 0x00, 0x27, 0x4C, 0x00, 0x27, 0x4C, 
    0x00, 0x27, 0x4C, 0x00, 0x27, 0x4C, 0x00, 0x27, 0x4C, 0x00, 0x27, 0x4C, 
    0x00, 0x27, 0x4C, 0x00, 0x27, 0x4C, 0x00, 0x27, 0x4C, 0x00, 0x27, 0x4C, 
    0x00, 0x27, 0x4C, 0x00, 0x27, 0x4C, 0x00, 0x27, 0x4C, 0x00, 0x27, 0x4C, 
    0x00, 0x27, 0x4C, 0x00, 0x27, 0x4C, 0x00, 0x27, 0x4C, 0x00, 0x27, 0x4C, 
    0x00, 0x27, 0x4C, 0x00, 0x27, 0x4C, 0x00, 0x27, 0x4C, 0x00, 0x27, 0x4C, 
    0x00, 0x27, 0x4C, 0x00, 0x27, 0x4C, 0x00, 0x27, 0x4C, 0x00, 0x27, 0x4C, 
    0x00, 0x27, 0x4C, 0x00, 0x27, 0x4C, 0x00, 0x27, 0x4C, 0x00, 0x27, 0x4C, 
    0x00, 0x27, 0x4C, 0x00, 0x27, 0x4C, 0x00, 0x27, 0x4C, 0x00, 0x27, 0x4C, 
    0x00, 0x27, 0x4C, 0x00, 0x27, 0x4C, 0x00, 0x27, 0x4C, 0x00, 0x27, 0x4C, 
    0x00, 0x27, 0x4C, 0x00, 0x27, 0x4C, 0x00, 0x27, 0x4C, 0x00, 0x27, 0x4C, 
    0x00, 0x27, 0x4C, 0x00, 0x27, 0x4C, 0x00, 0x27, 0x4C, 0x00, 0x27, 0x4C, 
    0x00, 0x27, 0x4C, 0x00, 0x27, 0x4C, 0x00, 0x27, 0x4C, 0x00, 0x27, 0x4C, 
    0x00, 0x27, 0x4C, 0x00, 0x27, 0x4C, 0x00, 0x27, 0x4C, 0x00, 0x27, 0x4C, 
    0x00, 0x27, 0x4C, 0x00, 0x27, 0x4C, 0x00, 0x27, 0x4C, 0x00, 0x27, 0x4C, 
    0x00, 0x27, 0x4C, 0x00, 0x27, 0x4C, 0x00, 0x27, 0x4C, 0x00, 0x27, 0x4C, 
    0x00, 0x27, 0x4C, 0x00, 0x27, 0x4C, 0x00, 0x27, 0x4C, 0x00, 0x27, 0x4C, 
    0x02, 0x29, 0x4B, 0x00, 0x20, 0x4F, 0x3C, 0x4E, 0x3B, 0x92, 0x8B, 0x21, 
    0x8F, 0x83, 0x24, 0x92, 0x85, 0x23, 0x92, 0x85, 0x23, 0x92, 0x85, 0x23, 
    0x92, 0x85, 0x23, 0x92, 0x85, 0x23, 0x92, 0x85, 0x23, 0x92, 0x85, 0x23, 
    0x92, 0x85, 0x23, 0x92, 0x85, 0x23, 0x92, 0x85, 0x23, 0x92, 0x85, 0x23, 
    0x92, 0x85, 0x23, 0x92, 0x85, 0x23, 0x92, 0x85, 0x23, 0x92, 0x85, 0x23, 
    0x92, 0x85, 0x23, 0x92, 0x85, 0x23, 0x92, 0x85, 0x23, 0x92, 0x85, 0x23, 
    0x92, 0x85, 0x23, 0x92, 0x85, 0x23, 0x92, 0x85, 0x23, 0x92, 0x85, 0x23, 
    0x92, 0x85, 0x23, 0x92, 0x85, 0x23, 0x92, 0x85, 0x23, 0x92, 0x85, 0x23, 
    0x92, 0x85, 0x23, 0x92, 0x85, 0x23, 0x92, 0x85, 0x23, 0x92, 0x85, 0x23, 
    0x8F, 0x83, 0x24, 0x92, 0x8C, 0x21, 0x44, 0x53, 0x39, 0x00, 0x20, 0x4F, 
    0x02, 0x29, 0x4B, 0x00, 0x27, 0x4C, 0x00, 0x27, 0x4C, 0x00, 0x27, 0x4C, 
    0x00, 0x27, 0x4C, 0x00, 0x27, 0x4C, 0x00, 0x27, 0x4C, 0x00, 0x27, 0x4C, 
    0x00, 0x27, 0x4C, 0x00, 0x27, 0x4C, 0x00, 0x27, 0x4C, 0x00, 0x27, 0x4C, 
    0x00, 0x27, 0x4C, 0x00, 0x27, 0x4C, 0x00, 0x27, 0x4C, 0x00, 0x27, 0x4C, 
    0x00, 0x27, 0x4C, 0x00, 0x27, 0x4C, 0x00, 0x27, 0x4C, 0x02, 0x28, 0x4B, 
    0x00, 0x23, 0x4F, 0x25, 0x39, 0x38, 0x92, 0x86, 0x21, 0x90, 0x84, 0x24, 
    0x92, 0x85, 0x23, 0x92, 0x85, 0x23, 0x92, 0x85, 0x23, 0x92, 0x85, 0x23, 
    0x92, 0x85, 0x23, 0x92, 0x85, 0x23, 0x92, 0x85, 0x23, 0x92, 0x85, 0x23, 
    0x92, 0x85, 0x23, 0x92, 0x85, 0x23, 0x92, 0x85, 0x23, 0x92, 0x85, 0x23, 
    0x92, 0x85, 0x23, 0x92, 0x85, 0x23, 0x92, 0x85, 0x23, 0x92, 0x85, 0x23, 
    0x92, 0x85, 0x23, 0x92, 0x85, 0x23, 0x92, 0x85, 0x23, 0x92, 0x85, 0x23, 
    0x92, 0x85, 0x23, 0x92, 0x85, 0x23, 0x92, 0x85, 0x23, 0x92, 0x85, 0x23, 
    0x92, 0x85, 0x23, 0x92, 0x85, 0x23, 0x92, 0x85, 0x23, 0x92, 0x85, 0x23, 
    0x92, 0x85, 0x23, 0x92, 0x85, 0x23, 0x92, 0x85, 0x23, 0x8F, 0x83, 0x24, 
    0x92, 0x8B, 0x21, 0x3A, 0x4C, 0x3C, 0x00, 0x20, 0x4F, 0x02, 0x29, 0x4B, 
    0x00, 0x27, 0x4C, 0x00, 0x27, 0x4C, 0x00, 0x27, 0x4C, 0x00, 0x27, 0x4C, 
    0x00, 0x27, 0x4C, 0x00, 0x27, 0x4C, 0x00, 0x27, 0x4C, 0x00, 0x27, 0x4C, 
    0x00, 0x25, 0x4A, 0x00, 0x24, 0x49, 0x00, 0x28, 0x4D, 0x00, 0x27, 0x4C, 
    0x00, 0x27, 0x4C, 0x00, 0x27, 0x4C, 0x00, 0x27, 0x4C, 0x00, 0x27, 0x4C, 
    0x00, 0x27, 0x4C, 0x00, 0x27, 0x4C, 0x00, 0x27, 0x4C, 0x00, 0x27, 0x4C, 
    0x00, 0x27, 0x4C, 0x00, 0x27, 0x4C, 0x00, 0x27, 0x4C, 0x00, 0x27, 0x4C, 
    0x00, 0x27, 0x4C, 0x00, 0x27, 0x4C, 0x00, 0x27, 0x4C, 0x00, 0x27, 0x4C, 
    0x00, 0x27, 0x4C, 0x00, 0x27, 0x4C, 0x00, 0x27, 0x4C, 0x00, 0x27, 0x4C, 
    0x00, 0x27, 0x4C, 0x00, 0x27, 0x4C, 0x00, 0x27, 0x4C, 0x00, 0x27, 0x4C, 
    0x00, 0x27, 0x4C, 0x00, 0x27, 0x4C, 0x00, 0x27, 0x4C, 0x00, 0x27, 0x4C, 
    0x00, 0x27, 0x4C, 0x00, 0x27, 0x4C, 0x00, 0x27, 0x4C, 0x00, 0x27, 0x4C, 
    0x00, 0x27, 0x4C, 0x00, 0x27, 0x4C, 0x00, 0x27, 0x4C, 0x00, 0x27, 0x4C, 
    0x00, 0x27, 0x4C, 0x00, 0x27, 0x4C, 0x00, 0x27, 0x4C, 0x00, 0x27, 0x4C, 
    0x00, 0x27, 0x4C, 0x00, 0x27, 0x4C, 0x00, 0x27, 0x4C, 0x00, 0x27, 0x4C, 
    0x00, 0x27, 0x4C, 0x00, 0x27, 0x4C, 0x00, 0x27, 0x4C, 0x00, 0x27, 0x4C, 
    0x00, 0x27, 0x4C, 0x00, 0x27, 0x4C, 0x00, 0x27, 0x4C, 0x00, 0x27, 0x4C, 
    0x00, 0x27, 0x4C, 0x00, 0x27, 0x4C, 0x00, 0x27, 0x4C, 0x00, 0x27, 0x4C, 
    0x00, 0x27, 0x4C, 0x00, 0x27, 0x4C, 0x00, 0x27, 0x4C, 0x00, 0x27, 0x4C, 
    0x00, 0x27, 0x4C, 0x00, 0x27, 0x4C, 0x00, 0x27, 0x4C, 0x00, 0x27, 0x4C, 
    0x00, 0x27, 0x4C, 0x00, 0x27, 0x4C, 0x00, 0x27, 0x4C, 0x00, 0x27, 0x4C, 
    0x00, 0x27, 0x4C, 0x00, 0x27, 0x4C, 0x00, 0x27, 0x4C, 0x00, 0x27, 0x4C, 
    0x00, 0x27, 0x4C, 0x00, 0x27, 0x4C, 0x00, 0x27, 0x4C, 0x00, 0x27, 0x4C, 
    0x00, 0x27, 0x4C, 0x00, 0x27, 0x4C, 0x00, 0x27, 0x4C, 0x00, 0x27, 0x4C, 
    0x00, 0x27, 0x4C, 0x00, 0x27, 0x4C, 0x00, 0x27, 0x4C, 0x00, 0x27, 0x4C, 
    0x00, 0x27, 0x4C, 0x00, 0x27, 0x4C, 0x00, 0x27, 0x4C, 0x00, 0x27, 0x4C, 
    0x00, 0x27, 0x4C, 0x00, 0x27, 0x4C, 0x00, 0x27, 0x4C, 0x00, 0x27, 0x4C, 
    0x00, 0x27, 0x4C, 0x00, 0x27, 0x4C, 0x00, 0x27, 0x4C, 0x00, 0x27, 0x4C, 
    0x00, 0x27, 0x4C, 0x00, 0x27, 0x4C, 0x00, 0x27, 0x4C, 0x00, 0x27, 0x4C, 
    0x00, 0x27, 0x4C, 0x00, 0x27, 0x4C, 0x00, 0x27, 0x4C, 0x00, 0x27, 0x4C, 
    0x00, 0x27, 0x4C, 0x00, 0x27, 0x4C, 0x00, 0x27, 0x4C, 0x00, 0x27, 0x4C, 
    0x00, 0x27, 0x4C, 0x00, 0x27, 0x4C, 0x00, 0x27, 0x4C, 0x00, 0x27, 0x4C, 
    0x00, 0x27, 0x4C, 0x00, 0x27, 0x4C, 0x00, 0x27, 0x4C, 0x00, 0x27, 0x4C, 
    0x00, 0x27, 0x4C, 0x00, 0x27, 0x4C, 0x00, 0x27, 0x4C, 0x00, 0x27, 0x4C, 
    0x00, 0x27, 0x4C, 0x00, 0x27, 0x4C, 0x00, 0x27, 0x4C, 0x00, 0x27, 0x4C, 
    0x00, 0x27, 0x4C, 0x00, 0x27, 0x4C, 0x00, 0x27, 0x4C, 0x00, 0x27, 0x4C, 
    0x00, 0x27, 0x4C, 0x00, 0x27, 0x4C, 0x00, 0x27, 0x4C, 0x00, 0x27, 0x4C, 
    0x00, 0x27, 0x4C, 0x00, 0x27, 0x4C, 0x00, 0x27, 0x4C, 0x00, 0x27, 0x4C, 
    0x00, 0x27, 0x4C, 0x00, 0x27, 0x4C, 0x00, 0x27, 0x4C, 0x00, 0x27, 0x4C, 
    0x00, 0x27, 0x4C, 0x00, 0x27, 0x4C, 0x00, 0x27, 0x4C, 0x00, 0x27, 0x4C, 
    0x00, 0x27, 0x4C, 0x00, 0x27, 0x4C, 0x00, 0x27, 0x4C, 0x00, 0x27, 0x4C, 
    0x00, 0x27, 0x4C, 0x00, 0x27, 0x4C, 0x00, 0x27, 0x4C, 0x00, 0x27, 0x4C, 
    0x00, 0x27, 0x4C, 0x00, 0x27, 0x4C, 0x00, 0x27, 0x4C, 0x00, 0x27, 0x4C, 
    0x00, 0x27, 0x4C, 0x00, 0x27, 0x4C, 0x00, 0x27, 0x4C, 0x00, 0x27, 0x4C, 
    0x00, 0x27, 0x4C, 0x00, 0x27, 0x4C, 0x00, 0x27, 0x4C, 0x00, 0x27, 0x4C, 
    0x00, 0x27, 0x4C, 0x00, 0x27, 0x4C, 0x00, 0x27, 0x4C, 0x00, 0x27, 0x4C, 
    0x00, 0x27, 0x4C, 0x00, 0x27, 0x4C, 0x00, 0x27, 0x4C, 0x00, 0x27, 0x4C, 
    0x00, 0x27, 0x4C, 0x00, 0x27, 0x4C, 0x00, 0x27, 0x4C, 0x00, 0x27, 0x4C, 
    0x00, 0x27, 0x4C, 0x00, 0x27, 0x4C, 0x00, 0x27, 0x4C, 0x00, 0x27, 0x4C, 
    0x00, 0x27, 0x4C, 0x00, 0x27, 0x4C, 0x00, 0x27, 0x4C, 0x00, 0x27, 0x4C, 
    0x00, 0x27, 0x4C, 0x00, 0x27, 0x4C, 0x00, 0x27, 0x4C, 0x00, 0x27, 0x4C, 
    0x00, 0x27, 0x4C, 0x00, 0x27, 0x4C, 0x00, 0x27, 0x4C, 0x00, 0x27, 0x4C, 
    0x00, 0x27, 0x4C, 0x00, 0x27, 0x4C, 0x00, 0x27, 0x4C, 0x00, 0x27, 0x4C, 
    0x00, 0x27, 0x4C, 0x00, 0x27, 0x4C, 0x00, 0x27, 0x4C, 0x00, 0x27, 0x4C, 
    0x00, 0x27, 0x4C, 0x00, 0x27, 0x4C, 0x00, 0x27, 0x4C, 0x00, 0x27, 0x4C, 
    0x00, 0x27, 0x4C, 0x00, 0x27, 0x4C, 0x00, 0x27, 0x4C, 0x00, 0x27, 0x4C, 
    0x00, 0x27, 0x4C, 0x00, 0x27, 0x4C, 0x00, 0x27, 0x4C, 0x00, 0x27, 0x4C, 
    0x00, 0x27, 0x4C, 0x00, 0x27, 0x4C, 0x00, 0x27, 0x4C, 0x00, 0x27, 0x4C, 
    0x00, 0x27, 0x4C, 0x00, 0x27, 0x4C, 0x00, 0x27, 0x4C, 0x00, 0x27, 0x4C, 
    0x00, 0x27, 0x4C, 0x00, 0x27, 0x4C, 0x00, 0x27, 0x4C, 0x00, 0x27, 0x4C, 
    0x00, 0x27, 0x4C, 0x00, 0x27, 0x4C, 0x00, 0x27, 0x4C, 0x00, 0x27, 0x4C, 
    0x00, 0x27, 0x4C, 0x00, 0x27, 0x4C, 0x00, 0x27, 0x4C, 0x00, 0x27, 0x4C, 
    0x00, 0x27, 0x4C, 0x00, 0x27, 0x4C, 0x00, 0x27, 0x4C, 0x00, 0x27, 0x4C, 
    0x00, 0x27, 0x4C, 0x00, 0x27, 0x4C, 0x00, 0x27, 0x4C, 0x00, 0x27, 0x4C, 
    0x00, 0x27, 0x4C, 0x00, 0x27, 0x4C, 0x00, 0x27, 0x4C, 0x00, 0x27, 0x4C, 
    0x00, 0x27, 0x4C, 0x00, 0x27, 0x4C, 0x00, 0x27, 0x4C, 0x00, 0x27, 0x4C, 
    0x00, 0x27, 0x4C, 0x00, 0x27, 0x4C, 0x00, 0x27, 0x4C, 0x00, 0x27, 0x4C, 
    0x00, 0x27, 0x4C, 0x00, 0x27, 0x4C, 0x00, 0x27, 0x4C, 0x00, 0x27, 0x4C, 
    0x00, 0x27, 0x4C, 0x00, 0x27, 0x4C, 0x00, 0x27, 0x4C, 0x00, 0x27, 0x4C, 
    0x00, 0x27, 0x4C, 0x00, 0x27, 0x4C, 0x00, 0x27, 0x4C, 0x00, 0x27, 0x4C, 
    0x00, 0x27, 0x4C, 0x00, 0x27, 0x4C, 0x00, 0x27, 0x4C, 0x00, 0x27, 0x4C, 
    0x00, 0x27, 0x4C, 0x00, 0x27, 0x4C, 0x00, 0x27, 0x4C, 0x00, 0x27, 0x4C, 
    0x00, 0x27, 0x4C, 0x00, 0x27, 0x4C, 0x00, 0x27, 0x4C, 0x00, 0x27, 0x4C, 
    0x00, 0x27, 0x4C, 0x00, 0x27, 0x4C, 0x00, 0x27, 0x4C, 0x00, 0x27, 0x4C, 
    0x00, 0x27, 0x4C, 0x00, 0x27, 0x4C, 0x00, 0x27, 0x4C, 0x00, 0x27, 0x4C, 
    0x00, 0x27, 0x4C, 0x00, 0x27, 0x4C, 0x00, 0x27, 0x4C, 0x00, 0x27, 0x4C, 
    0x00, 0x27, 0x4C, 0x00, 0x27, 0x4C, 0x00, 0x27, 0x4C, 0x00, 0x27, 0x4C, 
    0x00, 0x27, 0x4C, 0x00, 0x27, 0x4C, 0x00, 0x27, 0x4C, 0x00, 0x27, 0x4C, 
    0x00, 0x27, 0x4C, 0x00, 0x27, 0x4C, 0x00, 0x27, 0x4C, 0x00, 0x27, 0x4C, 
    0x00, 0x27, 0x4C, 0x00, 0x27, 0x4C, 0x00, 0x27, 0x4C, 0x00, 0x27, 0x4C, 
    0x00, 0x27, 0x4C, 0x00, 0x27, 0x4C, 0x00, 0x27, 0x4C, 0x00, 0x27, 0x4C, 
    0x00, 0x27, 0x4C, 0x00, 0x27, 0x4C, 0x00, 0x27, 0x4C, 0x00, 0x27, 0x4C, 
    0x00, 0x27, 0x4C, 0x00, 0x27, 0x4C, 0x00, 0x27, 0x4C, 0x00, 0x27, 0x4C, 
    0x00, 0x27, 0x4C, 0x00, 0x27, 0x4C, 0x00, 0x27, 0x4C, 0x00, 0x27, 0x4C, 
    0x00, 0x27, 0x4C, 0x00, 0x27, 0x4C, 0x00, 0x27, 0x4C, 0x00, 0x27, 0x4C, 
    0x00, 0x27, 0x4C, 0x00, 0x27, 0x4C, 0x00, 0x27, 0x4C, 0x00, 0x27, 0x4C, 
    0x00, 0x27, 0x4C, 0x00, 0x27, 0x4C, 0x00, 0x27, 0x4C, 0x00, 0x27, 0x4C, 
    0x00, 0x27, 0x4C, 0x00, 0x27, 0x4C, 0x00, 0x27, 0x4C, 0x00, 0x27, 0x4C, 
    0x00, 0x27, 0x4C, 0x00, 0x27, 0x4C, 0x00, 0x27, 0x4C, 0x00, 0x27, 0x4C, 
    0x00, 0x27, 0x4C, 0x00, 0x27, 0x4C, 0x00, 0x27, 0x4C, 0x00, 0x27, 0x4C, 
    0x00, 0x27, 0x4C, 0x00, 0x27, 0x4C, 0x00, 0x27, 0x4C, 0x00, 0x27, 0x4C, 
    0x00, 0x27, 0x4C, 0x00, 0x27, 0x4C, 0x00, 0x27, 0x4C, 0x00, 0x27, 0x4C, 
    0x00, 0x27, 0x4C, 0x00, 0x27, 0x4C, 0x00, 0x27, 0x4C, 0x00, 0x27, 0x4C, 
    0x00, 0x27, 0x4C, 0x00, 0x27, 0x4C, 0x00, 0x27, 0x4C, 0x00, 0x27, 0x4C, 
    0x00, 0x27, 0x4C, 0x00, 0x27, 0x4C, 0x00, 0x27, 0x4C, 0x00, 0x27, 0x4C, 
    0x00, 0x27, 0x4C, 0x00, 0x27, 0x4C, 0x00, 0x27, 0x4C, 0x00, 0x27, 0x4C, 
    0x00, 0x27, 0x4C, 0x00, 0x28, 0x4C, 0x00, 0x22, 0x4E, 0x00, 0x1A, 0x52, 
    0x00, 0x1B, 0x51, 0x00, 0x1B, 0x51, 0x00, 0x1B, 0x51, 0x00, 0x1B, 0x51, 
    0x00, 0x1B, 0x51, 0x00, 0x1B, 0x51, 0x00, 0x1B, 0x51, 0x00, 0x1B, 0x51, 
    0x00, 0x1B, 0x51, 0x00, 0x1B, 0x51, 0x00, 0x1B, 0x51, 0x00, 0x1B, 0x51, 
    0x00, 0x1B, 0x51, 0x00, 0x1B, 0x51, 0x00, 0x1B, 0x51, 0x00, 0x1B, 0x51, 
    0x00, 0x1B, 0x51, 0x00, 0x1B, 0x51, 0x00, 0x1B, 0x51, 0x00, 0x1B, 0x51, 
    0x00, 0x1B, 0x51, 0x00, 0x1B, 0x51, 0x00, 0x1B, 0x51, 0x00, 0x1B, 0x51, 
    0x00, 0x1B, 0x51, 0x00, 0x1B, 0x51, 0x00, 0x1B, 0x51, 0x00, 0x1B, 0x51, 
    0x00, 0x1B, 0x51, 0x00, 0x1B, 0x51, 0x00, 0x1B, 0x51, 0x00, 0x1B, 0x51, 
    0x00, 0x1B, 0x51, 0x00, 0x1A, 0x52, 0x00, 0x21, 0x4E, 0x00, 0x28, 0x4C, 
    0x00, 0x27, 0x4C, 0x00, 0x27, 0x4C, 0x00, 0x27, 0x4C, 0x00, 0x27, 0x4C, 
    0x00, 0x27, 0x4C, 0x00, 0x27, 0x4C, 0x00, 0x27, 0x4C, 0x00, 0x27, 0x4C, 
    0x00, 0x27, 0x4C, 0x00, 0x27, 0x4C, 0x00, 0x27, 0x4C, 0x00, 0x27, 0x4C, 
    0x00, 0x27, 0x4C, 0x00, 0x27, 0x4C, 0x00, 0x27, 0x4C, 0x00, 0x27, 0x4C, 
    0x00, 0x27, 0x4C, 0x00, 0x27, 0x4C, 0x00, 0x27, 0x4C, 0x00, 0x27, 0x4C, 
    0x00, 0x28, 0x4C, 0x00, 0x25, 0x4F, 0x00, 0x1B, 0x52, 0x00, 0x1B, 0x51, 
    0x00, 0x1B, 0x51, 0x00, 0x1B, 0x51, 0x00, 0x1B, 0x51, 0x00, 0x1B, 0x51, 
    0x00, 0x1B, 0x51, 0x00, 0x1B, 0x51, 0x00, 0x1B, 0x51, 0x00, 0x1B, 0x51, 
    0x00, 0x1B, 0x51, 0x00, 0x1B, 0x51, 0x00, 0x1B, 0x51, 0x00, 0x1B, 0x51, 
    0x00, 0x1B, 0x51, 0x00, 0x1B, 0x51, 0x00, 0x1B, 0x51, 0x00, 0x1B, 0x51, 
    0x00, 0x1B, 0x51, 0x00, 0x1B, 0x51, 0x00, 0x1B, 0x51, 0x00, 0x1B, 0x51, 
    0x00, 0x1B, 0x51, 0x00, 0x1B, 0x51, 0x00, 0x1B, 0x51, 0x00, 0x1B, 0x51, 
    0x00, 0x1B, 0x51, 0x00, 0x1B, 0x51, 0x00, 0x1B, 0x51, 0x00, 0x1B, 0x51, 
    0x00, 0x1B, 0x51, 0x00, 0x1B, 0x51, 0x00, 0x1B, 0x51, 0x00, 0x1B, 0x51, 
    0x00, 0x1A, 0x52, 0x00, 0x22, 0x4E, 0x00, 0x28, 0x4C, 0x00, 0x27, 0x4C, 
    0x00, 0x27, 0x4C, 0x00, 0x27, 0x4C, 0x00, 0x27, 0x4C, 0x00, 0x27, 0x4C, 
    0x00, 0x27, 0x4C, 0x00, 0x27, 0x4C, 0x00, 0x27, 0x4C, 0x00, 0x27, 0x4C, 
    0x01, 0x27, 0x4C, 0x01, 0x28, 0x4D, 0x00, 0x27, 0x4C, 0x00, 0x27, 0x4C, 
    0x00, 0x27, 0x4C, 0x00, 0x27, 0x4C, 0x00, 0x27, 0x4C, 0x00, 0x27, 0x4C, 
    0x00, 0x27, 0x4C, 0x00, 0x27, 0x4C, 0x00, 0x27, 0x4C, 0x00, 0x27, 0x4C, 
    0x00, 0x27, 0x4C, 0x00, 0x27, 0x4C, 0x00, 0x27, 0x4C, 0x00, 0x27, 0x4C, 
    0x00, 0x27, 0x4C, 0x00, 0x27, 0x4C, 0x00, 0x27, 0x4C, 0x00, 0x27, 0x4C, 
    0x00, 0x27, 0x4C, 0x00, 0x27, 0x4C, 0x00, 0x27, 0x4C, 0x00, 0x27, 0x4C, 
    0x00, 0x27, 0x4C, 0x00, 0x27, 0x4C, 0x00, 0x27, 0x4C, 0x00, 0x27, 0x4C, 
    0x00, 0x27, 0x4C, 0x00, 0x27, 0x4C, 0x00, 0x27, 0x4C, 0x00, 0x27, 0x4C, 
    0x00, 0x27, 0x4C, 0x00, 0x27, 0x4C, 0x00, 0x27, 0x4C, 0x00, 0x27, 0x4C, 
    0x00, 0x27, 0x4C, 0x00, 0x27, 0x4C, 0x00, 0x27, 0x4C, 0x00, 0x27, 0x4C, 
    0x00, 0x27, 0x4C, 0x00, 0x27, 0x4C, 0x00, 0x27, 0x4C, 0x00, 0x27, 0x4C, 
    0x00, 0x27, 0x4C, 0x00, 0x27, 0x4C, 0x00, 0x27, 0x4C, 0x00, 0x27, 0x4C, 
    0x00, 0x27, 0x4C, 0x00, 0x27, 0x4C, 0x00, 0x27, 0x4C, 0x00, 0x27, 0x4C, 
    0x00, 0x27, 0x4C, 0x00, 0x27, 0x4C, 0x00, 0x27, 0x4C, 0x00, 0x27, 0x4C, 
    0x00, 0x27, 0x4C, 0x00, 0x27, 0x4C, 0x00, 0x27, 0x4C, 0x00, 0x27, 0x4C, 
    0x00, 0x27, 0x4C, 0x00, 0x27, 0x4C, 0x00, 0x27, 0x4C, 0x00, 0x27, 0x4C, 
    0x00, 0x27, 0x4C, 0x00, 0x27, 0x4C, 0x00, 0x27, 0x4C, 0x00, 0x27, 0x4C, 
    0x00, 0x27, 0x4C, 0x00, 0x27, 0x4C, 0x00, 0x27, 0x4C, 0x00, 0x27, 0x4C, 
    0x00, 0x27, 0x4C, 0x00, 0x27, 0x4C, 0x00, 0x27, 0x4C, 0x00, 0x27, 0x4C, 
    0x00, 0x27, 0x4C, 0x00, 0x27, 0x4C, 0x00, 0x27, 0x4C, 0x00, 0x27, 0x4C, 
    0x00, 0x27, 0x4C, 0x00, 0x27, 0x4C, 0x00, 0x27, 0x4C, 0x00, 0x27, 0x4C, 
    0x00, 0x27, 0x4C, 0x00, 0x27, 0x4C, 0x00, 0x27, 0x4C, 0x00, 0x27, 0x4C, 
    0x00, 0x27, 0x4C, 0x00, 0x27, 0x4C, 0x00, 0x27, 0x4C, 0x00, 0x27, 0x4C, 
    0x00, 0x27, 0x4C, 0x00, 0x27, 0x4C, 0x00, 0x27, 0x4C, 0x00, 0x27, 0x4C, 
    0x00, 0x27, 0x4C, 0x00, 0x27, 0x4C, 0x00, 0x27, 0x4C, 0x00, 0x27, 0x4C, 
    0x00, 0x27, 0x4C, 0x00, 0x27, 0x4C, 0x00, 0x27, 0x4C, 0x00, 0x27, 0x4C, 
    0x00, 0x27, 0x4C, 0x00, 0x27, 0x4C, 0x00, 0x27, 0x4C, 0x00, 0x27, 0x4C, 
    0x00, 0x27, 0x4C, 0x00, 0x27, 0x4C, 0x00, 0x27, 0x4C, 0x00, 0x27, 0x4C, 
    0x00, 0x27, 0x4C, 0x00, 0x27, 0x4C, 0x00, 0x27, 0x4C, 0x00, 0x27, 0x4C, 
    0x00, 0x27, 0x4C, 0x00, 0x27, 0x4C, 0x00, 0x27, 0x4C, 0x00, 0x27, 0x4C, 
    0x00, 0x27, 0x4C, 0x00, 0x27, 0x4C, 0x00, 0x27, 0x4C, 0x00, 0x27, 0x4C, 
    0x00, 0x27, 0x4C, 0x00, 0x27, 0x4C, 0x00, 0x27, 0x4C, 0x00, 0x27, 0x4C, 
    0x00, 0x27, 0x4C, 0x00, 0x27, 0x4C, 0x00, 0x27, 0x4C, 0x00, 0x27, 0x4C, 
    0x00, 0x27, 0x4C, 0x00, 0x27, 0x4C, 0x00, 0x27, 0x4C, 0x00, 0x27, 0x4C, 
    0x00, 0x27, 0x4C, 0x00, 0x27, 0x4C, 0x00, 0x27, 0x4C, 0x00, 0x27, 0x4C, 
    0x00, 0x27, 0x4C, 0x00, 0x27, 0x4C, 0x00, 0x27, 0x4C, 0x00, 0x27, 0x4C, 
    0x00, 0x27, 0x4C, 0x00, 0x27, 0x4C, 0x00, 0x27, 0x4C, 0x00, 0x27, 0x4C, 
    0x00, 0x27, 0x4C, 0x00, 0x27, 0x4C, 0x00, 0x27, 0x4C, 0x00, 0x27, 0x4C, 
    0x00, 0x27, 0x4C, 0x00, 0x27, 0x4C, 0x00, 0x27, 0x4C, 0x00, 0x27, 0x4C, 
    0x00, 0x27, 0x4C, 0x00, 0x27, 0x4C, 0x00, 0x27, 0x4C, 0x00, 0x27, 0x4C, 
    0x00, 0x27, 0x4C, 0x00, 0x27, 0x4C, 0x00, 0x27, 0x4C, 0x00, 0x27, 0x4C, 
    0x00, 0x27, 0x4C, 0x00, 0x27, 0x4C, 0x00, 0x27, 0x4C, 0x00, 0x27, 0x4C, 
    0x00, 0x27, 0x4C, 0x00, 0x27, 0x4C, 0x00, 0x27, 0x4C, 0x00, 0x27, 0x4C, 
    0x00, 0x27, 0x4C, 0x00, 0x27, 0x4C, 0x00, 0x27, 0x4C, 0x00, 0x27, 0x4C, 
    0x00, 0x27, 0x4C, 0x00, 0x27, 0x4C, 0x00, 0x27, 0x4C, 0x00, 0x27, 0x4C, 
    0x00, 0x27, 0x4C, 0x00, 0x27, 0x4C, 0x00, 0x27, 0x4C, 0x00, 0x27, 0x4C, 
    0x00, 0x27, 0x4C, 0x00, 0x27, 0x4C, 0x00, 0x27, 0x4C, 0x00, 0x27, 0x4C, 
    0x00, 0x27, 0x4C, 0x00, 0x27, 0x4C, 0x00, 0x27, 0x4C, 0x00, 0x27, 0x4C, 
    0x00, 0x27, 0x4C, 0x00, 0x27, 0x4C, 0x00, 0x27, 0x4C, 0x00, 0x27, 0x4C, 
    0x00, 0x27, 0x4C, 0x00, 0x27, 0x4C, 0x00, 0x27, 0x4C, 0x00, 0x27, 0x4C, 
    0x00, 0x27, 0x4C, 0x00, 0x27, 0x4C, 0x00, 0x27, 0x4C, 0x00, 0x27, 0x4C, 
    0x00, 0x27, 0x4C, 0x00, 0x27, 0x4C, 0x00, 0x27, 0x4C, 0x00, 0x27, 0x4C, 
    0x00, 0x27, 0x4C, 0x00, 0x27, 0x4C, 0x00, 0x27, 0x4C, 0x00, 0x27, 0x4C, 
    0x00, 0x27, 0x4C, 0x00, 0x27, 0x4C, 0x00, 0x27, 0x4C, 0x00, 0x27, 0x4C, 
    0x00, 0x27, 0x4C, 0x00, 0x27, 0x4C, 0x00, 0x27, 0x4C, 0x00, 0x27, 0x4C, 
    0x00, 0x27, 0x4C, 0x00, 0x27, 0x4C, 0x00, 0x27, 0x4C, 0x00, 0x27, 0x4C, 
    0x00, 0x27, 0x4C, 0x00, 0x27, 0x4C, 0x00, 0x27, 0x4C, 0x00, 0x27, 0x4C, 
    0x00, 0x27, 0x4C, 0x00, 0x27, 0x4C, 0x00, 0x27, 0x4C, 0x00, 0x27, 0x4C, 
    0x00, 0x27, 0x4C, 0x00, 0x27, 0x4C, 0x00, 0x27, 0x4C, 0x00, 0x27, 0x4C, 
    0x00, 0x27, 0x4C, 0x00, 0x27, 0x4C, 0x00, 0x27, 0x4C, 0x00, 0x27, 0x4C, 
    0x00, 0x27, 0x4C, 0x00, 0x27, 0x4C, 0x00, 0x27, 0x4C, 0x00, 0x27, 0x4C, 
    0x00, 0x27, 0x4C, 0x00, 0x27, 0x4C, 0x00, 0x27, 0x4C, 0x00, 0x27, 0x4C, 
    0x00, 0x27, 0x4C, 0x00, 0x27, 0x4C, 0x00, 0x27, 0x4C, 0x00, 0x27, 0x4C, 
    0x00, 0x27, 0x4C, 0x00, 0x27, 0x4C, 0x00, 0x27, 0x4C, 0x00, 0x27, 0x4C, 
    0x00, 0x27, 0x4C, 0x00, 0x27, 0x4C, 0x00, 0x27, 0x4C, 0x00, 0x27, 0x4C, 
    0x00, 0x27, 0x4C, 0x00, 0x27, 0x4C, 0x00, 0x27, 0x4C, 0x00, 0x27, 0x4C, 
    0x00, 0x27, 0x4C, 0x00, 0x27, 0x4C, 0x00, 0x27, 0x4C, 0x00, 0x27, 0x4C, 
    0x00, 0x27, 0x4C, 0x00, 0x27, 0x4C, 0x00, 0x27, 0x4C, 0x00, 0x27, 0x4C, 
    0x00, 0x27, 0x4C, 0x00, 0x27, 0x4C, 0x00, 0x27, 0x4C, 0x00, 0x27, 0x4C, 
    0x00, 0x27, 0x4C, 0x00, 0x27, 0x4C, 0x00, 0x27, 0x4C, 0x00, 0x27, 0x4C, 
    0x00, 0x27, 0x4C, 0x00, 0x27, 0x4C, 0x00, 0x27, 0x4C, 0x00, 0x27, 0x4C, 
    0x00, 0x27, 0x4C, 0x00, 0x27, 0x4C, 0x00, 0x27, 0x4C, 0x00, 0x27, 0x4C, 
    0x00, 0x27, 0x4C, 0x00, 0x27, 0x4C, 0x00, 0x27, 0x4C, 0x00, 0x27, 0x4C, 
    0x00, 0x27, 0x4C, 0x00, 0x27, 0x4C, 0x00, 0x27, 0x4C, 0x00, 0x27, 0x4C, 
    0x00, 0x27, 0x4C, 0x00, 0x27, 0x4C, 0x00, 0x27, 0x4C, 0x00, 0x27, 0x4C, 
    0x00, 0x27, 0x4C, 0x00, 0x27, 0x4C, 0x00, 0x27, 0x4C, 0x00, 0x27, 0x4C, 
    0x00, 0x27, 0x4C, 0x00, 0x27, 0x4C, 0x00, 0x27, 0x4C, 0x00, 0x27, 0x4C, 
    0x00, 0x27, 0x4C, 0x00, 0x27, 0x4C, 0x00, 0x27, 0x4C, 0x00, 0x27, 0x4C, 
    0x00, 0x27, 0x4C, 0x00, 0x27, 0x4C, 0x00, 0x27, 0x4C, 0x00, 0x27, 0x4C, 
    0x00, 0x27, 0x4C, 0x00, 0x27, 0x4C, 0x00, 0x27, 0x4C, 0x00, 0x27, 0x4C, 
    0x00, 0x27, 0x4C, 0x00, 0x27, 0x4C, 0x00, 0x27, 0x4C, 0x00, 0x27, 0x4C, 
    0x00, 0x27, 0x4C, 0x00, 0x27, 0x4C, 0x00, 0x27, 0x4C, 0x00, 0x27, 0x4C, 
    0x00, 0x27, 0x4C, 0x00, 0x27, 0x4C, 0x00, 0x27, 0x4C, 0x00, 0x27, 0x4C, 
    0x00, 0x27, 0x4C, 0x00, 0x27, 0x4C, 0x00, 0x27, 0x4C, 0x00, 0x27, 0x4C, 
    0x00, 0x27, 0x4C, 0x00, 0x27, 0x4C, 0x00, 0x27, 0x4C, 0x00, 0x27, 0x4C, 
    0x00, 0x27, 0x4C, 0x00, 0x27, 0x4C, 0x00, 0x27, 0x4C, 0x00, 0x27, 0x4C, 
    0x00, 0x27, 0x4C, 0x00, 0x27, 0x4C, 0x00, 0x27, 0x4C, 0x00, 0x27, 0x4C, 
    0x00, 0x27, 0x4C, 0x00, 0x27, 0x4C, 0x00, 0x27, 0x4C, 0x00, 0x27, 0x4C, 
    0x00, 0x27, 0x4C, 0x00, 0x27, 0x4C, 0x00, 0x27, 0x4C, 0x00, 0x27, 0x4C, 
    0x00, 0x27, 0x4C, 0x00, 0x27, 0x4C, 0x00, 0x27, 0x4C, 0x00, 0x27, 0x4C, 
    0x00, 0x27, 0x4C, 0x00, 0x27, 0x4C, 0x00, 0x27, 0x4C, 0x00, 0x27, 0x4C, 
    0x00, 0x27, 0x4C, 0x00, 0x27, 0x4C, 0x00, 0x27, 0x4C, 0x00, 0x27, 0x4C, 
    0x00, 0x27, 0x4C, 0x00, 0x27, 0x4C, 0x00, 0x27, 0x4C, 0x00, 0x27, 0x4C, 
    0x00, 0x27, 0x4C, 0x00, 0x27, 0x4C, 0x02, 0x28, 0x4C, 0x04, 0x2A, 0x4B, 
    0x04, 0x2A, 0x4B, 0x04, 0x2A, 0x4B, 0x04, 0x2A, 0x4B, 0x04, 0x2A, 0x4B, 
    0x04, 0x2A, 0x4B, 0x04, 0x2A, 0x4B, 0x04, 0x2A, 0x4B, 0x04, 0x2A, 0x4B, 
    0x04, 0x2A, 0x4B, 0x04, 0x2A, 0x4B, 0x04, 0x2A, 0x4B, 0x04, 0x2A, 0x4B, 
    0x04, 0x2A, 0x4B, 0x04, 0x2A, 0x4B, 0x04, 0x2A, 0x4B, 0x04, 0x2A, 0x4B, 
    0x04, 0x2A, 0x4B, 0x04, 0x2A, 0x4B, 0x04, 0x2A, 0x4B, 0x04, 0x2A, 0x4B, 
    0x04, 0x2A, 0x4B, 0x04, 0x2A, 0x4B, 0x04, 0x2A, 0x4B, 0x04, 0x2A, 0x4B, 
    0x04, 0x2A, 0x4B, 0x04, 0x2A, 0x4B, 0x04, 0x2A, 0x4B, 0x04, 0x2A, 0x4B, 
    0x04, 0x2A, 0x4B, 0x04, 0x2A, 0x4B, 0x04, 0x2A, 0x4B, 0x04, 0x2A, 0x4B, 
    0x04, 0x2A, 0x4B, 0x04, 0x2A, 0x4B, 0x02, 0x28, 0x4B, 0x00, 0x27, 0x4C, 
    0x00, 0x27, 0x4C, 0x00, 0x27, 0x4C, 0x00, 0x27, 0x4C, 0x00, 0x27, 0x4C, 
    0x00, 0x27, 0x4C, 0x00, 0x27, 0x4C, 0x00, 0x27, 0x4C, 0x00, 0x27, 0x4C, 
    0x00, 0x27, 0x4C, 0x00, 0x27, 0x4C, 0x00, 0x27, 0x4C, 0x00, 0x27, 0x4C, 
    0x00, 0x27, 0x4C, 0x00, 0x27, 0x4C, 0x00, 0x27, 0x4C, 0x00, 0x27, 0x4C, 
    0x00, 0x27, 0x4C, 0x00, 0x27, 0x4C, 0x00, 0x27, 0x4C, 0x00, 0x27, 0x4C, 
    0x00, 0x27, 0x4C, 0x01, 0x28, 0x4B, 0x04, 0x2A, 0x4B, 0x04, 0x2A, 0x4B, 
    0x04, 0x2A, 0x4B, 0x04, 0x2A, 0x4B, 0x04, 0x2A, 0x4B, 0x04, 0x2A, 0x4B, 
    0x04, 0x2A, 0x4B, 0x04, 0x2A, 0x4B, 0x04, 0x2A, 0x4B, 0x04, 0x2A, 0x4B, 
    0x04, 0x2A, 0x4B, 0x04, 0x2A, 0x4B, 0x04, 0x2A, 0x4B, 0x04, 0x2A, 0x4B, 
    0x04, 0x2A, 0x4B, 0x04, 0x2A, 0x4B, 0x04, 0x2A, 0x4B, 0x04, 0x2A, 0x4B, 
    0x04, 0x2A, 0x4B, 0x04, 0x2A, 0x4B, 0x04, 0x2A, 0x4B, 0x04, 0x2A, 0x4B, 
    0x04, 0x2A, 0x4B, 0x04, 0x2A, 0x4B, 0x04, 0x2A, 0x4B, 0x04, 0x2A, 0x4B, 
    0x04, 0x2A, 0x4B, 0x04, 0x2A, 0x4B, 0x04, 0x2A, 0x4B, 0x04, 0x2A, 0x4B, 
    0x04, 0x2A, 0x4B, 0x04, 0x2A, 0x4B, 0x04, 0x2A, 0x4B, 0x04, 0x2A, 0x4B, 
    0x04, 0x2A, 0x4B, 0x02, 0x28, 0x4C, 0x00, 0x27, 0x4C, 0x00, 0x27, 0x4C, 
    0x00, 0x27, 0x4C, 0x00, 0x27, 0x4C, 0x00, 0x27, 0x4C, 0x00, 0x27, 0x4C, 
    0x00, 0x27, 0x4C, 0x00, 0x27, 0x4C, 0x00, 0x27, 0x4C, 0x00, 0x27, 0x4C, 
    0x00, 0x27, 0x4C, 0x00, 0x27, 0x4C, 0x00, 0x27, 0x4C, 0x00, 0x27, 0x4C, 
    0x00, 0x27, 0x4C, 0x00, 0x27, 0x4C, 0x00, 0x27, 0x4C, 0x00, 0x27, 0x4C, 
    0x00, 0x27, 0x4C, 0x00, 0x27, 0x4C, 0x00, 0x27, 0x4C, 0x00, 0x27, 0x4C, 
    0x00, 0x27, 0x4C, 0x00, 0x27, 0x4C, 0x00, 0x27, 0x4C, 0x00, 0x27, 0x4C, 
    0x00, 0x27, 0x4C, 0x00, 0x27, 0x4C, 0x00, 0x27, 0x4C, 0x00, 0x27, 0x4C, 
    0x00, 0x27, 0x4C, 0x00, 0x27, 0x4C, 0x00, 0x27, 0x4C, 0x00, 0x27, 0x4C, 
    0x00, 0x27, 0x4C, 0x00, 0x27, 0x4C, 0x00, 0x27, 0x4C, 0x00, 0x27, 0x4C, 
    0x00, 0x27, 0x4C, 0x00, 0x27, 0x4C, 0x00, 0x27, 0x4C, 0x00, 0x27, 0x4C, 
    0x00, 0x27, 0x4C, 0x00, 0x27, 0x4C, 0x00, 0x27, 0x4C, 0x00, 0x27, 0x4C, 
    0x00, 0x27, 0x4C, 0x00, 0x27, 0x4C, 0x00, 0x27, 0x4C, 0x00, 0x27, 0x4C, 
    0x00, 0x27, 0x4C, 0x00, 0x27, 0x4C, 0x00, 0x27, 0x4C, 0x00, 0x27, 0x4C, 
    0x00, 0x27, 0x4C, 0x00, 0x27, 0x4C, 0x00, 0x27, 0x4C, 0x00, 0x27, 0x4C, 
    0x00, 0x27, 0x4C, 0x00, 0x27, 0x4C, 0x00, 0x27, 0x4C, 0x00, 0x27, 0x4C, 
    0x00, 0x27, 0x4C, 0x00, 0x27, 0x4C, 0x00, 0x27, 0x4C, 0x00, 0x27, 0x4C, 
    0x00, 0x27, 0x4C, 0x00, 0x27, 0x4C, 0x00, 0x27, 0x4C, 0x00, 0x27, 0x4C, 
    0x00, 0x27, 0x4C, 0x00, 0x27, 0x4C, 0x00, 0x27, 0x4C, 0x00, 0x27, 0x4C, 
    0x00, 0x27, 0x4C, 0x00, 0x27, 0x4C, 0x00, 0x27, 0x4C, 0x00, 0x27, 0x4C, 
    0x00, 0x27, 0x4C, 0x00, 0x27, 0x4C, 0x00, 0x27, 0x4C, 0x00, 0x27, 0x4C, 
    0x00, 0x27, 0x4C, 0x00, 0x27, 0x4C, 0x00, 0x27, 0x4C, 0x00, 0x27, 0x4C, 
    0x00, 0x27, 0x4C, 0x00, 0x27, 0x4C, 0x00, 0x27, 0x4C, 0x00, 0x27, 0x4C, 
    0x00, 0x27, 0x4C, 0x00, 0x27, 0x4C, 0x00, 0x27, 0x4C, 0x00, 0x27, 0x4C, 
    0x00, 0x27, 0x4C, 0x00, 0x27, 0x4C, 0x00, 0x27, 0x4C, 0x00, 0x27, 0x4C, 
    0x00, 0x27, 0x4C, 0x00, 0x27, 0x4C, 0x00, 0x27, 0x4C, 0x00, 0x27, 0x4C, 
    0x00, 0x27, 0x4C, 0x00, 0x27, 0x4C, 0x00, 0x27, 0x4C, 0x00, 0x27, 0x4C, 
    0x00, 0x27, 0x4C, 0x00, 0x27, 0x4C, 0x00, 0x27, 0x4C, 0x00, 0x27, 0x4C, 
    0x00, 0x27, 0x4C, 0x00, 0x27, 0x4C, 0x00, 0x27, 0x4C, 0x00, 0x27, 0x4C, 
    0x00, 0x27, 0x4C, 0x00, 0x27, 0x4C, 0x00, 0x27, 0x4C, 0x00, 0x27, 0x4C, 
    0x00, 0x27, 0x4C, 0x00, 0x27, 0x4C, 0x00, 0x27, 0x4C, 0x00, 0x27, 0x4C, 
    0x00, 0x27, 0x4C, 0x00, 0x27, 0x4C, 0x00, 0x27, 0x4C, 0x00, 0x27, 0x4C, 
    0x00, 0x27, 0x4C, 0x00, 0x27, 0x4C, 0x00, 0x27, 0x4C, 0x00, 0x27, 0x4C, 
    0x00, 0x27, 0x4C, 0x00, 0x27, 0x4C, 0x00, 0x27, 0x4C, 0x00, 0x27, 0x4C, 
    0x00, 0x27, 0x4C, 0x00, 0x27, 0x4C, 0x00, 0x27, 0x4C, 0x00, 0x27, 0x4C, 
    0x00, 0x27, 0x4C, 0x00, 0x27, 0x4C, 0x00, 0x27, 0x4C, 0x00, 0x27, 0x4C, 
    0x00, 0x27, 0x4C, 0x00, 0x27, 0x4C, 0x00, 0x27, 0x4C, 0x00, 0x27, 0x4C, 
    0x00, 0x27, 0x4C, 0x00, 0x27, 0x4C, 0x00, 0x27, 0x4C, 0x00, 0x27, 0x4C, 
    0x00, 0x27, 0x4C, 0x00, 0x27, 0x4C, 0x00, 0x27, 0x4C, 0x00, 0x27, 0x4C, 
    0x00, 0x27, 0x4C, 0x00, 0x27, 0x4C, 0x00, 0x27, 0x4C, 0x00, 0x27, 0x4C, 
    0x00, 0x27, 0x4C, 0x00, 0x27, 0x4C, 0x00, 0x27, 0x4C, 0x00, 0x27, 0x4C, 
    0x00, 0x27, 0x4C, 0x00, 0x27, 0x4C, 0x00, 0x27, 0x4C, 0x00, 0x27, 0x4C, 
    0x00, 0x27, 0x4C, 0x00, 0x27, 0x4C, 0x00, 0x27, 0x4C, 0x00, 0x27, 0x4C, 
    0x00, 0x27, 0x4C, 0x00, 0x27, 0x4C, 0x00, 0x27, 0x4C, 0x00, 0x27, 0x4C, 
    0x00, 0x27, 0x4C, 0x00, 0x27, 0x4C, 0x00, 0x27, 0x4C, 0x00, 0x27, 0x4C, 
    0x00, 0x27, 0x4C, 0x00, 0x27, 0x4C, 0x00, 0x27, 0x4C, 0x00, 0x27, 0x4C, 
    0x00, 0x27, 0x4C, 0x00, 0x27, 0x4C, 0x00, 0x27, 0x4C, 0x00, 0x27, 0x4C, 
    0x00, 0x27, 0x4C, 0x00, 0x27, 0x4C, 0x00, 0x27, 0x4C, 0x00, 0x27, 0x4C, 
    0x00, 0x27, 0x4C, 0x00, 0x27, 0x4C, 0x00, 0x27, 0x4C, 0x00, 0x27, 0x4C, 
    0x00, 0x27, 0x4C, 0x00, 0x27, 0x4C, 0x00, 0x27, 0x4C, 0x00, 0x27, 0x4C, 
    0x00, 0x27, 0x4C, 0x00, 0x27, 0x4C, 0x00, 0x27, 0x4C, 0x00, 0x27, 0x4C, 
    0x00, 0x27, 0x4C, 0x00, 0x27, 0x4C, 0x00, 0x27, 0x4C, 0x00, 0x27, 0x4C, 
    0x00, 0x27, 0x4C, 0x00, 0x27, 0x4C, 0x00, 0x27, 0x4C, 0x00, 0x27, 0x4C, 
    0x00, 0x27, 0x4C, 0x00, 0x27, 0x4C, 0x00, 0x27, 0x4C, 0x00, 0x27, 0x4C, 
    0x00, 0x27, 0x4C, 0x00, 0x27, 0x4C, 0x00, 0x27, 0x4C, 0x00, 0x27, 0x4C, 
    0x00, 0x27, 0x4C, 0x00, 0x27, 0x4C, 0x00, 0x27, 0x4C, 0x00, 0x27, 0x4C, 
    0x00, 0x27, 0x4C, 0x00, 0x27, 0x4C, 0x00, 0x27, 0x4C, 0x00, 0x27, 0x4C, 
    0x00, 0x27, 0x4C, 0x00, 0x27, 0x4C, 0x00, 0x27, 0x4C, 0x00, 0x27, 0x4C, 
    0x00, 0x27, 0x4C, 0x00, 0x27, 0x4C, 0x00, 0x27, 0x4C, 0x00, 0x27, 0x4C, 
    0x00, 0x27, 0x4C, 0x00, 0x27, 0x4C, 0x00, 0x27, 0x4C, 0x00, 0x27, 0x4C, 
    0x00, 0x27, 0x4C, 0x00, 0x27, 0x4C, 0x00, 0x27, 0x4C, 0x00, 0x27, 0x4C, 
    0x00, 0x27, 0x4C, 0x00, 0x27, 0x4C, 0x00, 0x27, 0x4C, 0x00, 0x27, 0x4C, 
    0x00, 0x27, 0x4C, 0x00, 0x27, 0x4C, 0x00, 0x27, 0x4C, 0x00, 0x27, 0x4C, 
    0x00, 0x27, 0x4C, 0x00, 0x27, 0x4C, 0x00, 0x27, 0x4C, 0x00, 0x27, 0x4C, 
    0x00, 0x27, 0x4C, 0x00, 0x27, 0x4C, 0x00, 0x27, 0x4C, 0x00, 0x27, 0x4C, 
    0x00, 0x27, 0x4C, 0x00, 0x27, 0x4C, 0x00, 0x27, 0x4C, 0x00, 0x27, 0x4C, 
    0x00, 0x27, 0x4C, 0x00, 0x27, 0x4C, 0x00, 0x27, 0x4C, 0x00, 0x27, 0x4C, 
    0x00, 0x27, 0x4C, 0x00, 0x27, 0x4C, 0x00, 0x27, 0x4C, 0x00, 0x27, 0x4C, 
    0x00, 0x27, 0x4C, 0x00, 0x27, 0x4C, 0x00, 0x27, 0x4C, 0x00, 0x27, 0x4C, 
    0x00, 0x27, 0x4C, 0x00, 0x27, 0x4C, 0x00, 0x27, 0x4C, 0x00, 0x27, 0x4C, 
    0x00, 0x27, 0x4C, 0x00, 0x27, 0x4C, 0x00, 0x27, 0x4C, 0x00, 0x27, 0x4C, 
    0x00, 0x27, 0x4C, 0x00, 0x27, 0x4C, 0x00, 0x27, 0x4C, 0x00, 0x27, 0x4C, 
    0x00, 0x27, 0x4C, 0x00, 0x27, 0x4C, 0x00, 0x27, 0x4C, 0x00, 0x27, 0x4C, 
    0x00, 0x27, 0x4C, 0x00, 0x27, 0x4C, 0x00, 0x27, 0x4C, 0x00, 0x27, 0x4C, 
    0x00, 0x27, 0x4C, 0x00, 0x27, 0x4C, 0x00, 0x27, 0x4C, 0x00, 0x27, 0x4C, 
    0x00, 0x27, 0x4C, 0x00, 0x27, 0x4C, 0x00, 0x27, 0x4C, 0x00, 0x27, 0x4C, 
    0x00, 0x27, 0x4C, 0x00, 0x27, 0x4C, 0x00, 0x27, 0x4C, 0x00, 0x27, 0x4C, 
    0x00, 0x27, 0x4C, 0x00, 0x27, 0x4C, 0x00, 0x27, 0x4C, 0x00, 0x27, 0x4C, 
    0x00, 0x27, 0x4C, 0x00, 0x27, 0x4C, 0x00, 0x27, 0x4C, 0x00, 0x27, 0x4C, 
    0x00, 0x27, 0x4C, 0x00, 0x27, 0x4C, 0x00, 0x27, 0x4C, 0x00, 0x27, 0x4C, 
    0x00, 0x27, 0x4C, 0x00, 0x27, 0x4C, 0x00, 0x27, 0x4C, 0x00, 0x27, 0x4C, 
    0x00, 0x27, 0x4C, 0x00, 0x27, 0x4C, 0x00, 0x27, 0x4C, 0x00, 0x27, 0x4C, 
    0x00, 0x27, 0x4C, 0x00, 0x27, 0x4C, 0x00, 0x27, 0x4C, 0x00, 0x27, 0x4C, 
    0x00, 0x27, 0x4C, 0x00, 0x27, 0x4C, 0x00, 0x27, 0x4C, 0x00, 0x27, 0x4C, 
    0x00, 0x27, 0x4C, 0x00, 0x27, 0x4C, 0x00, 0x27, 0x4C, 0x00, 0x27, 0x4C, 
    0x00, 0x27, 0x4C, 0x00, 0x27, 0x4C, 0x00, 0x27, 0x4C, 0x00, 0x27, 0x4C, 
    0x00, 0x27, 0x4C, 0x00, 0x27, 0x4C, 0x00, 0x27, 0x4C, 0x00, 0x27, 0x4C, 
    0x00, 0x27, 0x4C, 0x00, 0x27, 0x4C, 0x00, 0x27, 0x4C, 0x00, 0x27, 0x4C, 
    0x00, 0x27, 0x4C, 0x00, 0x27, 0x4C, 0x00, 0x27, 0x4C, 0x00, 0x27, 0x4C, 
    0x00, 0x27, 0x4C, 0x00, 0x27, 0x4C, 0x00, 0x27, 0x4C, 0x00, 0x27, 0x4C, 
    0x00, 0x27, 0x4C, 0x00, 0x27, 0x4C, 0x00, 0x27, 0x4C, 0x00, 0x27, 0x4C, 
    0x00, 0x27, 0x4C, 0x00, 0x27, 0x4C, 0x00, 0x27, 0x4C, 0x00, 0x27, 0x4C, 
    0x00, 0x27, 0x4C, 0x00, 0x27, 0x4C, 0x00, 0x27, 0x4C, 0x00, 0x27, 0x4C, 
    0x00, 0x27, 0x4C, 0x00, 0x27, 0x4C, 0x00, 0x27, 0x4C, 0x00, 0x27, 0x4C, 
    0x00, 0x27, 0x4C, 0x00, 0x27, 0x4C, 0x00, 0x27, 0x4C, 0x00, 0x27, 0x4C, 
    0x00, 0x27, 0x4C, 0x00, 0x27, 0x4C, 0x00, 0x27, 0x4C, 0x00, 0x27, 0x4C, 
    0x00, 0x27, 0x4C, 0x00, 0x27, 0x4C, 0x00, 0x27, 0x4C, 0x00, 0x27, 0x4C, 
    0x00, 0x27, 0x4C, 0x00, 0x27, 0x4C, 0x00, 0x27, 0x4C, 0x00, 0x27, 0x4C, 
    0x00, 0x27, 0x4C, 0x00, 0x27, 0x4C, 0x00, 0x27, 0x4C, 0x00, 0x27, 0x4C, 
    0x00, 0x27, 0x4C, 0x00, 0x27, 0x4C, 0x00, 0x27, 0x4C, 0x00, 0x27, 0x4C, 
    0x00, 0x27, 0x4C, 0x00, 0x27, 0x4C, 0x00, 0x27, 0x4C, 0x00, 0x27, 0x4C, 
    0x00, 0x27, 0x4C, 0x00, 0x27, 0x4C, 0x00, 0x27, 0x4C, 0x00, 0x27, 0x4C, 
    0x00, 0x27, 0x4C, 0x00, 0x27, 0x4C, 0x00, 0x27, 0x4C, 0x00, 0x27, 0x4C, 
    0x00, 0x27, 0x4C, 0x00, 0x27, 0x4C, 0x00, 0x27, 0x4C, 0x00, 0x27, 0x4C, 
    0x00, 0x27, 0x4C, 0x00, 0x27, 0x4C, 0x00, 0x27, 0x4C, 0x00, 0x27, 0x4C, 
    0x00, 0x27, 0x4C, 0x00, 0x27, 0x4C, 0x00, 0x27, 0x4C, 0x00, 0x27, 0x4C, 
    0x00, 0x27, 0x4C, 0x00, 0x27, 0x4C, 0x00, 0x27, 0x4C, 0x00, 0x27, 0x4C, 
    0x00, 0x27, 0x4C, 0x00, 0x27, 0x4C, 0x00, 0x27, 0x4C, 0x00, 0x27, 0x4C, 
    0x00, 0x27, 0x4C, 0x00, 0x27, 0x4C, 0x00, 0x27, 0x4C, 0x00, 0x27, 0x4C, 
    0x00, 0x27, 0x4C, 0x00, 0x27, 0x4C, 0x00, 0x27, 0x4C, 0x00, 0x27, 0x4C, 
    0x00, 0x27, 0x4C, 0x00, 0x27, 0x4C, 0x00, 0x27, 0x4C, 0x00, 0x27, 0x4C, 
    0x00, 0x27, 0x4C, 0x00, 0x27, 0x4C, 0x00, 0x27, 0x4C, 0x00, 0x27, 0x4C, 
    0x00, 0x27, 0x4C, 0x00, 0x27, 0x4C, 0x00, 0x27, 0x4C, 0x00, 0x27, 0x4C, 
    0x00, 0x27, 0x4C, 0x00, 0x27, 0x4C, 0x00, 0x27, 0x4C, 0x00, 0x27, 0x4C, 
    0x00, 0x27, 0x4C, 0x00, 0x27, 0x4C, 0x00, 0x27, 0x4C, 0x00, 0x27, 0x4C, 
    0x00, 0x27, 0x4C, 0x00, 0x27, 0x4C, 0x00, 0x27, 0x4C, 0x00, 0x27, 0x4C, 
    0x00, 0x27, 0x4C, 0x00, 0x27, 0x4C, 0x00, 0x27, 0x4C, 0x00, 0x27, 0x4C, 
    0x00, 0x27, 0x4C, 0x00, 0x27, 0x4C, 0x00, 0x27, 0x4C, 0x00, 0x27, 0x4C, 
    0x00, 0x27, 0x4C, 0x00, 0x27, 0x4C, 0x00, 0x27, 0x4C, 0x00, 0x27, 0x4C, 
    0x00, 0x27, 0x4C, 0x00, 0x27, 0x4C, 0x00, 0x27, 0x4C, 0x00, 0x27, 0x4C, 
    0x00, 0x27, 0x4C, 0x00, 0x27, 0x4C, 0x00, 0x27, 0x4C, 0x00, 0x27, 0x4C, 
    0x00, 0x27, 0x4C, 0x00, 0x27, 0x4C, 0x00, 0x27, 0x4C, 0x00, 0x27, 0x4C, 
    0x00, 0x27, 0x4C, 0x00, 0x27, 0x4C, 0x00, 0x27, 0x4C, 0x00, 0x27, 0x4C, 
    0x00, 0x27, 0x4C, 0x00, 0x27, 0x4C, 0x00, 0x27, 0x4C, 0x00, 0x27, 0x4C, 
    0x00, 0x27, 0x4C, 0x00, 0x27, 0x4C, 0x00, 0x27, 0x4C, 0x00, 0x27, 0x4C, 
    0x00, 0x27, 0x4C, 0x00, 0x27, 0x4C, 0x00, 0x27, 0x4C, 0x00, 0x27, 0x4C, 
    0x00, 0x27, 0x4C, 0x00, 0x27, 0x4C, 0x00, 0x27, 0x4C, 0x00, 0x27, 0x4C, 
    0x00, 0x27, 0x4C, 0x00, 0x27, 0x4C, 0x00, 0x27, 0x4C, 0x00, 0x27, 0x4C, 
    0x00, 0x27, 0x4C, 0x00, 0x27, 0x4C, 0x00, 0x27, 0x4C, 0x00, 0x27, 0x4C, 
    0x00, 0x27, 0x4C, 0x00, 0x27, 0x4C, 0x00, 0x27, 0x4C, 0x00, 0x27, 0x4C, 
    0x00, 0x27, 0x4C, 0x00, 0x27, 0x4C, 0x00, 0x27, 0x4C, 0x00, 0x27, 0x4C, 
    0x00, 0x27, 0x4C, 0x00, 0x27, 0x4C, 0x00, 0x27, 0x4C, 0x00, 0x27, 0x4C, 
    0x00, 0x27, 0x4C, 0x00, 0x27, 0x4C, 0x00, 0x27, 0x4C, 0x00, 0x27, 0x4C, 
    0x00, 0x27, 0x4C, 0x00, 0x27, 0x4C, 0x00, 0x27, 0x4C, 0x00, 0x27, 0x4C, 
    0x00, 0x27, 0x4C, 0x00, 0x27, 0x4C, 0x00, 0x27, 0x4C, 0x00, 0x27, 0x4C, 
    0x00, 0x27, 0x4C, 0x00, 0x27, 0x4C, 0x00, 0x27, 0x4C, 0x00, 0x27, 0x4C, 
    0x00, 0x27, 0x4C, 0x00, 0x27, 0x4C, 0x00, 0x27, 0x4C, 0x00, 0x27, 0x4C, 
    0x00, 0x27, 0x4C, 0x00, 0x27, 0x4C, 0x00, 0x27, 0x4C, 0x00, 0x27, 0x4C, 
    0x00, 0x27, 0x4C, 0x00, 0x27, 0x4C, 0x00, 0x27, 0x4C, 0x00, 0x27, 0x4C, 
    0x00, 0x27, 0x4C, 0x00, 0x27, 0x4C, 0x00, 0x27, 0x4C, 0x00, 0x27, 0x4C, 
    0x00, 0x27, 0x4C, 0x00, 0x27, 0x4C, 0x00, 0x27, 0x4C, 0x00, 0x27, 0x4C, 
    0x00, 0x27, 0x4C, 0x00, 0x27, 0x4C, 0x00, 0x27, 0x4C, 0x00, 0x27, 0x4C, 
    0x00, 0x27, 0x4C, 0x00, 0x27, 0x4C, 0x00, 0x27, 0x4C, 0x00, 0x27, 0x4C, 
    0x00, 0x27, 0x4C, 0x00, 0x27, 0x4C, 0x00, 0x27, 0x4C, 0x00, 0x27, 0x4C, 
    0x00, 0x27, 0x4C, 0x00, 0x27, 0x4C, 0x00, 0x27, 0x4C, 0x00, 0x27, 0x4C, 
    0x00, 0x27, 0x4C, 0x00, 0x27, 0x4C, 0x00, 0x27, 0x4C, 0x00, 0x27, 0x4C, 
    0x00, 0x27, 0x4C, 0x00, 0x27, 0x4C, 0x00, 0x27, 0x4C, 0x00, 0x27, 0x4C, 
    0x00, 0x27, 0x4C, 0x00, 0x27, 0x4C, 0x00, 0x27, 0x4C, 0x00, 0x27, 0x4C, 
    0x00, 0x27, 0x4C, 0x00, 0x27, 0x4C, 0x00, 0x27, 0x4C, 0x00, 0x27, 0x4C, 
    0x00, 0x27, 0x4C, 0x00, 0x27, 0x4C, 0x00, 0x27, 0x4C, 0x00, 0x27, 0x4C, 
    0x00, 0x27, 0x4C, 0x00, 0x27, 0x4C, 0x00, 0x27, 0x4C, 0x00, 0x27, 0x4C, 
    0x00, 0x27, 0x4C, 0x00, 0x27, 0x4C, 0x00, 0x27, 0x4C, 0x00, 0x27, 0x4C, 
    0x00, 0x27, 0x4C, 0x00, 0x27, 0x4C, 0x00, 0x27, 0x4C, 0x00, 0x27, 0x4C, 
    0x00, 0x27, 0x4C, 0x00, 0x27, 0x4C, 0x00, 0x27, 0x4C, 0x00, 0x27, 0x4C, 
    0x00, 0x27, 0x4C, 0x00, 0x27, 0x4C, 0x00, 0x27, 0x4C, 0x00, 0x27, 0x4C, 
    0x00, 0x27, 0x4C, 0x00, 0x27, 0x4C, 0x00, 0x27, 0x4C, 0x00, 0x27, 0x4C, 
    0x00, 0x27, 0x4C, 0x00, 0x27, 0x4C, 0x00, 0x27, 0x4C, 0x00, 0x27, 0x4C, 
    0x00, 0x27, 0x4C, 0x00, 0x27, 0x4C, 0x00, 0x27, 0x4C, 0x00, 0x27, 0x4C, 
    0x00, 0x27, 0x4C, 0x00, 0x27, 0x4C, 0x00, 0x27, 0x4C, 0x00, 0x27, 0x4C, 
    0x00, 0x27, 0x4C, 0x00, 0x27, 0x4C, 0x00, 0x27, 0x4C, 0x00, 0x27, 0x4C, 
    0x00, 0x27, 0x4C, 0x00, 0x27, 0x4C, 0x00, 0x27, 0x4C, 0x00, 0x27, 0x4C, 
    0x00, 0x27, 0x4C, 0x00, 0x27, 0x4C, 0x00, 0x27, 0x4C, 0x00, 0x27, 0x4C, 
    0x00, 0x27, 0x4C, 0x00, 0x27, 0x4C, 0x00, 0x27, 0x4C, 0x00, 0x27, 0x4C, 
    0x00, 0x27, 0x4C, 0x00, 0x27, 0x4C, 0x00, 0x27, 0x4C, 0x00, 0x27, 0x4C, 
    0x00, 0x27, 0x4C, 0x00, 0x27, 0x4C, 0x00, 0x27, 0x4C, 0x00, 0x27, 0x4C, 
    0x00, 0x27, 0x4C, 0x00, 0x27, 0x4C, 0x00, 0x27, 0x4C, 0x00, 0x27, 0x4C, 
    0x00, 0x27, 0x4C, 0x00, 0x27, 0x4C, 0x00, 0x27, 0x4C, 0x00, 0x27, 0x4C, 
    0x00, 0x27, 0x4C, 0x00, 0x27, 0x4C, 0x00, 0x27, 0x4C, 0x00, 0x27, 0x4C, 
    0x00, 0x27, 0x4C, 0x00, 0x27, 0x4C, 0x00, 0x27, 0x4C, 0x00, 0x27, 0x4C, 
    0x00, 0x27, 0x4C, 0x00, 0x27, 0x4C, 0x00, 0x27, 0x4C, 0x00, 0x27, 0x4C, 
    0x00, 0x27, 0x4C, 0x00, 0x27, 0x4C, 0x00, 0x27, 0x4C, 0x00, 0x27, 0x4C, 
    0x00, 0x27, 0x4C, 0x00, 0x27, 0x4C, 0x00, 0x27, 0x4C, 0x00, 0x27, 0x4C, 
    0x00, 0x27, 0x4C, 0x00, 0x27, 0x4C, 0x00, 0x27, 0x4C, 0x00, 0x27, 0x4C, 
    0x00, 0x27, 0x4C, 0x00, 0x27, 0x4C, 0x00, 0x27, 0x4C, 0x00, 0x27, 0x4C, 
    0x00, 0x27, 0x4C, 0x00, 0x27, 0x4C, 0x00, 0x27, 0x4C, 0x00, 0x27, 0x4C, 
    0x00, 0x27, 0x4C, 0x00, 0x27, 0x4C, 0x00, 0x27, 0x4C, 0x00, 0x27, 0x4C, 
    0x00, 0x27, 0x4C, 0x00, 0x27, 0x4C, 0x00, 0x27, 0x4C, 0x00, 0x27, 0x4C, 
    0x00, 0x27, 0x4C, 0x00, 0x27, 0x4C, 0x00, 0x27, 0x4C, 0x00, 0x27, 0x4C, 
    0x00, 0x27, 0x4C, 0x00, 0x27, 0x4C, 0x00, 0x27, 0x4C, 0x00, 0x27, 0x4C, 
    0x00, 0x27, 0x4C, 0x00, 0x27, 0x4C, 0x00, 0x27, 0x4C, 0x00, 0x27, 0x4C, 
    0x00, 0x27, 0x4C, 0x00, 0x27, 0x4C, 0x00, 0x27, 0x4C, 0x00, 0x27, 0x4C, 
    0x00, 0x27, 0x4C, 0x00, 0x27, 0x4C, 0x00, 0x27, 0x4C, 0x00, 0x27, 0x4C, 
    0x00, 0x27, 0x4C, 0x00, 0x27, 0x4C, 0x00, 0x27, 0x4C, 0x00, 0x27, 0x4C, 
    0x00, 0x27, 0x4C, 0x00, 0x27, 0x4C, 0x00, 0x27, 0x4C, 0x00, 0x27, 0x4C, 
    0x00, 0x27, 0x4C, 0x00, 0x27, 0x4C, 0x00, 0x27, 0x4C, 0x00, 0x27, 0x4C, 
    0x00, 0x27, 0x4C, 0x00, 0x27, 0x4C, 0x00, 0x27, 0x4C, 0x00, 0x27, 0x4C, 
    0x00, 0x27, 0x4C, 0x00, 0x27, 0x4C, 0x00, 0x27, 0x4C, 0x00, 0x27, 0x4C, 
    0x00, 0x27, 0x4C, 0x00, 0x27, 0x4C, 0x00, 0x27, 0x4C, 0x00, 0x27, 0x4C, 
    0x00, 0x27, 0x4C, 0x00, 0x27, 0x4C, 0x00, 0x27, 0x4C, 0x00, 0x27, 0x4C, 
    0x00, 0x27, 0x4C, 0x00, 0x27, 0x4C, 0x00, 0x27, 0x4C, 0x00, 0x27, 0x4C, 
    0x00, 0x27, 0x4C, 0x00, 0x27, 0x4C, 0x00, 0x27, 0x4C, 0x00, 0x27, 0x4C, 
    0x00, 0x27, 0x4C, 0x00, 0x27, 0x4C, 0x00, 0x27, 0x4C, 0x00, 0x27, 0x4C, 
    0x00, 0x27, 0x4C, 0x00, 0x27, 0x4C, 0x00, 0x27, 0x4C, 0x00, 0x27, 0x4C, 
    0x00, 0x27, 0x4C, 0x00, 0x27, 0x4C, 0x00, 0x27, 0x4C, 0x00, 0x27, 0x4C, 
    0x00, 0x27, 0x4C, 0x00, 0x27, 0x4C, 0x00, 0x27, 0x4C, 0x00, 0x27, 0x4C, 
    0x00, 0x27, 0x4C, 0x00, 0x27, 0x4C, 0x00, 0x27, 0x4C, 0x00, 0x27, 0x4C, 
    0x00, 0x27, 0x4C, 0x00, 0x27, 0x4C, 0x00, 0x27, 0x4C, 0x00, 0x27, 0x4C, 
    0x00, 0x27, 0x4C, 0x00, 0x27, 0x4C, 0x00, 0x27, 0x4C, 0x00, 0x27, 0x4C, 
    0x00, 0x27, 0x4C, 0x00, 0x27, 0x4C, 0x00, 0x27, 0x4C, 0x00, 0x27, 0x4C, 
    0x00, 0x27, 0x4C, 0x00, 0x27, 0x4C, 0x00, 0x27, 0x4C, 0x00, 0x27, 0x4C, 
    0x00, 0x27, 0x4C, 0x00, 0x27, 0x4C, 0x00, 0x27, 0x4C, 0x00, 0x27, 0x4C, 
    0x00, 0x27, 0x4C, 0x00, 0x27, 0x4C, 0x00, 0x27, 0x4C, 0x00, 0x27, 0x4C, 
    0x00, 0x27, 0x4C, 0x00, 0x27, 0x4C, 0x00, 0x27, 0x4C, 0x00, 0x27, 0x4C, 
    0x00, 0x27, 0x4C, 0x00, 0x27, 0x4C, 0x00, 0x27, 0x4C, 0x00, 0x27, 0x4C, 
    0x00, 0x27, 0x4C, 0x00, 0x27, 0x4C, 0x00, 0x27, 0x4C, 0x00, 0x27, 0x4C, 
    0x00, 0x27, 0x4C, 0x00, 0x27, 0x4C, 0x00, 0x27, 0x4C, 0x00, 0x27, 0x4C, 
    0x00, 0x27, 0x4C, 0x00, 0x27, 0x4C, 0x00, 0x27, 0x4C, 0x00, 0x27, 0x4C, 
    0x00, 0x27, 0x4C, 0x00, 0x27, 0x4C, 0x00, 0x27, 0x4C, 0x00, 0x27, 0x4C, 
    0x00, 0x27, 0x4C, 0x00, 0x27, 0x4C, 0x00, 0x27, 0x4C, 0x00, 0x27, 0x4C, 
    0x00, 0x27, 0x4C, 0x00, 0x27, 0x4C, 0x00, 0x27, 0x4C, 0x00, 0x27, 0x4C, 
    0x00, 0x27, 0x4C, 0x00, 0x27, 0x4C, 0x00, 0x27, 0x4C, 0x00, 0x27, 0x4C, 
    0x00, 0x27, 0x4C, 0x00, 0x27, 0x4C, 0x00, 0x27, 0x4C, 0x00, 0x27, 0x4C, 
    0x00, 0x27, 0x4C, 0x00, 0x27, 0x4C, 0x00, 0x27, 0x4C, 0x00, 0x27, 0x4C, 
    0x00, 0x27, 0x4C, 0x00, 0x27, 0x4C, 0x00, 0x27, 0x4C, 0x00, 0x27, 0x4C, 
    0x00, 0x27, 0x4C, 0x00, 0x27, 0x4C, 0x00, 0x27, 0x4C, 0x00, 0x27, 0x4C, 
    0x00, 0x27, 0x4C, 0x00, 0x27, 0x4C, 0x00, 0x27, 0x4C, 0x00, 0x27, 0x4C, 
    0x00, 0x27, 0x4C, 0x00, 0x27, 0x4C, 0x00, 0x27, 0x4C, 0x00, 0x27, 0x4C, 
    0x00, 0x27, 0x4C, 0x00, 0x27, 0x4C, 0x00, 0x27, 0x4C, 0x00, 0x27, 0x4C, 
    0x00, 0x27, 0x4C, 0x00, 0x27, 0x4C, 0x00, 0x27, 0x4C, 0x00, 0x27, 0x4C, 
    0x00, 0x27, 0x4C, 0x00, 0x27, 0x4C, 0x00, 0x27, 0x4C, 0x00, 0x27, 0x4C, 
    0x00, 0x27, 0x4C, 0x00, 0x27, 0x4C, 0x00, 0x27, 0x4C, 0x00, 0x27, 0x4C, 
    0x00, 0x27, 0x4C, 0x00, 0x27, 0x4C, 0x00, 0x27, 0x4C, 0x00, 0x27, 0x4C, 
    0x00, 0x27, 0x4C, 0x00, 0x27, 0x4C, 0x00, 0x27, 0x4C, 0x00, 0x27, 0x4C, 
    0x00, 0x27, 0x4C, 0x00, 0x27, 0x4C, 0x00, 0x27, 0x4C, 0x00, 0x27, 0x4C, 
    0x00, 0x27, 0x4C, 0x00, 0x27, 0x4C, 0x00, 0x27, 0x4C, 0x00, 0x27, 0x4C, 
    0x00, 0x27, 0x4C, 0x00, 0x27, 0x4C, 0x00, 0x27, 0x4C, 0x00, 0x27, 0x4C, 
    0x00, 0x27, 0x4C, 0x00, 0x27, 0x4C, 0x00, 0x27, 0x4C, 0x00, 0x27, 0x4C, 
    0x00, 0x27, 0x4C, 0x00, 0x27, 0x4C, 0x00, 0x27, 0x4C, 0x00, 0x27, 0x4C, 
    0x00, 0x27, 0x4C, 0x00, 0x27, 0x4C, 0x00, 0x27, 0x4C, 0x00, 0x27, 0x4C, 
    0x00, 0x27, 0x4C, 0x00, 0x27, 0x4C, 0x00, 0x27, 0x4C, 0x00, 0x27, 0x4C, 
    0x00, 0x27, 0x4C, 0x00, 0x27, 0x4C, 0x00, 0x27, 0x4C, 0x00, 0x27, 0x4C, 
    0x00, 0x27, 0x4C, 0x00, 0x27, 0x4C, 0x00, 0x27, 0x4C, 0x00, 0x27, 0x4C, 
    0x00, 0x27, 0x4C, 0x00, 0x27, 0x4C, 0x00, 0x27, 0x4C, 0x00, 0x27, 0x4C, 
    0x00, 0x27, 0x4C, 0x00, 0x27, 0x4C, 0x00, 0x27, 0x4C, 0x00, 0x27, 0x4C, 
    0x00, 0x27, 0x4C, 0x00, 0x27, 0x4C, 0x00, 0x27, 0x4C, 0x00, 0x27, 0x4C, 
    0x00, 0x27, 0x4C, 0x00, 0x27, 0x4C, 0x00, 0x27, 0x4C, 0x00, 0x27, 0x4C, 
    0x00, 0x27, 0x4C, 0x00, 0x27, 0x4C, 0x00, 0x27, 0x4C, 0x00, 0x27, 0x4C, 
    0x00, 0x27, 0x4C, 0x00, 0x27, 0x4C, 0x00, 0x27, 0x4C, 0x00, 0x27, 0x4C, 
    0x00, 0x27, 0x4C, 0x00, 0x27, 0x4C, 0x00, 0x27, 0x4C, 0x00, 0x27, 0x4C, 
    0x00, 0x27, 0x4C, 0x00, 0x27, 0x4C, 0x00, 0x27, 0x4C, 0x00, 0x27, 0x4C, 
    0x00, 0x27, 0x4C, 0x00, 0x27, 0x4C, 0x00, 0x27, 0x4C, 0x00, 0x27, 0x4C, 
    0x00, 0x27, 0x4C, 0x00, 0x27, 0x4C, 0x00, 0x27, 0x4C, 0x00, 0x27, 0x4C, 
    0x00, 0x27, 0x4C, 0x00, 0x27, 0x4C, 0x00, 0x27, 0x4C, 0x00, 0x27, 0x4C, 
    0x00, 0x27, 0x4C, 0x00, 0x27, 0x4C, 0x00, 0x27, 0x4C, 0x00, 0x27, 0x4C, 
    0x00, 0x27, 0x4C, 0x00, 0x27, 0x4C, 0x00, 0x27, 0x4C, 0x00, 0x27, 0x4C, 
    0x00, 0x27, 0x4C, 0x00, 0x27, 0x4C, 0x00, 0x27, 0x4C, 0x00, 0x27, 0x4C, 
    0x00, 0x27, 0x4C, 0x00, 0x27, 0x4C, 0x00, 0x27, 0x4C, 0x00, 0x27, 0x4C, 
    0x00, 0x27, 0x4C, 0x00, 0x27, 0x4C, 0x00, 0x27, 0x4C, 0x00, 0x27, 0x4C, 
    0x00, 0x27, 0x4C, 0x00, 0x27, 0x4C, 0x00, 0x27, 0x4C, 0x00, 0x27, 0x4C, 
    0x00, 0x27, 0x4C, 0x00, 0x27, 0x4C, 0x00, 0x27, 0x4C, 0x00, 0x27, 0x4C, 
    0x00, 0x27, 0x4C, 0x00, 0x27, 0x4C, 0x00, 0x27, 0x4C, 0x00, 0x27, 0x4C, 
    0x00, 0x27, 0x4C, 0x00, 0x27, 0x4C, 0x00, 0x27, 0x4C, 0x00, 0x27, 0x4C, 
    0x00, 0x27, 0x4C, 0x00, 0x27, 0x4C, 0x00, 0x27, 0x4C, 0x00, 0x27, 0x4C, 
    0x00, 0x27, 0x4C, 0x00, 0x27, 0x4C, 0x00, 0x27, 0x4C, 0x00, 0x27, 0x4C, 
    0x00, 0x27, 0x4C, 0x00, 0x27, 0x4C, 0x00, 0x27, 0x4C, 0x00, 0x27, 0x4C, 
    0x00, 0x27, 0x4C, 0x00, 0x27, 0x4C, 0x00, 0x27, 0x4C, 0x00, 0x27, 0x4C, 
    0x00, 0x27, 0x4C, 0x00, 0x27, 0x4C, 0x00, 0x27, 0x4C, 0x00, 0x27, 0x4C, 
    0x00, 0x27, 0x4C, 0x00, 0x27, 0x4C, 0x00, 0x27, 0x4C, 0x00, 0x27, 0x4C, 
    0x00, 0x27, 0x4C, 0x00, 0x27, 0x4C, 0x00, 0x27, 0x4C, 0x00, 0x27, 0x4C, 
    0x00, 0x27, 0x4C, 0x00, 0x27, 0x4C, 0x00, 0x27, 0x4C, 0x00, 0x27, 0x4C, 
    0x00, 0x27, 0x4C, 0x00, 0x27, 0x4C, 0x00, 0x27, 0x4C, 0x00, 0x27, 0x4C, 
    0x00, 0x27, 0x4C, 0x00, 0x27, 0x4C, 0x00, 0x27, 0x4C, 0x00, 0x27, 0x4C, 
    0x00, 0x27, 0x4C, 0x00, 0x27, 0x4C, 0x00, 0x27, 0x4C, 0x00, 0x27, 0x4C, 
    0x00, 0x27, 0x4C, 0x00, 0x27, 0x4C, 0x00, 0x27, 0x4C, 0x00, 0x27, 0x4C, 
    0x00, 0x27, 0x4C, 0x00, 0x27, 0x4C, 0x00, 0x27, 0x4C, 0x00, 0x27, 0x4C, 
    0x00, 0x27, 0x4C, 0x00, 0x27, 0x4C, 0x00, 0x27, 0x4C, 0x00, 0x27, 0x4C, 
    0x00, 0x27, 0x4C, 0x00, 0x27, 0x4C, 0x00, 0x27, 0x4C, 0x00, 0x27, 0x4C, 
    0x00, 0x27, 0x4C, 0x00, 0x27, 0x4C, 0x00, 0x27, 0x4C, 0x00, 0x27, 0x4C, 
    0x00, 0x27, 0x4C, 0x00, 0x27, 0x4C, 0x00, 0x27, 0x4C, 0x00, 0x27, 0x4C, 
    0x00, 0x27, 0x4C, 0x00, 0x27, 0x4C, 0x00, 0x27, 0x4C, 0x00, 0x27, 0x4C, 
    0x00, 0x27, 0x4C, 0x00, 0x27, 0x4C, 0x00, 0x27, 0x4C, 0x00, 0x27, 0x4C, 
    0x00, 0x27, 0x4C, 0x00, 0x27, 0x4C, 0x00, 0x27, 0x4C, 0x00, 0x27, 0x4C, 
    0x00, 0x27, 0x4C, 0x00, 0x27, 0x4C, 0x00, 0x27, 0x4C, 0x00, 0x27, 0x4C, 
    0x00, 0x27, 0x4C, 0x00, 0x27, 0x4C, 0x00, 0x27, 0x4C, 0x00, 0x27, 0x4C, 
    0x00, 0x27, 0x4C, 0x00, 0x27, 0x4C, 0x00, 0x27, 0x4C, 0x00, 0x27, 0x4C, 
    0x00, 0x27, 0x4C, 0x00, 0x27, 0x4C, 0x00, 0x27, 0x4C, 0x00, 0x27, 0x4C, 
    0x00, 0x27, 0x4C, 0x00, 0x27, 0x4C, 0x00, 0x27, 0x4C, 0x00, 0x27, 0x4C, 
    0x00, 0x27, 0x4C, 0x00, 0x27, 0x4C, 0x00, 0x27, 0x4C, 0x00, 0x27, 0x4C, 
    0x00, 0x27, 0x4C, 0x00, 0x27, 0x4C, 0x00, 0x27, 0x4C, 0x00, 0x27, 0x4C, 
    0x00, 0x27, 0x4C, 0x00, 0x27, 0x4C, 0x00, 0x27, 0x4C, 0x00, 0x27, 0x4C, 
    0x00, 0x27, 0x4C, 0x00, 0x27, 0x4C, 0x00, 0x27, 0x4C, 0x00, 0x27, 0x4C, 
    0x00, 0x27, 0x4C, 0x00, 0x27, 0x4C, 0x00, 0x27, 0x4C, 0x00, 0x27, 0x4C, 
    0x00, 0x27, 0x4C, 0x00, 0x27, 0x4C, 0x00, 0x27, 0x4C, 0x00, 0x27, 0x4C, 
    0x00, 0x27, 0x4C, 0x00, 0x27, 0x4C, 0x00, 0x27, 0x4C, 0x00, 0x27, 0x4C, 
    0x00, 0x27, 0x4C, 0x00, 0x27, 0x4C, 0x00, 0x27, 0x4C, 0x00, 0x27, 0x4C, 
    0x00, 0x27, 0x4C, 0x00, 0x27, 0x4C, 0x00, 0x27, 0x4C, 0x00, 0x27, 0x4C, 
    0x00, 0x27, 0x4C, 0x00, 0x27, 0x4C, 0x00, 0x27, 0x4C, 0x00, 0x27, 0x4C, 
    0x00, 0x27, 0x4C, 0x00, 0x27, 0x4C, 0x00, 0x27, 0x4C, 0x00, 0x27, 0x4C, 
    0x00, 0x27, 0x4C, 0x00, 0x27, 0x4C, 0x00, 0x27, 0x4C, 0x00, 0x27, 0x4C, 
    0x00, 0x27, 0x4C, 0x00, 0x27, 0x4C, 0x00, 0x27, 0x4C, 0x00, 0x27, 0x4C, 
    0x00, 0x27, 0x4C, 0x00, 0x27, 0x4C, 0x00, 0x27, 0x4C, 0x00, 0x27, 0x4C, 
    0x00, 0x27, 0x4C, 0x00, 0x27, 0x4C, 0x00, 0x27, 0x4C, 0x00, 0x27, 0x4C, 
    0x00, 0x27, 0x4C, 0x00, 0x27, 0x4C, 0x00, 0x27, 0x4C, 0x00, 0x27, 0x4C, 
    0x00, 0x27, 0x4C, 0x00, 0x27, 0x4C, 0x00, 0x27, 0x4C, 0x00, 0x27, 0x4C, 
    0x00, 0x27, 0x4C, 0x00, 0x27, 0x4C, 0x00, 0x27, 0x4C, 0x00, 0x27, 0x4C, 
    0x00, 0x27, 0x4C, 0x00, 0x27, 0x4C, 0x00, 0x27, 0x4C, 0x00, 0x27, 0x4C, 
    0x00, 0x27, 0x4C, 0x00, 0x27, 0x4C, 0x00, 0x27, 0x4C, 0x00, 0x27, 0x4C, 
    0x00, 0x27, 0x4C, 0x00, 0x27, 0x4C, 0x00, 0x27, 0x4C, 0x00, 0x27, 0x4C, 
    0x00, 0x27, 0x4C, 0x00, 0x27, 0x4C, 0x00, 0x27, 0x4C, 0x00, 0x27, 0x4C, 
    0x00, 0x27, 0x4C, 0x00, 0x27, 0x4C, 0x00, 0x27, 0x4C, 0x00, 0x27, 0x4C, 
    0x00, 0x27, 0x4C, 0x00, 0x27, 0x4C, 0x00, 0x27, 0x4C, 0x00, 0x27, 0x4C, 
    0x00, 0x27, 0x4C, 0x00, 0x27, 0x4C, 0x00, 0x27, 0x4C, 0x00, 0x27, 0x4C, 
    0x00, 0x27, 0x4C, 0x00, 0x27, 0x4C, 0x00, 0x27, 0x4C, 0x00, 0x27, 0x4C, 
    0x00, 0x27, 0x4C, 0x00, 0x27, 0x4C, 0x00, 0x27, 0x4C, 0x00, 0x27, 0x4C, 
    0x00, 0x27, 0x4C, 0x00, 0x27, 0x4C, 0x00, 0x27, 0x4C, 0x00, 0x27, 0x4C, 
    0x00, 0x27, 0x4C, 0x00, 0x27, 0x4C, 0x00, 0x27, 0x4C, 0x00, 0x27, 0x4C, 
    0x00, 0x27, 0x4C, 0x00, 0x27, 0x4C, 0x00, 0x27, 0x4C, 0x00, 0x27, 0x4C, 
    0x00, 0x27, 0x4C, 0x00, 0x27, 0x4C, 0x00, 0x27, 0x4C, 0x00, 0x27, 0x4C, 
    0x00, 0x27, 0x4C, 0x00, 0x27, 0x4C, 0x00, 0x27, 0x4C, 0x00, 0x27, 0x4C, 
    0x00, 0x27, 0x4C, 0x00, 0x27, 0x4C, 0x00, 0x27, 0x4C, 0x00, 0x27, 0x4C, 
    0x00, 0x27, 0x4C, 0x00, 0x27, 0x4C, 0x00, 0x27, 0x4C, 0x00, 0x27, 0x4C, 
    0x00, 0x27, 0x4C, 0x00, 0x27, 0x4C, 0x00, 0x27, 0x4C, 0x00, 0x27, 0x4C, 
    0x00, 0x27, 0x4C, 0x00, 0x27, 0x4C, 0x00, 0x27, 0x4C, 0x00, 0x27, 0x4C, 
    0x00, 0x27, 0x4C, 0x00, 0x27, 0x4C, 0x00, 0x27, 0x4C, 0x00, 0x27, 0x4C, 
    0x00, 0x27, 0x4C, 0x00, 0x27, 0x4C, 0x00, 0x27, 0x4C, 0x00, 0x27, 0x4C, 
    0x00, 0x27, 0x4C, 0x00, 0x27, 0x4C, 0x00, 0x27, 0x4C, 0x00, 0x27, 0x4C, 
    0x00, 0x27, 0x4C, 0x00, 0x27, 0x4C, 0x00, 0x27, 0x4C, 0x00, 0x27, 0x4C, 
    0x00, 0x27, 0x4C, 0x00, 0x27, 0x4C, 0x00, 0x27, 0x4C, 0x00, 0x27, 0x4C, 
    0x00, 0x27, 0x4C, 0x00, 0x27, 0x4C, 0x00, 0x27, 0x4C, 0x00, 0x27, 0x4C, 
    0x00, 0x27, 0x4C, 0x00, 0x27, 0x4C, 0x00, 0x27, 0x4C, 0x00, 0x27, 0x4C, 
    0x00, 0x27, 0x4C, 0x00, 0x27, 0x4C, 0x00, 0x27, 0x4C, 0x00, 0x27, 0x4C, 
    0x00, 0x27, 0x4C, 0x00, 0x27, 0x4C, 0x00, 0x27, 0x4C, 0x00, 0x27, 0x4C, 
    0x00, 0x27, 0x4C, 0x00, 0x27, 0x4C, 0x00, 0x27, 0x4C, 0x00, 0x27, 0x4C, 
    0x00, 0x27, 0x4C, 0x00, 0x27, 0x4C, 0x00, 0x27, 0x4C, 0x00, 0x27, 0x4C, 
    0x00, 0x27, 0x4C, 0x00, 0x27, 0x4C, 0x00, 0x27, 0x4C, 0x00, 0x27, 0x4C, 
    0x00, 0x27, 0x4C, 0x00, 0x27, 0x4C, 0x00, 0x27, 0x4C, 0x00, 0x27, 0x4C, 
    0x00, 0x27, 0x4C, 0x00, 0x27, 0x4C, 0x00, 0x27, 0x4C, 0x00, 0x27, 0x4C, 
    0x00, 0x27, 0x4C, 0x00, 0x27, 0x4C, 0x00, 0x27, 0x4C, 0x00, 0x27, 0x4C, 
    0x00, 0x27, 0x4C, 0x00, 0x27, 0x4C, 0x00, 0x27, 0x4C, 0x00, 0x27, 0x4C, 
    0x00, 0x27, 0x4C, 0x00, 0x27, 0x4C, 0x00, 0x27, 0x4C, 0x00, 0x27, 0x4C, 
    0x00, 0x27, 0x4C, 0x00, 0x27, 0x4C, 0x00, 0x27, 0x4C, 0x00, 0x27, 0x4C, 
    0x00, 0x27, 0x4C, 0x00, 0x27, 0x4C, 0x00, 0x27, 0x4C, 0x00, 0x27, 0x4C, 
    0x00, 0x27, 0x4C, 0x00, 0x27, 0x4C, 0x00, 0x27, 0x4C, 0x00, 0x27, 0x4C, 
    0x00, 0x27, 0x4C, 0x00, 0x27, 0x4C, 0x00, 0x27, 0x4C, 0x00, 0x27, 0x4C, 
    0x00, 0x27, 0x4C, 0x00, 0x27, 0x4C, 0x00, 0x27, 0x4C, 0x00, 0x27, 0x4C, 
};
