#pragma once
#include <stdint.h>

#define IMG_WIDTH  (100)
#define IMG_HEIGHT (100)
#define IMG_BPP    (3)

// RGB888 byte order: R, G, B for each pixel
static const uint8_t umich_100_100[IMG_WIDTH*IMG_HEIGHT*IMG_BPP] = {
    0x00, 0x0C, 0x1C, 0x00, 0x14, 0x27, 0x03, 0x15, 0x24, 0x03, 0x15, 0x25, 
    0x03, 0x15, 0x25, 0x03, 0x15, 0x25, 0x03, 0x15, 0x25, 0x03, 0x15, 0x25, 
    0x03, 0x15, 0x25, 0x03, 0x15, 0x25, 0x03, 0x15, 0x25, 0x03, 0x15, 0x25, 
    0x03, 0x15, 0x25, 0x03, 0x15, 0x25, 0x03, 0x15, 0x25, 0x03, 0x15, 0x25, 
    0x03, 0x15, 0x25, 0x03, 0x15, 0x25, 0x03, 0x15, 0x25, 0x03, 0x15, 0x25, 
    0x03, 0x15, 0x25, 0x03, 0x15, 0x25, 0x03, 0x15, 0x25, 0x03, 0x15, 0x25, 
    0x03, 0x15, 0x25, 0x03, 0x15, 0x25, 0x03, 0x15, 0x25, 0x03, 0x15, 0x25, 
    0x03, 0x15, 0x24, 0x02, 0x16, 0x27, 0x00, 0x0D, 0x1A, 0x00, 0x00, 0x00, 
    0x00, 0x00, 0x00, 0x00, 0x00, 0x00, 0x00, 0x00, 0x00, 0x00, 0x00, 0x00, 
    0x00, 0x00, 0x00, 0x00, 0x00, 0x00, 0x00, 0x00, 0x00, 0x00, 0x00, 0x00, 
    0x00, 0x00, 0x00, 0x00, 0x00, 0x00, 0x00, 0x00, 0x00, 0x00, 0x00, 0x00, 
    0x00, 0x00, 0x00, 0x00, 0x00, 0x00, 0x00, 0x00, 0x00, 0x00, 0x00, 0x00, 
    0x00, 0x00, 0x00, 0x00, 0x00, 0x00, 0x00, 0x00, 0x00, 0x00, 0x00, 0x00, 
    0x00, 0x00, 0x00, 0x00, 0x00, 0x00, 0x00, 0x00, 0x00, 0x00, 0x00, 0x00, 
    0x00, 0x00, 0x00, 0x00, 0x00, 0x00, 0x00, 0x00, 0x00, 0x00, 0x00, 0x00, 
    0x00, 0x00, 0x00, 0x00, 0x00, 0x00, 0x00, 0x00, 0x00, 0x00, 0x00, 0x00, 
    0x00, 0x00, 0x00, 0x00, 0x00, 0x00, 0x00, 0x00, 0x00, 0x00, 0x00, 0x01, 
    0x00, 0x00, 0x00, 0x00, 0x09, 0x12, 0x02, 0x16, 0x28, 0x03, 0x14, 0x24, 
    0x03, 0x15, 0x25, 0x03, 0x15, 0x25, 0x03, 0x15, 0x25, 0x03, 0x15, 0x25, 
    0x03, 0x15, 0x25, 0x03, 0x15, 0x25, 0x03, 0x15, 0x25, 0x03, 0x15, 0x25, 
    0x03, 0x15, 0x25, 0x03, 0x15, 0x25, 0x03, 0x15, 0x25, 0x03, 0x15, 0x25, 
    0x03, 0x15, 0x25, 0x03, 0x15, 0x25, 0x03, 0x15, 0x25, 0x03, 0x15, 0x25, 
    0x03, 0x15, 0x25, 0x03, 0x15, 0x25, 0x03, 0x15, 0x25, 0x03, 0x15, 0x25, 
    0x03, 0x15, 0x25, 0x03, 0x15, 0x25, 0x03, 0x15, 0x25, 0x03, 0x15, 0x25, 
    0x03, 0x15, 0x25, 0x03, 0x15, 0x25, 0x01, 0x14, 0x26, 0x00, 0x11, 0x21, 
    0x00, 0x1A, 0x3F, 0x00, 0x2B, 0x54, 0x00, 0x22, 0x52, 0x00, 0x22, 0x54, 
    0x00, 0x22, 0x54, 0x00, 0x22, 0x54, 0x00, 0x22, 0x54, 0x00, 0x22, 0x54, 
    0x00, 0x22, 0x54, 0x00, 0x22, 0x54, 0x00, 0x22, 0x54, 0x00, 0x22, 0x54, 
    0x00, 0x22, 0x54, 0x00, 0x22, 0x54, 0x00, 0x22, 0x54, 0x00, 0x22, 0x54, 
    0x00, 0x22, 0x54, 0x00, 0x22, 0x54, 0x00, 0x22, 0x54, 0x00, 0x22, 0x54, 
    0x00, 0x22, 0x54, 0x00, 0x22, 0x54, 0x00, 0x22, 0x54, 0x00, 0x22, 0x54, 
    0x00, 0x22, 0x54, 0x00, 0x22, 0x54, 0x00, 0x22, 0x54, 0x00, 0x22, 0x54, 
    0x00, 0x21, 0x53, 0x00, 0x24, 0x54, 0x01, 0x28, 0x4B, 0x00, 0x04, 0x09, 
    0x00, 0x00, 0x00, 0x00, 0x00, 0x01, 0x00, 0x00, 0x00, 0x00, 0x00, 0x00, 
    0x00, 0x00, 0x00, 0x00, 0x00, 0x00, 0x00, 0x00, 0x00, 0x00, 0x00, 0x00, 
    0x00, 0x00, 0x00, 0x00, 0x00, 0x00, 0x00, 0x00, 0x00, 0x00, 0x00, 0x00, 
    0x00, 0x00, 0x00, 0x00, 0x00, 0x00, 0x00, 0x00, 0x00, 0x00, 0x00, 0x00, 
    0x00, 0x00, 0x00, 0x00, 0x00, 0x00, 0x00, 0x00, 0x00, 0x00, 0x00, 0x00, 
    0x00, 0x00, 0x00, 0x00, 0x00, 0x00, 0x00, 0x00, 0x00, 0x00, 0x00, 0x00, 
    0x00, 0x00, 0x00, 0x00, 0x00, 0x00, 0x00, 0x00, 0x00, 0x00, 0x00, 0x00, 
    0x00, 0x00, 0x00, 0x00, 0x00, 0x00, 0x00, 0x00, 0x00, 0x00, 0x00, 0x00, 
    0x00, 0x00, 0x00, 0x00, 0x00, 0x00, 0x00, 0x00, 0x00, 0x00, 0x00, 0x01, 
    0x00, 0x00, 0x02, 0x01, 0x22, 0x40, 0x00, 0x27, 0x55, 0x00, 0x21, 0x53, 
    0x00, 0x22, 0x54, 0x00, 0x22, 0x54, 0x00, 0x22, 0x54, 0x00, 0x22, 0x54, 
    0x00, 0x22, 0x54, 0x00, 0x22, 0x54, 0x00, 0x22, 0x54, 0x00, 0x22, 0x54, 
    0x00, 0x22, 0x54, 0x00, 0x22, 0x54, 0x00, 0x22, 0x54, 0x00, 0x22, 0x54, 
    0x00, 0x22, 0x54, 0x00, 0x22, 0x54, 0x00, 0x22, 0x54, 0x00, 0x22, 0x54, 
    0x00, 0x22, 0x54, 0x00, 0x22, 0x54, 0x00, 0x22, 0x54, 0x00, 0x22, 0x54, 
    0x00, 0x22, 0x54, 0x00, 0x22, 0x54, 0x00, 0x22, 0x54, 0x00, 0x22, 0x54, 
    0x00, 0x22, 0x54, 0x00, 0x22, 0x54, 0x00, 0x29, 0x53, 0x00, 0x24, 0x46, 
    0x00, 0x18, 0x3C, 0x04, 0x2B, 0x4D, 0x33, 0x47, 0x3A, 0x37, 0x4A, 0x3A, 
    0x36, 0x49, 0x3A, 0x36, 0x49, 0x3A, 0x36, 0x49, 0x3A, 0x36, 0x49, 0x3A, 
    0x36, 0x49, 0x3A, 0x36, 0x49, 0x3A, 0x36, 0x49, 0x3A, 0x36, 0x49, 0x3A, 
    0x36, 0x49, 0x3A, 0x36, 0x49, 0x3A, 0x36, 0x49, 0x3A, 0x36, 0x49, 0x3A, 
    0x36, 0x49, 0x3A, 0x36, 0x49, 0x3A, 0x36, 0x49, 0x3A, 0x36, 0x49, 0x3A, 
    0x36, 0x49, 0x3A, 0x36, 0x49, 0x3A, 0x36, 0x49, 0x3A, 0x36, 0x49, 0x3A, 
    0x36, 0x49, 0x3A, 0x36, 0x49, 0x3A, 0x36, 0x49, 0x3A, 0x35, 0x48, 0x3B, 
    0x39, 0x4B, 0x3A, 0x28, 0x3F, 0x3D, 0x00, 0x27, 0x52, 0x00, 0x18, 0x2E, 
    0x00, 0x00, 0x00, 0x00, 0x01, 0x01, 0x00, 0x00, 0x00, 0x00, 0x00, 0x00, 
    0x00, 0x00, 0x00, 0x00, 0x00, 0x00, 0x00, 0x00, 0x00, 0x00, 0x00, 0x00, 
    0x00, 0x00, 0x00, 0x00, 0x00, 0x00, 0x00, 0x00, 0x00, 0x00, 0x00, 0x00, 
    0x00, 0x00, 0x00, 0x00, 0x00, 0x00, 0x00, 0x00, 0x00, 0x00, 0x00, 0x00, 
    0x00, 0x00, 0x00, 0x00, 0x00, 0x00, 0x00, 0x00, 0x00, 0x00, 0x00, 0x00, 
    0x00, 0x00, 0x00, 0x00, 0x00, 0x00, 0x00, 0x00, 0x00, 0x00, 0x00, 0x00, 
    0x00, 0x00, 0x00, 0x00, 0x00, 0x00, 0x00, 0x00, 0x00, 0x00, 0x00, 0x00, 
    0x00, 0x00, 0x00, 0x00, 0x00, 0x00, 0x00, 0x00, 0x00, 0x00, 0x00, 0x00, 
    0x00, 0x00, 0x00, 0x00, 0x00, 0x00, 0x00, 0x01, 0x01, 0x00, 0x00, 0x00, 
    0x01, 0x10, 0x1D, 0x00, 0x27, 0x53, 0x1C, 0x38, 0x41, 0x39, 0x4C, 0x3A, 
    0x35, 0x48, 0x3B, 0x36, 0x49, 0x3A, 0x36, 0x49, 0x3A, 0x36, 0x49, 0x3A, 
    0x36, 0x49, 0x3A, 0x36, 0x49, 0x3A, 0x36, 0x49, 0x3A, 0x36, 0x49, 0x3A, 
    0x36, 0x49, 0x3A, 0x36, 0x49, 0x3A, 0x36, 0x49, 0x3A, 0x36, 0x49, 0x3A, 
    0x36, 0x49, 0x3A, 0x36, 0x49, 0x3A, 0x36, 0x49, 0x3A, 0x36, 0x49, 0x3A, 
    0x36, 0x49, 0x3A, 0x36, 0x49, 0x3A, 0x36, 0x49, 0x3A, 0x36, 0x49, 0x3A, 
    0x36, 0x49, 0x3A, 0x36, 0x49, 0x3A, 0x36, 0x49, 0x3A, 0x36, 0x49, 0x3A, 
    0x36, 0x49, 0x3A, 0x38, 0x4A, 0x3A, 0x0C, 0x2F, 0x49, 0x00, 0x20, 0x43, 
    0x00, 0x16, 0x3E, 0x13, 0x34, 0x49, 0xED, 0xBD, 0x02, 0xFF, 0xCA, 0x00, 
    0xFB, 0xC6, 0x00, 0xFC, 0xC7, 0x00, 0xFC, 0xC7, 0x00, 0xFC, 0xC7, 0x00, 
    0xFC, 0xC7, 0x00, 0xFC, 0xC7, 0x00, 0xFC, 0xC7, 0x00, 0xFC, 0xC7, 0x00, 
    0xFC, 0xC7, 0x00, 0xFC, 0xC7, 0x00, 0xFC, 0xC7, 0x00, 0xFC, 0xC7, 0x00, 
    0xFC, 0xC7, 0x00, 0xFC, 0xC7, 0x00, 0xFC, 0xC7, 0x00, 0xFC, 0xC7, 0x00, 
    0xFC, 0xC7, 0x00, 0xFC, 0xC7, 0x00, 0xFC, 0xC7, 0x00, 0xFC, 0xC7, 0x00, 
    0xFC, 0xC7, 0x00, 0xFC, 0xC7, 0x00, 0xFC, 0xC7, 0x00, 0xFB, 0xC7, 0x00, 
    0xFE, 0xC9, 0x00, 0xF0, 0xC0, 0x02, 0x1F, 0x3B, 0x43, 0x01, 0x22, 0x4E, 
    0x02, 0x07, 0x0B, 0x00, 0x00, 0x00, 0x00, 0x00, 0x01, 0x00, 0x00, 0x00, 
    0x00, 0x00, 0x00, 0x00, 0x00, 0x00, 0x00, 0x00, 0x00, 0x00, 0x00, 0x00, 
    0x00, 0x00, 0x00, 0x00, 0x00, 0x00, 0x00, 0x00, 0x00, 0x00, 0x00, 0x00, 
    0x00, 0x00, 0x00, 0x00, 0x00, 0x00, 0x00, 0x00, 0x00, 0x00, 0x00, 0x00, 
    0x00, 0x00, 0x00, 0x00, 0x00, 0x00, 0x00, 0x00, 0x00, 0x00, 0x00, 0x00, 
    0x00, 0x00, 0x00, 0x00, 0x00, 0x00, 0x00, 0x00, 0x00, 0x00, 0x00, 0x00, 
    0x00, 0x00, 0x00, 0x00, 0x00, 0x00, 0x00, 0x00, 0x00, 0x00, 0x00, 0x00, 
    0x00, 0x00, 0x00, 0x00, 0x00, 0x00, 0x00, 0x00, 0x00, 0x00, 0x00, 0x00, 
    0x00, 0x00, 0x00, 0x00, 0x00, 0x00, 0x00, 0x00, 0x00, 0x01, 0x02, 0x03, 
    0x02, 0x21, 0x43, 0x06, 0x29, 0x4E, 0xD0, 0xAB, 0x0B, 0xFF, 0xCD, 0x00, 
    0xFA, 0xC6, 0x00, 0xFC, 0xC7, 0x00, 0xFC, 0xC7, 0x00, 0xFC, 0xC7, 0x00, 
    0xFC, 0xC7, 0x00, 0xFC, 0xC7, 0x00, 0xFC, 0xC7, 0x00, 0xFC, 0xC7, 0x00, 
    0xFC, 0xC7, 0x00, 0xFC, 0xC7, 0x00, 0xFC, 0xC7, 0x00, 0xFC, 0xC7, 0x00, 
    0xFC, 0xC7, 0x00, 0xFC, 0xC7, 0x00, 0xFC, 0xC7, 0x00, 0xFC, 0xC7, 0x00, 
    0xFC, 0xC7, 0x00, 0xFC, 0xC7, 0x00, 0xFC, 0xC7, 0x00, 0xFC, 0xC7, 0x00, 
    0xFC, 0xC7, 0x00, 0xFC, 0xC7, 0x00, 0xFC, 0xC7, 0x00, 0xFC, 0xC7, 0x00, 
    0xFA, 0xC6, 0x00, 0xFF, 0xCD, 0x00, 0x3A, 0x4C, 0x3B, 0x00, 0x1A, 0x47, 
    0x00, 0x16, 0x3E, 0x12, 0x34, 0x49, 0xE6, 0xB8, 0x04, 0xF8, 0xC5, 0x00, 
    0xF3, 0xC1, 0x00, 0xF4, 0xC2, 0x00, 0xF4, 0xC2, 0x00, 0xF4, 0xC2, 0x00, 
    0xF4, 0xC2, 0x00, 0xF4, 0xC2, 0x00, 0xF4, 0xC2, 0x00, 0xF4, 0xC2, 0x00, 
    0xF4, 0xC2, 0x00, 0xF4, 0xC2, 0x00, 0xF4, 0xC2, 0x00, 0xF4, 0xC2, 0x00, 
    0xF4, 0xC2, 0x00, 0xF4, 0xC2, 0x00, 0xF4, 0xC2, 0x00, 0xF4, 0xC2, 0x00, 
    0xF4, 0xC2, 0x00, 0xF4, 0xC2, 0x00, 0xF4, 0xC2, 0x00, 0xF4, 0xC2, 0x00, 
    0xF4, 0xC2, 0x00, 0xF4, 0xC2, 0x00, 0xF4, 0xC2, 0x00, 0xF4, 0xC2, 0x00, 
    0xF0, 0xC0, 0x01, 0xFF, 0xCE, 0x00, 0x96, 0x86, 0x1C, 0x00, 0x1F, 0x56, 
    0x03, 0x1C, 0x30, 0x00, 0x00, 0x00, 0x00, 0x01, 0x01, 0x00, 0x00, 0x00, 
    0x00, 0x00, 0x00, 0x00, 0x00, 0x00, 0x00, 0x00, 0x00, 0x00, 0x00, 0x00, 
    0x00, 0x00, 0x00, 0x00, 0x00, 0x00, 0x00, 0x00, 0x00, 0x00, 0x00, 0x00, 
    0x00, 0x00, 0x00, 0x00, 0x00, 0x00, 0x00, 0x00, 0x00, 0x00, 0x00, 0x00, 
    0x00, 0x00, 0x00, 0x00, 0x00, 0x00, 0x00, 0x00, 0x00, 0x00, 0x00, 0x00, 
    0x00, 0x00, 0x00, 0x00, 0x00, 0x00, 0x00, 0x00, 0x00, 0x00, 0x00, 0x00, 
    0x00, 0x00, 0x00, 0x00, 0x00, 0x00, 0x00, 0x00, 0x00, 0x00, 0x00, 0x00, 
    0x00, 0x00, 0x00, 0x00, 0x00, 0x00, 0x00, 0x00, 0x00, 0x00, 0x00, 0x00, 
    0x00, 0x00, 0x00, 0x00, 0x01, 0x01, 0x00, 0x00, 0x00, 0x04, 0x13, 0x20, 
    0x00, 0x1F, 0x57, 0x62, 0x65, 0x2C, 0xFF, 0xCE, 0x00, 0xF0, 0xC0, 0x01, 
    0xF4, 0xC2, 0x00, 0xF4, 0xC2, 0x00, 0xF4, 0xC2, 0x00, 0xF4, 0xC2, 0x00, 
    0xF4, 0xC2, 0x00, 0xF4, 0xC2, 0x00, 0xF4, 0xC2, 0x00, 0xF4, 0xC2, 0x00, 
    0xF4, 0xC2, 0x00, 0xF4, 0xC2, 0x00, 0xF4, 0xC2, 0x00, 0xF4, 0xC2, 0x00, 
    0xF4, 0xC2, 0x00, 0xF4, 0xC2, 0x00, 0xF4, 0xC2, 0x00, 0xF4, 0xC2, 0x00, 
    0xF4, 0xC2, 0x00, 0xF4, 0xC2, 0x00, 0xF4, 0xC2, 0x00, 0xF4, 0xC2, 0x00, 
    0xF4, 0xC2, 0x00, 0xF4, 0xC2, 0x00, 0xF4, 0xC2, 0x00, 0xF4, 0xC2, 0x00, 
    0xF2, 0xC1, 0x00, 0xFD, 0xC8, 0x00, 0x38, 0x4B, 0x3C, 0x00, 0x1A, 0x47, 
    0x00, 0x16, 0x3E, 0x12, 0x34, 0x49, 0xE7, 0xB9, 0x04, 0xF9, 0xC6, 0x00, 
    0xF4, 0xC2, 0x00, 0xF5, 0xC3, 0x00, 0xF5, 0xC3, 0x00, 0xF5, 0xC3, 0x00, 
    0xF5, 0xC3, 0x00, 0xF5, 0xC3, 0x00, 0xF5, 0xC3, 0x00, 0xF5, 0xC3, 0x00, 
    0xF5, 0xC3, 0x00, 0xF5, 0xC3, 0x00, 0xF5, 0xC3, 0x00, 0xF5, 0xC3, 0x00, 
    0xF5, 0xC3, 0x00, 0xF5, 0xC3, 0x00, 0xF5, 0xC3, 0x00, 0xF5, 0xC3, 0x00, 
    0xF5, 0xC3, 0x00, 0xF5, 0xC3, 0x00, 0xF5, 0xC3, 0x00, 0xF5, 0xC3, 0x00, 
    0xF5, 0xC3, 0x00, 0xF5, 0xC3, 0x00, 0xF5, 0xC3, 0x00, 0xF5, 0xC3, 0x00, 
    0xF4, 0xC3, 0x00, 0xF5, 0xC3, 0x01, 0xF4, 0xC3, 0x02, 0x26, 0x40, 0x40, 
    0x01, 0x22, 0x50, 0x02, 0x08, 0x0D, 0x00, 0x00, 0x00, 0x00, 0x00, 0x01, 
    0x00, 0x00, 0x00, 0x00, 0x00, 0x00, 0x00, 0x00, 0x00, 0x00, 0x00, 0x00, 
    0x00, 0x00, 0x00, 0x00, 0x00, 0x00, 0x00, 0x00, 0x00, 0x00, 0x00, 0x00, 
    0x00, 0x00, 0x00, 0x00, 0x00, 0x00, 0x00, 0x00, 0x00, 0x00, 0x00, 0x00, 
    0x00, 0x00, 0x00, 0x00, 0x00, 0x00, 0x00, 0x00, 0x00, 0x00, 0x00, 0x00, 
    0x00, 0x00, 0x00, 0x00, 0x00, 0x00, 0x00, 0x00, 0x00, 0x00, 0x00, 0x00, 
    0x00, 0x00, 0x00, 0x00, 0x00, 0x00, 0x00, 0x00, 0x00, 0x00, 0x00, 0x00, 
    0x00, 0x00, 0x00, 0x00, 0x00, 0x00, 0x00, 0x00, 0x00, 0x00, 0x00, 0x00, 
    0x00, 0x00, 0x00, 0x00, 0x00, 0x00, 0x01, 0x03, 0x04, 0x02, 0x22, 0x45, 
    0x0A, 0x2C, 0x4C, 0xD9, 0xB1, 0x08, 0xFA, 0xC7, 0x00, 0xF3, 0xC2, 0x01, 
    0xF5, 0xC3, 0x00, 0xF5, 0xC3, 0x00, 0xF5, 0xC3, 0x00, 0xF5, 0xC3, 0x00, 
    0xF5, 0xC3, 0x00, 0xF5, 0xC3, 0x00, 0xF5, 0xC3, 0x00, 0xF5, 0xC3, 0x00, 
    0xF5, 0xC3, 0x00, 0xF5, 0xC3, 0x00, 0xF5, 0xC3, 0x00, 0xF5, 0xC3, 0x00, 
    0xF5, 0xC3, 0x00, 0xF5, 0xC3, 0x00, 0xF5, 0xC3, 0x00, 0xF5, 0xC3, 0x00, 
    0xF5, 0xC3, 0x00, 0xF5, 0xC3, 0x00, 0xF5, 0xC3, 0x00, 0xF5, 0xC3, 0x00, 
    0xF5, 0xC3, 0x00, 0xF5, 0xC3, 0x00, 0xF5, 0xC3, 0x00, 0xF5, 0xC3, 0x00, 
    0xF3, 0xC2, 0x00, 0xFE, 0xC9, 0x00, 0x38, 0x4B, 0x3C, 0x00, 0x1A, 0x47, 
    0x00, 0x16, 0x3E, 0x12, 0x34, 0x49, 0xE7, 0xB9, 0x04, 0xF9, 0xC6, 0x00, 
    0xF4, 0xC2, 0x00, 0xF5, 0xC3, 0x00, 0xF5, 0xC3, 0x00, 0xF5, 0xC3, 0x00, 
    0xF5, 0xC3, 0x00, 0xF5, 0xC3, 0x00, 0xF5, 0xC3, 0x00, 0xF5, 0xC3, 0x00, 
    0xF5, 0xC3, 0x00, 0xF5, 0xC3, 0x00, 0xF5, 0xC3, 0x00, 0xF5, 0xC3, 0x00, 
    0xF5, 0xC3, 0x00, 0xF5, 0xC3, 0x00, 0xF5, 0xC3, 0x00, 0xF5, 0xC3, 0x00, 
    0xF5, 0xC3, 0x00, 0xF5, 0xC3, 0x00, 0xF5, 0xC3, 0x00, 0xF5, 0xC3, 0x00, 
    0xF5, 0xC3, 0x00, 0xF5, 0xC3, 0x00, 0xF5, 0xC3, 0x00, 0xF5, 0xC3, 0x00, 
    0xF5, 0xC3, 0x00, 0xF1, 0xC0, 0x01, 0xFF, 0xCD, 0x00, 0xA0, 0x8C, 0x19, 
    0x00, 0x20, 0x56, 0x03, 0x1D, 0x33, 0x00, 0x00, 0x00, 0x00, 0x01, 0x01, 
    0x00, 0x00, 0x00, 0x00, 0x00, 0x00, 0x00, 0x00, 0x00, 0x00, 0x00, 0x00, 
    0x00, 0x00, 0x00, 0x00, 0x00, 0x00, 0x00, 0x00, 0x00, 0x00, 0x00, 0x00, 
    0x00, 0x00, 0x00, 0x00, 0x00, 0x00, 0x00, 0x00, 0x00, 0x00, 0x00, 0x00, 
    0x00, 0x00, 0x00, 0x00, 0x00, 0x00, 0x00, 0x00, 0x00, 0x00, 0x00, 0x00, 
    0x00, 0x00, 0x00, 0x00, 0x00, 0x00, 0x00, 0x00, 0x00, 0x00, 0x00, 0x00, 
    0x00, 0x00, 0x00, 0x00, 0x00, 0x00, 0x00, 0x00, 0x00, 0x00, 0x00, 0x00, 
    0x00, 0x00, 0x00, 0x00, 0x00, 0x00, 0x00, 0x00, 0x00, 0x00, 0x00, 0x00, 
    0x00, 0x01, 0x01, 0x00, 0x00, 0x00, 0x04, 0x15, 0x23, 0x00, 0x1E, 0x58, 
    0x6C, 0x6C, 0x29, 0xFF, 0xCE, 0x00, 0xF1, 0xC0, 0x01, 0xF5, 0xC3, 0x00, 
    0xF5, 0xC3, 0x00, 0xF5, 0xC3, 0x00, 0xF5, 0xC3, 0x00, 0xF5, 0xC3, 0x00, 
    0xF5, 0xC3, 0x00, 0xF5, 0xC3, 0x00, 0xF5, 0xC3, 0x00, 0xF5, 0xC3, 0x00, 
    0xF5, 0xC3, 0x00, 0xF5, 0xC3, 0x00, 0xF5, 0xC3, 0x00, 0xF5, 0xC3, 0x00, 
    0xF5, 0xC3, 0x00, 0xF5, 0xC3, 0x00, 0xF5, 0xC3, 0x00, 0xF5, 0xC3, 0x00, 
    0xF5, 0xC3, 0x00, 0xF5, 0xC3, 0x00, 0xF5, 0xC3, 0x00, 0xF5, 0xC3, 0x00, 
    0xF5, 0xC3, 0x00, 0xF5, 0xC3, 0x00, 0xF5, 0xC3, 0x00, 0xF5, 0xC3, 0x00, 
    0xF3, 0xC2, 0x00, 0xFE, 0xC9, 0x00, 0x38, 0x4B, 0x3C, 0x00, 0x1A, 0x47, 
    0x00, 0x16, 0x3E, 0x12, 0x34, 0x49, 0xE7, 0xB9, 0x04, 0xF9, 0xC6, 0x00, 
    0xF4, 0xC2, 0x00, 0xF5, 0xC3, 0x00, 0xF5, 0xC3, 0x00, 0xF5, 0xC3, 0x00, 
    0xF5, 0xC3, 0x00, 0xF5, 0xC3, 0x00, 0xF5, 0xC3, 0x00, 0xF5, 0xC3, 0x00, 
    0xF5, 0xC3, 0x00, 0xF5, 0xC3, 0x00, 0xF5, 0xC3, 0x00, 0xF5, 0xC3, 0x00, 
    0xF5, 0xC3, 0x00, 0xF5, 0xC3, 0x00, 0xF5, 0xC3, 0x00, 0xF5, 0xC3, 0x00, 
    0xF5, 0xC3, 0x00, 0xF5, 0xC3, 0x00, 0xF5, 0xC3, 0x00, 0xF5, 0xC3, 0x00, 
    0xF5, 0xC3, 0x00, 0xF5, 0xC3, 0x00, 0xF5, 0xC3, 0x00, 0xF5, 0xC3, 0x00, 
    0xF5, 0xC3, 0x00, 0xF5, 0xC3, 0x00, 0xF5, 0xC2, 0x01, 0xF7, 0xC6, 0x01, 
    0x2E, 0x45, 0x3D, 0x01, 0x21, 0x52, 0x03, 0x0A, 0x0F, 0x00, 0x00, 0x00, 
    0x00, 0x00, 0x01, 0x00, 0x00, 0x00, 0x00, 0x00, 0x00, 0x00, 0x00, 0x00, 
    0x00, 0x00, 0x00, 0x00, 0x00, 0x00, 0x00, 0x00, 0x00, 0x00, 0x00, 0x00, 
    0x00, 0x00, 0x00, 0x00, 0x00, 0x00, 0x00, 0x00, 0x00, 0x00, 0x00, 0x00, 
    0x00, 0x00, 0x00, 0x00, 0x00, 0x00, 0x00, 0x00, 0x00, 0x00, 0x00, 0x00, 
    0x00, 0x00, 0x00, 0x00, 0x00, 0x00, 0x00, 0x00, 0x00, 0x00, 0x00, 0x00, 
    0x00, 0x00, 0x00, 0x00, 0x00, 0x00, 0x00, 0x00, 0x00, 0x00, 0x00, 0x00, 
    0x00, 0x00, 0x00, 0x00, 0x00, 0x00, 0x00, 0x00, 0x00, 0x00, 0x00, 0x00, 
    0x00, 0x00, 0x00, 0x01, 0x04, 0x05, 0x01, 0x22, 0x48, 0x0F, 0x2F, 0x4A, 
    0xE0, 0xB5, 0x07, 0xF9, 0xC6, 0x00, 0xF3, 0xC2, 0x00, 0xF5, 0xC3, 0x00, 
    0xF5, 0xC3, 0x00, 0xF5, 0xC3, 0x00, 0xF5, 0xC3, 0x00, 0xF5, 0xC3, 0x00, 
    0xF5, 0xC3, 0x00, 0xF5, 0xC3, 0x00, 0xF5, 0xC3, 0x00, 0xF5, 0xC3, 0x00, 
    0xF5, 0xC3, 0x00, 0xF5, 0xC3, 0x00, 0xF5, 0xC3, 0x00, 0xF5, 0xC3, 0x00, 
    0xF5, 0xC3, 0x00, 0xF5, 0xC3, 0x00, 0xF5, 0xC3, 0x00, 0xF5, 0xC3, 0x00, 
    0xF5, 0xC3, 0x00, 0xF5, 0xC3, 0x00, 0xF5, 0xC3, 0x00, 0xF5, 0xC3, 0x00, 
    0xF5, 0xC3, 0x00, 0xF5, 0xC3, 0x00, 0xF5, 0xC3, 0x00, 0xF5, 0xC3, 0x00, 
    0xF3, 0xC2, 0x00, 0xFE, 0xC9, 0x00, 0x38, 0x4B, 0x3C, 0x00, 0x1A, 0x47, 
    0x00, 0x16, 0x3E, 0x12, 0x34, 0x49, 0xE7, 0xB9, 0x04, 0xF9, 0xC6, 0x00, 
    0xF4, 0xC2, 0x00, 0xF5, 0xC3, 0x00, 0xF5, 0xC3, 0x00, 0xF5, 0xC3, 0x00, 
    0xF5, 0xC3, 0x00, 0xF5, 0xC3, 0x00, 0xF5, 0xC3, 0x00, 0xF5, 0xC3, 0x00, 
    0xF5, 0xC3, 0x00, 0xF5, 0xC3, 0x00, 0xF5, 0xC3, 0x00, 0xF5, 0xC3, 0x00, 
    0xF5, 0xC3, 0x00, 0xF5, 0xC3, 0x00, 0xF5, 0xC3, 0x00, 0xF5, 0xC3, 0x00, 
    0xF5, 0xC3, 0x00, 0xF5, 0xC3, 0x00, 0xF5, 0xC3, 0x00, 0xF5, 0xC3, 0x00, 
    0xF5, 0xC3, 0x00, 0xF5, 0xC3, 0x00, 0xF5, 0xC3, 0x00, 0xF5, 0xC3, 0x00, 
    0xF5, 0xC3, 0x00, 0xF5, 0xC3, 0x00, 0xF1, 0xC1, 0x01, 0xFF, 0xCC, 0x00, 
    0xAA, 0x92, 0x16, 0x00, 0x21, 0x55, 0x03, 0x1E, 0x36, 0x00, 0x00, 0x00, 
    0x00, 0x00, 0x01, 0x00, 0x00, 0x00, 0x00, 0x00, 0x00, 0x00, 0x00, 0x00, 
    0x00, 0x00, 0x00, 0x00, 0x00, 0x00, 0x00, 0x00, 0x00, 0x00, 0x00, 0x00, 
    0x00, 0x00, 0x00, 0x00, 0x00, 0x00, 0x00, 0x00, 0x00, 0x00, 0x00, 0x00, 
    0x00, 0x00, 0x00, 0x00, 0x00, 0x00, 0x00, 0x00, 0x00, 0x00, 0x00, 0x00, 
    0x00, 0x00, 0x00, 0x00, 0x00, 0x00, 0x00, 0x00, 0x00, 0x00, 0x00, 0x00, 
    0x00, 0x00, 0x00, 0x00, 0x00, 0x00, 0x00, 0x00, 0x00, 0x00, 0x00, 0x00, 
    0x00, 0x00, 0x00, 0x00, 0x00, 0x00, 0x00, 0x00, 0x00, 0x00, 0x01, 0x01, 
    0x00, 0x00, 0x00, 0x04, 0x17, 0x26, 0x00, 0x1E, 0x57, 0x78, 0x73, 0x25, 
    0xFF, 0xCF, 0x00, 0xF1, 0xC0, 0x01, 0xF5, 0xC3, 0x00, 0xF5, 0xC3, 0x00, 
    0xF5, 0xC3, 0x00, 0xF5, 0xC3, 0x00, 0xF5, 0xC3, 0x00, 0xF5, 0xC3, 0x00, 
    0xF5, 0xC3, 0x00, 0xF5, 0xC3, 0x00, 0xF5, 0xC3, 0x00, 0xF5, 0xC3, 0x00, 
    0xF5, 0xC3, 0x00, 0xF5, 0xC3, 0x00, 0xF5, 0xC3, 0x00, 0xF5, 0xC3, 0x00, 
    0xF5, 0xC3, 0x00, 0xF5, 0xC3, 0x00, 0xF5, 0xC3, 0x00, 0xF5, 0xC3, 0x00, 
    0xF5, 0xC3, 0x00, 0xF5, 0xC3, 0x00, 0xF5, 0xC3, 0x00, 0xF5, 0xC3, 0x00, 
    0xF5, 0xC3, 0x00, 0xF5, 0xC3, 0x00, 0xF5, 0xC3, 0x00, 0xF5, 0xC3, 0x00, 
    0xF3, 0xC2, 0x00, 0xFE, 0xC9, 0x00, 0x38, 0x4B, 0x3C, 0x00, 0x1A, 0x47, 
    0x00, 0x16, 0x3E, 0x12, 0x34, 0x49, 0xE7, 0xB9, 0x04, 0xF9, 0xC6, 0x00, 
    0xF4, 0xC2, 0x00, 0xF5, 0xC3, 0x00, 0xF5, 0xC3, 0x00, 0xF5, 0xC3, 0x00, 
    0xF5, 0xC3, 0x00, 0xF5, 0xC3, 0x00, 0xF5, 0xC3, 0x00, 0xF5, 0xC3, 0x00, 
    0xF5, 0xC3, 0x00, 0xF5, 0xC3, 0x00, 0xF5, 0xC3, 0x00, 0xF5, 0xC3, 0x00, 
    0xF5, 0xC3, 0x00, 0xF5, 0xC3, 0x00, 0xF5, 0xC3, 0x00, 0xF5, 0xC3, 0x00, 
    0xF5, 0xC3, 0x00, 0xF5, 0xC3, 0x00, 0xF5, 0xC3, 0x00, 0xF5, 0xC3, 0x00, 
    0xF5, 0xC3, 0x00, 0xF5, 0xC3, 0x00, 0xF5, 0xC3, 0x00, 0xF5, 0xC3, 0x00, 
    0xF5, 0xC3, 0x00, 0xF5, 0xC3, 0x00, 0xF5, 0xC3, 0x00, 0xF4, 0xC2, 0x01, 
    0xFA, 0xC8, 0x00, 0x36, 0x4A, 0x3A, 0x00, 0x21, 0x53, 0x03, 0x0B, 0x12, 
    0x00, 0x00, 0x00, 0x00, 0x01, 0x01, 0x00, 0x00, 0x00, 0x00, 0x00, 0x00, 
    0x00, 0x00, 0x00, 0x00, 0x00, 0x00, 0x00, 0x00, 0x00, 0x00, 0x00, 0x00, 
    0x00, 0x00, 0x00, 0x00, 0x00, 0x00, 0x00, 0x00, 0x00, 0x00, 0x00, 0x00, 
    0x00, 0x00, 0x00, 0x00, 0x00, 0x00, 0x00, 0x00, 0x00, 0x00, 0x00, 0x00, 
    0x00, 0x00, 0x00, 0x00, 0x00, 0x00, 0x00, 0x00, 0x00, 0x00, 0x00, 0x00, 
    0x00, 0x00, 0x00, 0x00, 0x00, 0x00, 0x00, 0x00, 0x00, 0x00, 0x00, 0x00, 
    0x00, 0x00, 0x00, 0x00, 0x00, 0x00, 0x00, 0x00, 0x00, 0x00, 0x00, 0x00, 
    0x01, 0x05, 0x07, 0x01, 0x22, 0x4B, 0x14, 0x33, 0x47, 0xE6, 0xB9, 0x05, 
    0xF8, 0xC6, 0x00, 0xF4, 0xC2, 0x00, 0xF5, 0xC3, 0x00, 0xF5, 0xC3, 0x00, 
    0xF5, 0xC3, 0x00, 0xF5, 0xC3, 0x00, 0xF5, 0xC3, 0x00, 0xF5, 0xC3, 0x00, 
    0xF5, 0xC3, 0x00, 0xF5, 0xC3, 0x00, 0xF5, 0xC3, 0x00, 0xF5, 0xC3, 0x00, 
    0xF5, 0xC3, 0x00, 0xF5, 0xC3, 0x00, 0xF5, 0xC3, 0x00, 0xF5, 0xC3, 0x00, 
    0xF5, 0xC3, 0x00, 0xF5, 0xC3, 0x00, 0xF5, 0xC3, 0x00, 0xF5, 0xC3, 0x00, 
    0xF5, 0xC3, 0x00, 0xF5, 0xC3, 0x00, 0xF5, 0xC3, 0x00, 0xF5, 0xC3, 0x00, 
    0xF5, 0xC3, 0x00, 0xF5, 0xC3, 0x00, 0xF5, 0xC3, 0x00, 0xF5, 0xC3, 0x00, 
    0xF3, 0xC2, 0x00, 0xFE, 0xC9, 0x00, 0x38, 0x4B, 0x3C, 0x00, 0x1A, 0x47, 
    0x00, 0x16, 0x3E, 0x12, 0x34, 0x49, 0xE7, 0xB9, 0x04, 0xF9, 0xC6, 0x00, 
    0xF4, 0xC2, 0x00, 0xF5, 0xC3, 0x00, 0xF5, 0xC3, 0x00, 0xF5, 0xC3, 0x00, 
    0xF5, 0xC3, 0x00, 0xF5, 0xC3, 0x00, 0xF5, 0xC3, 0x00, 0xF5, 0xC3, 0x00, 
    0xF5, 0xC3, 0x00, 0xF5, 0xC3, 0x00, 0xF5, 0xC3, 0x00, 0xF5, 0xC3, 0x00, 
    0xF5, 0xC3, 0x00, 0xF5, 0xC3, 0x00, 0xF5, 0xC3, 0x00, 0xF5, 0xC3, 0x00, 
    0xF5, 0xC3, 0x00, 0xF5, 0xC3, 0x00, 0xF5, 0xC3, 0x00, 0xF5, 0xC3, 0x00, 
    0xF5, 0xC3, 0x00, 0xF5, 0xC3, 0x00, 0xF5, 0xC3, 0x00, 0xF5, 0xC3, 0x00, 
    0xF5, 0xC3, 0x00, 0xF5, 0xC3, 0x00, 0xF5, 0xC3, 0x00, 0xF2, 0xC1, 0x01, 
    0xFF, 0xCC, 0x00, 0xB3, 0x98, 0x13, 0x00, 0x22, 0x53, 0x03, 0x1F, 0x39, 
    0x00, 0x00, 0x00, 0x00, 0x00, 0x01, 0x00, 0x00, 0x00, 0x00, 0x00, 0x00, 
    0x00, 0x00, 0x00, 0x00, 0x00, 0x00, 0x00, 0x00, 0x00, 0x00, 0x00, 0x00, 
    0x00, 0x00, 0x00, 0x00, 0x00, 0x00, 0x00, 0x00, 0x00, 0x00, 0x00, 0x00, 
    0x00, 0x00, 0x00, 0x00, 0x00, 0x00, 0x00, 0x00, 0x00, 0x00, 0x00, 0x00, 
    0x00, 0x00, 0x00, 0x00, 0x00, 0x00, 0x00, 0x00, 0x00, 0x00, 0x00, 0x00, 
    0x00, 0x00, 0x00, 0x00, 0x00, 0x00, 0x00, 0x00, 0x00, 0x00, 0x00, 0x00, 
    0x00, 0x00, 0x00, 0x00, 0x00, 0x00, 0x00, 0x01, 0x01, 0x00, 0x00, 0x00, 
    0x03, 0x19, 0x29, 0x00, 0x1E, 0x57, 0x82, 0x79, 0x22, 0xFF, 0xCE, 0x00, 
    0xF1, 0xC0, 0x01, 0xF5, 0xC3, 0x00, 0xF5, 0xC3, 0x00, 0xF5, 0xC3, 0x00, 
    0xF5, 0xC3, 0x00, 0xF5, 0xC3, 0x00, 0xF5, 0xC3, 0x00, 0xF5, 0xC3, 0x00, 
    0xF5, 0xC3, 0x00, 0xF5, 0xC3, 0x00, 0xF5, 0xC3, 0x00, 0xF5, 0xC3, 0x00, 
    0xF5, 0xC3, 0x00, 0xF5, 0xC3, 0x00, 0xF5, 0xC3, 0x00, 0xF5, 0xC3, 0x00, 
    0xF5, 0xC3, 0x00, 0xF5, 0xC3, 0x00, 0xF5, 0xC3, 0x00, 0xF5, 0xC3, 0x00, 
    0xF5, 0xC3, 0x00, 0xF5, 0xC3, 0x00, 0xF5, 0xC3, 0x00, 0xF5, 0xC3, 0x00, 
    0xF5, 0xC3, 0x00, 0xF5, 0xC3, 0x00, 0xF5, 0xC3, 0x00, 0xF5, 0xC3, 0x00, 
    0xF3, 0xC2, 0x00, 0xFE, 0xC9, 0x00, 0x38, 0x4B, 0x3C, 0x00, 0x1A, 0x47, 
    0x00, 0x16, 0x3E, 0x12, 0x34, 0x49, 0xE7, 0xB9, 0x04, 0xF9, 0xC6, 0x00, 
    0xF4, 0xC2, 0x00, 0xF5, 0xC3, 0x00, 0xF5, 0xC3, 0x00, 0xF5, 0xC3, 0x00, 
    0xF5, 0xC3, 0x00, 0xF5, 0xC3, 0x00, 0xF5, 0xC3, 0x00, 0xF5, 0xC3, 0x00, 
    0xF5, 0xC3, 0x00, 0xF5, 0xC3, 0x00, 0xF5, 0xC3, 0x00, 0xF5, 0xC3, 0x00, 
    0xF5, 0xC3, 0x00, 0xF5, 0xC3, 0x00, 0xF5, 0xC3, 0x00, 0xF5, 0xC3, 0x00, 
    0xF5, 0xC3, 0x00, 0xF5, 0xC3, 0x00, 0xF5, 0xC3, 0x00, 0xF5, 0xC3, 0x00, 
    0xF5, 0xC3, 0x00, 0xF5, 0xC3, 0x00, 0xF5, 0xC3, 0x00, 0xF5, 0xC3, 0x00, 
    0xF5, 0xC3, 0x00, 0xF5, 0xC3, 0x00, 0xF5, 0xC3, 0x00, 0xF5, 0xC3, 0x00, 
    0xF3, 0xC1, 0x01, 0xFD, 0xCA, 0x00, 0x3F, 0x50, 0x37, 0x00, 0x21, 0x54, 
    0x03, 0x0D, 0x15, 0x00, 0x00, 0x00, 0x00, 0x01, 0x01, 0x00, 0x00, 0x00, 
    0x00, 0x00, 0x00, 0x00, 0x00, 0x00, 0x00, 0x00, 0x00, 0x00, 0x00, 0x00, 
    0x00, 0x00, 0x00, 0x00, 0x00, 0x00, 0x00, 0x00, 0x00, 0x00, 0x00, 0x00, 
    0x00, 0x00, 0x00, 0x00, 0x00, 0x00, 0x00, 0x00, 0x00, 0x00, 0x00, 0x00, 
    0x00, 0x00, 0x00, 0x00, 0x00, 0x00, 0x00, 0x00, 0x00, 0x00, 0x00, 0x00, 
    0x00, 0x00, 0x00, 0x00, 0x00, 0x00, 0x00, 0x00, 0x00, 0x00, 0x00, 0x00, 
    0x00, 0x00, 0x00, 0x00, 0x00, 0x01, 0x00, 0x00, 0x00, 0x02, 0x06, 0x09, 
    0x01, 0x22, 0x4D, 0x1A, 0x37, 0x45, 0xEC, 0xBD, 0x04, 0xF7, 0xC5, 0x00, 
    0xF4, 0xC3, 0x00, 0xF5, 0xC3, 0x00, 0xF5, 0xC3, 0x00, 0xF5, 0xC3, 0x00, 
    0xF5, 0xC3, 0x00, 0xF5, 0xC3, 0x00, 0xF5, 0xC3, 0x00, 0xF5, 0xC3, 0x00, 
    0xF5, 0xC3, 0x00, 0xF5, 0xC3, 0x00, 0xF5, 0xC3, 0x00, 0xF5, 0xC3, 0x00, 
    0xF5, 0xC3, 0x00, 0xF5, 0xC3, 0x00, 0xF5, 0xC3, 0x00, 0xF5, 0xC3, 0x00, 
    0xF5, 0xC3, 0x00, 0xF5, 0xC3, 0x00, 0xF5, 0xC3, 0x00, 0xF5, 0xC3, 0x00, 
    0xF5, 0xC3, 0x00, 0xF5, 0xC3, 0x00, 0xF5, 0xC3, 0x00, 0xF5, 0xC3, 0x00, 
    0xF5, 0xC3, 0x00, 0xF5, 0xC3, 0x00, 0xF5, 0xC3, 0x00, 0xF5, 0xC3, 0x00, 
    0xF3, 0xC2, 0x00, 0xFE, 0xC9, 0x00, 0x38, 0x4B, 0x3C, 0x00, 0x1A, 0x47, 
    0x00, 0x16, 0x3E, 0x12, 0x34, 0x49, 0xE7, 0xB9, 0x04, 0xF9, 0xC6, 0x00, 
    0xF4, 0xC2, 0x00, 0xF5, 0xC3, 0x00, 0xF5, 0xC3, 0x00, 0xF5, 0xC3, 0x00, 
    0xF5, 0xC3, 0x00, 0xF5, 0xC3, 0x00, 0xF5, 0xC3, 0x00, 0xF5, 0xC3, 0x00, 
    0xF5, 0xC3, 0x00, 0xF5, 0xC3, 0x00, 0xF5, 0xC3, 0x00, 0xF5, 0xC3, 0x00, 
    0xF5, 0xC3, 0x00, 0xF5, 0xC3, 0x00, 0xF5, 0xC3, 0x00, 0xF5, 0xC3, 0x00, 
    0xF5, 0xC3, 0x00, 0xF5, 0xC3, 0x00, 0xF5, 0xC3, 0x00, 0xF5, 0xC3, 0x00, 
    0xF5, 0xC3, 0x00, 0xF5, 0xC3, 0x00, 0xF5, 0xC3, 0x00, 0xF5, 0xC3, 0x00, 
    0xF5, 0xC3, 0x00, 0xF5, 0xC3, 0x00, 0xF5, 0xC3, 0x00, 0xF5, 0xC3, 0x00, 
    0xF2, 0xC1, 0x01, 0xFE, 0xCB, 0x00, 0xBC, 0x9E, 0x11, 0x00, 0x23, 0x52, 
    0x02, 0x20, 0x3C, 0x00, 0x00, 0x00, 0x00, 0x00, 0x01, 0x00, 0x00, 0x00, 
    0x00, 0x00, 0x00, 0x00, 0x00, 0x00, 0x00, 0x00, 0x00, 0x00, 0x00, 0x00, 
    0x00, 0x00, 0x00, 0x00, 0x00, 0x00, 0x00, 0x00, 0x00, 0x00, 0x00, 0x00, 
    0x00, 0x00, 0x00, 0x00, 0x00, 0x00, 0x00, 0x00, 0x00, 0x00, 0x00, 0x00, 
    0x00, 0x00, 0x00, 0x00, 0x00, 0x00, 0x00, 0x00, 0x00, 0x00, 0x00, 0x00, 
    0x00, 0x00, 0x00, 0x00, 0x00, 0x00, 0x00, 0x00, 0x00, 0x00, 0x00, 0x00, 
    0x00, 0x00, 0x00, 0x00, 0x01, 0x01, 0x00, 0x00, 0x00, 0x03, 0x1A, 0x2D, 
    0x00, 0x1F, 0x57, 0x8D, 0x80, 0x1F, 0xFF, 0xCE, 0x00, 0xF1, 0xC0, 0x01, 
    0xF5, 0xC3, 0x00, 0xF5, 0xC3, 0x00, 0xF5, 0xC3, 0x00, 0xF5, 0xC3, 0x00, 
    0xF5, 0xC3, 0x00, 0xF5, 0xC3, 0x00, 0xF5, 0xC3, 0x00, 0xF5, 0xC3, 0x00, 
    0xF5, 0xC3, 0x00, 0xF5, 0xC3, 0x00, 0xF5, 0xC3, 0x00, 0xF5, 0xC3, 0x00, 
    0xF5, 0xC3, 0x00, 0xF5, 0xC3, 0x00, 0xF5, 0xC3, 0x00, 0xF5, 0xC3, 0x00, 
    0xF5, 0xC3, 0x00, 0xF5, 0xC3, 0x00, 0xF5, 0xC3, 0x00, 0xF5, 0xC3, 0x00, 
    0xF5, 0xC3, 0x00, 0xF5, 0xC3, 0x00, 0xF5, 0xC3, 0x00, 0xF5, 0xC3, 0x00, 
    0xF5, 0xC3, 0x00, 0xF5, 0xC3, 0x00, 0xF5, 0xC3, 0x00, 0xF5, 0xC3, 0x00, 
    0xF3, 0xC2, 0x00, 0xFE, 0xC9, 0x00, 0x38, 0x4B, 0x3C, 0x00, 0x1A, 0x47, 
    0x00, 0x16, 0x3E, 0x12, 0x34, 0x49, 0xE7, 0xB9, 0x04, 0xF9, 0xC6, 0x00, 
    0xF4, 0xC2, 0x00, 0xF5, 0xC3, 0x00, 0xF5, 0xC3, 0x00, 0xF5, 0xC3, 0x00, 
    0xF5, 0xC3, 0x00, 0xF5, 0xC3, 0x00, 0xF5, 0xC3, 0x00, 0xF5, 0xC3, 0x00, 
    0xF5, 0xC3, 0x00, 0xF5, 0xC3, 0x00, 0xF5, 0xC3, 0x00, 0xF5, 0xC3, 0x00, 
    0xF5, 0xC3, 0x00, 0xF5, 0xC3, 0x00, 0xF5, 0xC3, 0x00, 0xF5, 0xC3, 0x00, 
    0xF5, 0xC3, 0x00, 0xF5, 0xC3, 0x00, 0xF5, 0xC3, 0x00, 0xF5, 0xC3, 0x00, 
    0xF5, 0xC3, 0x00, 0xF5, 0xC3, 0x00, 0xF5, 0xC3, 0x00, 0xF5, 0xC3, 0x00, 
    0xF5, 0xC3, 0x00, 0xF5, 0xC3, 0x00, 0xF5, 0xC3, 0x00, 0xF5, 0xC3, 0x00, 
    0xF5, 0xC3, 0x00, 0xF2, 0xC1, 0x01, 0xFF, 0xCC, 0x00, 0x48, 0x55, 0x34, 
    0x00, 0x20, 0x55, 0x03, 0x0F, 0x18, 0x00, 0x00, 0x00, 0x00, 0x01, 0x01, 
    0x00, 0x00, 0x00, 0x00, 0x00, 0x00, 0x00, 0x00, 0x00, 0x00, 0x00, 0x00, 
    0x00, 0x00, 0x00, 0x00, 0x00, 0x00, 0x00, 0x00, 0x00, 0x00, 0x00, 0x00, 
    0x00, 0x00, 0x00, 0x00, 0x00, 0x00, 0x00, 0x00, 0x00, 0x00, 0x00, 0x00, 
    0x00, 0x00, 0x00, 0x00, 0x00, 0x00, 0x00, 0x00, 0x00, 0x00, 0x00, 0x00, 
    0x00, 0x00, 0x00, 0x00, 0x00, 0x00, 0x00, 0x00, 0x00, 0x00, 0x00, 0x00, 
    0x00, 0x00, 0x01, 0x00, 0x00, 0x00, 0x02, 0x07, 0x0B, 0x01, 0x22, 0x4F, 
    0x20, 0x3C, 0x42, 0xF0, 0xC1, 0x02, 0xF6, 0xC4, 0x00, 0xF4, 0xC3, 0x00, 
    0xF5, 0xC3, 0x00, 0xF5, 0xC3, 0x00, 0xF5, 0xC3, 0x00, 0xF5, 0xC3, 0x00, 
    0xF5, 0xC3, 0x00, 0xF5, 0xC3, 0x00, 0xF5, 0xC3, 0x00, 0xF5, 0xC3, 0x00, 
    0xF5, 0xC3, 0x00, 0xF5, 0xC3, 0x00, 0xF5, 0xC3, 0x00, 0xF5, 0xC3, 0x00, 
    0xF5, 0xC3, 0x00, 0xF5, 0xC3, 0x00, 0xF5, 0xC3, 0x00, 0xF5, 0xC3, 0x00, 
    0xF5, 0xC3, 0x00, 0xF5, 0xC3, 0x00, 0xF5, 0xC3, 0x00, 0xF5, 0xC3, 0x00, 
    0xF5, 0xC3, 0x00, 0xF5, 0xC3, 0x00, 0xF5, 0xC3, 0x00, 0xF5, 0xC3, 0x00, 
    0xF5, 0xC3, 0x00, 0xF5, 0xC3, 0x00, 0xF5, 0xC3, 0x00, 0xF5, 0xC3, 0x00, 
    0xF3, 0xC2, 0x00, 0xFE, 0xC9, 0x00, 0x38, 0x4B, 0x3C, 0x00, 0x1A, 0x47, 
    0x00, 0x16, 0x3E, 0x12, 0x34, 0x49, 0xE7, 0xB9, 0x04, 0xF9, 0xC6, 0x00, 
    0xF4, 0xC2, 0x00, 0xF5, 0xC3, 0x00, 0xF5, 0xC3, 0x00, 0xF5, 0xC3, 0x00, 
    0xF5, 0xC3, 0x00, 0xF5, 0xC3, 0x00, 0xF5, 0xC3, 0x00, 0xF5, 0xC3, 0x00, 
    0xF5, 0xC3, 0x00, 0xF5, 0xC3, 0x00, 0xF5, 0xC3, 0x00, 0xF5, 0xC3, 0x00, 
    0xF5, 0xC3, 0x00, 0xF5, 0xC3, 0x00, 0xF5, 0xC3, 0x00, 0xF5, 0xC3, 0x00, 
    0xF5, 0xC3, 0x00, 0xF5, 0xC3, 0x00, 0xF5, 0xC3, 0x00, 0xF5, 0xC3, 0x00, 
    0xF5, 0xC3, 0x00, 0xF5, 0xC3, 0x00, 0xF5, 0xC3, 0x00, 0xF5, 0xC3, 0x00, 
    0xF5, 0xC3, 0x00, 0xF5, 0xC3, 0x00, 0xF5, 0xC3, 0x00, 0xF5, 0xC3, 0x00, 
    0xF5, 0xC3, 0x00, 0xF2, 0xC1, 0x01, 0xFD, 0xCA, 0x00, 0xC5, 0xA3, 0x0E, 
    0x02, 0x25, 0x51, 0x02, 0x21, 0x3F, 0x00, 0x01, 0x01, 0x00, 0x00, 0x00, 
    0x00, 0x00, 0x00, 0x00, 0x00, 0x00, 0x00, 0x00, 0x00, 0x00, 0x00, 0x00, 
    0x00, 0x00, 0x00, 0x00, 0x00, 0x00, 0x00, 0x00, 0x00, 0x00, 0x00, 0x00, 
    0x00, 0x00, 0x00, 0x00, 0x00, 0x00, 0x00, 0x00, 0x00, 0x00, 0x00, 0x00, 
    0x00, 0x00, 0x00, 0x00, 0x00, 0x00, 0x00, 0x00, 0x00, 0x00, 0x00, 0x00, 
    0x00, 0x00, 0x00, 0x00, 0x00, 0x00, 0x00, 0x00, 0x00, 0x00, 0x00, 0x00, 
    0x00, 0x01, 0x01, 0x00, 0x00, 0x00, 0x03, 0x1C, 0x31, 0x00, 0x1F, 0x56, 
    0x98, 0x87, 0x1B, 0xFF, 0xCE, 0x00, 0xF1, 0xC1, 0x01, 0xF5, 0xC3, 0x00, 
    0xF5, 0xC3, 0x00, 0xF5, 0xC3, 0x00, 0xF5, 0xC3, 0x00, 0xF5, 0xC3, 0x00, 
    0xF5, 0xC3, 0x00, 0xF5, 0xC3, 0x00, 0xF5, 0xC3, 0x00, 0xF5, 0xC3, 0x00, 
    0xF5, 0xC3, 0x00, 0xF5, 0xC3, 0x00, 0xF5, 0xC3, 0x00, 0xF5, 0xC3, 0x00, 
    0xF5, 0xC3, 0x00, 0xF5, 0xC3, 0x00, 0xF5, 0xC3, 0x00, 0xF5, 0xC3, 0x00, 
    0xF5, 0xC3, 0x00, 0xF5, 0xC3, 0x00, 0xF5, 0xC3, 0x00, 0xF5, 0xC3, 0x00, 
    0xF5, 0xC3, 0x00, 0xF5, 0xC3, 0x00, 0xF5, 0xC3, 0x00, 0xF5, 0xC3, 0x00, 
    0xF5, 0xC3, 0x00, 0xF5, 0xC3, 0x00, 0xF5, 0xC3, 0x00, 0xF5, 0xC3, 0x00, 
    0xF3, 0xC2, 0x00, 0xFE, 0xC9, 0x00, 0x38, 0x4B, 0x3C, 0x00, 0x1A, 0x47, 
    0x00, 0x16, 0x3E, 0x12, 0x34, 0x49, 0xE7, 0xB9, 0x04, 0xF9, 0xC6, 0x00, 
    0xF4, 0xC2, 0x00, 0xF5, 0xC3, 0x00, 0xF5, 0xC3, 0x00, 0xF5, 0xC3, 0x00, 
    0xF5, 0xC3, 0x00, 0xF5, 0xC3, 0x00, 0xF5, 0xC3, 0x00, 0xF5, 0xC3, 0x00, 
    0xF5, 0xC3, 0x00, 0xF5, 0xC3, 0x00, 0xF5, 0xC3, 0x00, 0xF5, 0xC3, 0x00, 
    0xF5, 0xC3, 0x00, 0xF5, 0xC3, 0x00, 0xF5, 0xC3, 0x00, 0xF5, 0xC3, 0x00, 
    0xF5, 0xC3, 0x00, 0xF5, 0xC3, 0x00, 0xF5, 0xC3, 0x00, 0xF5, 0xC3, 0x00, 
    0xF5, 0xC3, 0x00, 0xF5, 0xC3, 0x00, 0xF5, 0xC3, 0x00, 0xF5, 0xC3, 0x00, 
    0xF5, 0xC3, 0x00, 0xF5, 0xC3, 0x00, 0xF5, 0xC3, 0x00, 0xF5, 0xC3, 0x00, 
    0xF5, 0xC3, 0x00, 0xF5, 0xC3, 0x00, 0xF2, 0xC1, 0x01, 0xFF, 0xCD, 0x00, 
    0x52, 0x5B, 0x31, 0x00, 0x20, 0x56, 0x03, 0x11, 0x1B, 0x00, 0x00, 0x00, 
    0x00, 0x01, 0x01, 0x00, 0x00, 0x00, 0x00, 0x00, 0x00, 0x00, 0x00, 0x00, 
    0x00, 0x00, 0x00, 0x00, 0x00, 0x00, 0x00, 0x00, 0x00, 0x00, 0x00, 0x00, 
    0x00, 0x00, 0x00, 0x00, 0x00, 0x00, 0x00, 0x00, 0x00, 0x00, 0x00, 0x00, 
    0x00, 0x00, 0x00, 0x00, 0x00, 0x00, 0x00, 0x00, 0x00, 0x00, 0x00, 0x00, 
    0x00, 0x00, 0x00, 0x00, 0x00, 0x00, 0x00, 0x00, 0x00, 0x00, 0x00, 0x01, 
    0x00, 0x00, 0x00, 0x02, 0x08, 0x0E, 0x01, 0x22, 0x50, 0x28, 0x41, 0x3F, 
    0xF4, 0xC4, 0x01, 0xF5, 0xC3, 0x00, 0xF5, 0xC3, 0x00, 0xF5, 0xC3, 0x00, 
    0xF5, 0xC3, 0x00, 0xF5, 0xC3, 0x00, 0xF5, 0xC3, 0x00, 0xF5, 0xC3, 0x00, 
    0xF5, 0xC3, 0x00, 0xF5, 0xC3, 0x00, 0xF5, 0xC3, 0x00, 0xF5, 0xC3, 0x00, 
    0xF5, 0xC3, 0x00, 0xF5, 0xC3, 0x00, 0xF5, 0xC3, 0x00, 0xF5, 0xC3, 0x00, 
    0xF5, 0xC3, 0x00, 0xF5, 0xC3, 0x00, 0xF5, 0xC3, 0x00, 0xF5, 0xC3, 0x00, 
    0xF5, 0xC3, 0x00, 0xF5, 0xC3, 0x00, 0xF5, 0xC3, 0x00, 0xF5, 0xC3, 0x00, 
    0xF5, 0xC3, 0x00, 0xF5, 0xC3, 0x00, 0xF5, 0xC3, 0x00, 0xF5, 0xC3, 0x00, 
    0xF5, 0xC3, 0x00, 0xF5, 0xC3, 0x00, 0xF5, 0xC3, 0x00, 0xF5, 0xC3, 0x00, 
    0xF3, 0xC2, 0x00, 0xFE, 0xC9, 0x00, 0x38, 0x4B, 0x3C, 0x00, 0x1A, 0x47, 
    0x00, 0x16, 0x3E, 0x12, 0x34, 0x49, 0xE7, 0xB9, 0x04, 0xF9, 0xC6, 0x00, 
    0xF4, 0xC2, 0x00, 0xF5, 0xC3, 0x00, 0xF5, 0xC3, 0x00, 0xF5, 0xC3, 0x00, 
    0xF5, 0xC3, 0x00, 0xF5, 0xC3, 0x00, 0xF5, 0xC3, 0x00, 0xF5, 0xC3, 0x00, 
    0xF5, 0xC3, 0x00, 0xF5, 0xC3, 0x00, 0xF5, 0xC3, 0x00, 0xF5, 0xC3, 0x00, 
    0xF5, 0xC3, 0x00, 0xF5, 0xC3, 0x00, 0xF5, 0xC3, 0x00, 0xF5, 0xC3, 0x00, 
    0xF5, 0xC3, 0x00, 0xF5, 0xC3, 0x00, 0xF5, 0xC3, 0x00, 0xF5, 0xC3, 0x00, 
    0xF5, 0xC3, 0x00, 0xF5, 0xC3, 0x00, 0xF5, 0xC3, 0x00, 0xF5, 0xC3, 0x00, 
    0xF5, 0xC3, 0x00, 0xF5, 0xC3, 0x00, 0xF5, 0xC3, 0x00, 0xF5, 0xC3, 0x00, 
    0xF5, 0xC3, 0x00, 0xF5, 0xC3, 0x00, 0xF3, 0xC2, 0x01, 0xFC, 0xC9, 0x00, 
    0xCD, 0xA9, 0x0C, 0x05, 0x27, 0x4F, 0x02, 0x21, 0x42, 0x00, 0x02, 0x02, 
    0x00, 0x00, 0x00, 0x00, 0x00, 0x00, 0x00, 0x00, 0x00, 0x00, 0x00, 0x00, 
    0x00, 0x00, 0x00, 0x00, 0x00, 0x00, 0x00, 0x00, 0x00, 0x00, 0x00, 0x00, 
    0x00, 0x00, 0x00, 0x00, 0x00, 0x00, 0x00, 0x00, 0x00, 0x00, 0x00, 0x00, 
    0x00, 0x00, 0x00, 0x00, 0x00, 0x00, 0x00, 0x00, 0x00, 0x00, 0x00, 0x00, 
    0x00, 0x00, 0x00, 0x00, 0x00, 0x00, 0x00, 0x00, 0x00, 0x00, 0x01, 0x01, 
    0x00, 0x00, 0x00, 0x03, 0x1D, 0x34, 0x00, 0x20, 0x56, 0xA2, 0x8D, 0x18, 
    0xFF, 0xCD, 0x00, 0xF1, 0xC1, 0x01, 0xF5, 0xC3, 0x00, 0xF5, 0xC3, 0x00, 
    0xF5, 0xC3, 0x00, 0xF5, 0xC3, 0x00, 0xF5, 0xC3, 0x00, 0xF5, 0xC3, 0x00, 
    0xF5, 0xC3, 0x00, 0xF5, 0xC3, 0x00, 0xF5, 0xC3, 0x00, 0xF5, 0xC3, 0x00, 
    0xF5, 0xC3, 0x00, 0xF5, 0xC3, 0x00, 0xF5, 0xC3, 0x00, 0xF5, 0xC3, 0x00, 
    0xF5, 0xC3, 0x00, 0xF5, 0xC3, 0x00, 0xF5, 0xC3, 0x00, 0xF5, 0xC3, 0x00, 
    0xF5, 0xC3, 0x00, 0xF5, 0xC3, 0x00, 0xF5, 0xC3, 0x00, 0xF5, 0xC3, 0x00, 
    0xF5, 0xC3, 0x00, 0xF5, 0xC3, 0x00, 0xF5, 0xC3, 0x00, 0xF5, 0xC3, 0x00, 
    0xF5, 0xC3, 0x00, 0xF5, 0xC3, 0x00, 0xF5, 0xC3, 0x00, 0xF5, 0xC3, 0x00, 
    0xF3, 0xC2, 0x00, 0xFE, 0xC9, 0x00, 0x38, 0x4B, 0x3C, 0x00, 0x1A, 0x47, 
    0x00, 0x16, 0x3E, 0x12, 0x34, 0x49, 0xE7, 0xB9, 0x04, 0xF9, 0xC6, 0x00, 
    0xF4, 0xC2, 0x00, 0xF5, 0xC3, 0x00, 0xF5, 0xC3, 0x00, 0xF5, 0xC3, 0x00, 
    0xF5, 0xC3, 0x00, 0xF5, 0xC3, 0x00, 0xF5, 0xC3, 0x00, 0xF5, 0xC3, 0x00, 
    0xF5, 0xC3, 0x00, 0xF5, 0xC3, 0x00, 0xF5, 0xC3, 0x00, 0xF5, 0xC3, 0x00, 
    0xF5, 0xC3, 0x00, 0xF5, 0xC3, 0x00, 0xF5, 0xC3, 0x00, 0xF5, 0xC3, 0x00, 
    0xF5, 0xC3, 0x00, 0xF5, 0xC3, 0x00, 0xF5, 0xC3, 0x00, 0xF5, 0xC3, 0x00, 
    0xF5, 0xC3, 0x00, 0xF5, 0xC3, 0x00, 0xF5, 0xC3, 0x00, 0xF5, 0xC3, 0x00, 
    0xF5, 0xC3, 0x00, 0xF5, 0xC3, 0x00, 0xF5, 0xC3, 0x00, 0xF5, 0xC3, 0x00, 
    0xF5, 0xC3, 0x00, 0xF5, 0xC3, 0x00, 0xF5, 0xC3, 0x00, 0xF2, 0xC1, 0x01, 
    0xFF, 0xCD, 0x00, 0x5C, 0x61, 0x2E, 0x00, 0x1F, 0x56, 0x04, 0x12, 0x1E, 
    0x00, 0x00, 0x00, 0x00, 0x01, 0x01, 0x00, 0x00, 0x00, 0x00, 0x00, 0x00, 
    0x00, 0x00, 0x00, 0x00, 0x00, 0x00, 0x00, 0x00, 0x00, 0x00, 0x00, 0x00, 
    0x00, 0x00, 0x00, 0x00, 0x00, 0x00, 0x00, 0x00, 0x00, 0x00, 0x00, 0x00, 
    0x00, 0x00, 0x00, 0x00, 0x00, 0x00, 0x00, 0x00, 0x00, 0x00, 0x00, 0x00, 
    0x00, 0x00, 0x00, 0x00, 0x00, 0x00, 0x00, 0x01, 0x01, 0x00, 0x00, 0x00, 
    0x03, 0x0A, 0x10, 0x00, 0x21, 0x52, 0x30, 0x46, 0x3C, 0xF8, 0xC6, 0x01, 
    0xF4, 0xC2, 0x01, 0xF5, 0xC3, 0x00, 0xF5, 0xC3, 0x00, 0xF5, 0xC3, 0x00, 
    0xF5, 0xC3, 0x00, 0xF5, 0xC3, 0x00, 0xF5, 0xC3, 0x00, 0xF5, 0xC3, 0x00, 
    0xF5, 0xC3, 0x00, 0xF5, 0xC3, 0x00, 0xF5, 0xC3, 0x00, 0xF5, 0xC3, 0x00, 
    0xF5, 0xC3, 0x00, 0xF5, 0xC3, 0x00, 0xF5, 0xC3, 0x00, 0xF5, 0xC3, 0x00, 
    0xF5, 0xC3, 0x00, 0xF5, 0xC3, 0x00, 0xF5, 0xC3, 0x00, 0xF5, 0xC3, 0x00, 
    0xF5, 0xC3, 0x00, 0xF5, 0xC3, 0x00, 0xF5, 0xC3, 0x00, 0xF5, 0xC3, 0x00, 
    0xF5, 0xC3, 0x00, 0xF5, 0xC3, 0x00, 0xF5, 0xC3, 0x00, 0xF5, 0xC3, 0x00, 
    0xF5, 0xC3, 0x00, 0xF5, 0xC3, 0x00, 0xF5, 0xC3, 0x00, 0xF5, 0xC3, 0x00, 
    0xF3, 0xC2, 0x00, 0xFE, 0xC9, 0x00, 0x38, 0x4B, 0x3C, 0x00, 0x1A, 0x47, 
    0x00, 0x16, 0x3E, 0x12, 0x34, 0x49, 0xE7, 0xB9, 0x04, 0xF9, 0xC6, 0x00, 
    0xF4, 0xC2, 0x00, 0xF5, 0xC3, 0x00, 0xF5, 0xC3, 0x00, 0xF5, 0xC3, 0x00, 
    0xF5, 0xC3, 0x00, 0xF5, 0xC3, 0x00, 0xF5, 0xC3, 0x00, 0xF5, 0xC3, 0x00, 
    0xF5, 0xC3, 0x00, 0xF5, 0xC3, 0x00, 0xF5, 0xC3, 0x00, 0xF5, 0xC3, 0x00, 
    0xF5, 0xC3, 0x00, 0xF5, 0xC3, 0x00, 0xF5, 0xC3, 0x00, 0xF5, 0xC3, 0x00, 
    0xF5, 0xC3, 0x00, 0xF5, 0xC3, 0x00, 0xF5, 0xC3, 0x00, 0xF5, 0xC3, 0x00, 
    0xF5, 0xC3, 0x00, 0xF5, 0xC3, 0x00, 0xF5, 0xC3, 0x00, 0xF5, 0xC3, 0x00, 
    0xF5, 0xC3, 0x00, 0xF5, 0xC3, 0x00, 0xF5, 0xC3, 0x00, 0xF5, 0xC3, 0x00, 
    0xF5, 0xC3, 0x00, 0xF5, 0xC3, 0x00, 0xF5, 0xC3, 0x00, 0xF3, 0xC2, 0x01, 
    0xFB, 0xC8, 0x00, 0xD4, 0xAE, 0x0A, 0x08, 0x2A, 0x4D, 0x02, 0x22, 0x44, 
    0x01, 0x02, 0x03, 0x00, 0x00, 0x00, 0x00, 0x00, 0x00, 0x00, 0x00, 0x00, 
    0x00, 0x00, 0x00, 0x00, 0x00, 0x00, 0x00, 0x00, 0x00, 0x00, 0x00, 0x00, 
    0x00, 0x00, 0x00, 0x00, 0x00, 0x00, 0x00, 0x00, 0x00, 0x00, 0x00, 0x00, 
    0x00, 0x00, 0x00, 0x00, 0x00, 0x00, 0x00, 0x00, 0x00, 0x00, 0x00, 0x00, 
    0x00, 0x00, 0x00, 0x00, 0x00, 0x00, 0x00, 0x01, 0x01, 0x00, 0x00, 0x00, 
    0x03, 0x1E, 0x37, 0x00, 0x21, 0x54, 0xAC, 0x94, 0x15, 0xFF, 0xCC, 0x00, 
    0xF1, 0xC1, 0x01, 0xF5, 0xC3, 0x00, 0xF5, 0xC3, 0x00, 0xF5, 0xC3, 0x00, 
    0xF5, 0xC3, 0x00, 0xF5, 0xC3, 0x00, 0xF5, 0xC3, 0x00, 0xF5, 0xC3, 0x00, 
    0xF5, 0xC3, 0x00, 0xF5, 0xC3, 0x00, 0xF5, 0xC3, 0x00, 0xF5, 0xC3, 0x00, 
    0xF5, 0xC3, 0x00, 0xF5, 0xC3, 0x00, 0xF5, 0xC3, 0x00, 0xF5, 0xC3, 0x00, 
    0xF5, 0xC3, 0x00, 0xF5, 0xC3, 0x00, 0xF5, 0xC3, 0x00, 0xF5, 0xC3, 0x00, 
    0xF5, 0xC3, 0x00, 0xF5, 0xC3, 0x00, 0xF5, 0xC3, 0x00, 0xF5, 0xC3, 0x00, 
    0xF5, 0xC3, 0x00, 0xF5, 0xC3, 0x00, 0xF5, 0xC3, 0x00, 0xF5, 0xC3, 0x00, 
    0xF5, 0xC3, 0x00, 0xF5, 0xC3, 0x00, 0xF5, 0xC3, 0x00, 0xF5, 0xC3, 0x00, 
    0xF3, 0xC2, 0x00, 0xFE, 0xC9, 0x00, 0x38, 0x4B, 0x3C, 0x00, 0x1A, 0x47, 
    0x00, 0x16, 0x3E, 0x12, 0x34, 0x49, 0xE7, 0xB9, 0x04, 0xF9, 0xC6, 0x00, 
    0xF4, 0xC2, 0x00, 0xF5, 0xC3, 0x00, 0xF5, 0xC3, 0x00, 0xF5, 0xC3, 0x00, 
    0xF5, 0xC3, 0x00, 0xF5, 0xC3, 0x00, 0xF5, 0xC3, 0x00, 0xF5, 0xC3, 0x00, 
    0xF5, 0xC3, 0x00, 0xF5, 0xC3, 0x00, 0xF5, 0xC3, 0x00, 0xF5, 0xC3, 0x00, 
    0xF5, 0xC3, 0x00, 0xF5, 0xC3, 0x00, 0xF5, 0xC3, 0x00, 0xF5, 0xC3, 0x00, 
    0xF5, 0xC3, 0x00, 0xF5, 0xC3, 0x00, 0xF5, 0xC3, 0x00, 0xF5, 0xC3, 0x00, 
    0xF5, 0xC3, 0x00, 0xF5, 0xC3, 0x00, 0xF5, 0xC3, 0x00, 0xF5, 0xC3, 0x00, 
    0xF5, 0xC3, 0x00, 0xF5, 0xC3, 0x00, 0xF5, 0xC3, 0x00, 0xF5, 0xC3, 0x00, 
    0xF5, 0xC3, 0x00, 0xF5, 0xC3, 0x00, 0xF5, 0xC3, 0x00, 0xF5, 0xC3, 0x00, 
    0xF1, 0xC0, 0x01, 0xFF, 0xCE, 0x00, 0x66, 0x68, 0x2B, 0x00, 0x1F, 0x57, 
    0x03, 0x14, 0x21, 0x00, 0x00, 0x00, 0x00, 0x01, 0x01, 0x00, 0x00, 0x00, 
    0x00, 0x00, 0x00, 0x00, 0x00, 0x00, 0x00, 0x00, 0x00, 0x00, 0x00, 0x00, 
    0x00, 0x00, 0x00, 0x00, 0x00, 0x00, 0x00, 0x00, 0x00, 0x00, 0x00, 0x00, 
    0x00, 0x00, 0x00, 0x00, 0x00, 0x00, 0x00, 0x00, 0x00, 0x00, 0x00, 0x00, 
    0x00, 0x00, 0x00, 0x00, 0x01, 0x01, 0x00, 0x00, 0x00, 0x03, 0x0C, 0x13, 
    0x00, 0x21, 0x53, 0x39, 0x4C, 0x39, 0xFB, 0xC9, 0x00, 0xF4, 0xC2, 0x01, 
    0xF5, 0xC3, 0x00, 0xF5, 0xC3, 0x00, 0xF5, 0xC3, 0x00, 0xF5, 0xC3, 0x00, 
    0xF5, 0xC3, 0x00, 0xF5, 0xC3, 0x00, 0xF5, 0xC3, 0x00, 0xF5, 0xC3, 0x00, 
    0xF5, 0xC3, 0x00, 0xF5, 0xC3, 0x00, 0xF5, 0xC3, 0x00, 0xF5, 0xC3, 0x00, 
    0xF5, 0xC3, 0x00, 0xF5, 0xC3, 0x00, 0xF5, 0xC3, 0x00, 0xF5, 0xC3, 0x00, 
    0xF5, 0xC3, 0x00, 0xF5, 0xC3, 0x00, 0xF5, 0xC3, 0x00, 0xF5, 0xC3, 0x00, 
    0xF5, 0xC3, 0x00, 0xF5, 0xC3, 0x00, 0xF5, 0xC3, 0x00, 0xF5, 0xC3, 0x00, 
    0xF5, 0xC3, 0x00, 0xF5, 0xC3, 0x00, 0xF5, 0xC3, 0x00, 0xF5, 0xC3, 0x00, 
    0xF5, 0xC3, 0x00, 0xF5, 0xC3, 0x00, 0xF5, 0xC3, 0x00, 0xF5, 0xC3, 0x00, 
    0xF3, 0xC2, 0x00, 0xFE, 0xC9, 0x00, 0x38, 0x4B, 0x3C, 0x00, 0x1A, 0x47, 
    0x00, 0x16, 0x3E, 0x12, 0x34, 0x49, 0xE7, 0xB9, 0x04, 0xF9, 0xC6, 0x00, 
    0xF4, 0xC2, 0x00, 0xF5, 0xC3, 0x00, 0xF5, 0xC3, 0x00, 0xF5, 0xC3, 0x00, 
    0xF5, 0xC3, 0x00, 0xF5, 0xC3, 0x00, 0xF5, 0xC3, 0x00, 0xF5, 0xC3, 0x00, 
    0xF5, 0xC3, 0x00, 0xF5, 0xC3, 0x00, 0xF5, 0xC3, 0x00, 0xF5, 0xC3, 0x00, 
    0xF5, 0xC3, 0x00, 0xF5, 0xC3, 0x00, 0xF5, 0xC3, 0x00, 0xF5, 0xC3, 0x00, 
    0xF5, 0xC3, 0x00, 0xF5, 0xC3, 0x00, 0xF5, 0xC3, 0x00, 0xF5, 0xC3, 0x00, 
    0xF5, 0xC3, 0x00, 0xF5, 0xC3, 0x00, 0xF5, 0xC3, 0x00, 0xF5, 0xC3, 0x00, 
    0xF5, 0xC3, 0x00, 0xF5, 0xC3, 0x00, 0xF5, 0xC3, 0x00, 0xF5, 0xC3, 0x00, 
    0xF5, 0xC3, 0x00, 0xF5, 0xC3, 0x00, 0xF5, 0xC3, 0x00, 0xF5, 0xC3, 0x00, 
    0xF3, 0xC2, 0x01, 0xFA, 0xC7, 0x00, 0xDC, 0xB2, 0x08, 0x0C, 0x2D, 0x4B, 
    0x01, 0x22, 0x47, 0x01, 0x03, 0x05, 0x00, 0x00, 0x00, 0x00, 0x00, 0x00, 
    0x00, 0x00, 0x00, 0x00, 0x00, 0x00, 0x00, 0x00, 0x00, 0x00, 0x00, 0x00, 
    0x00, 0x00, 0x00, 0x00, 0x00, 0x00, 0x00, 0x00, 0x00, 0x00, 0x00, 0x00, 
    0x00, 0x00, 0x00, 0x00, 0x00, 0x00, 0x00, 0x00, 0x00, 0x00, 0x00, 0x00, 
    0x00, 0x00, 0x00, 0x00, 0x00, 0x01, 0x00, 0x00, 0x00, 0x02, 0x20, 0x39, 
    0x00, 0x22, 0x53, 0xB6, 0x9A, 0x12, 0xFF, 0xCB, 0x00, 0xF2, 0xC1, 0x01, 
    0xF5, 0xC3, 0x00, 0xF5, 0xC3, 0x00, 0xF5, 0xC3, 0x00, 0xF5, 0xC3, 0x00, 
    0xF5, 0xC3, 0x00, 0xF5, 0xC3, 0x00, 0xF5, 0xC3, 0x00, 0xF5, 0xC3, 0x00, 
    0xF5, 0xC3, 0x00, 0xF5, 0xC3, 0x00, 0xF5, 0xC3, 0x00, 0xF5, 0xC3, 0x00, 
    0xF5, 0xC3, 0x00, 0xF5, 0xC3, 0x00, 0xF5, 0xC3, 0x00, 0xF5, 0xC3, 0x00, 
    0xF5, 0xC3, 0x00, 0xF5, 0xC3, 0x00, 0xF5, 0xC3, 0x00, 0xF5, 0xC3, 0x00, 
    0xF5, 0xC3, 0x00, 0xF5, 0xC3, 0x00, 0xF5, 0xC3, 0x00, 0xF5, 0xC3, 0x00, 
    0xF5, 0xC3, 0x00, 0xF5, 0xC3, 0x00, 0xF5, 0xC3, 0x00, 0xF5, 0xC3, 0x00, 
    0xF5, 0xC3, 0x00, 0xF5, 0xC3, 0x00, 0xF5, 0xC3, 0x00, 0xF5, 0xC3, 0x00, 
    0xF3, 0xC2, 0x00, 0xFE, 0xC9, 0x00, 0x38, 0x4B, 0x3C, 0x00, 0x1A, 0x47, 
    0x00, 0x16, 0x3E, 0x12, 0x34, 0x49, 0xE7, 0xB9, 0x04, 0xF9, 0xC6, 0x00, 
    0xF4, 0xC2, 0x00, 0xF5, 0xC3, 0x00, 0xF5, 0xC3, 0x00, 0xF5, 0xC3, 0x00, 
    0xF5, 0xC3, 0x00, 0xF5, 0xC3, 0x00, 0xF5, 0xC3, 0x00, 0xF5, 0xC3, 0x00, 
    0xF5, 0xC3, 0x00, 0xF5, 0xC3, 0x00, 0xF5, 0xC3, 0x00, 0xF5, 0xC3, 0x00, 
    0xF5, 0xC3, 0x00, 0xF5, 0xC3, 0x00, 0xF5, 0xC3, 0x00, 0xF5, 0xC3, 0x00, 
    0xF5, 0xC3, 0x00, 0xF5, 0xC3, 0x00, 0xF5, 0xC3, 0x00, 0xF5, 0xC3, 0x00, 
    0xF5, 0xC3, 0x00, 0xF5, 0xC3, 0x00, 0xF5, 0xC3, 0x00, 0xF5, 0xC3, 0x00, 
    0xF5, 0xC3, 0x00, 0xF5, 0xC3, 0x00, 0xF5, 0xC3, 0x00, 0xF5, 0xC3, 0x00, 
    0xF5, 0xC3, 0x00, 0xF5, 0xC3, 0x00, 0xF5, 0xC3, 0x00, 0xF5, 0xC3, 0x00, 
    0xF5, 0xC3, 0x00, 0xF1, 0xC0, 0x01, 0xFF, 0xCE, 0x00, 0x70, 0x6E, 0x27, 
    0x00, 0x1F, 0x57, 0x04, 0x16, 0x24, 0x00, 0x00, 0x00, 0x00, 0x01, 0x01, 
    0x00, 0x00, 0x00, 0x00, 0x00, 0x00, 0x00, 0x00, 0x00, 0x00, 0x00, 0x00, 
    0x00, 0x00, 0x00, 0x00, 0x00, 0x00, 0x00, 0x00, 0x00, 0x00, 0x00, 0x00, 
    0x00, 0x00, 0x00, 0x00, 0x00, 0x00, 0x00, 0x00, 0x00, 0x00, 0x00, 0x00, 
    0x00, 0x01, 0x01, 0x00, 0x00, 0x00, 0x03, 0x0E, 0x16, 0x00, 0x20, 0x55, 
    0x42, 0x51, 0x36, 0xFD, 0xCA, 0x00, 0xF3, 0xC1, 0x01, 0xF5, 0xC3, 0x00, 
    0xF5, 0xC3, 0x00, 0xF5, 0xC3, 0x00, 0xF5, 0xC3, 0x00, 0xF5, 0xC3, 0x00, 
    0xF5, 0xC3, 0x00, 0xF5, 0xC3, 0x00, 0xF5, 0xC3, 0x00, 0xF5, 0xC3, 0x00, 
    0xF5, 0xC3, 0x00, 0xF5, 0xC3, 0x00, 0xF5, 0xC3, 0x00, 0xF5, 0xC3, 0x00, 
    0xF5, 0xC3, 0x00, 0xF5, 0xC3, 0x00, 0xF5, 0xC3, 0x00, 0xF5, 0xC3, 0x00, 
    0xF5, 0xC3, 0x00, 0xF5, 0xC3, 0x00, 0xF5, 0xC3, 0x00, 0xF5, 0xC3, 0x00, 
    0xF5, 0xC3, 0x00, 0xF5, 0xC3, 0x00, 0xF5, 0xC3, 0x00, 0xF5, 0xC3, 0x00, 
    0xF5, 0xC3, 0x00, 0xF5, 0xC3, 0x00, 0xF5, 0xC3, 0x00, 0xF5, 0xC3, 0x00, 
    0xF5, 0xC3, 0x00, 0xF5, 0xC3, 0x00, 0xF5, 0xC3, 0x00, 0xF5, 0xC3, 0x00, 
    0xF3, 0xC2, 0x00, 0xFE, 0xC9, 0x00, 0x38, 0x4B, 0x3C, 0x00, 0x1A, 0x47, 
    0x00, 0x16, 0x3E, 0x12, 0x34, 0x49, 0xE7, 0xB9, 0x04, 0xF9, 0xC6, 0x00, 
    0xF4, 0xC2, 0x00, 0xF5, 0xC3, 0x00, 0xF5, 0xC3, 0x00, 0xF5, 0xC3, 0x00, 
    0xF5, 0xC3, 0x00, 0xF5, 0xC3, 0x00, 0xF5, 0xC3, 0x00, 0xF5, 0xC3, 0x00, 
    0xF5, 0xC3, 0x00, 0xF5, 0xC3, 0x00, 0xF5, 0xC3, 0x00, 0xF5, 0xC3, 0x00, 
    0xF5, 0xC3, 0x00, 0xF5, 0xC3, 0x00, 0xF5, 0xC3, 0x00, 0xF5, 0xC3, 0x00, 
    0xF5, 0xC3, 0x00, 0xF5, 0xC3, 0x00, 0xF5, 0xC3, 0x00, 0xF5, 0xC3, 0x00, 
    0xF5, 0xC3, 0x00, 0xF5, 0xC3, 0x00, 0xF5, 0xC3, 0x00, 0xF5, 0xC3, 0x00, 
    0xF5, 0xC3, 0x00, 0xF5, 0xC3, 0x00, 0xF5, 0xC3, 0x00, 0xF5, 0xC3, 0x00, 
    0xF5, 0xC3, 0x00, 0xF5, 0xC3, 0x00, 0xF5, 0xC3, 0x00, 0xF5, 0xC3, 0x00, 
    0xF5, 0xC3, 0x00, 0xF4, 0xC2, 0x00, 0xF9, 0xC6, 0x00, 0xE2, 0xB7, 0x06, 
    0x10, 0x30, 0x49, 0x01, 0x22, 0x49, 0x01, 0x04, 0x06, 0x00, 0x00, 0x00, 
    0x00, 0x00, 0x00, 0x00, 0x00, 0x00, 0x00, 0x00, 0x00, 0x00, 0x00, 0x00, 
    0x00, 0x00, 0x00, 0x00, 0x00, 0x00, 0x00, 0x00, 0x00, 0x00, 0x00, 0x00, 
    0x00, 0x00, 0x00, 0x00, 0x00, 0x00, 0x00, 0x00, 0x00, 0x00, 0x00, 0x00, 
    0x00, 0x00, 0x01, 0x00, 0x00, 0x01, 0x02, 0x20, 0x3C, 0x01, 0x24, 0x52, 
    0xC0, 0xA0, 0x10, 0xFE, 0xCB, 0x00, 0xF2, 0xC1, 0x01, 0xF5, 0xC3, 0x00, 
    0xF5, 0xC3, 0x00, 0xF5, 0xC3, 0x00, 0xF5, 0xC3, 0x00, 0xF5, 0xC3, 0x00, 
    0xF5, 0xC3, 0x00, 0xF5, 0xC3, 0x00, 0xF5, 0xC3, 0x00, 0xF5, 0xC3, 0x00, 
    0xF5, 0xC3, 0x00, 0xF5, 0xC3, 0x00, 0xF5, 0xC3, 0x00, 0xF5, 0xC3, 0x00, 
    0xF5, 0xC3, 0x00, 0xF5, 0xC3, 0x00, 0xF5, 0xC3, 0x00, 0xF5, 0xC3, 0x00, 
    0xF5, 0xC3, 0x00, 0xF5, 0xC3, 0x00, 0xF5, 0xC3, 0x00, 0xF5, 0xC3, 0x00, 
    0xF5, 0xC3, 0x00, 0xF5, 0xC3, 0x00, 0xF5, 0xC3, 0x00, 0xF5, 0xC3, 0x00, 
    0xF5, 0xC3, 0x00, 0xF5, 0xC3, 0x00, 0xF5, 0xC3, 0x00, 0xF5, 0xC3, 0x00, 
    0xF5, 0xC3, 0x00, 0xF5, 0xC3, 0x00, 0xF5, 0xC3, 0x00, 0xF5, 0xC3, 0x00, 
    0xF3, 0xC2, 0x00, 0xFE, 0xC9, 0x00, 0x38, 0x4B, 0x3C, 0x00, 0x1A, 0x47, 
    0x00, 0x16, 0x3E, 0x12, 0x34, 0x49, 0xE7, 0xB9, 0x04, 0xF9, 0xC6, 0x00, 
    0xF4, 0xC2, 0x00, 0xF5, 0xC3, 0x00, 0xF5, 0xC3, 0x00, 0xF5, 0xC3, 0x00, 
    0xF5, 0xC3, 0x00, 0xF5, 0xC3, 0x00, 0xF5, 0xC3, 0x00, 0xF5, 0xC3, 0x00, 
    0xF5, 0xC3, 0x00, 0xF5, 0xC3, 0x00, 0xF5, 0xC3, 0x00, 0xF5, 0xC3, 0x00, 
    0xF5, 0xC3, 0x00, 0xF5, 0xC3, 0x00, 0xF5, 0xC3, 0x00, 0xF5, 0xC3, 0x00, 
    0xF5, 0xC3, 0x00, 0xF5, 0xC3, 0x00, 0xF5, 0xC3, 0x00, 0xF5, 0xC3, 0x00, 
    0xF5, 0xC3, 0x00, 0xF5, 0xC3, 0x00, 0xF5, 0xC3, 0x00, 0xF5, 0xC3, 0x00, 
    0xF5, 0xC3, 0x00, 0xF5, 0xC3, 0x00, 0xF5, 0xC3, 0x00, 0xF5, 0xC3, 0x00, 
    0xF5, 0xC3, 0x00, 0xF5, 0xC3, 0x00, 0xF5, 0xC3, 0x00, 0xF5, 0xC3, 0x00, 
    0xF5, 0xC3, 0x00, 0xF5, 0xC3, 0x00, 0xF1, 0xC0, 0x01, 0xFF, 0xCF, 0x00, 
    0x7B, 0x75, 0x24, 0x00, 0x1E, 0x57, 0x04, 0x18, 0x27, 0x00, 0x00, 0x00, 
    0x00, 0x01, 0x01, 0x00, 0x00, 0x00, 0x00, 0x00, 0x00, 0x00, 0x00, 0x00, 
    0x00, 0x00, 0x00, 0x00, 0x00, 0x00, 0x00, 0x00, 0x00, 0x00, 0x00, 0x00, 
    0x00, 0x00, 0x00, 0x00, 0x00, 0x00, 0x00, 0x00, 0x00, 0x00, 0x01, 0x01, 
    0x00, 0x00, 0x00, 0x03, 0x0F, 0x19, 0x00, 0x20, 0x56, 0x4C, 0x58, 0x33, 
    0xFF, 0xCC, 0x00, 0xF2, 0xC1, 0x01, 0xF5, 0xC3, 0x00, 0xF5, 0xC3, 0x00, 
    0xF5, 0xC3, 0x00, 0xF5, 0xC3, 0x00, 0xF5, 0xC3, 0x00, 0xF5, 0xC3, 0x00, 
    0xF5, 0xC3, 0x00, 0xF5, 0xC3, 0x00, 0xF5, 0xC3, 0x00, 0xF5, 0xC3, 0x00, 
    0xF5, 0xC3, 0x00, 0xF5, 0xC3, 0x00, 0xF5, 0xC3, 0x00, 0xF5, 0xC3, 0x00, 
    0xF5, 0xC3, 0x00, 0xF5, 0xC3, 0x00, 0xF5, 0xC3, 0x00, 0xF5, 0xC3, 0x00, 
    0xF5, 0xC3, 0x00, 0xF5, 0xC3, 0x00, 0xF5, 0xC3, 0x00, 0xF5, 0xC3, 0x00, 
    0xF5, 0xC3, 0x00, 0xF5, 0xC3, 0x00, 0xF5, 0xC3, 0x00, 0xF5, 0xC3, 0x00, 
    0xF5, 0xC3, 0x00, 0xF5, 0xC3, 0x00, 0xF5, 0xC3, 0x00, 0xF5, 0xC3, 0x00, 
    0xF5, 0xC3, 0x00, 0xF5, 0xC3, 0x00, 0xF5, 0xC3, 0x00, 0xF5, 0xC3, 0x00, 
    0xF3, 0xC2, 0x00, 0xFE, 0xC9, 0x00, 0x38, 0x4B, 0x3C, 0x00, 0x1A, 0x47, 
    0x00, 0x16, 0x3E, 0x12, 0x34, 0x49, 0xE7, 0xB9, 0x04, 0xF9, 0xC6, 0x00, 
    0xF4, 0xC2, 0x00, 0xF5, 0xC3, 0x00, 0xF5, 0xC3, 0x00, 0xF5, 0xC3, 0x00, 
    0xF5, 0xC3, 0x00, 0xF5, 0xC3, 0x00, 0xF5, 0xC3, 0x00, 0xF5, 0xC3, 0x00, 
    0xF5, 0xC3, 0x00, 0xF5, 0xC3, 0x00, 0xF5, 0xC3, 0x00, 0xF5, 0xC3, 0x00, 
    0xF5, 0xC3, 0x00, 0xF5, 0xC3, 0x00, 0xF5, 0xC3, 0x00, 0xF5, 0xC3, 0x00, 
    0xF5, 0xC3, 0x00, 0xF5, 0xC3, 0x00, 0xF5, 0xC3, 0x00, 0xF5, 0xC3, 0x00, 
    0xF5, 0xC3, 0x00, 0xF5, 0xC3, 0x00, 0xF5, 0xC3, 0x00, 0xF5, 0xC3, 0x00, 
    0xF5, 0xC3, 0x00, 0xF5, 0xC3, 0x00, 0xF5, 0xC3, 0x00, 0xF5, 0xC3, 0x00, 
    0xF5, 0xC3, 0x00, 0xF5, 0xC3, 0x00, 0xF5, 0xC3, 0x00, 0xF5, 0xC3, 0x00, 
    0xF5, 0xC3, 0x00, 0xF5, 0xC3, 0x00, 0xF4, 0xC2, 0x00, 0xF8, 0xC5, 0x00, 
    0xE8, 0xBB, 0x05, 0x15, 0x34, 0x47, 0x01, 0x22, 0x4B, 0x02, 0x05, 0x08, 
    0x00, 0x00, 0x00, 0x00, 0x00, 0x00, 0x00, 0x00, 0x00, 0x00, 0x00, 0x00, 
    0x00, 0x00, 0x00, 0x00, 0x00, 0x00, 0x00, 0x00, 0x00, 0x00, 0x00, 0x00, 
    0x00, 0x00, 0x00, 0x00, 0x00, 0x00, 0x00, 0x00, 0x00, 0x00, 0x00, 0x01, 
    0x00, 0x01, 0x01, 0x02, 0x21, 0x3F, 0x03, 0x26, 0x50, 0xC8, 0xA6, 0x0D, 
    0xFC, 0xC9, 0x00, 0xF2, 0xC1, 0x01, 0xF5, 0xC3, 0x00, 0xF5, 0xC3, 0x00, 
    0xF5, 0xC3, 0x00, 0xF5, 0xC3, 0x00, 0xF5, 0xC3, 0x00, 0xF5, 0xC3, 0x00, 
    0xF5, 0xC3, 0x00, 0xF5, 0xC3, 0x00, 0xF5, 0xC3, 0x00, 0xF5, 0xC3, 0x00, 
    0xF5, 0xC3, 0x00, 0xF5, 0xC3, 0x00, 0xF5, 0xC3, 0x00, 0xF5, 0xC3, 0x00, 
    0xF5, 0xC3, 0x00, 0xF5, 0xC3, 0x00, 0xF5, 0xC3, 0x00, 0xF5, 0xC3, 0x00, 
    0xF5, 0xC3, 0x00, 0xF5, 0xC3, 0x00, 0xF5, 0xC3, 0x00, 0xF5, 0xC3, 0x00, 
    0xF5, 0xC3, 0x00, 0xF5, 0xC3, 0x00, 0xF5, 0xC3, 0x00, 0xF5, 0xC3, 0x00, 
    0xF5, 0xC3, 0x00, 0xF5, 0xC3, 0x00, 0xF5, 0xC3, 0x00, 0xF5, 0xC3, 0x00, 
    0xF5, 0xC3, 0x00, 0xF5, 0xC3, 0x00, 0xF5, 0xC3, 0x00, 0xF5, 0xC3, 0x00, 
    0xF3, 0xC2, 0x00, 0xFE, 0xC9, 0x00, 0x38, 0x4B, 0x3C, 0x00, 0x1A, 0x47, 
    0x00, 0x16, 0x3E, 0x12, 0x34, 0x49, 0xE5, 0xB8, 0x05, 0xF7, 0xC5, 0x01, 
    0xF2, 0xC1, 0x01, 0xF3, 0xC2, 0x01, 0xF3, 0xC2, 0x01, 0xF3, 0xC2, 0x01, 
    0xF3, 0xC2, 0x01, 0xF4, 0xC2, 0x00, 0xF5, 0xC3, 0x00, 0xF5, 0xC3, 0x00, 
    0xF5, 0xC3, 0x00, 0xF5, 0xC3, 0x00, 0xF5, 0xC3, 0x00, 0xF5, 0xC3, 0x00, 
    0xF5, 0xC3, 0x00, 0xF5, 0xC3, 0x00, 0xF5, 0xC3, 0x00, 0xF5, 0xC3, 0x00, 
    0xF5, 0xC3, 0x00, 0xF5, 0xC3, 0x00, 0xF5, 0xC3, 0x00, 0xF5, 0xC3, 0x00, 
    0xF5, 0xC3, 0x00, 0xF5, 0xC3, 0x00, 0xF5, 0xC3, 0x00, 0xF5, 0xC3, 0x00, 
    0xF5, 0xC3, 0x00, 0xF5, 0xC3, 0x00, 0xF5, 0xC3, 0x00, 0xF5, 0xC3, 0x00, 
    0xF5, 0xC3, 0x00, 0xF5, 0xC3, 0x00, 0xF5, 0xC3, 0x00, 0xF5, 0xC3, 0x00, 
    0xF5, 0xC3, 0x00, 0xF5, 0xC3, 0x00, 0xF5, 0xC3, 0x00, 0xF1, 0xC0, 0x01, 
    0xFF, 0xCE, 0x00, 0x85, 0x7B, 0x21, 0x00, 0x1F, 0x57, 0x03, 0x19, 0x2A, 
    0x00, 0x00, 0x00, 0x00, 0x01, 0x01, 0x00, 0x00, 0x00, 0x00, 0x00, 0x00, 
    0x00, 0x00, 0x00, 0x00, 0x00, 0x00, 0x00, 0x00, 0x00, 0x00, 0x00, 0x00, 
    0x00, 0x00, 0x00, 0x00, 0x00, 0x00, 0x00, 0x01, 0x01, 0x00, 0x00, 0x00, 
    0x03, 0x11, 0x1C, 0x00, 0x1F, 0x56, 0x56, 0x5E, 0x30, 0xFF, 0xCD, 0x00, 
    0xF2, 0xC1, 0x01, 0xF5, 0xC3, 0x00, 0xF5, 0xC3, 0x00, 0xF5, 0xC3, 0x00, 
    0xF5, 0xC3, 0x00, 0xF5, 0xC3, 0x00, 0xF5, 0xC3, 0x00, 0xF5, 0xC3, 0x00, 
    0xF5, 0xC3, 0x00, 0xF5, 0xC3, 0x00, 0xF5, 0xC3, 0x00, 0xF5, 0xC3, 0x00, 
    0xF5, 0xC3, 0x00, 0xF5, 0xC3, 0x00, 0xF5, 0xC3, 0x00, 0xF5, 0xC3, 0x00, 
    0xF5, 0xC3, 0x00, 0xF5, 0xC3, 0x00, 0xF5, 0xC3, 0x00, 0xF5, 0xC3, 0x00, 
    0xF5, 0xC3, 0x00, 0xF5, 0xC3, 0x00, 0xF5, 0xC3, 0x00, 0xF5, 0xC3, 0x00, 
    0xF5, 0xC3, 0x00, 0xF5, 0xC3, 0x00, 0xF5, 0xC3, 0x00, 0xF5, 0xC3, 0x00, 
    0xF5, 0xC3, 0x00, 0xF5, 0xC3, 0x00, 0xF4, 0xC3, 0x00, 0xF3, 0xC2, 0x01, 
    0xF3, 0xC2, 0x01, 0xF3, 0xC2, 0x01, 0xF3, 0xC2, 0x01, 0xF3, 0xC2, 0x01, 
    0xF1, 0xC1, 0x01, 0xFC, 0xC8, 0x01, 0x38, 0x4B, 0x3C, 0x00, 0x1A, 0x47, 
    0x00, 0x16, 0x3E, 0x13, 0x34, 0x49, 0xF0, 0xBF, 0x01, 0xFF, 0xCC, 0x00, 
    0xFE, 0xC8, 0x00, 0xFF, 0xC9, 0x00, 0xFF, 0xC9, 0x00, 0xFE, 0xC9, 0x00, 
    0xFF, 0xCA, 0x00, 0xF9, 0xC6, 0x00, 0xF5, 0xC3, 0x00, 0xF5, 0xC3, 0x00, 
    0xF5, 0xC3, 0x00, 0xF5, 0xC3, 0x00, 0xF5, 0xC3, 0x00, 0xF5, 0xC3, 0x00, 
    0xF5, 0xC3, 0x00, 0xF5, 0xC3, 0x00, 0xF5, 0xC3, 0x00, 0xF5, 0xC3, 0x00, 
    0xF5, 0xC3, 0x00, 0xF5, 0xC3, 0x00, 0xF5, 0xC3, 0x00, 0xF5, 0xC3, 0x00, 
    0xF5, 0xC3, 0x00, 0xF5, 0xC3, 0x00, 0xF5, 0xC3, 0x00, 0xF5, 0xC3, 0x00, 
    0xF5, 0xC3, 0x00, 0xF5, 0xC3, 0x00, 0xF5, 0xC3, 0x00, 0xF5, 0xC3, 0x00, 
    0xF5, 0xC3, 0x00, 0xF5, 0xC3, 0x00, 0xF5, 0xC3, 0x00, 0xF5, 0xC3, 0x00, 
    0xF5, 0xC3, 0x00, 0xF5, 0xC3, 0x00, 0xF5, 0xC3, 0x00, 0xF4, 0xC2, 0x00, 
    0xF7, 0xC5, 0x00, 0xED, 0xBE, 0x03, 0x1B, 0x38, 0x44, 0x01, 0x22, 0x4D, 
    0x02, 0x06, 0x0A, 0x00, 0x00, 0x00, 0x00, 0x00, 0x00, 0x00, 0x00, 0x00, 
    0x00, 0x00, 0x00, 0x00, 0x00, 0x00, 0x00, 0x00, 0x00, 0x00, 0x00, 0x00, 
    0x00, 0x00, 0x00, 0x00, 0x00, 0x00, 0x00, 0x00, 0x00, 0x01, 0x02, 0x03, 
    0x02, 0x22, 0x43, 0x06, 0x28, 0x4E, 0xD0, 0xAB, 0x0B, 0xFC, 0xC9, 0x00, 
    0xF3, 0xC2, 0x01, 0xF5, 0xC3, 0x00, 0xF5, 0xC3, 0x00, 0xF5, 0xC3, 0x00, 
    0xF5, 0xC3, 0x00, 0xF5, 0xC3, 0x00, 0xF5, 0xC3, 0x00, 0xF5, 0xC3, 0x00, 
    0xF5, 0xC3, 0x00, 0xF5, 0xC3, 0x00, 0xF5, 0xC3, 0x00, 0xF5, 0xC3, 0x00, 
    0xF5, 0xC3, 0x00, 0xF5, 0xC3, 0x00, 0xF5, 0xC3, 0x00, 0xF5, 0xC3, 0x00, 
    0xF5, 0xC3, 0x00, 0xF5, 0xC3, 0x00, 0xF5, 0xC3, 0x00, 0xF5, 0xC3, 0x00, 
    0xF5, 0xC3, 0x00, 0xF5, 0xC3, 0x00, 0xF5, 0xC3, 0x00, 0xF5, 0xC3, 0x00, 
    0xF5, 0xC3, 0x00, 0xF5, 0xC3, 0x00, 0xF5, 0xC3, 0x00, 0xF5, 0xC3, 0x00, 
    0xF5, 0xC3, 0x00, 0xF5, 0xC3, 0x00, 0xF7, 0xC5, 0x00, 0xFF, 0xC9, 0x00, 
    0xFE, 0xC9, 0x00, 0xFF, 0xC9, 0x00, 0xFF, 0xC9, 0x00, 0xFF, 0xC9, 0x00, 
    0xFC, 0xC8, 0x00, 0xFF, 0xCF, 0x00, 0x3A, 0x4C, 0x3B, 0x00, 0x1A, 0x47, 
    0x00, 0x16, 0x3D, 0x0F, 0x32, 0x4A, 0xBF, 0xA0, 0x10, 0xCE, 0xAA, 0x0D, 
    0xCA, 0xA7, 0x0D, 0xCB, 0xA8, 0x0D, 0xCB, 0xA8, 0x0D, 0xCB, 0xA8, 0x0D, 
    0xC9, 0xA6, 0x0E, 0xE2, 0xB7, 0x06, 0xF7, 0xC5, 0x00, 0xF4, 0xC3, 0x00, 
    0xF5, 0xC3, 0x00, 0xF5, 0xC3, 0x00, 0xF5, 0xC3, 0x00, 0xF5, 0xC3, 0x00, 
    0xF5, 0xC3, 0x00, 0xF5, 0xC3, 0x00, 0xF5, 0xC3, 0x00, 0xF5, 0xC3, 0x00, 
    0xF5, 0xC3, 0x00, 0xF5, 0xC3, 0x00, 0xF5, 0xC3, 0x00, 0xF5, 0xC3, 0x00, 
    0xF5, 0xC3, 0x00, 0xF5, 0xC3, 0x00, 0xF5, 0xC3, 0x00, 0xF5, 0xC3, 0x00, 
    0xF5, 0xC3, 0x00, 0xF5, 0xC3, 0x00, 0xF5, 0xC3, 0x00, 0xF5, 0xC3, 0x00, 
    0xF5, 0xC3, 0x00, 0xF5, 0xC3, 0x00, 0xF5, 0xC3, 0x00, 0xF5, 0xC3, 0x00, 
    0xF5, 0xC3, 0x00, 0xF5, 0xC3, 0x00, 0xF5, 0xC3, 0x00, 0xF5, 0xC3, 0x00, 
    0xF1, 0xC0, 0x01, 0xFF, 0xCE, 0x00, 0x90, 0x82, 0x1E, 0x00, 0x1F, 0x57, 
    0x03, 0x1B, 0x2E, 0x00, 0x00, 0x00, 0x00, 0x01, 0x01, 0x00, 0x00, 0x00, 
    0x00, 0x00, 0x00, 0x00, 0x00, 0x00, 0x00, 0x00, 0x00, 0x00, 0x00, 0x00, 
    0x00, 0x00, 0x00, 0x00, 0x01, 0x01, 0x00, 0x00, 0x00, 0x04, 0x13, 0x1F, 
    0x00, 0x1F, 0x57, 0x61, 0x65, 0x2C, 0xFF, 0xCE, 0x00, 0xF1, 0xC0, 0x01, 
    0xF5, 0xC3, 0x00, 0xF5, 0xC3, 0x00, 0xF5, 0xC3, 0x00, 0xF5, 0xC3, 0x00, 
    0xF5, 0xC3, 0x00, 0xF5, 0xC3, 0x00, 0xF5, 0xC3, 0x00, 0xF5, 0xC3, 0x00, 
    0xF5, 0xC3, 0x00, 0xF5, 0xC3, 0x00, 0xF5, 0xC3, 0x00, 0xF5, 0xC3, 0x00, 
    0xF5, 0xC3, 0x00, 0xF5, 0xC3, 0x00, 0xF5, 0xC3, 0x00, 0xF5, 0xC3, 0x00, 
    0xF5, 0xC3, 0x00, 0xF5, 0xC3, 0x00, 0xF5, 0xC3, 0x00, 0xF5, 0xC3, 0x00, 
    0xF5, 0xC3, 0x00, 0xF5, 0xC3, 0x00, 0xF5, 0xC3, 0x00, 0xF5, 0xC3, 0x00, 
    0xF5, 0xC3, 0x00, 0xF5, 0xC3, 0x00, 0xF5, 0xC3, 0x00, 0xF5, 0xC3, 0x00, 
    0xF4, 0xC3, 0x00, 0xF7, 0xC4, 0x00, 0xEA, 0xBC, 0x03, 0xCA, 0xA7, 0x0E, 
    0xCB, 0xA8, 0x0D, 0xCB, 0xA8, 0x0D, 0xCB, 0xA8, 0x0D, 0xCB, 0xA8, 0x0D, 
    0xC9, 0xA7, 0x0D, 0xD2, 0xAD, 0x0D, 0x2E, 0x45, 0x3F, 0x00, 0x1B, 0x46, 
    0x00, 0x19, 0x3C, 0x00, 0x29, 0x4F, 0x00, 0x26, 0x4C, 0x00, 0x26, 0x4D, 
    0x00, 0x26, 0x4D, 0x00, 0x26, 0x4D, 0x00, 0x26, 0x4D, 0x02, 0x29, 0x4C, 
    0x00, 0x1B, 0x53, 0x84, 0x7A, 0x23, 0xFF, 0xCE, 0x00, 0xF1, 0xC0, 0x01, 
    0xF5, 0xC3, 0x00, 0xF5, 0xC3, 0x00, 0xF5, 0xC3, 0x00, 0xF5, 0xC3, 0x00, 
    0xF5, 0xC3, 0x00, 0xF5, 0xC3, 0x00, 0xF5, 0xC3, 0x00, 0xF5, 0xC3, 0x00, 
    0xF5, 0xC3, 0x00, 0xF5, 0xC3, 0x00, 0xF5, 0xC3, 0x00, 0xF5, 0xC3, 0x00, 
    0xF5, 0xC3, 0x00, 0xF5, 0xC3, 0x00, 0xF5, 0xC3, 0x00, 0xF5, 0xC3, 0x00, 
    0xF5, 0xC3, 0x00, 0xF5, 0xC3, 0x00, 0xF5, 0xC3, 0x00, 0xF5, 0xC3, 0x00, 
    0xF5, 0xC3, 0x00, 0xF5, 0xC3, 0x00, 0xF5, 0xC3, 0x00, 0xF5, 0xC3, 0x00, 
    0xF5, 0xC3, 0x00, 0xF5, 0xC3, 0x00, 0xF5, 0xC3, 0x00, 0xF5, 0xC3, 0x00, 
    0xF4, 0xC3, 0x00, 0xF6, 0xC4, 0x00, 0xF1, 0xC1, 0x02, 0x22, 0x3D, 0x42, 
    0x01, 0x22, 0x4F, 0x02, 0x07, 0x0C, 0x00, 0x00, 0x00, 0x00, 0x00, 0x01, 
    0x00, 0x00, 0x00, 0x00, 0x00, 0x00, 0x00, 0x00, 0x00, 0x00, 0x00, 0x00, 
    0x00, 0x00, 0x00, 0x00, 0x00, 0x00, 0x01, 0x02, 0x04, 0x02, 0x22, 0x45, 
    0x0A, 0x2C, 0x4C, 0xD8, 0xB0, 0x09, 0xFA, 0xC8, 0x00, 0xF3, 0xC2, 0x01, 
    0xF5, 0xC3, 0x00, 0xF5, 0xC3, 0x00, 0xF5, 0xC3, 0x00, 0xF5, 0xC3, 0x00, 
    0xF5, 0xC3, 0x00, 0xF5, 0xC3, 0x00, 0xF5, 0xC3, 0x00, 0xF5, 0xC3, 0x00, 
    0xF5, 0xC3, 0x00, 0xF5, 0xC3, 0x00, 0xF5, 0xC3, 0x00, 0xF5, 0xC3, 0x00, 
    0xF5, 0xC3, 0x00, 0xF5, 0xC3, 0x00, 0xF5, 0xC3, 0x00, 0xF5, 0xC3, 0x00, 
    0xF5, 0xC3, 0x00, 0xF5, 0xC3, 0x00, 0xF5, 0xC3, 0x00, 0xF5, 0xC3, 0x00, 
    0xF5, 0xC3, 0x00, 0xF5, 0xC3, 0x00, 0xF5, 0xC3, 0x00, 0xF5, 0xC3, 0x00, 
    0xF5, 0xC3, 0x00, 0xF5, 0xC3, 0x00, 0xF5, 0xC3, 0x00, 0xF5, 0xC3, 0x00, 
    0xF2, 0xC1, 0x01, 0xFF, 0xCB, 0x00, 0xB5, 0x9A, 0x14, 0x00, 0x20, 0x50, 
    0x00, 0x27, 0x4C, 0x00, 0x26, 0x4D, 0x00, 0x26, 0x4D, 0x00, 0x26, 0x4D, 
    0x00, 0x26, 0x4D, 0x00, 0x26, 0x4D, 0x00, 0x28, 0x4E, 0x00, 0x22, 0x43, 
    0x00, 0x19, 0x3B, 0x00, 0x29, 0x4F, 0x00, 0x27, 0x4B, 0x00, 0x27, 0x4C, 
    0x00, 0x27, 0x4C, 0x00, 0x27, 0x4C, 0x00, 0x27, 0x4C, 0x04, 0x2A, 0x4B, 
    0x00, 0x1C, 0x52, 0x85, 0x7B, 0x23, 0xFF, 0xCE, 0x00, 0xF1, 0xC0, 0x01, 
    0xF5, 0xC3, 0x00, 0xF5, 0xC3, 0x00, 0xF5, 0xC3, 0x00, 0xF5, 0xC3, 0x00, 
    0xF5, 0xC3, 0x00, 0xF5, 0xC3, 0x00, 0xF5, 0xC3, 0x00, 0xF5, 0xC3, 0x00, 
    0xF5, 0xC3, 0x00, 0xF5, 0xC3, 0x00, 0xF5, 0xC3, 0x00, 0xF5, 0xC3, 0x00, 
    0xF5, 0xC3, 0x00, 0xF5, 0xC3, 0x00, 0xF5, 0xC3, 0x00, 0xF5, 0xC3, 0x00, 
    0xF5, 0xC3, 0x00, 0xF5, 0xC3, 0x00, 0xF5, 0xC3, 0x00, 0xF5, 0xC3, 0x00, 
    0xF5, 0xC3, 0x00, 0xF5, 0xC3, 0x00, 0xF5, 0xC3, 0x00, 0xF5, 0xC3, 0x00, 
    0xF5, 0xC3, 0x00, 0xF5, 0xC3, 0x00, 0xF5, 0xC3, 0x00, 0xF5, 0xC3, 0x00, 
    0xF5, 0xC3, 0x00, 0xF1, 0xC0, 0x01, 0xFF, 0xCE, 0x00, 0x9A, 0x88, 0x1B, 
    0x00, 0x1F, 0x56, 0x03, 0x1C, 0x31, 0x00, 0x00, 0x00, 0x00, 0x01, 0x01, 
    0x00, 0x00, 0x00, 0x00, 0x00, 0x00, 0x00, 0x00, 0x00, 0x00, 0x00, 0x00, 
    0x00, 0x01, 0x01, 0x00, 0x00, 0x00, 0x04, 0x15, 0x22, 0x00, 0x1F, 0x57, 
    0x6B, 0x6B, 0x29, 0xFF, 0xCE, 0x00, 0xF1, 0xC0, 0x01, 0xF5, 0xC3, 0x00, 
    0xF5, 0xC3, 0x00, 0xF5, 0xC3, 0x00, 0xF5, 0xC3, 0x00, 0xF5, 0xC3, 0x00, 
    0xF5, 0xC3, 0x00, 0xF5, 0xC3, 0x00, 0xF5, 0xC3, 0x00, 0xF5, 0xC3, 0x00, 
    0xF5, 0xC3, 0x00, 0xF5, 0xC3, 0x00, 0xF5, 0xC3, 0x00, 0xF5, 0xC3, 0x00, 
    0xF5, 0xC3, 0x00, 0xF5, 0xC3, 0x00, 0xF5, 0xC3, 0x00, 0xF5, 0xC3, 0x00, 
    0xF5, 0xC3, 0x00, 0xF5, 0xC3, 0x00, 0xF5, 0xC3, 0x00, 0xF5, 0xC3, 0x00, 
    0xF5, 0xC3, 0x00, 0xF5, 0xC3, 0x00, 0xF5, 0xC3, 0x00, 0xF5, 0xC3, 0x00, 
    0xF5, 0xC3, 0x00, 0xF5, 0xC3, 0x00, 0xF5, 0xC3, 0x00, 0xF5, 0xC3, 0x00, 
    0xF2, 0xC1, 0x01, 0xFF, 0xCB, 0x00, 0xB5, 0x9A, 0x14, 0x00, 0x21, 0x4F, 
    0x02, 0x28, 0x4B, 0x00, 0x27, 0x4C, 0x00, 0x27, 0x4C, 0x00, 0x27, 0x4C, 
    0x00, 0x27, 0x4C, 0x00, 0x27, 0x4C, 0x00, 0x28, 0x4E, 0x00, 0x22, 0x43, 
    0x00, 0x04, 0x08, 0x00, 0x06, 0x0C, 0x00, 0x06, 0x0B, 0x00, 0x06, 0x0B, 
    0x00, 0x06, 0x0B, 0x00, 0x06, 0x0C, 0x00, 0x06, 0x0B, 0x04, 0x10, 0x17, 
    0x00, 0x1D, 0x53, 0x85, 0x7B, 0x23, 0xFF, 0xCE, 0x00, 0xF1, 0xC0, 0x01, 
    0xF5, 0xC3, 0x00, 0xF5, 0xC3, 0x00, 0xF5, 0xC3, 0x00, 0xF5, 0xC3, 0x00, 
    0xF5, 0xC3, 0x00, 0xF5, 0xC3, 0x00, 0xF5, 0xC3, 0x00, 0xF5, 0xC3, 0x00, 
    0xF5, 0xC3, 0x00, 0xF5, 0xC3, 0x00, 0xF5, 0xC3, 0x00, 0xF5, 0xC3, 0x00, 
    0xF5, 0xC3, 0x00, 0xF5, 0xC3, 0x00, 0xF5, 0xC3, 0x00, 0xF5, 0xC3, 0x00, 
    0xF5, 0xC3, 0x00, 0xF5, 0xC3, 0x00, 0xF5, 0xC3, 0x00, 0xF5, 0xC3, 0x00, 
    0xF5, 0xC3, 0x00, 0xF5, 0xC3, 0x00, 0xF5, 0xC3, 0x00, 0xF5, 0xC3, 0x00, 
    0xF5, 0xC3, 0x00, 0xF5, 0xC3, 0x00, 0xF5, 0xC3, 0x00, 0xF5, 0xC3, 0x00, 
    0xF5, 0xC3, 0x00, 0xF5, 0xC3, 0x00, 0xF5, 0xC3, 0x01, 0xF5, 0xC4, 0x01, 
    0x29, 0x41, 0x3F, 0x01, 0x22, 0x51, 0x02, 0x09, 0x0E, 0x00, 0x00, 0x00, 
    0x00, 0x00, 0x01, 0x00, 0x00, 0x00, 0x00, 0x00, 0x00, 0x00, 0x00, 0x00, 
    0x00, 0x00, 0x00, 0x01, 0x03, 0x05, 0x01, 0x23, 0x48, 0x0E, 0x2F, 0x4A, 
    0xDF, 0xB5, 0x07, 0xFA, 0xC6, 0x00, 0xF4, 0xC2, 0x00, 0xF5, 0xC3, 0x00, 
    0xF5, 0xC3, 0x00, 0xF5, 0xC3, 0x00, 0xF5, 0xC3, 0x00, 0xF5, 0xC3, 0x00, 
    0xF5, 0xC3, 0x00, 0xF5, 0xC3, 0x00, 0xF5, 0xC3, 0x00, 0xF5, 0xC3, 0x00, 
    0xF5, 0xC3, 0x00, 0xF5, 0xC3, 0x00, 0xF5, 0xC3, 0x00, 0xF5, 0xC3, 0x00, 
    0xF5, 0xC3, 0x00, 0xF5, 0xC3, 0x00, 0xF5, 0xC3, 0x00, 0xF5, 0xC3, 0x00, 
    0xF5, 0xC3, 0x00, 0xF5, 0xC3, 0x00, 0xF5, 0xC3, 0x00, 0xF5, 0xC3, 0x00, 
    0xF5, 0xC3, 0x00, 0xF5, 0xC3, 0x00, 0xF5, 0xC3, 0x00, 0xF5, 0xC3, 0x00, 
    0xF5, 0xC3, 0x00, 0xF5, 0xC3, 0x00, 0xF5, 0xC3, 0x00, 0xF5, 0xC3, 0x00, 
    0xF2, 0xC1, 0x01, 0xFF, 0xCB, 0x00, 0xB5, 0x9A, 0x13, 0x00, 0x23, 0x53, 
    0x02, 0x16, 0x26, 0x00, 0x06, 0x0B, 0x00, 0x07, 0x0C, 0x00, 0x06, 0x0B, 
    0x00, 0x06, 0x0B, 0x00, 0x06, 0x0B, 0x00, 0x06, 0x0C, 0x00, 0x05, 0x0A, 
    0x00, 0x00, 0x00, 0x00, 0x00, 0x00, 0x00, 0x00, 0x00, 0x00, 0x00, 0x00, 
    0x00, 0x00, 0x00, 0x00, 0x00, 0x00, 0x00, 0x00, 0x00, 0x04, 0x0A, 0x0C, 
    0x00, 0x1D, 0x53, 0x85, 0x7B, 0x23, 0xFF, 0xCE, 0x00, 0xF1, 0xC0, 0x01, 
    0xF5, 0xC3, 0x00, 0xF5, 0xC3, 0x00, 0xF5, 0xC3, 0x00, 0xF5, 0xC3, 0x00, 
    0xF5, 0xC3, 0x00, 0xF5, 0xC3, 0x00, 0xF5, 0xC3, 0x00, 0xF5, 0xC3, 0x00, 
    0xF5, 0xC3, 0x00, 0xF5, 0xC3, 0x00, 0xF5, 0xC3, 0x00, 0xF5, 0xC3, 0x00, 
    0xF5, 0xC3, 0x00, 0xF5, 0xC3, 0x00, 0xF5, 0xC3, 0x00, 0xF5, 0xC3, 0x00, 
    0xF5, 0xC3, 0x00, 0xF5, 0xC3, 0x00, 0xF5, 0xC3, 0x00, 0xF5, 0xC3, 0x00, 
    0xF5, 0xC3, 0x00, 0xF5, 0xC3, 0x00, 0xF5, 0xC3, 0x00, 0xF5, 0xC3, 0x00, 
    0xF5, 0xC3, 0x00, 0xF5, 0xC3, 0x00, 0xF5, 0xC3, 0x00, 0xF5, 0xC3, 0x00, 
    0xF5, 0xC3, 0x00, 0xF5, 0xC3, 0x00, 0xF1, 0xC1, 0x01, 0xFF, 0xCD, 0x00, 
    0xA4, 0x8E, 0x18, 0x00, 0x20, 0x55, 0x03, 0x1D, 0x34, 0x00, 0x00, 0x00, 
    0x00, 0x00, 0x01, 0x00, 0x00, 0x00, 0x00, 0x00, 0x00, 0x00, 0x01, 0x01, 
    0x00, 0x00, 0x00, 0x03, 0x17, 0x27, 0x00, 0x1E, 0x57, 0x76, 0x72, 0x26, 
    0xFF, 0xCE, 0x00, 0xF1, 0xC0, 0x01, 0xF5, 0xC3, 0x00, 0xF5, 0xC3, 0x00, 
    0xF5, 0xC3, 0x00, 0xF5, 0xC3, 0x00, 0xF5, 0xC3, 0x00, 0xF5, 0xC3, 0x00, 
    0xF5, 0xC3, 0x00, 0xF5, 0xC3, 0x00, 0xF5, 0xC3, 0x00, 0xF5, 0xC3, 0x00, 
    0xF5, 0xC3, 0x00, 0xF5, 0xC3, 0x00, 0xF5, 0xC3, 0x00, 0xF5, 0xC3, 0x00, 
    0xF5, 0xC3, 0x00, 0xF5, 0xC3, 0x00, 0xF5, 0xC3, 0x00, 0xF5, 0xC3, 0x00, 
    0xF5, 0xC3, 0x00, 0xF5, 0xC3, 0x00, 0xF5, 0xC3, 0x00, 0xF5, 0xC3, 0x00, 
    0xF5, 0xC3, 0x00, 0xF5, 0xC3, 0x00, 0xF5, 0xC3, 0x00, 0xF5, 0xC3, 0x00, 
    0xF5, 0xC3, 0x00, 0xF5, 0xC3, 0x00, 0xF5, 0xC3, 0x00, 0xF5, 0xC3, 0x00, 
    0xF2, 0xC1, 0x01, 0xFF, 0xCB, 0x00, 0xB5, 0x9A, 0x13, 0x00, 0x23, 0x54, 
    0x02, 0x11, 0x1D, 0x00, 0x00, 0x00, 0x00, 0x00, 0x00, 0x00, 0x00, 0x00, 
    0x00, 0x00, 0x00, 0x00, 0x00, 0x00, 0x00, 0x00, 0x00, 0x00, 0x00, 0x00, 
    0x00, 0x00, 0x00, 0x00, 0x00, 0x01, 0x00, 0x00, 0x01, 0x00, 0x00, 0x01, 
    0x00, 0x00, 0x01, 0x00, 0x00, 0x02, 0x00, 0x00, 0x01, 0x04, 0x0B, 0x0E, 
    0x00, 0x1D, 0x53, 0x85, 0x7B, 0x23, 0xFF, 0xCE, 0x00, 0xF1, 0xC0, 0x01, 
    0xF5, 0xC3, 0x00, 0xF5, 0xC3, 0x00, 0xF5, 0xC3, 0x00, 0xF5, 0xC3, 0x00, 
    0xF5, 0xC3, 0x00, 0xF5, 0xC3, 0x00, 0xF5, 0xC3, 0x00, 0xF5, 0xC3, 0x00, 
    0xF5, 0xC3, 0x00, 0xF5, 0xC3, 0x00, 0xF5, 0xC3, 0x00, 0xF5, 0xC3, 0x00, 
    0xF5, 0xC3, 0x00, 0xF5, 0xC3, 0x00, 0xF5, 0xC3, 0x00, 0xF5, 0xC3, 0x00, 
    0xF5, 0xC3, 0x00, 0xF5, 0xC3, 0x00, 0xF5, 0xC3, 0x00, 0xF5, 0xC3, 0x00, 
    0xF5, 0xC3, 0x00, 0xF5, 0xC3, 0x00, 0xF5, 0xC3, 0x00, 0xF5, 0xC3, 0x00, 
    0xF5, 0xC3, 0x00, 0xF5, 0xC3, 0x00, 0xF5, 0xC3, 0x00, 0xF5, 0xC3, 0x00, 
    0xF5, 0xC3, 0x00, 0xF5, 0xC3, 0x00, 0xF5, 0xC3, 0x00, 0xF4, 0xC2, 0x01, 
    0xF8, 0xC7, 0x01, 0x31, 0x47, 0x3C, 0x00, 0x21, 0x52, 0x03, 0x0A, 0x11, 
    0x00, 0x00, 0x00, 0x00, 0x00, 0x01, 0x00, 0x00, 0x00, 0x00, 0x00, 0x00, 
    0x01, 0x04, 0x07, 0x01, 0x23, 0x4A, 0x13, 0x33, 0x48, 0xE5, 0xB9, 0x05, 
    0xF8, 0xC6, 0x00, 0xF4, 0xC2, 0x00, 0xF5, 0xC3, 0x00, 0xF5, 0xC3, 0x00, 
    0xF5, 0xC3, 0x00, 0xF5, 0xC3, 0x00, 0xF5, 0xC3, 0x00, 0xF5, 0xC3, 0x00, 
    0xF5, 0xC3, 0x00, 0xF5, 0xC3, 0x00, 0xF5, 0xC3, 0x00, 0xF5, 0xC3, 0x00, 
    0xF5, 0xC3, 0x00, 0xF5, 0xC3, 0x00, 0xF5, 0xC3, 0x00, 0xF5, 0xC3, 0x00, 
    0xF5, 0xC3, 0x00, 0xF5, 0xC3, 0x00, 0xF5, 0xC3, 0x00, 0xF5, 0xC3, 0x00, 
    0xF5, 0xC3, 0x00, 0xF5, 0xC3, 0x00, 0xF5, 0xC3, 0x00, 0xF5, 0xC3, 0x00, 
    0xF5, 0xC3, 0x00, 0xF5, 0xC3, 0x00, 0xF5, 0xC3, 0x00, 0xF5, 0xC3, 0x00, 
    0xF5, 0xC3, 0x00, 0xF5, 0xC3, 0x00, 0xF5, 0xC3, 0x00, 0xF5, 0xC3, 0x00, 
    0xF2, 0xC1, 0x01, 0xFF, 0xCB, 0x00, 0xB5, 0x9A, 0x13, 0x00, 0x23, 0x54, 
    0x02, 0x12, 0x1F, 0x00, 0x00, 0x01, 0x00, 0x01, 0x02, 0x00, 0x00, 0x01, 
    0x00, 0x00, 0x01, 0x00, 0x00, 0x01, 0x00, 0x00, 0x01, 0x00, 0x00, 0x01, 
    0x00, 0x00, 0x00, 0x00, 0x00, 0x00, 0x00, 0x00, 0x00, 0x00, 0x00, 0x00, 
    0x00, 0x00, 0x00, 0x00, 0x00, 0x01, 0x00, 0x00, 0x00, 0x04, 0x0B, 0x0E, 
    0x00, 0x1D, 0x53, 0x85, 0x7B, 0x23, 0xFF, 0xCE, 0x00, 0xF1, 0xC0, 0x01, 
    0xF5, 0xC3, 0x00, 0xF5, 0xC3, 0x00, 0xF5, 0xC3, 0x00, 0xF5, 0xC3, 0x00, 
    0xF5, 0xC3, 0x00, 0xF5, 0xC3, 0x00, 0xF5, 0xC3, 0x00, 0xF5, 0xC3, 0x00, 
    0xF5, 0xC3, 0x00, 0xF5, 0xC3, 0x00, 0xF5, 0xC3, 0x00, 0xF5, 0xC3, 0x00, 
    0xF5, 0xC3, 0x00, 0xF5, 0xC3, 0x00, 0xF5, 0xC3, 0x00, 0xF5, 0xC3, 0x00, 
    0xF5, 0xC3, 0x00, 0xF5, 0xC3, 0x00, 0xF5, 0xC3, 0x00, 0xF5, 0xC3, 0x00, 
    0xF5, 0xC3, 0x00, 0xF5, 0xC3, 0x00, 0xF5, 0xC3, 0x00, 0xF5, 0xC3, 0x00, 
    0xF5, 0xC3, 0x00, 0xF5, 0xC3, 0x00, 0xF5, 0xC3, 0x00, 0xF5, 0xC3, 0x00, 
    0xF5, 0xC3, 0x00, 0xF5, 0xC3, 0x00, 0xF5, 0xC3, 0x00, 0xF1, 0xC1, 0x01, 
    0xFF, 0xCC, 0x00, 0xAD, 0x94, 0x15, 0x00, 0x21, 0x54, 0x03, 0x1F, 0x37, 
    0x00, 0x00, 0x00, 0x00, 0x00, 0x01, 0x00, 0x01, 0x01, 0x00, 0x00, 0x00, 
    0x03, 0x18, 0x2A, 0x00, 0x1E, 0x57, 0x81, 0x79, 0x22, 0xFF, 0xCF, 0x00, 
    0xF1, 0xC0, 0x01, 0xF5, 0xC3, 0x00, 0xF5, 0xC3, 0x00, 0xF5, 0xC3, 0x00, 
    0xF5, 0xC3, 0x00, 0xF5, 0xC3, 0x00, 0xF5, 0xC3, 0x00, 0xF5, 0xC3, 0x00, 
    0xF5, 0xC3, 0x00, 0xF5, 0xC3, 0x00, 0xF5, 0xC3, 0x00, 0xF5, 0xC3, 0x00, 
    0xF5, 0xC3, 0x00, 0xF5, 0xC3, 0x00, 0xF5, 0xC3, 0x00, 0xF5, 0xC3, 0x00, 
    0xF5, 0xC3, 0x00, 0xF5, 0xC3, 0x00, 0xF5, 0xC3, 0x00, 0xF5, 0xC3, 0x00, 
    0xF5, 0xC3, 0x00, 0xF5, 0xC3, 0x00, 0xF5, 0xC3, 0x00, 0xF5, 0xC3, 0x00, 
    0xF5, 0xC3, 0x00, 0xF5, 0xC3, 0x00, 0xF5, 0xC3, 0x00, 0xF5, 0xC3, 0x00, 
    0xF5, 0xC3, 0x00, 0xF5, 0xC3, 0x00, 0xF5, 0xC3, 0x00, 0xF5, 0xC3, 0x00, 
    0xF2, 0xC1, 0x01, 0xFF, 0xCB, 0x00, 0xB5, 0x9A, 0x13, 0x00, 0x23, 0x54, 
    0x02, 0x12, 0x1F, 0x00, 0x00, 0x00, 0x00, 0x01, 0x01, 0x00, 0x00, 0x00, 
    0x00, 0x00, 0x00, 0x00, 0x00, 0x00, 0x00, 0x00, 0x00, 0x00, 0x00, 0x00, 
    0x00, 0x00, 0x00, 0x00, 0x00, 0x00, 0x00, 0x00, 0x00, 0x00, 0x00, 0x00, 
    0x00, 0x00, 0x00, 0x00, 0x00, 0x01, 0x00, 0x00, 0x00, 0x04, 0x0B, 0x0E, 
    0x00, 0x1D, 0x53, 0x85, 0x7B, 0x23, 0xFF, 0xCE, 0x00, 0xF1, 0xC0, 0x01, 
    0xF5, 0xC3, 0x00, 0xF5, 0xC3, 0x00, 0xF5, 0xC3, 0x00, 0xF5, 0xC3, 0x00, 
    0xF5, 0xC3, 0x00, 0xF5, 0xC3, 0x00, 0xF5, 0xC3, 0x00, 0xF5, 0xC3, 0x00, 
    0xF5, 0xC3, 0x00, 0xF5, 0xC3, 0x00, 0xF5, 0xC3, 0x00, 0xF5, 0xC3, 0x00, 
    0xF5, 0xC3, 0x00, 0xF5, 0xC3, 0x00, 0xF5, 0xC3, 0x00, 0xF5, 0xC3, 0x00, 
    0xF5, 0xC3, 0x00, 0xF5, 0xC3, 0x00, 0xF5, 0xC3, 0x00, 0xF5, 0xC3, 0x00, 
    0xF5, 0xC3, 0x00, 0xF5, 0xC3, 0x00, 0xF5, 0xC3, 0x00, 0xF5, 0xC3, 0x00, 
    0xF5, 0xC3, 0x00, 0xF5, 0xC3, 0x00, 0xF5, 0xC3, 0x00, 0xF5, 0xC3, 0x00, 
    0xF5, 0xC3, 0x00, 0xF5, 0xC3, 0x00, 0xF5, 0xC3, 0x00, 0xF5, 0xC3, 0x00, 
    0xF4, 0xC2, 0x01, 0xFB, 0xC9, 0x00, 0x3A, 0x4C, 0x39, 0x00, 0x21, 0x53, 
    0x03, 0x0C, 0x13, 0x00, 0x00, 0x00, 0x00, 0x00, 0x00, 0x02, 0x06, 0x09, 
    0x01, 0x22, 0x4C, 0x19, 0x37, 0x45, 0xEB, 0xBD, 0x04, 0xF7, 0xC5, 0x00, 
    0xF4, 0xC2, 0x00, 0xF5, 0xC3, 0x00, 0xF5, 0xC3, 0x00, 0xF5, 0xC3, 0x00, 
    0xF5, 0xC3, 0x00, 0xF5, 0xC3, 0x00, 0xF5, 0xC3, 0x00, 0xF5, 0xC3, 0x00, 
    0xF5, 0xC3, 0x00, 0xF5, 0xC3, 0x00, 0xF5, 0xC3, 0x00, 0xF5, 0xC3, 0x00, 
    0xF5, 0xC3, 0x00, 0xF5, 0xC3, 0x00, 0xF5, 0xC3, 0x00, 0xF5, 0xC3, 0x00, 
    0xF5, 0xC3, 0x00, 0xF5, 0xC3, 0x00, 0xF5, 0xC3, 0x00, 0xF5, 0xC3, 0x00, 
    0xF5, 0xC3, 0x00, 0xF5, 0xC3, 0x00, 0xF5, 0xC3, 0x00, 0xF5, 0xC3, 0x00, 
    0xF5, 0xC3, 0x00, 0xF5, 0xC3, 0x00, 0xF5, 0xC3, 0x00, 0xF5, 0xC3, 0x00, 
    0xF5, 0xC3, 0x00, 0xF5, 0xC3, 0x00, 0xF5, 0xC3, 0x00, 0xF5, 0xC3, 0x00, 
    0xF2, 0xC1, 0x01, 0xFF, 0xCB, 0x00, 0xB5, 0x9A, 0x13, 0x00, 0x23, 0x54, 
    0x02, 0x12, 0x1F, 0x00, 0x00, 0x00, 0x00, 0x01, 0x01, 0x00, 0x00, 0x00, 
    0x00, 0x00, 0x00, 0x00, 0x00, 0x00, 0x00, 0x00, 0x00, 0x00, 0x00, 0x00, 
    0x00, 0x00, 0x00, 0x00, 0x00, 0x00, 0x00, 0x00, 0x00, 0x00, 0x00, 0x00, 
    0x00, 0x00, 0x00, 0x00, 0x00, 0x01, 0x00, 0x00, 0x00, 0x04, 0x0B, 0x0E, 
    0x00, 0x1D, 0x53, 0x85, 0x7B, 0x23, 0xFF, 0xCE, 0x00, 0xF1, 0xC0, 0x01, 
    0xF5, 0xC3, 0x00, 0xF5, 0xC3, 0x00, 0xF5, 0xC3, 0x00, 0xF5, 0xC3, 0x00, 
    0xF5, 0xC3, 0x00, 0xF5, 0xC3, 0x00, 0xF5, 0xC3, 0x00, 0xF5, 0xC3, 0x00, 
    0xF5, 0xC3, 0x00, 0xF5, 0xC3, 0x00, 0xF5, 0xC3, 0x00, 0xF5, 0xC3, 0x00, 
    0xF5, 0xC3, 0x00, 0xF5, 0xC3, 0x00, 0xF5, 0xC3, 0x00, 0xF5, 0xC3, 0x00, 
    0xF5, 0xC3, 0x00, 0xF5, 0xC3, 0x00, 0xF5, 0xC3, 0x00, 0xF5, 0xC3, 0x00, 
    0xF5, 0xC3, 0x00, 0xF5, 0xC3, 0x00, 0xF5, 0xC3, 0x00, 0xF5, 0xC3, 0x00, 
    0xF5, 0xC3, 0x00, 0xF5, 0xC3, 0x00, 0xF5, 0xC3, 0x00, 0xF5, 0xC3, 0x00, 
    0xF5, 0xC3, 0x00, 0xF5, 0xC3, 0x00, 0xF5, 0xC3, 0x00, 0xF5, 0xC3, 0x00, 
    0xF2, 0xC1, 0x01, 0xFE, 0xCB, 0x00, 0xB7, 0x9B, 0x12, 0x00, 0x22, 0x53, 
    0x02, 0x20, 0x3A, 0x00, 0x00, 0x00, 0x00, 0x00, 0x00, 0x03, 0x1A, 0x2D, 
    0x00, 0x1F, 0x57, 0x8C, 0x80, 0x1F, 0xFF, 0xCE, 0x00, 0xF1, 0xC0, 0x01, 
    0xF5, 0xC3, 0x00, 0xF5, 0xC3, 0x00, 0xF5, 0xC3, 0x00, 0xF5, 0xC3, 0x00, 
    0xF5, 0xC3, 0x00, 0xF5, 0xC3, 0x00, 0xF5, 0xC3, 0x00, 0xF5, 0xC3, 0x00, 
    0xF5, 0xC3, 0x00, 0xF5, 0xC3, 0x00, 0xF5, 0xC3, 0x00, 0xF5, 0xC3, 0x00, 
    0xF5, 0xC3, 0x00, 0xF5, 0xC3, 0x00, 0xF5, 0xC3, 0x00, 0xF5, 0xC3, 0x00, 
    0xF5, 0xC3, 0x00, 0xF5, 0xC3, 0x00, 0xF5, 0xC3, 0x00, 0xF5, 0xC3, 0x00, 
    0xF5, 0xC3, 0x00, 0xF5, 0xC3, 0x00, 0xF5, 0xC3, 0x00, 0xF5, 0xC3, 0x00, 
    0xF5, 0xC3, 0x00, 0xF5, 0xC3, 0x00, 0xF5, 0xC3, 0x00, 0xF5, 0xC3, 0x00, 
    0xF5, 0xC3, 0x00, 0xF5, 0xC3, 0x00, 0xF5, 0xC3, 0x00, 0xF5, 0xC3, 0x00, 
    0xF2, 0xC1, 0x01, 0xFF, 0xCB, 0x00, 0xB5, 0x9A, 0x13, 0x00, 0x23, 0x54, 
    0x02, 0x12, 0x1F, 0x00, 0x00, 0x00, 0x00, 0x01, 0x01, 0x00, 0x00, 0x00, 
    0x00, 0x00, 0x00, 0x00, 0x00, 0x00, 0x00, 0x00, 0x00, 0x00, 0x00, 0x00, 
    0x00, 0x00, 0x00, 0x00, 0x00, 0x00, 0x00, 0x00, 0x00, 0x00, 0x00, 0x00, 
    0x00, 0x00, 0x00, 0x00, 0x00, 0x01, 0x00, 0x00, 0x00, 0x04, 0x0B, 0x0E, 
    0x00, 0x1D, 0x53, 0x85, 0x7B, 0x23, 0xFF, 0xCE, 0x00, 0xF1, 0xC0, 0x01, 
    0xF5, 0xC3, 0x00, 0xF5, 0xC3, 0x00, 0xF5, 0xC3, 0x00, 0xF5, 0xC3, 0x00, 
    0xF5, 0xC3, 0x00, 0xF5, 0xC3, 0x00, 0xF5, 0xC3, 0x00, 0xF5, 0xC3, 0x00, 
    0xF5, 0xC3, 0x00, 0xF5, 0xC3, 0x00, 0xF5, 0xC3, 0x00, 0xF5, 0xC3, 0x00, 
    0xF5, 0xC3, 0x00, 0xF5, 0xC3, 0x00, 0xF5, 0xC3, 0x00, 0xF5, 0xC3, 0x00, 
    0xF5, 0xC3, 0x00, 0xF5, 0xC3, 0x00, 0xF5, 0xC3, 0x00, 0xF5, 0xC3, 0x00, 
    0xF5, 0xC3, 0x00, 0xF5, 0xC3, 0x00, 0xF5, 0xC3, 0x00, 0xF5, 0xC3, 0x00, 
    0xF5, 0xC3, 0x00, 0xF5, 0xC3, 0x00, 0xF5, 0xC3, 0x00, 0xF5, 0xC3, 0x00, 
    0xF5, 0xC3, 0x00, 0xF5, 0xC3, 0x00, 0xF5, 0xC3, 0x00, 0xF5, 0xC3, 0x00, 
    0xF5, 0xC3, 0x00, 0xF3, 0xC1, 0x01, 0xFD, 0xCA, 0x00, 0x42, 0x52, 0x36, 
    0x00, 0x21, 0x55, 0x03, 0x0C, 0x13, 0x02, 0x05, 0x07, 0x01, 0x23, 0x50, 
    0x20, 0x3B, 0x42, 0xF0, 0xC1, 0x02, 0xF6, 0xC4, 0x00, 0xF4, 0xC3, 0x00, 
    0xF5, 0xC3, 0x00, 0xF5, 0xC3, 0x00, 0xF5, 0xC3, 0x00, 0xF5, 0xC3, 0x00, 
    0xF5, 0xC3, 0x00, 0xF5, 0xC3, 0x00, 0xF5, 0xC3, 0x00, 0xF5, 0xC3, 0x00, 
    0xF5, 0xC3, 0x00, 0xF5, 0xC3, 0x00, 0xF5, 0xC3, 0x00, 0xF5, 0xC3, 0x00, 
    0xF5, 0xC3, 0x00, 0xF5, 0xC3, 0x00, 0xF5, 0xC3, 0x00, 0xF5, 0xC3, 0x00, 
    0xF5, 0xC3, 0x00, 0xF5, 0xC3, 0x00, 0xF5, 0xC3, 0x00, 0xF5, 0xC3, 0x00, 
    0xF5, 0xC3, 0x00, 0xF5, 0xC3, 0x00, 0xF5, 0xC3, 0x00, 0xF5, 0xC3, 0x00, 
    0xF5, 0xC3, 0x00, 0xF5, 0xC3, 0x00, 0xF5, 0xC3, 0x00, 0xF5, 0xC3, 0x00, 
    0xF5, 0xC3, 0x00, 0xF5, 0xC3, 0x00, 0xF5, 0xC3, 0x00, 0xF5, 0xC3, 0x00, 
    0xF2, 0xC1, 0x01, 0xFF, 0xCB, 0x00, 0xB5, 0x9A, 0x13, 0x00, 0x23, 0x54, 
    0x02, 0x12, 0x1F, 0x00, 0x00, 0x00, 0x00, 0x01, 0x01, 0x00, 0x00, 0x00, 
    0x00, 0x00, 0x00, 0x00, 0x00, 0x00, 0x00, 0x00, 0x00, 0x00, 0x00, 0x00, 
    0x00, 0x00, 0x00, 0x00, 0x00, 0x00, 0x00, 0x00, 0x00, 0x00, 0x00, 0x00, 
    0x00, 0x00, 0x00, 0x00, 0x00, 0x01, 0x00, 0x00, 0x00, 0x04, 0x0B, 0x0E, 
    0x00, 0x1D, 0x53, 0x85, 0x7B, 0x23, 0xFF, 0xCE, 0x00, 0xF1, 0xC0, 0x01, 
    0xF5, 0xC3, 0x00, 0xF5, 0xC3, 0x00, 0xF5, 0xC3, 0x00, 0xF5, 0xC3, 0x00, 
    0xF5, 0xC3, 0x00, 0xF5, 0xC3, 0x00, 0xF5, 0xC3, 0x00, 0xF5, 0xC3, 0x00, 
    0xF5, 0xC3, 0x00, 0xF5, 0xC3, 0x00, 0xF5, 0xC3, 0x00, 0xF5, 0xC3, 0x00, 
    0xF5, 0xC3, 0x00, 0xF5, 0xC3, 0x00, 0xF5, 0xC3, 0x00, 0xF5, 0xC3, 0x00, 
    0xF5, 0xC3, 0x00, 0xF5, 0xC3, 0x00, 0xF5, 0xC3, 0x00, 0xF5, 0xC3, 0x00, 
    0xF5, 0xC3, 0x00, 0xF5, 0xC3, 0x00, 0xF5, 0xC3, 0x00, 0xF5, 0xC3, 0x00, 
    0xF5, 0xC3, 0x00, 0xF5, 0xC3, 0x00, 0xF5, 0xC3, 0x00, 0xF5, 0xC3, 0x00, 
    0xF5, 0xC3, 0x00, 0xF5, 0xC3, 0x00, 0xF5, 0xC3, 0x00, 0xF5, 0xC3, 0x00, 
    0xF5, 0xC3, 0x00, 0xF2, 0xC1, 0x01, 0xFE, 0xCA, 0x00, 0xC0, 0xA0, 0x10, 
    0x01, 0x24, 0x53, 0x02, 0x1E, 0x39, 0x03, 0x1C, 0x30, 0x00, 0x1F, 0x56, 
    0x97, 0x86, 0x1C, 0xFF, 0xCE, 0x00, 0xF1, 0xC0, 0x01, 0xF5, 0xC3, 0x00, 
    0xF5, 0xC3, 0x00, 0xF5, 0xC3, 0x00, 0xF5, 0xC3, 0x00, 0xF5, 0xC3, 0x00, 
    0xF5, 0xC3, 0x00, 0xF5, 0xC3, 0x00, 0xF5, 0xC3, 0x00, 0xF5, 0xC3, 0x00, 
    0xF5, 0xC3, 0x00, 0xF5, 0xC3, 0x00, 0xF5, 0xC3, 0x00, 0xF5, 0xC3, 0x00, 
    0xF5, 0xC3, 0x00, 0xF5, 0xC3, 0x00, 0xF5, 0xC3, 0x00, 0xF5, 0xC3, 0x00, 
    0xF5, 0xC3, 0x00, 0xF5, 0xC3, 0x00, 0xF5, 0xC3, 0x00, 0xF5, 0xC3, 0x00, 
    0xF5, 0xC3, 0x00, 0xF5, 0xC3, 0x00, 0xF5, 0xC3, 0x00, 0xF5, 0xC3, 0x00, 
    0xF5, 0xC3, 0x00, 0xF5, 0xC3, 0x00, 0xF5, 0xC3, 0x00, 0xF5, 0xC3, 0x00, 
    0xF5, 0xC3, 0x00, 0xF5, 0xC3, 0x00, 0xF5, 0xC3, 0x00, 0xF5, 0xC3, 0x00, 
    0xF2, 0xC1, 0x01, 0xFF, 0xCB, 0x00, 0xB5, 0x9A, 0x13, 0x00, 0x23, 0x54, 
    0x02, 0x12, 0x1F, 0x00, 0x00, 0x00, 0x00, 0x01, 0x01, 0x00, 0x00, 0x00, 
    0x00, 0x00, 0x00, 0x00, 0x00, 0x00, 0x00, 0x00, 0x00, 0x00, 0x00, 0x00, 
    0x00, 0x00, 0x00, 0x00, 0x00, 0x00, 0x00, 0x00, 0x00, 0x00, 0x00, 0x00, 
    0x00, 0x00, 0x00, 0x00, 0x00, 0x01, 0x00, 0x00, 0x00, 0x04, 0x0B, 0x0E, 
    0x00, 0x1D, 0x53, 0x85, 0x7B, 0x23, 0xFF, 0xCE, 0x00, 0xF1, 0xC0, 0x01, 
    0xF5, 0xC3, 0x00, 0xF5, 0xC3, 0x00, 0xF5, 0xC3, 0x00, 0xF5, 0xC3, 0x00, 
    0xF5, 0xC3, 0x00, 0xF5, 0xC3, 0x00, 0xF5, 0xC3, 0x00, 0xF5, 0xC3, 0x00, 
    0xF5, 0xC3, 0x00, 0xF5, 0xC3, 0x00, 0xF5, 0xC3, 0x00, 0xF5, 0xC3, 0x00, 
    0xF5, 0xC3, 0x00, 0xF5, 0xC3, 0x00, 0xF5, 0xC3, 0x00, 0xF5, 0xC3, 0x00, 
    0xF5, 0xC3, 0x00, 0xF4, 0xC2, 0x00, 0xF5, 0xC3, 0x00, 0xF5, 0xC3, 0x00, 
    0xF5, 0xC3, 0x00, 0xF5, 0xC3, 0x00, 0xF5, 0xC3, 0x00, 0xF5, 0xC3, 0x00, 
    0xF5, 0xC3, 0x00, 0xF5, 0xC3, 0x00, 0xF5, 0xC3, 0x00, 0xF5, 0xC3, 0x00, 
    0xF5, 0xC3, 0x00, 0xF5, 0xC3, 0x00, 0xF5, 0xC3, 0x00, 0xF5, 0xC3, 0x00, 
    0xF5, 0xC3, 0x00, 0xF5, 0xC3, 0x00, 0xF2, 0xC1, 0x01, 0xFF, 0xCC, 0x00, 
    0x4C, 0x58, 0x34, 0x00, 0x1F, 0x51, 0x01, 0x24, 0x4F, 0x27, 0x40, 0x3F, 
    0xF4, 0xC4, 0x02, 0xF5, 0xC3, 0x01, 0xF5, 0xC3, 0x00, 0xF5, 0xC3, 0x00, 
    0xF5, 0xC3, 0x00, 0xF5, 0xC3, 0x00, 0xF5, 0xC3, 0x00, 0xF5, 0xC3, 0x00, 
    0xF5, 0xC3, 0x00, 0xF5, 0xC3, 0x00, 0xF5, 0xC3, 0x00, 0xF5, 0xC3, 0x00, 
    0xF5, 0xC3, 0x00, 0xF5, 0xC3, 0x00, 0xF5, 0xC3, 0x00, 0xF5, 0xC3, 0x00, 
    0xF5, 0xC3, 0x00, 0xF5, 0xC3, 0x00, 0xF4, 0xC2, 0x00, 0xF5, 0xC3, 0x00, 
    0xF5, 0xC3, 0x00, 0xF5, 0xC3, 0x00, 0xF5, 0xC3, 0x00, 0xF5, 0xC3, 0x00, 
    0xF5, 0xC3, 0x00, 0xF5, 0xC3, 0x00, 0xF5, 0xC3, 0x00, 0xF5, 0xC3, 0x00, 
    0xF5, 0xC3, 0x00, 0xF5, 0xC3, 0x00, 0xF5, 0xC3, 0x00, 0xF5, 0xC3, 0x00, 
    0xF5, 0xC3, 0x00, 0xF5, 0xC3, 0x00, 0xF5, 0xC3, 0x00, 0xF5, 0xC3, 0x00, 
    0xF2, 0xC1, 0x01, 0xFF, 0xCB, 0x00, 0xB5, 0x9A, 0x13, 0x00, 0x23, 0x54, 
    0x02, 0x12, 0x1F, 0x00, 0x00, 0x00, 0x00, 0x01, 0x01, 0x00, 0x00, 0x00, 
    0x00, 0x00, 0x00, 0x00, 0x00, 0x00, 0x00, 0x00, 0x00, 0x00, 0x00, 0x00, 
    0x00, 0x00, 0x00, 0x00, 0x00, 0x00, 0x00, 0x00, 0x00, 0x00, 0x00, 0x00, 
    0x00, 0x00, 0x00, 0x00, 0x00, 0x01, 0x00, 0x00, 0x00, 0x04, 0x0B, 0x0E, 
    0x00, 0x1D, 0x53, 0x85, 0x7B, 0x23, 0xFF, 0xCE, 0x00, 0xF1, 0xC0, 0x01, 
    0xF5, 0xC3, 0x00, 0xF5, 0xC3, 0x00, 0xF5, 0xC3, 0x00, 0xF5, 0xC3, 0x00, 
    0xF5, 0xC3, 0x00, 0xF5, 0xC3, 0x00, 0xF5, 0xC3, 0x00, 0xF5, 0xC3, 0x00, 
    0xF5, 0xC3, 0x00, 0xF5, 0xC3, 0x00, 0xF5, 0xC3, 0x00, 0xF5, 0xC3, 0x00, 
    0xF5, 0xC3, 0x00, 0xF5, 0xC3, 0x00, 0xF5, 0xC3, 0x00, 0xF5, 0xC3, 0x00, 
    0xF6, 0xC3, 0x00, 0xF8, 0xC5, 0x00, 0xF4, 0xC2, 0x00, 0xF5, 0xC3, 0x00, 
    0xF5, 0xC3, 0x00, 0xF5, 0xC3, 0x00, 0xF5, 0xC3, 0x00, 0xF5, 0xC3, 0x00, 
    0xF5, 0xC3, 0x00, 0xF5, 0xC3, 0x00, 0xF5, 0xC3, 0x00, 0xF5, 0xC3, 0x00, 
    0xF5, 0xC3, 0x00, 0xF5, 0xC3, 0x00, 0xF5, 0xC3, 0x00, 0xF5, 0xC3, 0x00, 
    0xF5, 0xC3, 0x00, 0xF5, 0xC3, 0x00, 0xF2, 0xC1, 0x01, 0xFC, 0xCA, 0x00, 
    0xC8, 0xA6, 0x0E, 0x04, 0x27, 0x4C, 0x00, 0x1D, 0x50, 0xA2, 0x8E, 0x1A, 
    0xFF, 0xCD, 0x00, 0xF1, 0xC1, 0x01, 0xF5, 0xC3, 0x00, 0xF5, 0xC3, 0x00, 
    0xF5, 0xC3, 0x00, 0xF5, 0xC3, 0x00, 0xF5, 0xC3, 0x00, 0xF5, 0xC3, 0x00, 
    0xF5, 0xC3, 0x00, 0xF5, 0xC3, 0x00, 0xF5, 0xC3, 0x00, 0xF5, 0xC3, 0x00, 
    0xF5, 0xC3, 0x00, 0xF5, 0xC3, 0x00, 0xF5, 0xC3, 0x00, 0xF5, 0xC3, 0x00, 
    0xF5, 0xC3, 0x00, 0xF4, 0xC2, 0x00, 0xF7, 0xC4, 0x00, 0xF7, 0xC4, 0x00, 
    0xF5, 0xC3, 0x00, 0xF5, 0xC3, 0x00, 0xF5, 0xC3, 0x00, 0xF5, 0xC3, 0x00, 
    0xF5, 0xC3, 0x00, 0xF5, 0xC3, 0x00, 0xF5, 0xC3, 0x00, 0xF5, 0xC3, 0x00, 
    0xF5, 0xC3, 0x00, 0xF5, 0xC3, 0x00, 0xF5, 0xC3, 0x00, 0xF5, 0xC3, 0x00, 
    0xF5, 0xC3, 0x00, 0xF5, 0xC3, 0x00, 0xF5, 0xC3, 0x00, 0xF5, 0xC3, 0x00, 
    0xF2, 0xC1, 0x01, 0xFF, 0xCB, 0x00, 0xB5, 0x9A, 0x13, 0x00, 0x23, 0x54, 
    0x02, 0x12, 0x1F, 0x00, 0x00, 0x00, 0x00, 0x01, 0x01, 0x00, 0x00, 0x00, 
    0x00, 0x00, 0x00, 0x00, 0x00, 0x00, 0x00, 0x00, 0x00, 0x00, 0x00, 0x00, 
    0x00, 0x00, 0x00, 0x00, 0x00, 0x00, 0x00, 0x00, 0x00, 0x00, 0x00, 0x00, 
    0x00, 0x00, 0x00, 0x00, 0x00, 0x01, 0x00, 0x00, 0x00, 0x04, 0x0B, 0x0E, 
    0x00, 0x1D, 0x53, 0x85, 0x7B, 0x23, 0xFF, 0xCE, 0x00, 0xF1, 0xC0, 0x01, 
    0xF5, 0xC3, 0x00, 0xF5, 0xC3, 0x00, 0xF5, 0xC3, 0x00, 0xF5, 0xC3, 0x00, 
    0xF5, 0xC3, 0x00, 0xF5, 0xC3, 0x00, 0xF5, 0xC3, 0x00, 0xF5, 0xC3, 0x00, 
    0xF5, 0xC3, 0x00, 0xF5, 0xC3, 0x00, 0xF5, 0xC3, 0x00, 0xF5, 0xC3, 0x00, 
    0xF5, 0xC3, 0x00, 0xF5, 0xC3, 0x00, 0xF5, 0xC3, 0x00, 0xF6, 0xC4, 0x00, 
    0xF1, 0xC1, 0x01, 0xE1, 0xB6, 0x06, 0xF8, 0xC5, 0x00, 0xF4, 0xC2, 0x00, 
    0xF5, 0xC3, 0x00, 0xF5, 0xC3, 0x00, 0xF5, 0xC3, 0x00, 0xF5, 0xC3, 0x00, 
    0xF5, 0xC3, 0x00, 0xF5, 0xC3, 0x00, 0xF5, 0xC3, 0x00, 0xF5, 0xC3, 0x00, 
    0xF5, 0xC3, 0x00, 0xF5, 0xC3, 0x00, 0xF5, 0xC3, 0x00, 0xF5, 0xC3, 0x00, 
    0xF5, 0xC3, 0x00, 0xF5, 0xC3, 0x00, 0xF5, 0xC3, 0x00, 0xF2, 0xC1, 0x01, 
    0xFF, 0xCF, 0x00, 0x4B, 0x57, 0x35, 0x1F, 0x3B, 0x42, 0xFA, 0xC9, 0x00, 
    0xF4, 0xC2, 0x01, 0xF5, 0xC3, 0x00, 0xF5, 0xC3, 0x00, 0xF5, 0xC3, 0x00, 
    0xF5, 0xC3, 0x00, 0xF5, 0xC3, 0x00, 0xF5, 0xC3, 0x00, 0xF5, 0xC3, 0x00, 
    0xF5, 0xC3, 0x00, 0xF5, 0xC3, 0x00, 0xF5, 0xC3, 0x00, 0xF5, 0xC3, 0x00, 
    0xF5, 0xC3, 0x00, 0xF5, 0xC3, 0x00, 0xF5, 0xC3, 0x00, 0xF5, 0xC3, 0x00, 
    0xF4, 0xC2, 0x00, 0xF8, 0xC5, 0x00, 0xE7, 0xBA, 0x04, 0xEC, 0xBD, 0x03, 
    0xF7, 0xC4, 0x00, 0xF5, 0xC3, 0x00, 0xF5, 0xC3, 0x00, 0xF5, 0xC3, 0x00, 
    0xF5, 0xC3, 0x00, 0xF5, 0xC3, 0x00, 0xF5, 0xC3, 0x00, 0xF5, 0xC3, 0x00, 
    0xF5, 0xC3, 0x00, 0xF5, 0xC3, 0x00, 0xF5, 0xC3, 0x00, 0xF5, 0xC3, 0x00, 
    0xF5, 0xC3, 0x00, 0xF5, 0xC3, 0x00, 0xF5, 0xC3, 0x00, 0xF5, 0xC3, 0x00, 
    0xF2, 0xC1, 0x01, 0xFF, 0xCB, 0x00, 0xB5, 0x9A, 0x13, 0x00, 0x23, 0x54, 
    0x02, 0x12, 0x1F, 0x00, 0x00, 0x00, 0x00, 0x01, 0x01, 0x00, 0x00, 0x00, 
    0x00, 0x00, 0x00, 0x00, 0x00, 0x00, 0x00, 0x00, 0x00, 0x00, 0x00, 0x00, 
    0x00, 0x00, 0x00, 0x00, 0x00, 0x00, 0x00, 0x00, 0x00, 0x00, 0x00, 0x00, 
    0x00, 0x00, 0x00, 0x00, 0x00, 0x01, 0x00, 0x00, 0x00, 0x04, 0x0B, 0x0E, 
    0x00, 0x1D, 0x53, 0x85, 0x7B, 0x23, 0xFF, 0xCE, 0x00, 0xF1, 0xC0, 0x01, 
    0xF5, 0xC3, 0x00, 0xF5, 0xC3, 0x00, 0xF5, 0xC3, 0x00, 0xF5, 0xC3, 0x00, 
    0xF5, 0xC3, 0x00, 0xF5, 0xC3, 0x00, 0xF5, 0xC3, 0x00, 0xF5, 0xC3, 0x00, 
    0xF5, 0xC3, 0x00, 0xF5, 0xC3, 0x00, 0xF5, 0xC3, 0x00, 0xF5, 0xC3, 0x00, 
    0xF5, 0xC3, 0x00, 0xF5, 0xC3, 0x00, 0xF5, 0xC3, 0x00, 0xF5, 0xC3, 0x00, 
    0xF7, 0xC4, 0x01, 0x70, 0x6E, 0x29, 0xEA, 0xBC, 0x04, 0xF8, 0xC5, 0x00, 
    0xF5, 0xC3, 0x00, 0xF5, 0xC3, 0x00, 0xF5, 0xC3, 0x00, 0xF5, 0xC3, 0x00, 
    0xF5, 0xC3, 0x00, 0xF5, 0xC3, 0x00, 0xF5, 0xC3, 0x00, 0xF5, 0xC3, 0x00, 
    0xF5, 0xC3, 0x00, 0xF5, 0xC3, 0x00, 0xF5, 0xC3, 0x00, 0xF5, 0xC3, 0x00, 
    0xF5, 0xC3, 0x00, 0xF5, 0xC3, 0x00, 0xF5, 0xC3, 0x00, 0xF3, 0xC2, 0x01, 
    0xFC, 0xCA, 0x00, 0xC5, 0xA4, 0x0F, 0xAF, 0x97, 0x16, 0xFD, 0xCC, 0x00, 
    0xF2, 0xC1, 0x01, 0xF5, 0xC3, 0x00, 0xF5, 0xC3, 0x00, 0xF5, 0xC3, 0x00, 
    0xF5, 0xC3, 0x00, 0xF5, 0xC3, 0x00, 0xF5, 0xC3, 0x00, 0xF5, 0xC3, 0x00, 
    0xF5, 0xC3, 0x00, 0xF5, 0xC3, 0x00, 0xF5, 0xC3, 0x00, 0xF5, 0xC3, 0x00, 
    0xF5, 0xC3, 0x00, 0xF5, 0xC3, 0x00, 0xF5, 0xC3, 0x00, 0xF5, 0xC3, 0x00, 
    0xF3, 0xC2, 0x01, 0xFE, 0xC9, 0x00, 0x77, 0x73, 0x27, 0xDD, 0xB4, 0x07, 
    0xFB, 0xC7, 0x00, 0xF4, 0xC3, 0x00, 0xF5, 0xC3, 0x00, 0xF5, 0xC3, 0x00, 
    0xF5, 0xC3, 0x00, 0xF5, 0xC3, 0x00, 0xF5, 0xC3, 0x00, 0xF5, 0xC3, 0x00, 
    0xF5, 0xC3, 0x00, 0xF5, 0xC3, 0x00, 0xF5, 0xC3, 0x00, 0xF5, 0xC3, 0x00, 
    0xF5, 0xC3, 0x00, 0xF5, 0xC3, 0x00, 0xF5, 0xC3, 0x00, 0xF5, 0xC3, 0x00, 
    0xF2, 0xC1, 0x01, 0xFF, 0xCB, 0x00, 0xB5, 0x9A, 0x13, 0x00, 0x23, 0x54, 
    0x02, 0x12, 0x1F, 0x00, 0x00, 0x00, 0x00, 0x01, 0x01, 0x00, 0x00, 0x00, 
    0x00, 0x00, 0x00, 0x00, 0x00, 0x00, 0x00, 0x00, 0x00, 0x00, 0x00, 0x00, 
    0x00, 0x00, 0x00, 0x00, 0x00, 0x00, 0x00, 0x00, 0x00, 0x00, 0x00, 0x00, 
    0x00, 0x00, 0x00, 0x00, 0x00, 0x01, 0x00, 0x00, 0x00, 0x04, 0x0B, 0x0E, 
    0x00, 0x1D, 0x53, 0x85, 0x7B, 0x23, 0xFF, 0xCE, 0x00, 0xF1, 0xC0, 0x01, 
    0xF5, 0xC3, 0x00, 0xF5, 0xC3, 0x00, 0xF5, 0xC3, 0x00, 0xF5, 0xC3, 0x00, 
    0xF5, 0xC3, 0x00, 0xF5, 0xC3, 0x00, 0xF5, 0xC3, 0x00, 0xF5, 0xC3, 0x00, 
    0xF5, 0xC3, 0x00, 0xF5, 0xC3, 0x00, 0xF5, 0xC3, 0x00, 0xF5, 0xC3, 0x00, 
    0xF5, 0xC3, 0x00, 0xF5, 0xC3, 0x00, 0xF5, 0xC3, 0x00, 0xF3, 0xC1, 0x01, 
    0xFF, 0xCD, 0x00, 0x33, 0x47, 0x3C, 0x8B, 0x80, 0x21, 0xFF, 0xD0, 0x00, 
    0xF1, 0xC0, 0x01, 0xF5, 0xC3, 0x00, 0xF5, 0xC3, 0x00, 0xF5, 0xC3, 0x00, 
    0xF5, 0xC3, 0x00, 0xF5, 0xC3, 0x00, 0xF5, 0xC3, 0x00, 0xF5, 0xC3, 0x00, 
    0xF5, 0xC3, 0x00, 0xF5, 0xC3, 0x00, 0xF5, 0xC3, 0x00, 0xF5, 0xC3, 0x00, 
    0xF5, 0xC3, 0x00, 0xF5, 0xC3, 0x00, 0xF5, 0xC3, 0x00, 0xF5, 0xC3, 0x00, 
    0xF4, 0xC2, 0x00, 0xF9, 0xC6, 0x00, 0xFC, 0xC7, 0x00, 0xF4, 0xC2, 0x00, 
    0xF5, 0xC3, 0x00, 0xF5, 0xC3, 0x00, 0xF5, 0xC3, 0x00, 0xF5, 0xC3, 0x00, 
    0xF5, 0xC3, 0x00, 0xF5, 0xC3, 0x00, 0xF5, 0xC3, 0x00, 0xF5, 0xC3, 0x00, 
    0xF5, 0xC3, 0x00, 0xF5, 0xC3, 0x00, 0xF5, 0xC3, 0x00, 0xF5, 0xC3, 0x00, 
    0xF5, 0xC3, 0x00, 0xF5, 0xC3, 0x00, 0xF5, 0xC3, 0x00, 0xF2, 0xC1, 0x01, 
    0xFD, 0xCB, 0x00, 0xC3, 0xA3, 0x0F, 0x17, 0x36, 0x45, 0xED, 0xBE, 0x02, 
    0xF8, 0xC5, 0x00, 0xF4, 0xC3, 0x00, 0xF5, 0xC3, 0x00, 0xF5, 0xC3, 0x00, 
    0xF5, 0xC3, 0x00, 0xF5, 0xC3, 0x00, 0xF5, 0xC3, 0x00, 0xF5, 0xC3, 0x00, 
    0xF5, 0xC3, 0x00, 0xF5, 0xC3, 0x00, 0xF5, 0xC3, 0x00, 0xF5, 0xC3, 0x00, 
    0xF5, 0xC3, 0x00, 0xF5, 0xC3, 0x00, 0xF5, 0xC3, 0x00, 0xF5, 0xC3, 0x00, 
    0xF2, 0xC1, 0x01, 0xFF, 0xCB, 0x00, 0xB5, 0x9A, 0x13, 0x00, 0x23, 0x54, 
    0x02, 0x12, 0x1F, 0x00, 0x00, 0x00, 0x00, 0x01, 0x01, 0x00, 0x00, 0x00, 
    0x00, 0x00, 0x00, 0x00, 0x00, 0x00, 0x00, 0x00, 0x00, 0x00, 0x00, 0x00, 
    0x00, 0x00, 0x00, 0x00, 0x00, 0x00, 0x00, 0x00, 0x00, 0x00, 0x00, 0x00, 
    0x00, 0x00, 0x00, 0x00, 0x00, 0x01, 0x00, 0x00, 0x00, 0x04, 0x0B, 0x0E, 
    0x00, 0x1D, 0x53, 0x85, 0x7B, 0x23, 0xFF, 0xCE, 0x00, 0xF1, 0xC0, 0x01, 
    0xF5, 0xC3, 0x00, 0xF5, 0xC3, 0x00, 0xF5, 0xC3, 0x00, 0xF5, 0xC3, 0x00, 
    0xF5, 0xC3, 0x00, 0xF5, 0xC3, 0x00, 0xF5, 0xC3, 0x00, 0xF5, 0xC3, 0x00, 
    0xF5, 0xC3, 0x00, 0xF5, 0xC3, 0x00, 0xF5, 0xC3, 0x00, 0xF5, 0xC3, 0x00, 
    0xF5, 0xC3, 0x00, 0xF5, 0xC3, 0x00, 0xF5, 0xC3, 0x00, 0xF3, 0xC1, 0x01, 
    0xFF, 0xCC, 0x00, 0x3C, 0x4D, 0x39, 0x16, 0x34, 0x46, 0xF3, 0xC3, 0x02, 
    0xF6, 0xC4, 0x00, 0xF4, 0xC3, 0x00, 0xF5, 0xC3, 0x00, 0xF5, 0xC3, 0x00, 
    0xF5, 0xC3, 0x00, 0xF5, 0xC3, 0x00, 0xF5, 0xC3, 0x00, 0xF5, 0xC3, 0x00, 
    0xF5, 0xC3, 0x00, 0xF5, 0xC3, 0x00, 0xF5, 0xC3, 0x00, 0xF5, 0xC3, 0x00, 
    0xF5, 0xC3, 0x00, 0xF5, 0xC3, 0x00, 0xF5, 0xC3, 0x00, 0xF5, 0xC3, 0x00, 
    0xF5, 0xC3, 0x00, 0xF4, 0xC2, 0x00, 0xF3, 0xC2, 0x01, 0xF5, 0xC3, 0x00, 
    0xF5, 0xC3, 0x00, 0xF5, 0xC3, 0x00, 0xF5, 0xC3, 0x00, 0xF5, 0xC3, 0x00, 
    0xF5, 0xC3, 0x00, 0xF5, 0xC3, 0x00, 0xF5, 0xC3, 0x00, 0xF5, 0xC3, 0x00, 
    0xF5, 0xC3, 0x00, 0xF5, 0xC3, 0x00, 0xF5, 0xC3, 0x00, 0xF5, 0xC3, 0x00, 
    0xF5, 0xC3, 0x00, 0xF5, 0xC3, 0x00, 0xF5, 0xC3, 0x00, 0xF2, 0xC1, 0x01, 
    0xFF, 0xCD, 0x00, 0x45, 0x54, 0x36, 0x0B, 0x2E, 0x48, 0xF1, 0xC0, 0x01, 
    0xF7, 0xC4, 0x00, 0xF4, 0xC3, 0x00, 0xF5, 0xC3, 0x00, 0xF5, 0xC3, 0x00, 
    0xF5, 0xC3, 0x00, 0xF5, 0xC3, 0x00, 0xF5, 0xC3, 0x00, 0xF5, 0xC3, 0x00, 
    0xF5, 0xC3, 0x00, 0xF5, 0xC3, 0x00, 0xF5, 0xC3, 0x00, 0xF5, 0xC3, 0x00, 
    0xF5, 0xC3, 0x00, 0xF5, 0xC3, 0x00, 0xF5, 0xC3, 0x00, 0xF5, 0xC3, 0x00, 
    0xF2, 0xC1, 0x01, 0xFF, 0xCB, 0x00, 0xB5, 0x9A, 0x13, 0x00, 0x23, 0x54, 
    0x02, 0x12, 0x1F, 0x00, 0x00, 0x00, 0x00, 0x01, 0x01, 0x00, 0x00, 0x00, 
    0x00, 0x00, 0x00, 0x00, 0x00, 0x00, 0x00, 0x00, 0x00, 0x00, 0x00, 0x00, 
    0x00, 0x00, 0x00, 0x00, 0x00, 0x00, 0x00, 0x00, 0x00, 0x00, 0x00, 0x00, 
    0x00, 0x00, 0x00, 0x00, 0x00, 0x01, 0x00, 0x00, 0x00, 0x04, 0x0B, 0x0E, 
    0x00, 0x1D, 0x53, 0x85, 0x7B, 0x23, 0xFF, 0xCE, 0x00, 0xF1, 0xC0, 0x01, 
    0xF5, 0xC3, 0x00, 0xF5, 0xC3, 0x00, 0xF5, 0xC3, 0x00, 0xF5, 0xC3, 0x00, 
    0xF5, 0xC3, 0x00, 0xF5, 0xC3, 0x00, 0xF5, 0xC3, 0x00, 0xF5, 0xC3, 0x00, 
    0xF5, 0xC3, 0x00, 0xF5, 0xC3, 0x00, 0xF5, 0xC3, 0x00, 0xF5, 0xC3, 0x00, 
    0xF5, 0xC3, 0x00, 0xF5, 0xC3, 0x00, 0xF5, 0xC3, 0x00, 0xF3, 0xC1, 0x01, 
    0xFF, 0xCA, 0x00, 0x48, 0x55, 0x36, 0x00, 0x13, 0x56, 0x91, 0x83, 0x1F, 
    0xFF, 0xCE, 0x00, 0xF1, 0xC0, 0x01, 0xF5, 0xC3, 0x00, 0xF5, 0xC3, 0x00, 
    0xF5, 0xC3, 0x00, 0xF5, 0xC3, 0x00, 0xF5, 0xC3, 0x00, 0xF5, 0xC3, 0x00, 
    0xF5, 0xC3, 0x00, 0xF5, 0xC3, 0x00, 0xF5, 0xC3, 0x00, 0xF5, 0xC3, 0x00, 
    0xF5, 0xC3, 0x00, 0xF5, 0xC3, 0x00, 0xF5, 0xC3, 0x00, 0xF5, 0xC3, 0x00, 
    0xF5, 0xC3, 0x00, 0xF5, 0xC3, 0x00, 0xF5, 0xC3, 0x00, 0xF5, 0xC3, 0x00, 
    0xF5, 0xC3, 0x00, 0xF5, 0xC3, 0x00, 0xF5, 0xC3, 0x00, 0xF5, 0xC3, 0x00, 
    0xF5, 0xC3, 0x00, 0xF5, 0xC3, 0x00, 0xF5, 0xC3, 0x00, 0xF5, 0xC3, 0x00, 
    0xF5, 0xC3, 0x00, 0xF5, 0xC3, 0x00, 0xF5, 0xC3, 0x00, 0xF5, 0xC3, 0x00, 
    0xF5, 0xC3, 0x00, 0xF5, 0xC3, 0x00, 0xF2, 0xC1, 0x01, 0xFE, 0xCB, 0x00, 
    0xBE, 0xA0, 0x11, 0x00, 0x1E, 0x51, 0x1C, 0x39, 0x43, 0xED, 0xBE, 0x02, 
    0xF7, 0xC4, 0x00, 0xF4, 0xC3, 0x00, 0xF5, 0xC3, 0x00, 0xF5, 0xC3, 0x00, 
    0xF5, 0xC3, 0x00, 0xF5, 0xC3, 0x00, 0xF5, 0xC3, 0x00, 0xF5, 0xC3, 0x00, 
    0xF5, 0xC3, 0x00, 0xF5, 0xC3, 0x00, 0xF5, 0xC3, 0x00, 0xF5, 0xC3, 0x00, 
    0xF5, 0xC3, 0x00, 0xF5, 0xC3, 0x00, 0xF5, 0xC3, 0x00, 0xF5, 0xC3, 0x00, 
    0xF2, 0xC1, 0x01, 0xFF, 0xCB, 0x00, 0xB5, 0x9A, 0x13, 0x00, 0x23, 0x54, 
    0x02, 0x12, 0x1F, 0x00, 0x00, 0x00, 0x00, 0x01, 0x01, 0x00, 0x00, 0x00, 
    0x00, 0x00, 0x00, 0x00, 0x00, 0x00, 0x00, 0x00, 0x00, 0x00, 0x00, 0x00, 
    0x00, 0x00, 0x00, 0x00, 0x00, 0x00, 0x00, 0x00, 0x00, 0x00, 0x00, 0x00, 
    0x00, 0x00, 0x00, 0x00, 0x00, 0x01, 0x00, 0x00, 0x00, 0x04, 0x0B, 0x0E, 
    0x00, 0x1D, 0x53, 0x85, 0x7B, 0x23, 0xFF, 0xCE, 0x00, 0xF1, 0xC0, 0x01, 
    0xF5, 0xC3, 0x00, 0xF5, 0xC3, 0x00, 0xF5, 0xC3, 0x00, 0xF5, 0xC3, 0x00, 
    0xF5, 0xC3, 0x00, 0xF5, 0xC3, 0x00, 0xF5, 0xC3, 0x00, 0xF5, 0xC3, 0x00, 
    0xF5, 0xC3, 0x00, 0xF5, 0xC3, 0x00, 0xF5, 0xC3, 0x00, 0xF5, 0xC3, 0x00, 
    0xF5, 0xC3, 0x00, 0xF5, 0xC3, 0x00, 0xF5, 0xC3, 0x00, 0xF3, 0xC1, 0x01, 
    0xFF, 0xCA, 0x00, 0x45, 0x53, 0x37, 0x01, 0x1A, 0x52, 0x1C, 0x39, 0x43, 
    0xEB, 0xBD, 0x04, 0xF7, 0xC5, 0x00, 0xF4, 0xC2, 0x00, 0xF5, 0xC3, 0x00, 
    0xF5, 0xC3, 0x00, 0xF5, 0xC3, 0x00, 0xF5, 0xC3, 0x00, 0xF5, 0xC3, 0x00, 
    0xF5, 0xC3, 0x00, 0xF5, 0xC3, 0x00, 0xF5, 0xC3, 0x00, 0xF5, 0xC3, 0x00, 
    0xF5, 0xC3, 0x00, 0xF5, 0xC3, 0x00, 0xF5, 0xC3, 0x00, 0xF5, 0xC3, 0x00, 
    0xF5, 0xC3, 0x00, 0xF5, 0xC3, 0x00, 0xF5, 0xC3, 0x00, 0xF5, 0xC3, 0x00, 
    0xF5, 0xC3, 0x00, 0xF5, 0xC3, 0x00, 0xF5, 0xC3, 0x00, 0xF5, 0xC3, 0x00, 
    0xF5, 0xC3, 0x00, 0xF5, 0xC3, 0x00, 0xF5, 0xC3, 0x00, 0xF5, 0xC3, 0x00, 
    0xF5, 0xC3, 0x00, 0xF5, 0xC3, 0x00, 0xF5, 0xC3, 0x00, 0xF5, 0xC3, 0x00, 
    0xF5, 0xC3, 0x00, 0xF5, 0xC3, 0x00, 0xF3, 0xC2, 0x01, 0xFC, 0xCA, 0x00, 
    0x3F, 0x50, 0x38, 0x01, 0x1A, 0x52, 0x1E, 0x3A, 0x43, 0xED, 0xBE, 0x03, 
    0xF7, 0xC4, 0x00, 0xF4, 0xC3, 0x00, 0xF5, 0xC3, 0x00, 0xF5, 0xC3, 0x00, 
    0xF5, 0xC3, 0x00, 0xF5, 0xC3, 0x00, 0xF5, 0xC3, 0x00, 0xF5, 0xC3, 0x00, 
    0xF5, 0xC3, 0x00, 0xF5, 0xC3, 0x00, 0xF5, 0xC3, 0x00, 0xF5, 0xC3, 0x00, 
    0xF5, 0xC3, 0x00, 0xF5, 0xC3, 0x00, 0xF5, 0xC3, 0x00, 0xF5, 0xC3, 0x00, 
    0xF2, 0xC1, 0x01, 0xFF, 0xCB, 0x00, 0xB5, 0x9A, 0x13, 0x00, 0x23, 0x54, 
    0x02, 0x12, 0x1F, 0x00, 0x00, 0x00, 0x00, 0x01, 0x01, 0x00, 0x00, 0x00, 
    0x00, 0x00, 0x00, 0x00, 0x00, 0x00, 0x00, 0x00, 0x00, 0x00, 0x00, 0x00, 
    0x00, 0x00, 0x00, 0x00, 0x00, 0x00, 0x00, 0x00, 0x00, 0x00, 0x00, 0x00, 
    0x00, 0x00, 0x00, 0x00, 0x00, 0x01, 0x00, 0x00, 0x00, 0x04, 0x0B, 0x0E, 
    0x00, 0x1D, 0x53, 0x85, 0x7B, 0x23, 0xFF, 0xCE, 0x00, 0xF1, 0xC0, 0x01, 
    0xF5, 0xC3, 0x00, 0xF5, 0xC3, 0x00, 0xF5, 0xC3, 0x00, 0xF5, 0xC3, 0x00, 
    0xF5, 0xC3, 0x00, 0xF5, 0xC3, 0x00, 0xF5, 0xC3, 0x00, 0xF5, 0xC3, 0x00, 
    0xF5, 0xC3, 0x00, 0xF5, 0xC3, 0x00, 0xF5, 0xC3, 0x00, 0xF5, 0xC3, 0x00, 
    0xF5, 0xC3, 0x00, 0xF5, 0xC3, 0x00, 0xF5, 0xC3, 0x00, 0xF3, 0xC1, 0x01, 
    0xFF, 0xCA, 0x00, 0x44, 0x52, 0x37, 0x00, 0x21, 0x4F, 0x00, 0x1E, 0x51, 
    0x81, 0x7A, 0x23, 0xFF, 0xCE, 0x00, 0xF1, 0xC0, 0x01, 0xF5, 0xC3, 0x00, 
    0xF5, 0xC3, 0x00, 0xF5, 0xC3, 0x00, 0xF5, 0xC3, 0x00, 0xF5, 0xC3, 0x00, 
    0xF5, 0xC3, 0x00, 0xF5, 0xC3, 0x00, 0xF5, 0xC3, 0x00, 0xF5, 0xC3, 0x00, 
    0xF5, 0xC3, 0x00, 0xF5, 0xC3, 0x00, 0xF5, 0xC3, 0x00, 0xF5, 0xC3, 0x00, 
    0xF5, 0xC3, 0x00, 0xF5, 0xC3, 0x00, 0xF5, 0xC3, 0x00, 0xF5, 0xC3, 0x00, 
    0xF5, 0xC3, 0x00, 0xF5, 0xC3, 0x00, 0xF5, 0xC3, 0x00, 0xF5, 0xC3, 0x00, 
    0xF5, 0xC3, 0x00, 0xF5, 0xC3, 0x00, 0xF5, 0xC3, 0x00, 0xF5, 0xC3, 0x00, 
    0xF5, 0xC3, 0x00, 0xF5, 0xC3, 0x00, 0xF5, 0xC3, 0x00, 0xF5, 0xC3, 0x00, 
    0xF5, 0xC3, 0x00, 0xF1, 0xC1, 0x01, 0xFF, 0xCC, 0x00, 0xAF, 0x96, 0x15, 
    0x00, 0x20, 0x4F, 0x00, 0x25, 0x4E, 0x1A, 0x38, 0x44, 0xED, 0xBE, 0x03, 
    0xF7, 0xC4, 0x00, 0xF4, 0xC3, 0x00, 0xF5, 0xC3, 0x00, 0xF5, 0xC3, 0x00, 
    0xF5, 0xC3, 0x00, 0xF5, 0xC3, 0x00, 0xF5, 0xC3, 0x00, 0xF5, 0xC3, 0x00, 
    0xF5, 0xC3, 0x00, 0xF5, 0xC3, 0x00, 0xF5, 0xC3, 0x00, 0xF5, 0xC3, 0x00, 
    0xF5, 0xC3, 0x00, 0xF5, 0xC3, 0x00, 0xF5, 0xC3, 0x00, 0xF5, 0xC3, 0x00, 
    0xF2, 0xC1, 0x01, 0xFF, 0xCB, 0x00, 0xB5, 0x9A, 0x13, 0x00, 0x23, 0x54, 
    0x02, 0x12, 0x1F, 0x00, 0x00, 0x00, 0x00, 0x01, 0x01, 0x00, 0x00, 0x00, 
    0x00, 0x00, 0x00, 0x00, 0x00, 0x00, 0x00, 0x00, 0x00, 0x00, 0x00, 0x00, 
    0x00, 0x00, 0x00, 0x00, 0x00, 0x00, 0x00, 0x00, 0x00, 0x00, 0x00, 0x00, 
    0x00, 0x00, 0x00, 0x00, 0x00, 0x01, 0x00, 0x00, 0x00, 0x04, 0x0B, 0x0E, 
    0x00, 0x1D, 0x53, 0x85, 0x7B, 0x23, 0xFF, 0xCE, 0x00, 0xF1, 0xC0, 0x01, 
    0xF5, 0xC3, 0x00, 0xF5, 0xC3, 0x00, 0xF5, 0xC3, 0x00, 0xF5, 0xC3, 0x00, 
    0xF5, 0xC3, 0x00, 0xF5, 0xC3, 0x00, 0xF5, 0xC3, 0x00, 0xF5, 0xC3, 0x00, 
    0xF5, 0xC3, 0x00, 0xF5, 0xC3, 0x00, 0xF5, 0xC3, 0x00, 0xF5, 0xC3, 0x00, 
    0xF5, 0xC3, 0x00, 0xF5, 0xC3, 0x00, 0xF5, 0xC3, 0x00, 0xF3, 0xC1, 0x01, 
    0xFF, 0xCA, 0x00, 0x44, 0x53, 0x38, 0x00, 0x1D, 0x4D, 0x02, 0x25, 0x4A, 
    0x13, 0x32, 0x47, 0xE5, 0xB9, 0x05, 0xF8, 0xC6, 0x00, 0xF4, 0xC2, 0x00, 
    0xF5, 0xC3, 0x00, 0xF5, 0xC3, 0x00, 0xF5, 0xC3, 0x00, 0xF5, 0xC3, 0x00, 
    0xF5, 0xC3, 0x00, 0xF5, 0xC3, 0x00, 0xF5, 0xC3, 0x00, 0xF5, 0xC3, 0x00, 
    0xF5, 0xC3, 0x00, 0xF5, 0xC3, 0x00, 0xF5, 0xC3, 0x00, 0xF5, 0xC3, 0x00, 
    0xF5, 0xC3, 0x00, 0xF5, 0xC3, 0x00, 0xF5, 0xC3, 0x00, 0xF5, 0xC3, 0x00, 
    0xF5, 0xC3, 0x00, 0xF5, 0xC3, 0x00, 0xF5, 0xC3, 0x00, 0xF5, 0xC3, 0x00, 
    0xF5, 0xC3, 0x00, 0xF5, 0xC3, 0x00, 0xF5, 0xC3, 0x00, 0xF5, 0xC3, 0x00, 
    0xF5, 0xC3, 0x00, 0xF5, 0xC3, 0x00, 0xF5, 0xC3, 0x00, 0xF5, 0xC3, 0x00, 
    0xF5, 0xC3, 0x00, 0xF4, 0xC2, 0x01, 0xF8, 0xC7, 0x01, 0x31, 0x47, 0x3D, 
    0x00, 0x20, 0x4E, 0x00, 0x21, 0x47, 0x1A, 0x38, 0x45, 0xED, 0xBE, 0x03, 
    0xF7, 0xC4, 0x00, 0xF4, 0xC3, 0x00, 0xF5, 0xC3, 0x00, 0xF5, 0xC3, 0x00, 
    0xF5, 0xC3, 0x00, 0xF5, 0xC3, 0x00, 0xF5, 0xC3, 0x00, 0xF5, 0xC3, 0x00, 
    0xF5, 0xC3, 0x00, 0xF5, 0xC3, 0x00, 0xF5, 0xC3, 0x00, 0xF5, 0xC3, 0x00, 
    0xF5, 0xC3, 0x00, 0xF5, 0xC3, 0x00, 0xF5, 0xC3, 0x00, 0xF5, 0xC3, 0x00, 
    0xF2, 0xC1, 0x01, 0xFF, 0xCB, 0x00, 0xB5, 0x9A, 0x13, 0x00, 0x23, 0x54, 
    0x02, 0x12, 0x1F, 0x00, 0x00, 0x00, 0x00, 0x01, 0x01, 0x00, 0x00, 0x00, 
    0x00, 0x00, 0x00, 0x00, 0x00, 0x00, 0x00, 0x00, 0x00, 0x00, 0x00, 0x00, 
    0x00, 0x00, 0x00, 0x00, 0x00, 0x00, 0x00, 0x00, 0x00, 0x00, 0x00, 0x00, 
    0x00, 0x00, 0x00, 0x00, 0x00, 0x01, 0x00, 0x00, 0x00, 0x04, 0x0B, 0x0E, 
    0x00, 0x1D, 0x53, 0x85, 0x7B, 0x23, 0xFF, 0xCE, 0x00, 0xF1, 0xC0, 0x01, 
    0xF5, 0xC3, 0x00, 0xF5, 0xC3, 0x00, 0xF5, 0xC3, 0x00, 0xF5, 0xC3, 0x00, 
    0xF5, 0xC3, 0x00, 0xF5, 0xC3, 0x00, 0xF5, 0xC3, 0x00, 0xF5, 0xC3, 0x00, 
    0xF5, 0xC3, 0x00, 0xF5, 0xC3, 0x00, 0xF5, 0xC3, 0x00, 0xF5, 0xC3, 0x00, 
    0xF5, 0xC3, 0x00, 0xF5, 0xC3, 0x00, 0xF5, 0xC3, 0x00, 0xF3, 0xC1, 0x01, 
    0xFF, 0xCA, 0x00, 0x44, 0x54, 0x3A, 0x00, 0x17, 0x43, 0x07, 0x1A, 0x28, 
    0x00, 0x1E, 0x56, 0x75, 0x72, 0x26, 0xFF, 0xCF, 0x00, 0xF1, 0xC0, 0x01, 
    0xF5, 0xC3, 0x00, 0xF5, 0xC3, 0x00, 0xF5, 0xC3, 0x00, 0xF5, 0xC3, 0x00, 
    0xF5, 0xC3, 0x00, 0xF5, 0xC3, 0x00, 0xF5, 0xC3, 0x00, 0xF5, 0xC3, 0x00, 
    0xF5, 0xC3, 0x00, 0xF5, 0xC3, 0x00, 0xF5, 0xC3, 0x00, 0xF5, 0xC3, 0x00, 
    0xF5, 0xC3, 0x00, 0xF5, 0xC3, 0x00, 0xF5, 0xC3, 0x00, 0xF5, 0xC3, 0x00, 
    0xF5, 0xC3, 0x00, 0xF5, 0xC3, 0x00, 0xF5, 0xC3, 0x00, 0xF5, 0xC3, 0x00, 
    0xF5, 0xC3, 0x00, 0xF5, 0xC3, 0x00, 0xF5, 0xC3, 0x00, 0xF5, 0xC3, 0x00, 
    0xF5, 0xC3, 0x00, 0xF5, 0xC3, 0x00, 0xF5, 0xC3, 0x00, 0xF5, 0xC3, 0x00, 
    0xF1, 0xC1, 0x01, 0xFF, 0xCD, 0x00, 0xA1, 0x8D, 0x19, 0x00, 0x20, 0x56, 
    0x04, 0x1D, 0x30, 0x00, 0x15, 0x33, 0x1A, 0x3B, 0x49, 0xED, 0xBD, 0x02, 
    0xF7, 0xC4, 0x00, 0xF4, 0xC3, 0x00, 0xF5, 0xC3, 0x00, 0xF5, 0xC3, 0x00, 
    0xF5, 0xC3, 0x00, 0xF5, 0xC3, 0x00, 0xF5, 0xC3, 0x00, 0xF5, 0xC3, 0x00, 
    0xF5, 0xC3, 0x00, 0xF5, 0xC3, 0x00, 0xF5, 0xC3, 0x00, 0xF5, 0xC3, 0x00, 
    0xF5, 0xC3, 0x00, 0xF5, 0xC3, 0x00, 0xF5, 0xC3, 0x00, 0xF5, 0xC3, 0x00, 
    0xF2, 0xC1, 0x01, 0xFF, 0xCB, 0x00, 0xB5, 0x9A, 0x13, 0x00, 0x23, 0x54, 
    0x02, 0x12, 0x1F, 0x00, 0x00, 0x00, 0x00, 0x01, 0x01, 0x00, 0x00, 0x00, 
    0x00, 0x00, 0x00, 0x00, 0x00, 0x00, 0x00, 0x00, 0x00, 0x00, 0x00, 0x00, 
    0x00, 0x00, 0x00, 0x00, 0x00, 0x00, 0x00, 0x00, 0x00, 0x00, 0x00, 0x00, 
    0x00, 0x00, 0x00, 0x00, 0x00, 0x01, 0x00, 0x00, 0x00, 0x04, 0x0B, 0x0E, 
    0x00, 0x1D, 0x53, 0x85, 0x7B, 0x23, 0xFF, 0xCE, 0x00, 0xF1, 0xC0, 0x01, 
    0xF5, 0xC3, 0x00, 0xF5, 0xC3, 0x00, 0xF5, 0xC3, 0x00, 0xF5, 0xC3, 0x00, 
    0xF5, 0xC3, 0x00, 0xF5, 0xC3, 0x00, 0xF5, 0xC3, 0x00, 0xF5, 0xC3, 0x00, 
    0xF5, 0xC3, 0x00, 0xF5, 0xC3, 0x00, 0xF5, 0xC3, 0x00, 0xF5, 0xC3, 0x00, 
    0xF5, 0xC3, 0x00, 0xF5, 0xC3, 0x00, 0xF5, 0xC3, 0x00, 0xF3, 0xC1, 0x01, 
    0xFF, 0xCA, 0x00, 0x44, 0x53, 0x39, 0x00, 0x19, 0x47, 0x04, 0x06, 0x06, 
    0x01, 0x22, 0x47, 0x0D, 0x2E, 0x4B, 0xDE, 0xB4, 0x07, 0xF9, 0xC7, 0x00, 
    0xF3, 0xC2, 0x01, 0xF5, 0xC3, 0x00, 0xF5, 0xC3, 0x00, 0xF5, 0xC3, 0x00, 
    0xF5, 0xC3, 0x00, 0xF5, 0xC3, 0x00, 0xF5, 0xC3, 0x00, 0xF5, 0xC3, 0x00, 
    0xF5, 0xC3, 0x00, 0xF5, 0xC3, 0x00, 0xF5, 0xC3, 0x00, 0xF5, 0xC3, 0x00, 
    0xF5, 0xC3, 0x00, 0xF5, 0xC3, 0x00, 0xF5, 0xC3, 0x00, 0xF5, 0xC3, 0x00, 
    0xF5, 0xC3, 0x00, 0xF5, 0xC3, 0x00, 0xF5, 0xC3, 0x00, 0xF5, 0xC3, 0x00, 
    0xF5, 0xC3, 0x00, 0xF5, 0xC3, 0x00, 0xF5, 0xC3, 0x00, 0xF5, 0xC3, 0x00, 
    0xF5, 0xC3, 0x00, 0xF5, 0xC3, 0x00, 0xF5, 0xC3, 0x00, 0xF4, 0xC3, 0x00, 
    0xF6, 0xC3, 0x01, 0xF3, 0xC3, 0x02, 0x26, 0x3F, 0x40, 0x01, 0x23, 0x51, 
    0x04, 0x08, 0x0A, 0x00, 0x15, 0x33, 0x1A, 0x3B, 0x49, 0xED, 0xBD, 0x01, 
    0xF7, 0xC4, 0x00, 0xF4, 0xC3, 0x00, 0xF5, 0xC3, 0x00, 0xF5, 0xC3, 0x00, 
    0xF5, 0xC3, 0x00, 0xF5, 0xC3, 0x00, 0xF5, 0xC3, 0x00, 0xF5, 0xC3, 0x00, 
    0xF5, 0xC3, 0x00, 0xF5, 0xC3, 0x00, 0xF5, 0xC3, 0x00, 0xF5, 0xC3, 0x00, 
    0xF5, 0xC3, 0x00, 0xF5, 0xC3, 0x00, 0xF5, 0xC3, 0x00, 0xF5, 0xC3, 0x00, 
    0xF2, 0xC1, 0x01, 0xFF, 0xCB, 0x00, 0xB5, 0x9A, 0x13, 0x00, 0x23, 0x54, 
    0x02, 0x12, 0x1F, 0x00, 0x00, 0x00, 0x00, 0x01, 0x01, 0x00, 0x00, 0x00, 
    0x00, 0x00, 0x00, 0x00, 0x00, 0x00, 0x00, 0x00, 0x00, 0x00, 0x00, 0x00, 
    0x00, 0x00, 0x00, 0x00, 0x00, 0x00, 0x00, 0x00, 0x00, 0x00, 0x00, 0x00, 
    0x00, 0x00, 0x00, 0x00, 0x00, 0x01, 0x00, 0x00, 0x00, 0x04, 0x0B, 0x0E, 
    0x00, 0x1D, 0x53, 0x85, 0x7B, 0x23, 0xFF, 0xCE, 0x00, 0xF1, 0xC0, 0x01, 
    0xF5, 0xC3, 0x00, 0xF5, 0xC3, 0x00, 0xF5, 0xC3, 0x00, 0xF5, 0xC3, 0x00, 
    0xF5, 0xC3, 0x00, 0xF5, 0xC3, 0x00, 0xF5, 0xC3, 0x00, 0xF5, 0xC3, 0x00, 
    0xF5, 0xC3, 0x00, 0xF5, 0xC3, 0x00, 0xF5, 0xC3, 0x00, 0xF5, 0xC3, 0x00, 
    0xF5, 0xC3, 0x00, 0xF5, 0xC3, 0x00, 0xF5, 0xC3, 0x00, 0xF3, 0xC1, 0x01, 
    0xFF, 0xCA, 0x00, 0x44, 0x53, 0x39, 0x00, 0x1B, 0x49, 0x03, 0x01, 0x00, 
    0x04, 0x14, 0x22, 0x00, 0x1F, 0x57, 0x69, 0x69, 0x2A, 0xFF, 0xCE, 0x00, 
    0xF1, 0xC0, 0x01, 0xF5, 0xC3, 0x00, 0xF5, 0xC3, 0x00, 0xF5, 0xC3, 0x00, 
    0xF5, 0xC3, 0x00, 0xF5, 0xC3, 0x00, 0xF5, 0xC3, 0x00, 0xF5, 0xC3, 0x00, 
    0xF5, 0xC3, 0x00, 0xF5, 0xC3, 0x00, 0xF5, 0xC3, 0x00, 0xF5, 0xC3, 0x00, 
    0xF5, 0xC3, 0x00, 0xF5, 0xC3, 0x00, 0xF5, 0xC3, 0x00, 0xF5, 0xC3, 0x00, 
    0xF5, 0xC3, 0x00, 0xF5, 0xC3, 0x00, 0xF5, 0xC3, 0x00, 0xF5, 0xC3, 0x00, 
    0xF5, 0xC3, 0x00, 0xF5, 0xC3, 0x00, 0xF5, 0xC3, 0x00, 0xF5, 0xC3, 0x00, 
    0xF5, 0xC3, 0x00, 0xF5, 0xC3, 0x00, 0xF5, 0xC3, 0x00, 0xF1, 0xC0, 0x01, 
    0xFF, 0xCE, 0x00, 0x92, 0x83, 0x1D, 0x00, 0x1F, 0x56, 0x03, 0x1C, 0x31, 
    0x02, 0x00, 0x00, 0x00, 0x18, 0x38, 0x1A, 0x3A, 0x48, 0xED, 0xBD, 0x01, 
    0xF7, 0xC4, 0x00, 0xF4, 0xC3, 0x00, 0xF5, 0xC3, 0x00, 0xF5, 0xC3, 0x00, 
    0xF5, 0xC3, 0x00, 0xF5, 0xC3, 0x00, 0xF5, 0xC3, 0x00, 0xF5, 0xC3, 0x00, 
    0xF5, 0xC3, 0x00, 0xF5, 0xC3, 0x00, 0xF5, 0xC3, 0x00, 0xF5, 0xC3, 0x00, 
    0xF5, 0xC3, 0x00, 0xF5, 0xC3, 0x00, 0xF5, 0xC3, 0x00, 0xF5, 0xC3, 0x00, 
    0xF2, 0xC1, 0x01, 0xFF, 0xCB, 0x00, 0xB5, 0x9A, 0x13, 0x00, 0x23, 0x54, 
    0x02, 0x12, 0x1F, 0x00, 0x00, 0x00, 0x00, 0x01, 0x01, 0x00, 0x00, 0x00, 
    0x00, 0x00, 0x00, 0x00, 0x00, 0x00, 0x00, 0x00, 0x00, 0x00, 0x00, 0x00, 
    0x00, 0x00, 0x00, 0x00, 0x00, 0x00, 0x00, 0x00, 0x00, 0x00, 0x00, 0x00, 
    0x00, 0x00, 0x00, 0x00, 0x00, 0x01, 0x00, 0x00, 0x00, 0x04, 0x0B, 0x0E, 
    0x00, 0x1D, 0x53, 0x85, 0x7B, 0x23, 0xFF, 0xCE, 0x00, 0xF1, 0xC0, 0x01, 
    0xF5, 0xC3, 0x00, 0xF5, 0xC3, 0x00, 0xF5, 0xC3, 0x00, 0xF5, 0xC3, 0x00, 
    0xF5, 0xC3, 0x00, 0xF5, 0xC3, 0x00, 0xF5, 0xC3, 0x00, 0xF5, 0xC3, 0x00, 
    0xF5, 0xC3, 0x00, 0xF5, 0xC3, 0x00, 0xF5, 0xC3, 0x00, 0xF5, 0xC3, 0x00, 
    0xF5, 0xC3, 0x00, 0xF5, 0xC3, 0x00, 0xF5, 0xC3, 0x00, 0xF3, 0xC1, 0x01, 
    0xFF, 0xCA, 0x00, 0x44, 0x53, 0x39, 0x00, 0x1A, 0x48, 0x03, 0x03, 0x01, 
    0x01, 0x02, 0x03, 0x02, 0x22, 0x45, 0x09, 0x2A, 0x4D, 0xD6, 0xAF, 0x09, 
    0xFB, 0xC8, 0x00, 0xF3, 0xC2, 0x01, 0xF5, 0xC3, 0x00, 0xF5, 0xC3, 0x00, 
    0xF5, 0xC3, 0x00, 0xF5, 0xC3, 0x00, 0xF5, 0xC3, 0x00, 0xF5, 0xC3, 0x00, 
    0xF5, 0xC3, 0x00, 0xF5, 0xC3, 0x00, 0xF5, 0xC3, 0x00, 0xF5, 0xC3, 0x00, 
    0xF5, 0xC3, 0x00, 0xF5, 0xC3, 0x00, 0xF5, 0xC3, 0x00, 0xF5, 0xC3, 0x00, 
    0xF5, 0xC3, 0x00, 0xF5, 0xC3, 0x00, 0xF5, 0xC3, 0x00, 0xF5, 0xC3, 0x00, 
    0xF5, 0xC3, 0x00, 0xF5, 0xC3, 0x00, 0xF5, 0xC3, 0x00, 0xF5, 0xC3, 0x00, 
    0xF5, 0xC3, 0x00, 0xF5, 0xC3, 0x00, 0xF4, 0xC3, 0x00, 0xF7, 0xC5, 0x01, 
    0xED, 0xBE, 0x03, 0x1C, 0x38, 0x44, 0x01, 0x23, 0x4E, 0x02, 0x07, 0x0C, 
    0x02, 0x00, 0x00, 0x00, 0x17, 0x38, 0x1A, 0x3A, 0x48, 0xED, 0xBD, 0x01, 
    0xF7, 0xC4, 0x00, 0xF4, 0xC3, 0x00, 0xF5, 0xC3, 0x00, 0xF5, 0xC3, 0x00, 
    0xF5, 0xC3, 0x00, 0xF5, 0xC3, 0x00, 0xF5, 0xC3, 0x00, 0xF5, 0xC3, 0x00, 
    0xF5, 0xC3, 0x00, 0xF5, 0xC3, 0x00, 0xF5, 0xC3, 0x00, 0xF5, 0xC3, 0x00, 
    0xF5, 0xC3, 0x00, 0xF5, 0xC3, 0x00, 0xF5, 0xC3, 0x00, 0xF5, 0xC3, 0x00, 
    0xF2, 0xC1, 0x01, 0xFF, 0xCB, 0x00, 0xB5, 0x9A, 0x13, 0x00, 0x23, 0x54, 
    0x02, 0x12, 0x1F, 0x00, 0x00, 0x00, 0x00, 0x01, 0x01, 0x00, 0x00, 0x00, 
    0x00, 0x00, 0x00, 0x00, 0x00, 0x00, 0x00, 0x00, 0x00, 0x00, 0x00, 0x00, 
    0x00, 0x00, 0x00, 0x00, 0x00, 0x00, 0x00, 0x00, 0x00, 0x00, 0x00, 0x00, 
    0x00, 0x00, 0x00, 0x00, 0x00, 0x01, 0x00, 0x00, 0x00, 0x04, 0x0B, 0x0E, 
    0x00, 0x1D, 0x53, 0x85, 0x7B, 0x23, 0xFF, 0xCE, 0x00, 0xF1, 0xC0, 0x01, 
    0xF5, 0xC3, 0x00, 0xF5, 0xC3, 0x00, 0xF5, 0xC3, 0x00, 0xF5, 0xC3, 0x00, 
    0xF5, 0xC3, 0x00, 0xF5, 0xC3, 0x00, 0xF5, 0xC3, 0x00, 0xF5, 0xC3, 0x00, 
    0xF5, 0xC3, 0x00, 0xF5, 0xC3, 0x00, 0xF5, 0xC3, 0x00, 0xF5, 0xC3, 0x00, 
    0xF5, 0xC3, 0x00, 0xF5, 0xC3, 0x00, 0xF5, 0xC3, 0x00, 0xF3, 0xC1, 0x01, 
    0xFF, 0xCA, 0x00, 0x44, 0x53, 0x39, 0x00, 0x1A, 0x48, 0x03, 0x04, 0x03, 
    0x00, 0x00, 0x00, 0x03, 0x13, 0x1F, 0x00, 0x1F, 0x57, 0x5D, 0x62, 0x2E, 
    0xFF, 0xCE, 0x00, 0xF2, 0xC0, 0x01, 0xF5, 0xC3, 0x00, 0xF5, 0xC3, 0x00, 
    0xF5, 0xC3, 0x00, 0xF5, 0xC3, 0x00, 0xF5, 0xC3, 0x00, 0xF5, 0xC3, 0x00, 
    0xF5, 0xC3, 0x00, 0xF5, 0xC3, 0x00, 0xF5, 0xC3, 0x00, 0xF5, 0xC3, 0x00, 
    0xF5, 0xC3, 0x00, 0xF5, 0xC3, 0x00, 0xF5, 0xC3, 0x00, 0xF5, 0xC3, 0x00, 
    0xF5, 0xC3, 0x00, 0xF5, 0xC3, 0x00, 0xF5, 0xC3, 0x00, 0xF5, 0xC3, 0x00, 
    0xF5, 0xC3, 0x00, 0xF5, 0xC3, 0x00, 0xF5, 0xC3, 0x00, 0xF5, 0xC3, 0x00, 
    0xF5, 0xC3, 0x00, 0xF5, 0xC3, 0x00, 0xF1, 0xC0, 0x01, 0xFF, 0xCF, 0x00, 
    0x83, 0x7A, 0x22, 0x00, 0x1E, 0x57, 0x03, 0x1A, 0x2B, 0x00, 0x00, 0x00, 
    0x02, 0x00, 0x00, 0x00, 0x17, 0x37, 0x1A, 0x3A, 0x48, 0xED, 0xBD, 0x01, 
    0xF7, 0xC4, 0x00, 0xF4, 0xC3, 0x00, 0xF5, 0xC3, 0x00, 0xF5, 0xC3, 0x00, 
    0xF5, 0xC3, 0x00, 0xF5, 0xC3, 0x00, 0xF5, 0xC3, 0x00, 0xF5, 0xC3, 0x00, 
    0xF5, 0xC3, 0x00, 0xF5, 0xC3, 0x00, 0xF5, 0xC3, 0x00, 0xF5, 0xC3, 0x00, 
    0xF5, 0xC3, 0x00, 0xF5, 0xC3, 0x00, 0xF5, 0xC3, 0x00, 0xF5, 0xC3, 0x00, 
    0xF2, 0xC1, 0x01, 0xFF, 0xCB, 0x00, 0xB5, 0x9A, 0x13, 0x00, 0x23, 0x54, 
    0x02, 0x12, 0x1F, 0x00, 0x00, 0x00, 0x00, 0x01, 0x01, 0x00, 0x00, 0x00, 
    0x00, 0x00, 0x00, 0x00, 0x00, 0x00, 0x00, 0x00, 0x00, 0x00, 0x00, 0x00, 
    0x00, 0x00, 0x00, 0x00, 0x00, 0x00, 0x00, 0x00, 0x00, 0x00, 0x00, 0x00, 
    0x00, 0x00, 0x00, 0x00, 0x00, 0x01, 0x00, 0x00, 0x00, 0x04, 0x0B, 0x0E, 
    0x00, 0x1D, 0x53, 0x85, 0x7B, 0x23, 0xFF, 0xCE, 0x00, 0xF1, 0xC0, 0x01, 
    0xF5, 0xC3, 0x00, 0xF5, 0xC3, 0x00, 0xF5, 0xC3, 0x00, 0xF5, 0xC3, 0x00, 
    0xF5, 0xC3, 0x00, 0xF5, 0xC3, 0x00, 0xF5, 0xC3, 0x00, 0xF5, 0xC3, 0x00, 
    0xF5, 0xC3, 0x00, 0xF5, 0xC3, 0x00, 0xF5, 0xC3, 0x00, 0xF5, 0xC3, 0x00, 
    0xF5, 0xC3, 0x00, 0xF5, 0xC3, 0x00, 0xF5, 0xC3, 0x00, 0xF3, 0xC1, 0x01, 
    0xFF, 0xCA, 0x00, 0x44, 0x53, 0x39, 0x00, 0x1A, 0x48, 0x03, 0x03, 0x02, 
    0x00, 0x00, 0x00, 0x01, 0x02, 0x02, 0x02, 0x22, 0x42, 0x05, 0x27, 0x4F, 
    0xCD, 0xA9, 0x0C, 0xFC, 0xC9, 0x00, 0xF3, 0xC2, 0x01, 0xF5, 0xC3, 0x00, 
    0xF5, 0xC3, 0x00, 0xF5, 0xC3, 0x00, 0xF5, 0xC3, 0x00, 0xF5, 0xC3, 0x00, 
    0xF5, 0xC3, 0x00, 0xF5, 0xC3, 0x00, 0xF5, 0xC3, 0x00, 0xF5, 0xC3, 0x00, 
    0xF5, 0xC3, 0x00, 0xF5, 0xC3, 0x00, 0xF5, 0xC3, 0x00, 0xF5, 0xC3, 0x00, 
    0xF5, 0xC3, 0x00, 0xF5, 0xC3, 0x00, 0xF5, 0xC3, 0x00, 0xF5, 0xC3, 0x00, 
    0xF5, 0xC3, 0x00, 0xF5, 0xC3, 0x00, 0xF5, 0xC3, 0x00, 0xF5, 0xC3, 0x00, 
    0xF5, 0xC3, 0x00, 0xF4, 0xC2, 0x00, 0xF8, 0xC6, 0x00, 0xE5, 0xB9, 0x05, 
    0x13, 0x32, 0x47, 0x01, 0x23, 0x4B, 0x01, 0x05, 0x08, 0x00, 0x00, 0x00, 
    0x02, 0x00, 0x00, 0x00, 0x17, 0x37, 0x1A, 0x3A, 0x48, 0xED, 0xBD, 0x01, 
    0xF7, 0xC4, 0x00, 0xF4, 0xC3, 0x00, 0xF5, 0xC3, 0x00, 0xF5, 0xC3, 0x00, 
    0xF5, 0xC3, 0x00, 0xF5, 0xC3, 0x00, 0xF5, 0xC3, 0x00, 0xF5, 0xC3, 0x00, 
    0xF5, 0xC3, 0x00, 0xF5, 0xC3, 0x00, 0xF5, 0xC3, 0x00, 0xF5, 0xC3, 0x00, 
    0xF5, 0xC3, 0x00, 0xF5, 0xC3, 0x00, 0xF5, 0xC3, 0x00, 0xF5, 0xC3, 0x00, 
    0xF2, 0xC1, 0x01, 0xFF, 0xCB, 0x00, 0xB5, 0x9A, 0x13, 0x00, 0x23, 0x54, 
    0x02, 0x12, 0x1F, 0x00, 0x00, 0x00, 0x00, 0x01, 0x01, 0x00, 0x00, 0x00, 
    0x00, 0x00, 0x00, 0x00, 0x00, 0x00, 0x00, 0x00, 0x00, 0x00, 0x00, 0x00, 
    0x00, 0x00, 0x00, 0x00, 0x00, 0x00, 0x00, 0x00, 0x00, 0x00, 0x00, 0x00, 
    0x00, 0x00, 0x00, 0x00, 0x00, 0x01, 0x00, 0x00, 0x00, 0x04, 0x0B, 0x0E, 
    0x00, 0x1D, 0x53, 0x85, 0x7B, 0x23, 0xFF, 0xCE, 0x00, 0xF1, 0xC0, 0x01, 
    0xF5, 0xC3, 0x00, 0xF5, 0xC3, 0x00, 0xF5, 0xC3, 0x00, 0xF5, 0xC3, 0x00, 
    0xF5, 0xC3, 0x00, 0xF5, 0xC3, 0x00, 0xF5, 0xC3, 0x00, 0xF5, 0xC3, 0x00, 
    0xF5, 0xC3, 0x00, 0xF5, 0xC3, 0x00, 0xF5, 0xC3, 0x00, 0xF5, 0xC3, 0x00, 
    0xF5, 0xC3, 0x00, 0xF5, 0xC3, 0x00, 0xF5, 0xC3, 0x00, 0xF3, 0xC1, 0x01, 
    0xFF, 0xCA, 0x00, 0x44, 0x53, 0x39, 0x00, 0x1A, 0x48, 0x03, 0x03, 0x02, 
    0x00, 0x00, 0x00, 0x00, 0x00, 0x00, 0x03, 0x11, 0x1B, 0x00, 0x20, 0x56, 
    0x51, 0x5B, 0x31, 0xFF, 0xCC, 0x00, 0xF2, 0xC1, 0x01, 0xF5, 0xC3, 0x00, 
    0xF5, 0xC3, 0x00, 0xF5, 0xC3, 0x00, 0xF5, 0xC3, 0x00, 0xF5, 0xC3, 0x00, 
    0xF5, 0xC3, 0x00, 0xF5, 0xC3, 0x00, 0xF5, 0xC3, 0x00, 0xF5, 0xC3, 0x00, 
    0xF5, 0xC3, 0x00, 0xF5, 0xC3, 0x00, 0xF5, 0xC3, 0x00, 0xF5, 0xC3, 0x00, 
    0xF5, 0xC3, 0x00, 0xF5, 0xC3, 0x00, 0xF5, 0xC3, 0x00, 0xF5, 0xC3, 0x00, 
    0xF5, 0xC3, 0x00, 0xF5, 0xC3, 0x00, 0xF5, 0xC3, 0x00, 0xF5, 0xC3, 0x00, 
    0xF5, 0xC3, 0x00, 0xF1, 0xC0, 0x01, 0xFF, 0xCF, 0x00, 0x73, 0x70, 0x26, 
    0x00, 0x1E, 0x57, 0x03, 0x17, 0x26, 0x00, 0x00, 0x00, 0x00, 0x01, 0x02, 
    0x02, 0x00, 0x00, 0x00, 0x17, 0x37, 0x1A, 0x3A, 0x48, 0xED, 0xBD, 0x01, 
    0xF7, 0xC4, 0x00, 0xF4, 0xC3, 0x00, 0xF5, 0xC3, 0x00, 0xF5, 0xC3, 0x00, 
    0xF5, 0xC3, 0x00, 0xF5, 0xC3, 0x00, 0xF5, 0xC3, 0x00, 0xF5, 0xC3, 0x00, 
    0xF5, 0xC3, 0x00, 0xF5, 0xC3, 0x00, 0xF5, 0xC3, 0x00, 0xF5, 0xC3, 0x00, 
    0xF5, 0xC3, 0x00, 0xF5, 0xC3, 0x00, 0xF5, 0xC3, 0x00, 0xF5, 0xC3, 0x00, 
    0xF2, 0xC1, 0x01, 0xFF, 0xCB, 0x00, 0xB5, 0x9A, 0x13, 0x00, 0x23, 0x54, 
    0x02, 0x12, 0x1F, 0x00, 0x00, 0x00, 0x00, 0x01, 0x01, 0x00, 0x00, 0x00, 
    0x00, 0x00, 0x00, 0x00, 0x00, 0x00, 0x00, 0x00, 0x00, 0x00, 0x00, 0x00, 
    0x00, 0x00, 0x00, 0x00, 0x00, 0x00, 0x00, 0x00, 0x00, 0x00, 0x00, 0x00, 
    0x00, 0x00, 0x00, 0x00, 0x00, 0x01, 0x00, 0x00, 0x00, 0x04, 0x0B, 0x0E, 
    0x00, 0x1D, 0x53, 0x85, 0x7B, 0x23, 0xFF, 0xCE, 0x00, 0xF1, 0xC0, 0x01, 
    0xF5, 0xC3, 0x00, 0xF5, 0xC3, 0x00, 0xF5, 0xC3, 0x00, 0xF5, 0xC3, 0x00, 
    0xF5, 0xC3, 0x00, 0xF5, 0xC3, 0x00, 0xF5, 0xC3, 0x00, 0xF5, 0xC3, 0x00, 
    0xF5, 0xC3, 0x00, 0xF5, 0xC3, 0x00, 0xF5, 0xC3, 0x00, 0xF5, 0xC3, 0x00, 
    0xF5, 0xC3, 0x00, 0xF5, 0xC3, 0x00, 0xF5, 0xC3, 0x00, 0xF3, 0xC1, 0x01, 
    0xFF, 0xCA, 0x00, 0x44, 0x53, 0x39, 0x00, 0x1A, 0x48, 0x03, 0x03, 0x02, 
    0x00, 0x00, 0x00, 0x00, 0x00, 0x01, 0x00, 0x01, 0x01, 0x02, 0x21, 0x3E, 
    0x02, 0x25, 0x51, 0xC3, 0xA2, 0x0F, 0xFD, 0xCA, 0x00, 0xF2, 0xC1, 0x01, 
    0xF5, 0xC3, 0x00, 0xF5, 0xC3, 0x00, 0xF5, 0xC3, 0x00, 0xF5, 0xC3, 0x00, 
    0xF5, 0xC3, 0x00, 0xF5, 0xC3, 0x00, 0xF5, 0xC3, 0x00, 0xF5, 0xC3, 0x00, 
    0xF5, 0xC3, 0x00, 0xF5, 0xC3, 0x00, 0xF5, 0xC3, 0x00, 0xF5, 0xC3, 0x00, 
    0xF5, 0xC3, 0x00, 0xF5, 0xC3, 0x00, 0xF5, 0xC3, 0x00, 0xF5, 0xC3, 0x00, 
    0xF5, 0xC3, 0x00, 0xF5, 0xC3, 0x00, 0xF5, 0xC3, 0x00, 0xF5, 0xC3, 0x00, 
    0xF3, 0xC2, 0x00, 0xFA, 0xC7, 0x00, 0xDC, 0xB3, 0x08, 0x0C, 0x2D, 0x4B, 
    0x02, 0x23, 0x48, 0x01, 0x03, 0x06, 0x00, 0x00, 0x00, 0x00, 0x01, 0x01, 
    0x02, 0x00, 0x00, 0x00, 0x17, 0x37, 0x1A, 0x3A, 0x48, 0xED, 0xBD, 0x01, 
    0xF7, 0xC4, 0x00, 0xF4, 0xC3, 0x00, 0xF5, 0xC3, 0x00, 0xF5, 0xC3, 0x00, 
    0xF5, 0xC3, 0x00, 0xF5, 0xC3, 0x00, 0xF5, 0xC3, 0x00, 0xF5, 0xC3, 0x00, 
    0xF5, 0xC3, 0x00, 0xF5, 0xC3, 0x00, 0xF5, 0xC3, 0x00, 0xF5, 0xC3, 0x00, 
    0xF5, 0xC3, 0x00, 0xF5, 0xC3, 0x00, 0xF5, 0xC3, 0x00, 0xF5, 0xC3, 0x00, 
    0xF2, 0xC1, 0x01, 0xFF, 0xCB, 0x00, 0xB5, 0x9A, 0x13, 0x00, 0x23, 0x54, 
    0x02, 0x12, 0x1F, 0x00, 0x00, 0x00, 0x00, 0x01, 0x01, 0x00, 0x00, 0x00, 
    0x00, 0x00, 0x00, 0x00, 0x00, 0x00, 0x00, 0x00, 0x00, 0x00, 0x00, 0x00, 
    0x00, 0x00, 0x00, 0x00, 0x00, 0x00, 0x00, 0x00, 0x00, 0x00, 0x00, 0x00, 
    0x00, 0x00, 0x00, 0x00, 0x00, 0x01, 0x00, 0x00, 0x00, 0x04, 0x0B, 0x0E, 
    0x00, 0x1D, 0x53, 0x85, 0x7B, 0x23, 0xFF, 0xCE, 0x00, 0xF1, 0xC0, 0x01, 
    0xF5, 0xC3, 0x00, 0xF5, 0xC3, 0x00, 0xF5, 0xC3, 0x00, 0xF5, 0xC3, 0x00, 
    0xF5, 0xC3, 0x00, 0xF5, 0xC3, 0x00, 0xF5, 0xC3, 0x00, 0xF5, 0xC3, 0x00, 
    0xF5, 0xC3, 0x00, 0xF5, 0xC3, 0x00, 0xF5, 0xC3, 0x00, 0xF5, 0xC3, 0x00, 
    0xF5, 0xC3, 0x00, 0xF5, 0xC3, 0x00, 0xF5, 0xC3, 0x00, 0xF3, 0xC1, 0x01, 
    0xFF, 0xCA, 0x00, 0x44, 0x53, 0x39, 0x00, 0x1A, 0x48, 0x03, 0x03, 0x02, 
    0x00, 0x00, 0x00, 0x00, 0x01, 0x01, 0x00, 0x00, 0x00, 0x03, 0x0F, 0x17, 
    0x00, 0x20, 0x55, 0x46, 0x54, 0x35, 0xFE, 0xCB, 0x00, 0xF3, 0xC1, 0x01, 
    0xF5, 0xC3, 0x00, 0xF5, 0xC3, 0x00, 0xF5, 0xC3, 0x00, 0xF5, 0xC3, 0x00, 
    0xF5, 0xC3, 0x00, 0xF5, 0xC3, 0x00, 0xF5, 0xC3, 0x00, 0xF5, 0xC3, 0x00, 
    0xF5, 0xC3, 0x00, 0xF5, 0xC3, 0x00, 0xF5, 0xC3, 0x00, 0xF5, 0xC3, 0x00, 
    0xF5, 0xC3, 0x00, 0xF5, 0xC3, 0x00, 0xF5, 0xC3, 0x00, 0xF5, 0xC3, 0x00, 
    0xF5, 0xC3, 0x00, 0xF5, 0xC3, 0x00, 0xF5, 0xC3, 0x00, 0xF5, 0xC3, 0x00, 
    0xF1, 0xC0, 0x01, 0xFF, 0xCE, 0x00, 0x64, 0x67, 0x2B, 0x00, 0x1F, 0x57, 
    0x04, 0x14, 0x22, 0x00, 0x00, 0x00, 0x00, 0x01, 0x01, 0x00, 0x00, 0x01, 
    0x02, 0x00, 0x00, 0x00, 0x17, 0x37, 0x1A, 0x3A, 0x48, 0xED, 0xBD, 0x01, 
    0xF7, 0xC4, 0x00, 0xF4, 0xC3, 0x00, 0xF5, 0xC3, 0x00, 0xF5, 0xC3, 0x00, 
    0xF5, 0xC3, 0x00, 0xF5, 0xC3, 0x00, 0xF5, 0xC3, 0x00, 0xF5, 0xC3, 0x00, 
    0xF5, 0xC3, 0x00, 0xF5, 0xC3, 0x00, 0xF5, 0xC3, 0x00, 0xF5, 0xC3, 0x00, 
    0xF5, 0xC3, 0x00, 0xF5, 0xC3, 0x00, 0xF5, 0xC3, 0x00, 0xF5, 0xC3, 0x00, 
    0xF2, 0xC1, 0x01, 0xFF, 0xCB, 0x00, 0xB5, 0x9A, 0x13, 0x00, 0x23, 0x54, 
    0x02, 0x12, 0x1F, 0x00, 0x00, 0x00, 0x00, 0x01, 0x01, 0x00, 0x00, 0x00, 
    0x00, 0x00, 0x00, 0x00, 0x00, 0x00, 0x00, 0x00, 0x00, 0x00, 0x00, 0x00, 
    0x00, 0x00, 0x00, 0x00, 0x00, 0x00, 0x00, 0x00, 0x00, 0x00, 0x00, 0x00, 
    0x00, 0x00, 0x00, 0x00, 0x00, 0x01, 0x00, 0x00, 0x00, 0x04, 0x0B, 0x0E, 
    0x00, 0x1D, 0x53, 0x85, 0x7B, 0x23, 0xFF, 0xCE, 0x00, 0xF1, 0xC0, 0x01, 
    0xF5, 0xC3, 0x00, 0xF5, 0xC3, 0x00, 0xF5, 0xC3, 0x00, 0xF5, 0xC3, 0x00, 
    0xF5, 0xC3, 0x00, 0xF5, 0xC3, 0x00, 0xF5, 0xC3, 0x00, 0xF5, 0xC3, 0x00, 
    0xF5, 0xC3, 0x00, 0xF5, 0xC3, 0x00, 0xF5, 0xC3, 0x00, 0xF5, 0xC3, 0x00, 
    0xF5, 0xC3, 0x00, 0xF5, 0xC3, 0x00, 0xF5, 0xC3, 0x00, 0xF3, 0xC1, 0x01, 
    0xFF, 0xCA, 0x00, 0x44, 0x53, 0x39, 0x00, 0x1A, 0x48, 0x03, 0x03, 0x02, 
    0x00, 0x00, 0x00, 0x00, 0x00, 0x00, 0x00, 0x01, 0x01, 0x00, 0x00, 0x00, 
    0x02, 0x20, 0x3B, 0x00, 0x22, 0x53, 0xB9, 0x9C, 0x12, 0xFE, 0xCB, 0x00, 
    0xF2, 0xC1, 0x01, 0xF5, 0xC3, 0x00, 0xF5, 0xC3, 0x00, 0xF5, 0xC3, 0x00, 
    0xF5, 0xC3, 0x00, 0xF5, 0xC3, 0x00, 0xF5, 0xC3, 0x00, 0xF5, 0xC3, 0x00, 
    0xF5, 0xC3, 0x00, 0xF5, 0xC3, 0x00, 0xF5, 0xC3, 0x00, 0xF5, 0xC3, 0x00, 
    0xF5, 0xC3, 0x00, 0xF5, 0xC3, 0x00, 0xF5, 0xC3, 0x00, 0xF5, 0xC3, 0x00, 
    0xF5, 0xC3, 0x00, 0xF5, 0xC3, 0x00, 0xF5, 0xC3, 0x00, 0xF3, 0xC2, 0x01, 
    0xFB, 0xC8, 0x00, 0xD1, 0xAB, 0x0B, 0x06, 0x29, 0x4E, 0x02, 0x22, 0x44, 
    0x01, 0x02, 0x03, 0x00, 0x00, 0x01, 0x00, 0x00, 0x00, 0x00, 0x00, 0x01, 
    0x02, 0x00, 0x00, 0x00, 0x17, 0x37, 0x1A, 0x3A, 0x48, 0xED, 0xBD, 0x01, 
    0xF7, 0xC4, 0x00, 0xF4, 0xC3, 0x00, 0xF5, 0xC3, 0x00, 0xF5, 0xC3, 0x00, 
    0xF5, 0xC3, 0x00, 0xF5, 0xC3, 0x00, 0xF5, 0xC3, 0x00, 0xF5, 0xC3, 0x00, 
    0xF5, 0xC3, 0x00, 0xF5, 0xC3, 0x00, 0xF5, 0xC3, 0x00, 0xF5, 0xC3, 0x00, 
    0xF5, 0xC3, 0x00, 0xF5, 0xC3, 0x00, 0xF5, 0xC3, 0x00, 0xF5, 0xC3, 0x00, 
    0xF2, 0xC1, 0x01, 0xFF, 0xCB, 0x00, 0xB5, 0x9A, 0x13, 0x00, 0x23, 0x54, 
    0x02, 0x12, 0x1F, 0x00, 0x00, 0x00, 0x00, 0x01, 0x01, 0x00, 0x00, 0x00, 
    0x00, 0x00, 0x00, 0x00, 0x00, 0x00, 0x00, 0x00, 0x00, 0x00, 0x00, 0x00, 
    0x00, 0x00, 0x00, 0x00, 0x00, 0x00, 0x00, 0x00, 0x00, 0x00, 0x00, 0x00, 
    0x00, 0x00, 0x00, 0x00, 0x00, 0x01, 0x00, 0x00, 0x00, 0x04, 0x0B, 0x0E, 
    0x00, 0x1D, 0x53, 0x85, 0x7B, 0x23, 0xFF, 0xCE, 0x00, 0xF1, 0xC0, 0x01, 
    0xF5, 0xC3, 0x00, 0xF5, 0xC3, 0x00, 0xF5, 0xC3, 0x00, 0xF5, 0xC3, 0x00, 
    0xF5, 0xC3, 0x00, 0xF5, 0xC3, 0x00, 0xF5, 0xC3, 0x00, 0xF5, 0xC3, 0x00, 
    0xF5, 0xC3, 0x00, 0xF5, 0xC3, 0x00, 0xF5, 0xC3, 0x00, 0xF5, 0xC3, 0x00, 
    0xF5, 0xC3, 0x00, 0xF5, 0xC3, 0x00, 0xF5, 0xC3, 0x00, 0xF3, 0xC1, 0x01, 
    0xFF, 0xCA, 0x00, 0x44, 0x53, 0x39, 0x00, 0x1A, 0x48, 0x03, 0x03, 0x02, 
    0x00, 0x00, 0x00, 0x00, 0x00, 0x00, 0x00, 0x01, 0x01, 0x00, 0x00, 0x00, 
    0x03, 0x0D, 0x14, 0x00, 0x21, 0x54, 0x3B, 0x4D, 0x39, 0xFC, 0xC9, 0x00, 
    0xF3, 0xC2, 0x01, 0xF5, 0xC3, 0x00, 0xF5, 0xC3, 0x00, 0xF5, 0xC3, 0x00, 
    0xF5, 0xC3, 0x00, 0xF5, 0xC3, 0x00, 0xF5, 0xC3, 0x00, 0xF5, 0xC3, 0x00, 
    0xF5, 0xC3, 0x00, 0xF5, 0xC3, 0x00, 0xF5, 0xC3, 0x00, 0xF5, 0xC3, 0x00, 
    0xF5, 0xC3, 0x00, 0xF5, 0xC3, 0x00, 0xF5, 0xC3, 0x00, 0xF5, 0xC3, 0x00, 
    0xF5, 0xC3, 0x00, 0xF5, 0xC3, 0x00, 0xF5, 0xC3, 0x00, 0xF2, 0xC1, 0x01, 
    0xFF, 0xCD, 0x00, 0x55, 0x5D, 0x30, 0x00, 0x1F, 0x56, 0x03, 0x12, 0x1D, 
    0x00, 0x00, 0x00, 0x00, 0x01, 0x01, 0x00, 0x00, 0x00, 0x00, 0x00, 0x01, 
    0x02, 0x00, 0x00, 0x00, 0x17, 0x37, 0x1A, 0x3A, 0x48, 0xED, 0xBD, 0x01, 
    0xF7, 0xC4, 0x00, 0xF4, 0xC3, 0x00, 0xF5, 0xC3, 0x00, 0xF5, 0xC3, 0x00, 
    0xF5, 0xC3, 0x00, 0xF5, 0xC3, 0x00, 0xF5, 0xC3, 0x00, 0xF5, 0xC3, 0x00, 
    0xF5, 0xC3, 0x00, 0xF5, 0xC3, 0x00, 0xF5, 0xC3, 0x00, 0xF5, 0xC3, 0x00, 
    0xF5, 0xC3, 0x00, 0xF5, 0xC3, 0x00, 0xF5, 0xC3, 0x00, 0xF5, 0xC3, 0x00, 
    0xF2, 0xC1, 0x01, 0xFF, 0xCB, 0x00, 0xB5, 0x9A, 0x13, 0x00, 0x23, 0x54, 
    0x02, 0x12, 0x1F, 0x00, 0x00, 0x00, 0x00, 0x01, 0x01, 0x00, 0x00, 0x00, 
    0x00, 0x00, 0x00, 0x00, 0x00, 0x00, 0x00, 0x00, 0x00, 0x00, 0x00, 0x00, 
    0x00, 0x00, 0x00, 0x00, 0x00, 0x00, 0x00, 0x00, 0x00, 0x00, 0x00, 0x00, 
    0x00, 0x00, 0x00, 0x00, 0x00, 0x01, 0x00, 0x00, 0x00, 0x04, 0x0B, 0x0E, 
    0x00, 0x1D, 0x53, 0x85, 0x7B, 0x23, 0xFF, 0xCE, 0x00, 0xF1, 0xC0, 0x01, 
    0xF5, 0xC3, 0x00, 0xF5, 0xC3, 0x00, 0xF5, 0xC3, 0x00, 0xF5, 0xC3, 0x00, 
    0xF5, 0xC3, 0x00, 0xF5, 0xC3, 0x00, 0xF5, 0xC3, 0x00, 0xF5, 0xC3, 0x00, 
    0xF5, 0xC3, 0x00, 0xF5, 0xC3, 0x00, 0xF5, 0xC3, 0x00, 0xF5, 0xC3, 0x00, 
    0xF5, 0xC3, 0x00, 0xF5, 0xC3, 0x00, 0xF5, 0xC3, 0x00, 0xF3, 0xC1, 0x01, 
    0xFF, 0xCA, 0x00, 0x44, 0x53, 0x39, 0x00, 0x1A, 0x48, 0x03, 0x03, 0x02, 
    0x00, 0x00, 0x00, 0x00, 0x00, 0x00, 0x00, 0x00, 0x00, 0x00, 0x00, 0x01, 
    0x00, 0x00, 0x00, 0x03, 0x1F, 0x38, 0x00, 0x21, 0x54, 0xAE, 0x95, 0x15, 
    0xFF, 0xCC, 0x00, 0xF1, 0xC1, 0x01, 0xF5, 0xC3, 0x00, 0xF5, 0xC3, 0x00, 
    0xF5, 0xC3, 0x00, 0xF5, 0xC3, 0x00, 0xF5, 0xC3, 0x00, 0xF5, 0xC3, 0x00, 
    0xF5, 0xC3, 0x00, 0xF5, 0xC3, 0x00, 0xF5, 0xC3, 0x00, 0xF5, 0xC3, 0x00, 
    0xF5, 0xC3, 0x00, 0xF5, 0xC3, 0x00, 0xF5, 0xC3, 0x00, 0xF5, 0xC3, 0x00, 
    0xF5, 0xC3, 0x00, 0xF5, 0xC3, 0x00, 0xF2, 0xC1, 0x01, 0xFD, 0xCA, 0x00, 
    0xC5, 0xA4, 0x0E, 0x02, 0x25, 0x50, 0x02, 0x21, 0x40, 0x00, 0x01, 0x02, 
    0x00, 0x00, 0x01, 0x00, 0x00, 0x00, 0x00, 0x00, 0x00, 0x00, 0x00, 0x01, 
    0x02, 0x00, 0x00, 0x00, 0x17, 0x37, 0x1A, 0x3A, 0x48, 0xED, 0xBD, 0x01, 
    0xF7, 0xC4, 0x00, 0xF4, 0xC3, 0x00, 0xF5, 0xC3, 0x00, 0xF5, 0xC3, 0x00, 
    0xF5, 0xC3, 0x00, 0xF5, 0xC3, 0x00, 0xF5, 0xC3, 0x00, 0xF5, 0xC3, 0x00, 
    0xF5, 0xC3, 0x00, 0xF5, 0xC3, 0x00, 0xF5, 0xC3, 0x00, 0xF5, 0xC3, 0x00, 
    0xF5, 0xC3, 0x00, 0xF5, 0xC3, 0x00, 0xF5, 0xC3, 0x00, 0xF5, 0xC3, 0x00, 
    0xF2, 0xC1, 0x01, 0xFF, 0xCB, 0x00, 0xB5, 0x9A, 0x13, 0x00, 0x23, 0x54, 
    0x02, 0x12, 0x1F, 0x00, 0x00, 0x00, 0x00, 0x01, 0x01, 0x00, 0x00, 0x00, 
    0x00, 0x00, 0x00, 0x00, 0x00, 0x00, 0x00, 0x00, 0x00, 0x00, 0x00, 0x00, 
    0x00, 0x00, 0x00, 0x00, 0x00, 0x00, 0x00, 0x00, 0x00, 0x00, 0x00, 0x00, 
    0x00, 0x00, 0x00, 0x00, 0x00, 0x01, 0x00, 0x00, 0x00, 0x04, 0x0B, 0x0E, 
    0x00, 0x1D, 0x53, 0x85, 0x7B, 0x23, 0xFF, 0xCE, 0x00, 0xF1, 0xC0, 0x01, 
    0xF5, 0xC3, 0x00, 0xF5, 0xC3, 0x00, 0xF5, 0xC3, 0x00, 0xF5, 0xC3, 0x00, 
    0xF5, 0xC3, 0x00, 0xF5, 0xC3, 0x00, 0xF5, 0xC3, 0x00, 0xF5, 0xC3, 0x00, 
    0xF5, 0xC3, 0x00, 0xF5, 0xC3, 0x00, 0xF5, 0xC3, 0x00, 0xF5, 0xC3, 0x00, 
    0xF5, 0xC3, 0x00, 0xF5, 0xC3, 0x00, 0xF5, 0xC3, 0x00, 0xF3, 0xC1, 0x01, 
    0xFF, 0xCA, 0x00, 0x44, 0x53, 0x39, 0x00, 0x1A, 0x48, 0x03, 0x03, 0x02, 
    0x00, 0x00, 0x00, 0x00, 0x00, 0x00, 0x00, 0x00, 0x00, 0x00, 0x00, 0x01, 
    0x00, 0x00, 0x00, 0x03, 0x0B, 0x11, 0x00, 0x22, 0x52, 0x31, 0x46, 0x3C, 
    0xF8, 0xC7, 0x00, 0xF4, 0xC2, 0x01, 0xF5, 0xC3, 0x00, 0xF5, 0xC3, 0x00, 
    0xF5, 0xC3, 0x00, 0xF5, 0xC3, 0x00, 0xF5, 0xC3, 0x00, 0xF5, 0xC3, 0x00, 
    0xF5, 0xC3, 0x00, 0xF5, 0xC3, 0x00, 0xF5, 0xC3, 0x00, 0xF5, 0xC3, 0x00, 
    0xF5, 0xC3, 0x00, 0xF5, 0xC3, 0x00, 0xF5, 0xC3, 0x00, 0xF5, 0xC3, 0x00, 
    0xF5, 0xC3, 0x00, 0xF5, 0xC3, 0x00, 0xF3, 0xC1, 0x01, 0xFE, 0xCB, 0x00, 
    0x47, 0x54, 0x35, 0x00, 0x20, 0x55, 0x03, 0x0F, 0x19, 0x00, 0x00, 0x00, 
    0x00, 0x01, 0x01, 0x00, 0x00, 0x00, 0x00, 0x00, 0x00, 0x00, 0x00, 0x01, 
    0x02, 0x00, 0x00, 0x00, 0x17, 0x37, 0x1A, 0x3A, 0x48, 0xED, 0xBD, 0x01, 
    0xF7, 0xC4, 0x00, 0xF4, 0xC3, 0x00, 0xF5, 0xC3, 0x00, 0xF5, 0xC3, 0x00, 
    0xF5, 0xC3, 0x00, 0xF5, 0xC3, 0x00, 0xF5, 0xC3, 0x00, 0xF5, 0xC3, 0x00, 
    0xF5, 0xC3, 0x00, 0xF5, 0xC3, 0x00, 0xF5, 0xC3, 0x00, 0xF5, 0xC3, 0x00, 
    0xF5, 0xC3, 0x00, 0xF5, 0xC3, 0x00, 0xF5, 0xC3, 0x00, 0xF5, 0xC3, 0x00, 
    0xF2, 0xC1, 0x01, 0xFF, 0xCB, 0x00, 0xB5, 0x9A, 0x13, 0x00, 0x23, 0x54, 
    0x02, 0x12, 0x1F, 0x00, 0x00, 0x00, 0x00, 0x01, 0x01, 0x00, 0x00, 0x00, 
    0x00, 0x00, 0x00, 0x00, 0x00, 0x00, 0x00, 0x00, 0x00, 0x00, 0x00, 0x00, 
    0x00, 0x00, 0x00, 0x00, 0x00, 0x00, 0x00, 0x00, 0x00, 0x00, 0x00, 0x00, 
    0x00, 0x00, 0x00, 0x00, 0x00, 0x01, 0x00, 0x00, 0x00, 0x04, 0x0B, 0x0E, 
    0x00, 0x1D, 0x53, 0x85, 0x7B, 0x23, 0xFF, 0xCE, 0x00, 0xF1, 0xC0, 0x01, 
    0xF5, 0xC3, 0x00, 0xF5, 0xC3, 0x00, 0xF5, 0xC3, 0x00, 0xF5, 0xC3, 0x00, 
    0xF5, 0xC3, 0x00, 0xF5, 0xC3, 0x00, 0xF5, 0xC3, 0x00, 0xF5, 0xC3, 0x00, 
    0xF5, 0xC3, 0x00, 0xF5, 0xC3, 0x00, 0xF5, 0xC3, 0x00, 0xF5, 0xC3, 0x00, 
    0xF5, 0xC3, 0x00, 0xF5, 0xC3, 0x00, 0xF5, 0xC3, 0x00, 0xF3, 0xC1, 0x01, 
    0xFF, 0xCA, 0x00, 0x44, 0x53, 0x39, 0x00, 0x1A, 0x48, 0x03, 0x03, 0x02, 
    0x00, 0x00, 0x00, 0x00, 0x00, 0x00, 0x00, 0x00, 0x00, 0x00, 0x00, 0x00, 
    0x00, 0x01, 0x01, 0x00, 0x00, 0x00, 0x03, 0x1E, 0x34, 0x00, 0x20, 0x55, 
    0xA3, 0x8E, 0x18, 0xFF, 0xCD, 0x00, 0xF1, 0xC1, 0x01, 0xF5, 0xC3, 0x00, 
    0xF5, 0xC3, 0x00, 0xF5, 0xC3, 0x00, 0xF5, 0xC3, 0x00, 0xF5, 0xC3, 0x00, 
    0xF5, 0xC3, 0x00, 0xF5, 0xC3, 0x00, 0xF5, 0xC3, 0x00, 0xF5, 0xC3, 0x00, 
    0xF5, 0xC3, 0x00, 0xF5, 0xC3, 0x00, 0xF5, 0xC3, 0x00, 0xF5, 0xC3, 0x00, 
    0xF5, 0xC3, 0x00, 0xF2, 0xC1, 0x01, 0xFE, 0xCB, 0x00, 0xB9, 0x9C, 0x12, 
    0x00, 0x22, 0x52, 0x02, 0x21, 0x3C, 0x00, 0x00, 0x01, 0x00, 0x00, 0x01, 
    0x00, 0x00, 0x00, 0x00, 0x00, 0x00, 0x00, 0x00, 0x00, 0x00, 0x00, 0x01, 
    0x02, 0x00, 0x00, 0x00, 0x17, 0x37, 0x1A, 0x3A, 0x48, 0xED, 0xBD, 0x01, 
    0xF7, 0xC4, 0x00, 0xF4, 0xC3, 0x00, 0xF5, 0xC3, 0x00, 0xF5, 0xC3, 0x00, 
    0xF5, 0xC3, 0x00, 0xF5, 0xC3, 0x00, 0xF5, 0xC3, 0x00, 0xF5, 0xC3, 0x00, 
    0xF5, 0xC3, 0x00, 0xF5, 0xC3, 0x00, 0xF5, 0xC3, 0x00, 0xF5, 0xC3, 0x00, 
    0xF5, 0xC3, 0x00, 0xF5, 0xC3, 0x00, 0xF5, 0xC3, 0x00, 0xF5, 0xC3, 0x00, 
    0xF2, 0xC1, 0x01, 0xFF, 0xCB, 0x00, 0xB5, 0x9A, 0x13, 0x00, 0x23, 0x54, 
    0x02, 0x12, 0x1F, 0x00, 0x00, 0x00, 0x00, 0x01, 0x01, 0x00, 0x00, 0x00, 
    0x00, 0x00, 0x00, 0x00, 0x00, 0x00, 0x00, 0x00, 0x00, 0x00, 0x00, 0x00, 
    0x00, 0x00, 0x00, 0x00, 0x00, 0x00, 0x00, 0x00, 0x00, 0x00, 0x00, 0x00, 
    0x00, 0x00, 0x00, 0x00, 0x00, 0x01, 0x00, 0x00, 0x00, 0x04, 0x0B, 0x0E, 
    0x00, 0x1D, 0x53, 0x85, 0x7B, 0x23, 0xFF, 0xCE, 0x00, 0xF1, 0xC0, 0x01, 
    0xF5, 0xC3, 0x00, 0xF5, 0xC3, 0x00, 0xF5, 0xC3, 0x00, 0xF5, 0xC3, 0x00, 
    0xF5, 0xC3, 0x00, 0xF5, 0xC3, 0x00, 0xF5, 0xC3, 0x00, 0xF5, 0xC3, 0x00, 
    0xF5, 0xC3, 0x00, 0xF5, 0xC3, 0x00, 0xF5, 0xC3, 0x00, 0xF5, 0xC3, 0x00, 
    0xF5, 0xC3, 0x00, 0xF5, 0xC3, 0x00, 0xF5, 0xC3, 0x00, 0xF3, 0xC1, 0x01, 
    0xFF, 0xCA, 0x00, 0x44, 0x53, 0x39, 0x00, 0x1A, 0x48, 0x03, 0x03, 0x02, 
    0x00, 0x00, 0x00, 0x00, 0x00, 0x00, 0x00, 0x00, 0x00, 0x00, 0x00, 0x00, 
    0x00, 0x00, 0x01, 0x00, 0x00, 0x00, 0x02, 0x09, 0x0E, 0x01, 0x22, 0x50, 
    0x28, 0x40, 0x3F, 0xF4, 0xC4, 0x01, 0xF6, 0xC3, 0x00, 0xF5, 0xC3, 0x00, 
    0xF5, 0xC3, 0x00, 0xF5, 0xC3, 0x00, 0xF5, 0xC3, 0x00, 0xF5, 0xC3, 0x00, 
    0xF5, 0xC3, 0x00, 0xF5, 0xC3, 0x00, 0xF5, 0xC3, 0x00, 0xF5, 0xC3, 0x00, 
    0xF5, 0xC3, 0x00, 0xF5, 0xC3, 0x00, 0xF5, 0xC3, 0x00, 0xF5, 0xC3, 0x00, 
    0xF5, 0xC3, 0x00, 0xF4, 0xC2, 0x01, 0xFB, 0xC9, 0x00, 0x39, 0x4C, 0x39, 
    0x00, 0x21, 0x54, 0x03, 0x0D, 0x14, 0x00, 0x00, 0x00, 0x00, 0x01, 0x01, 
    0x00, 0x00, 0x00, 0x00, 0x00, 0x00, 0x00, 0x00, 0x00, 0x00, 0x00, 0x01, 
    0x02, 0x00, 0x00, 0x00, 0x17, 0x37, 0x1A, 0x3A, 0x48, 0xED, 0xBD, 0x01, 
    0xF7, 0xC4, 0x00, 0xF4, 0xC3, 0x00, 0xF5, 0xC3, 0x00, 0xF5, 0xC3, 0x00, 
    0xF5, 0xC3, 0x00, 0xF5, 0xC3, 0x00, 0xF5, 0xC3, 0x00, 0xF5, 0xC3, 0x00, 
    0xF5, 0xC3, 0x00, 0xF5, 0xC3, 0x00, 0xF5, 0xC3, 0x00, 0xF5, 0xC3, 0x00, 
    0xF5, 0xC3, 0x00, 0xF5, 0xC3, 0x00, 0xF5, 0xC3, 0x00, 0xF5, 0xC3, 0x00, 
    0xF2, 0xC1, 0x01, 0xFF, 0xCB, 0x00, 0xB5, 0x9A, 0x13, 0x00, 0x23, 0x54, 
    0x02, 0x12, 0x1F, 0x00, 0x00, 0x00, 0x00, 0x01, 0x01, 0x00, 0x00, 0x00, 
    0x00, 0x00, 0x00, 0x00, 0x00, 0x00, 0x00, 0x00, 0x00, 0x00, 0x00, 0x00, 
    0x00, 0x00, 0x00, 0x00, 0x00, 0x00, 0x00, 0x00, 0x00, 0x00, 0x00, 0x00, 
    0x00, 0x00, 0x00, 0x00, 0x00, 0x01, 0x00, 0x00, 0x00, 0x04, 0x0B, 0x0E, 
    0x00, 0x1D, 0x53, 0x85, 0x7B, 0x23, 0xFF, 0xCE, 0x00, 0xF1, 0xC0, 0x01, 
    0xF5, 0xC3, 0x00, 0xF5, 0xC3, 0x00, 0xF5, 0xC3, 0x00, 0xF5, 0xC3, 0x00, 
    0xF5, 0xC3, 0x00, 0xF5, 0xC3, 0x00, 0xF5, 0xC3, 0x00, 0xF5, 0xC3, 0x00, 
    0xF5, 0xC3, 0x00, 0xF5, 0xC3, 0x00, 0xF5, 0xC3, 0x00, 0xF5, 0xC3, 0x00, 
    0xF5, 0xC3, 0x00, 0xF5, 0xC3, 0x00, 0xF5, 0xC3, 0x00, 0xF3, 0xC1, 0x01, 
    0xFF, 0xCA, 0x00, 0x44, 0x53, 0x39, 0x00, 0x1A, 0x48, 0x03, 0x03, 0x02, 
    0x00, 0x00, 0x00, 0x00, 0x00, 0x00, 0x00, 0x00, 0x00, 0x00, 0x00, 0x00, 
    0x00, 0x00, 0x00, 0x00, 0x01, 0x01, 0x00, 0x00, 0x00, 0x03, 0x1C, 0x30, 
    0x00, 0x1F, 0x56, 0x97, 0x86, 0x1C, 0xFF, 0xCE, 0x00, 0xF1, 0xC0, 0x01, 
    0xF5, 0xC3, 0x00, 0xF5, 0xC3, 0x00, 0xF5, 0xC3, 0x00, 0xF5, 0xC3, 0x00, 
    0xF5, 0xC3, 0x00, 0xF5, 0xC3, 0x00, 0xF5, 0xC3, 0x00, 0xF5, 0xC3, 0x00, 
    0xF5, 0xC3, 0x00, 0xF5, 0xC3, 0x00, 0xF5, 0xC3, 0x00, 0xF5, 0xC3, 0x00, 
    0xF1, 0xC1, 0x01, 0xFF, 0xCC, 0x00, 0xAB, 0x93, 0x16, 0x00, 0x21, 0x54, 
    0x03, 0x1F, 0x38, 0x00, 0x00, 0x00, 0x00, 0x00, 0x01, 0x00, 0x00, 0x00, 
    0x00, 0x00, 0x00, 0x00, 0x00, 0x00, 0x00, 0x00, 0x00, 0x00, 0x00, 0x01, 
    0x02, 0x00, 0x00, 0x00, 0x17, 0x37, 0x1A, 0x3A, 0x48, 0xED, 0xBD, 0x01, 
    0xF7, 0xC4, 0x00, 0xF4, 0xC3, 0x00, 0xF5, 0xC3, 0x00, 0xF5, 0xC3, 0x00, 
    0xF5, 0xC3, 0x00, 0xF5, 0xC3, 0x00, 0xF5, 0xC3, 0x00, 0xF5, 0xC3, 0x00, 
    0xF5, 0xC3, 0x00, 0xF5, 0xC3, 0x00, 0xF5, 0xC3, 0x00, 0xF5, 0xC3, 0x00, 
    0xF5, 0xC3, 0x00, 0xF5, 0xC3, 0x00, 0xF5, 0xC3, 0x00, 0xF5, 0xC3, 0x00, 
    0xF2, 0xC1, 0x01, 0xFF, 0xCB, 0x00, 0xB5, 0x9A, 0x13, 0x00, 0x23, 0x54, 
    0x02, 0x12, 0x1F, 0x00, 0x00, 0x00, 0x00, 0x01, 0x01, 0x00, 0x00, 0x00, 
    0x00, 0x00, 0x00, 0x00, 0x00, 0x00, 0x00, 0x00, 0x00, 0x00, 0x00, 0x00, 
    0x00, 0x00, 0x00, 0x00, 0x00, 0x00, 0x00, 0x00, 0x00, 0x00, 0x00, 0x00, 
    0x00, 0x00, 0x00, 0x00, 0x00, 0x01, 0x00, 0x00, 0x00, 0x04, 0x0B, 0x0E, 
    0x00, 0x1D, 0x53, 0x85, 0x7B, 0x23, 0xFF, 0xCE, 0x00, 0xF1, 0xC0, 0x01, 
    0xF5, 0xC3, 0x00, 0xF5, 0xC3, 0x00, 0xF5, 0xC3, 0x00, 0xF5, 0xC3, 0x00, 
    0xF5, 0xC3, 0x00, 0xF5, 0xC3, 0x00, 0xF5, 0xC3, 0x00, 0xF5, 0xC3, 0x00, 
    0xF5, 0xC3, 0x00, 0xF5, 0xC3, 0x00, 0xF5, 0xC3, 0x00, 0xF5, 0xC3, 0x00, 
    0xF5, 0xC3, 0x00, 0xF5, 0xC3, 0x00, 0xF5, 0xC3, 0x00, 0xF3, 0xC1, 0x01, 
    0xFF, 0xCA, 0x00, 0x44, 0x53, 0x39, 0x00, 0x1A, 0x48, 0x03, 0x03, 0x02, 
    0x00, 0x00, 0x00, 0x00, 0x00, 0x00, 0x00, 0x00, 0x00, 0x00, 0x00, 0x00, 
    0x00, 0x00, 0x00, 0x00, 0x00, 0x01, 0x00, 0x00, 0x00, 0x02, 0x07, 0x0B, 
    0x01, 0x22, 0x4E, 0x1F, 0x3B, 0x42, 0xEF, 0xC0, 0x03, 0xF6, 0xC4, 0x00, 
    0xF4, 0xC3, 0x00, 0xF5, 0xC3, 0x00, 0xF5, 0xC3, 0x00, 0xF5, 0xC3, 0x00, 
    0xF5, 0xC3, 0x00, 0xF5, 0xC3, 0x00, 0xF5, 0xC3, 0x00, 0xF5, 0xC3, 0x00, 
    0xF5, 0xC3, 0x00, 0xF5, 0xC3, 0x00, 0xF5, 0xC3, 0x00, 0xF5, 0xC3, 0x00, 
    0xF5, 0xC3, 0x01, 0xF7, 0xC6, 0x01, 0x2D, 0x44, 0x3D, 0x01, 0x22, 0x52, 
    0x03, 0x0A, 0x10, 0x00, 0x00, 0x00, 0x00, 0x00, 0x01, 0x00, 0x00, 0x00, 
    0x00, 0x00, 0x00, 0x00, 0x00, 0x00, 0x00, 0x00, 0x00, 0x00, 0x00, 0x01, 
    0x02, 0x00, 0x00, 0x00, 0x17, 0x37, 0x1A, 0x3A, 0x48, 0xED, 0xBD, 0x01, 
    0xF7, 0xC4, 0x00, 0xF4, 0xC3, 0x00, 0xF5, 0xC3, 0x00, 0xF5, 0xC3, 0x00, 
    0xF5, 0xC3, 0x00, 0xF5, 0xC3, 0x00, 0xF5, 0xC3, 0x00, 0xF5, 0xC3, 0x00, 
    0xF5, 0xC3, 0x00, 0xF5, 0xC3, 0x00, 0xF5, 0xC3, 0x00, 0xF5, 0xC3, 0x00, 
    0xF5, 0xC3, 0x00, 0xF5, 0xC3, 0x00, 0xF5, 0xC3, 0x00, 0xF5, 0xC3, 0x00, 
    0xF2, 0xC1, 0x01, 0xFF, 0xCB, 0x00, 0xB5, 0x9A, 0x13, 0x00, 0x23, 0x54, 
    0x02, 0x12, 0x1F, 0x00, 0x00, 0x00, 0x00, 0x01, 0x01, 0x00, 0x00, 0x00, 
    0x00, 0x00, 0x00, 0x00, 0x00, 0x00, 0x00, 0x00, 0x00, 0x00, 0x00, 0x00, 
    0x00, 0x00, 0x00, 0x00, 0x00, 0x00, 0x00, 0x00, 0x00, 0x00, 0x00, 0x00, 
    0x00, 0x00, 0x00, 0x00, 0x00, 0x01, 0x00, 0x00, 0x00, 0x04, 0x0B, 0x0E, 
    0x00, 0x1D, 0x53, 0x85, 0x7B, 0x23, 0xFF, 0xCE, 0x00, 0xF1, 0xC0, 0x01, 
    0xF5, 0xC3, 0x00, 0xF5, 0xC3, 0x00, 0xF5, 0xC3, 0x00, 0xF5, 0xC3, 0x00, 
    0xF5, 0xC3, 0x00, 0xF5, 0xC3, 0x00, 0xF5, 0xC3, 0x00, 0xF5, 0xC3, 0x00, 
    0xF5, 0xC3, 0x00, 0xF5, 0xC3, 0x00, 0xF5, 0xC3, 0x00, 0xF5, 0xC3, 0x00, 
    0xF5, 0xC3, 0x00, 0xF5, 0xC3, 0x00, 0xF5, 0xC3, 0x00, 0xF3, 0xC1, 0x01, 
    0xFF, 0xCA, 0x00, 0x44, 0x53, 0x39, 0x00, 0x1A, 0x48, 0x03, 0x03, 0x02, 
    0x00, 0x00, 0x00, 0x00, 0x00, 0x00, 0x00, 0x00, 0x00, 0x00, 0x00, 0x00, 
    0x00, 0x00, 0x00, 0x00, 0x00, 0x00, 0x00, 0x01, 0x01, 0x00, 0x00, 0x00, 
    0x03, 0x1A, 0x2D, 0x00, 0x1E, 0x57, 0x8A, 0x7F, 0x1F, 0xFF, 0xCE, 0x00, 
    0xF1, 0xC0, 0x01, 0xF5, 0xC3, 0x00, 0xF5, 0xC3, 0x00, 0xF5, 0xC3, 0x00, 
    0xF5, 0xC3, 0x00, 0xF5, 0xC3, 0x00, 0xF5, 0xC3, 0x00, 0xF5, 0xC3, 0x00, 
    0xF5, 0xC3, 0x00, 0xF5, 0xC3, 0x00, 0xF5, 0xC3, 0x00, 0xF1, 0xC0, 0x01, 
    0xFF, 0xCD, 0x00, 0x9D, 0x8A, 0x1A, 0x00, 0x1F, 0x56, 0x03, 0x1D, 0x33, 
    0x00, 0x00, 0x00, 0x00, 0x01, 0x01, 0x00, 0x00, 0x00, 0x00, 0x00, 0x00, 
    0x00, 0x00, 0x00, 0x00, 0x00, 0x00, 0x00, 0x00, 0x00, 0x00, 0x00, 0x01, 
    0x02, 0x00, 0x00, 0x00, 0x17, 0x37, 0x1A, 0x3A, 0x48, 0xED, 0xBD, 0x01, 
    0xF7, 0xC4, 0x00, 0xF4, 0xC3, 0x00, 0xF5, 0xC3, 0x00, 0xF5, 0xC3, 0x00, 
    0xF5, 0xC3, 0x00, 0xF5, 0xC3, 0x00, 0xF5, 0xC3, 0x00, 0xF5, 0xC3, 0x00, 
    0xF5, 0xC3, 0x00, 0xF5, 0xC3, 0x00, 0xF5, 0xC3, 0x00, 0xF5, 0xC3, 0x00, 
    0xF5, 0xC3, 0x00, 0xF5, 0xC3, 0x00, 0xF5, 0xC3, 0x00, 0xF5, 0xC3, 0x00, 
    0xF2, 0xC1, 0x01, 0xFF, 0xCB, 0x00, 0xB5, 0x9A, 0x13, 0x00, 0x23, 0x54, 
    0x02, 0x12, 0x1F, 0x00, 0x00, 0x00, 0x00, 0x01, 0x01, 0x00, 0x00, 0x00, 
    0x00, 0x00, 0x00, 0x00, 0x00, 0x00, 0x00, 0x00, 0x00, 0x00, 0x00, 0x00, 
    0x00, 0x00, 0x00, 0x00, 0x00, 0x00, 0x00, 0x00, 0x00, 0x00, 0x00, 0x00, 
    0x00, 0x00, 0x00, 0x00, 0x00, 0x01, 0x00, 0x00, 0x00, 0x04, 0x0B, 0x0E, 
    0x00, 0x1D, 0x53, 0x85, 0x7B, 0x23, 0xFF, 0xCE, 0x00, 0xF1, 0xC0, 0x01, 
    0xF5, 0xC3, 0x00, 0xF5, 0xC3, 0x00, 0xF5, 0xC3, 0x00, 0xF5, 0xC3, 0x00, 
    0xF5, 0xC3, 0x00, 0xF5, 0xC3, 0x00, 0xF5, 0xC3, 0x00, 0xF5, 0xC3, 0x00, 
    0xF5, 0xC3, 0x00, 0xF5, 0xC3, 0x00, 0xF5, 0xC3, 0x00, 0xF5, 0xC3, 0x00, 
    0xF5, 0xC3, 0x00, 0xF5, 0xC3, 0x00, 0xF5, 0xC3, 0x00, 0xF3, 0xC1, 0x01, 
    0xFF, 0xCA, 0x00, 0x44, 0x53, 0x39, 0x00, 0x1A, 0x48, 0x03, 0x03, 0x02, 
    0x00, 0x00, 0x00, 0x00, 0x00, 0x00, 0x00, 0x00, 0x00, 0x00, 0x00, 0x00, 
    0x00, 0x00, 0x00, 0x00, 0x00, 0x00, 0x00, 0x00, 0x00, 0x00, 0x00, 0x00, 
    0x02, 0x06, 0x09, 0x01, 0x23, 0x4C, 0x18, 0x36, 0x46, 0xEA, 0xBC, 0x04, 
    0xF7, 0xC5, 0x00, 0xF4, 0xC2, 0x00, 0xF5, 0xC3, 0x00, 0xF5, 0xC3, 0x00, 
    0xF5, 0xC3, 0x00, 0xF5, 0xC3, 0x00, 0xF5, 0xC3, 0x00, 0xF5, 0xC3, 0x00, 
    0xF5, 0xC3, 0x00, 0xF5, 0xC3, 0x00, 0xF4, 0xC3, 0x00, 0xF6, 0xC4, 0x01, 
    0xF1, 0xC1, 0x02, 0x22, 0x3D, 0x41, 0x01, 0x22, 0x50, 0x02, 0x08, 0x0D, 
    0x00, 0x00, 0x00, 0x00, 0x00, 0x01, 0x00, 0x00, 0x00, 0x00, 0x00, 0x00, 
    0x00, 0x00, 0x00, 0x00, 0x00, 0x00, 0x00, 0x00, 0x00, 0x00, 0x00, 0x01, 
    0x02, 0x00, 0x00, 0x00, 0x17, 0x37, 0x1A, 0x3A, 0x48, 0xED, 0xBD, 0x01, 
    0xF7, 0xC4, 0x00, 0xF4, 0xC3, 0x00, 0xF5, 0xC3, 0x00, 0xF5, 0xC3, 0x00, 
    0xF5, 0xC3, 0x00, 0xF5, 0xC3, 0x00, 0xF5, 0xC3, 0x00, 0xF5, 0xC3, 0x00, 
    0xF5, 0xC3, 0x00, 0xF5, 0xC3, 0x00, 0xF5, 0xC3, 0x00, 0xF5, 0xC3, 0x00, 
    0xF5, 0xC3, 0x00, 0xF5, 0xC3, 0x00, 0xF5, 0xC3, 0x00, 0xF5, 0xC3, 0x00, 
    0xF2, 0xC1, 0x01, 0xFF, 0xCB, 0x00, 0xB5, 0x9A, 0x13, 0x00, 0x23, 0x54, 
    0x02, 0x12, 0x1F, 0x00, 0x00, 0x00, 0x00, 0x01, 0x01, 0x00, 0x00, 0x00, 
    0x00, 0x00, 0x00, 0x00, 0x00, 0x00, 0x00, 0x00, 0x00, 0x00, 0x00, 0x00, 
    0x00, 0x00, 0x00, 0x00, 0x00, 0x00, 0x00, 0x00, 0x00, 0x00, 0x00, 0x00, 
    0x00, 0x00, 0x00, 0x00, 0x00, 0x01, 0x00, 0x00, 0x00, 0x04, 0x0B, 0x0E, 
    0x00, 0x1D, 0x53, 0x85, 0x7B, 0x23, 0xFF, 0xCE, 0x00, 0xF1, 0xC0, 0x01, 
    0xF5, 0xC3, 0x00, 0xF5, 0xC3, 0x00, 0xF5, 0xC3, 0x00, 0xF5, 0xC3, 0x00, 
    0xF5, 0xC3, 0x00, 0xF5, 0xC3, 0x00, 0xF5, 0xC3, 0x00, 0xF5, 0xC3, 0x00, 
    0xF5, 0xC3, 0x00, 0xF5, 0xC3, 0x00, 0xF5, 0xC3, 0x00, 0xF5, 0xC3, 0x00, 
    0xF5, 0xC3, 0x00, 0xF5, 0xC3, 0x00, 0xF5, 0xC3, 0x00, 0xF3, 0xC1, 0x01, 
    0xFF, 0xCA, 0x00, 0x44, 0x53, 0x39, 0x00, 0x1A, 0x48, 0x03, 0x03, 0x02, 
    0x00, 0x00, 0x00, 0x00, 0x00, 0x00, 0x00, 0x00, 0x00, 0x00, 0x00, 0x00, 
    0x00, 0x00, 0x00, 0x00, 0x00, 0x00, 0x00, 0x00, 0x00, 0x00, 0x01, 0x01, 
    0x00, 0x00, 0x00, 0x03, 0x19, 0x29, 0x00, 0x1E, 0x57, 0x7E, 0x77, 0x23, 
    0xFF, 0xCF, 0x00, 0xF1, 0xC0, 0x01, 0xF5, 0xC3, 0x00, 0xF5, 0xC3, 0x00, 
    0xF5, 0xC3, 0x00, 0xF5, 0xC3, 0x00, 0xF5, 0xC3, 0x00, 0xF5, 0xC3, 0x00, 
    0xF5, 0xC3, 0x00, 0xF5, 0xC3, 0x00, 0xF1, 0xC0, 0x01, 0xFF, 0xCE, 0x00, 
    0x8D, 0x80, 0x1F, 0x00, 0x1F, 0x57, 0x03, 0x1B, 0x2F, 0x00, 0x00, 0x00, 
    0x00, 0x01, 0x01, 0x00, 0x00, 0x00, 0x00, 0x00, 0x00, 0x00, 0x00, 0x00, 
    0x00, 0x00, 0x00, 0x00, 0x00, 0x00, 0x00, 0x00, 0x00, 0x00, 0x00, 0x01, 
    0x02, 0x00, 0x00, 0x00, 0x17, 0x37, 0x1A, 0x3A, 0x48, 0xED, 0xBD, 0x01, 
    0xF7, 0xC4, 0x00, 0xF4, 0xC3, 0x00, 0xF5, 0xC3, 0x00, 0xF5, 0xC3, 0x00, 
    0xF5, 0xC3, 0x00, 0xF5, 0xC3, 0x00, 0xF5, 0xC3, 0x00, 0xF5, 0xC3, 0x00, 
    0xF5, 0xC3, 0x00, 0xF5, 0xC3, 0x00, 0xF5, 0xC3, 0x00, 0xF5, 0xC3, 0x00, 
    0xF5, 0xC3, 0x00, 0xF5, 0xC3, 0x00, 0xF5, 0xC3, 0x00, 0xF5, 0xC3, 0x00, 
    0xF2, 0xC1, 0x01, 0xFF, 0xCB, 0x00, 0xB5, 0x9A, 0x13, 0x00, 0x23, 0x54, 
    0x02, 0x12, 0x1F, 0x00, 0x00, 0x00, 0x00, 0x01, 0x01, 0x00, 0x00, 0x00, 
    0x00, 0x00, 0x00, 0x00, 0x00, 0x00, 0x00, 0x00, 0x00, 0x00, 0x00, 0x00, 
    0x00, 0x00, 0x01, 0x00, 0x01, 0x01, 0x00, 0x00, 0x01, 0x00, 0x00, 0x01, 
    0x00, 0x00, 0x01, 0x00, 0x00, 0x02, 0x00, 0x00, 0x01, 0x04, 0x0B, 0x0F, 
    0x00, 0x1D, 0x53, 0x85, 0x7B, 0x23, 0xFF, 0xCE, 0x00, 0xF1, 0xC0, 0x01, 
    0xF5, 0xC3, 0x00, 0xF5, 0xC3, 0x00, 0xF5, 0xC3, 0x00, 0xF5, 0xC3, 0x00, 
    0xF5, 0xC3, 0x00, 0xF5, 0xC3, 0x00, 0xF5, 0xC3, 0x00, 0xF5, 0xC3, 0x00, 
    0xF5, 0xC3, 0x00, 0xF5, 0xC3, 0x00, 0xF5, 0xC3, 0x00, 0xF5, 0xC3, 0x00, 
    0xF5, 0xC3, 0x00, 0xF5, 0xC3, 0x00, 0xF5, 0xC3, 0x00, 0xF3, 0xC1, 0x01, 
    0xFF, 0xCA, 0x00, 0x44, 0x53, 0x39, 0x00, 0x1A, 0x48, 0x03, 0x03, 0x03, 
    0x00, 0x00, 0x01, 0x00, 0x00, 0x01, 0x00, 0x00, 0x01, 0x00, 0x00, 0x01, 
    0x00, 0x00, 0x01, 0x00, 0x00, 0x01, 0x00, 0x00, 0x01, 0x00, 0x00, 0x00, 
    0x00, 0x00, 0x00, 0x01, 0x05, 0x07, 0x01, 0x23, 0x4A, 0x11, 0x31, 0x48, 
    0xE3, 0xB7, 0x06, 0xF9, 0xC6, 0x00, 0xF4, 0xC2, 0x00, 0xF5, 0xC3, 0x00, 
    0xF5, 0xC3, 0x00, 0xF5, 0xC3, 0x00, 0xF5, 0xC3, 0x00, 0xF5, 0xC3, 0x00, 
    0xF5, 0xC3, 0x00, 0xF4, 0xC2, 0x00, 0xF7, 0xC5, 0x00, 0xEA, 0xBD, 0x04, 
    0x19, 0x36, 0x45, 0x01, 0x22, 0x4D, 0x02, 0x06, 0x09, 0x00, 0x00, 0x00, 
    0x00, 0x00, 0x01, 0x00, 0x00, 0x01, 0x00, 0x01, 0x01, 0x00, 0x00, 0x01, 
    0x00, 0x00, 0x01, 0x00, 0x00, 0x01, 0x00, 0x00, 0x01, 0x00, 0x00, 0x02, 
    0x02, 0x00, 0x01, 0x00, 0x17, 0x37, 0x1A, 0x3A, 0x48, 0xED, 0xBD, 0x01, 
    0xF7, 0xC4, 0x00, 0xF4, 0xC3, 0x00, 0xF5, 0xC3, 0x00, 0xF5, 0xC3, 0x00, 
    0xF5, 0xC3, 0x00, 0xF5, 0xC3, 0x00, 0xF5, 0xC3, 0x00, 0xF5, 0xC3, 0x00, 
    0xF5, 0xC3, 0x00, 0xF5, 0xC3, 0x00, 0xF5, 0xC3, 0x00, 0xF5, 0xC3, 0x00, 
    0xF5, 0xC3, 0x00, 0xF5, 0xC3, 0x00, 0xF5, 0xC3, 0x00, 0xF5, 0xC3, 0x00, 
    0xF2, 0xC1, 0x01, 0xFF, 0xCB, 0x00, 0xB5, 0x9A, 0x13, 0x00, 0x23, 0x54, 
    0x02, 0x12, 0x20, 0x00, 0x00, 0x01, 0x00, 0x01, 0x02, 0x00, 0x00, 0x01, 
    0x00, 0x00, 0x01, 0x00, 0x00, 0x01, 0x00, 0x00, 0x01, 0x00, 0x00, 0x01, 
    0x00, 0x00, 0x00, 0x00, 0x00, 0x00, 0x00, 0x00, 0x00, 0x00, 0x00, 0x00, 
    0x00, 0x00, 0x00, 0x00, 0x00, 0x00, 0x00, 0x00, 0x00, 0x04, 0x09, 0x0B, 
    0x00, 0x1D, 0x53, 0x85, 0x7B, 0x23, 0xFF, 0xCE, 0x00, 0xF1, 0xC0, 0x01, 
    0xF5, 0xC3, 0x00, 0xF5, 0xC3, 0x00, 0xF5, 0xC3, 0x00, 0xF5, 0xC3, 0x00, 
    0xF5, 0xC3, 0x00, 0xF5, 0xC3, 0x00, 0xF5, 0xC3, 0x00, 0xF5, 0xC3, 0x00, 
    0xF5, 0xC3, 0x00, 0xF5, 0xC3, 0x00, 0xF5, 0xC3, 0x00, 0xF5, 0xC3, 0x00, 
    0xF5, 0xC3, 0x00, 0xF5, 0xC3, 0x00, 0xF5, 0xC3, 0x00, 0xF3, 0xC1, 0x01, 
    0xFF, 0xCA, 0x00, 0x44, 0x53, 0x39, 0x00, 0x1A, 0x48, 0x03, 0x01, 0x00, 
    0x00, 0x00, 0x00, 0x00, 0x00, 0x00, 0x00, 0x00, 0x00, 0x00, 0x00, 0x00, 
    0x00, 0x00, 0x00, 0x00, 0x00, 0x00, 0x00, 0x00, 0x00, 0x00, 0x00, 0x00, 
    0x00, 0x01, 0x01, 0x00, 0x00, 0x00, 0x04, 0x17, 0x25, 0x00, 0x1E, 0x57, 
    0x72, 0x6F, 0x27, 0xFF, 0xCE, 0x00, 0xF1, 0xC0, 0x01, 0xF5, 0xC3, 0x00, 
    0xF5, 0xC3, 0x00, 0xF5, 0xC3, 0x00, 0xF5, 0xC3, 0x00, 0xF5, 0xC3, 0x00, 
    0xF5, 0xC3, 0x00, 0xF1, 0xC0, 0x01, 0xFF, 0xCE, 0x00, 0x7E, 0x77, 0x23, 
    0x00, 0x1E, 0x57, 0x03, 0x19, 0x2A, 0x00, 0x00, 0x00, 0x00, 0x01, 0x01, 
    0x00, 0x00, 0x00, 0x00, 0x00, 0x00, 0x00, 0x00, 0x00, 0x00, 0x00, 0x00, 
    0x00, 0x00, 0x00, 0x00, 0x00, 0x00, 0x00, 0x00, 0x00, 0x00, 0x00, 0x00, 
    0x02, 0x00, 0x00, 0x00, 0x16, 0x36, 0x1A, 0x3A, 0x48, 0xED, 0xBD, 0x01, 
    0xF7, 0xC4, 0x00, 0xF4, 0xC3, 0x00, 0xF5, 0xC3, 0x00, 0xF5, 0xC3, 0x00, 
    0xF5, 0xC3, 0x00, 0xF5, 0xC3, 0x00, 0xF5, 0xC3, 0x00, 0xF5, 0xC3, 0x00, 
    0xF5, 0xC3, 0x00, 0xF5, 0xC3, 0x00, 0xF5, 0xC3, 0x00, 0xF5, 0xC3, 0x00, 
    0xF5, 0xC3, 0x00, 0xF5, 0xC3, 0x00, 0xF5, 0xC3, 0x00, 0xF5, 0xC3, 0x00, 
    0xF2, 0xC1, 0x01, 0xFF, 0xCB, 0x00, 0xB5, 0x9A, 0x13, 0x00, 0x23, 0x54, 
    0x02, 0x11, 0x1C, 0x00, 0x00, 0x00, 0x00, 0x00, 0x00, 0x00, 0x00, 0x00, 
    0x00, 0x00, 0x00, 0x00, 0x00, 0x00, 0x00, 0x00, 0x00, 0x00, 0x00, 0x00, 
    0x00, 0x11, 0x29, 0x00, 0x1C, 0x36, 0x04, 0x1D, 0x32, 0x04, 0x1D, 0x33, 
    0x04, 0x1D, 0x33, 0x04, 0x1D, 0x33, 0x04, 0x1D, 0x33, 0x08, 0x23, 0x36, 
    0x04, 0x1F, 0x51, 0x87, 0x7C, 0x22, 0xFF, 0xCE, 0x00, 0xF1, 0xC0, 0x01, 
    0xF5, 0xC3, 0x00, 0xF5, 0xC3, 0x00, 0xF5, 0xC3, 0x00, 0xF5, 0xC3, 0x00, 
    0xF5, 0xC3, 0x00, 0xF5, 0xC3, 0x00, 0xF5, 0xC3, 0x00, 0xF5, 0xC3, 0x00, 
    0xF5, 0xC3, 0x00, 0xF5, 0xC3, 0x00, 0xF5, 0xC3, 0x00, 0xF5, 0xC3, 0x00, 
    0xF5, 0xC3, 0x00, 0xF5, 0xC3, 0x00, 0xF5, 0xC3, 0x00, 0xF3, 0xC1, 0x01, 
    0xFF, 0xCA, 0x00, 0x47, 0x54, 0x37, 0x04, 0x1F, 0x4C, 0x07, 0x1F, 0x33, 
    0x04, 0x1D, 0x33, 0x04, 0x1D, 0x33, 0x04, 0x1D, 0x33, 0x04, 0x1D, 0x33, 
    0x04, 0x1D, 0x32, 0x01, 0x1C, 0x35, 0x00, 0x17, 0x2D, 0x00, 0x01, 0x01, 
    0x00, 0x00, 0x00, 0x00, 0x00, 0x01, 0x01, 0x03, 0x05, 0x01, 0x22, 0x47, 
    0x0C, 0x2D, 0x4B, 0xDC, 0xB3, 0x08, 0xFA, 0xC7, 0x00, 0xF3, 0xC2, 0x01, 
    0xF5, 0xC3, 0x00, 0xF5, 0xC3, 0x00, 0xF5, 0xC3, 0x00, 0xF5, 0xC3, 0x00, 
    0xF4, 0xC2, 0x00, 0xF9, 0xC6, 0x00, 0xE2, 0xB7, 0x06, 0x11, 0x31, 0x48, 
    0x02, 0x23, 0x4A, 0x01, 0x04, 0x07, 0x00, 0x00, 0x00, 0x00, 0x01, 0x01, 
    0x00, 0x00, 0x00, 0x00, 0x12, 0x23, 0x00, 0x1C, 0x37, 0x04, 0x1C, 0x32, 
    0x04, 0x1D, 0x33, 0x04, 0x1D, 0x33, 0x04, 0x1D, 0x33, 0x04, 0x1D, 0x33, 
    0x06, 0x1E, 0x33, 0x04, 0x22, 0x45, 0x1E, 0x3B, 0x44, 0xED, 0xBE, 0x02, 
    0xF7, 0xC4, 0x00, 0xF4, 0xC3, 0x00, 0xF5, 0xC3, 0x00, 0xF5, 0xC3, 0x00, 
    0xF5, 0xC3, 0x00, 0xF5, 0xC3, 0x00, 0xF5, 0xC3, 0x00, 0xF5, 0xC3, 0x00, 
    0xF5, 0xC3, 0x00, 0xF5, 0xC3, 0x00, 0xF5, 0xC3, 0x00, 0xF5, 0xC3, 0x00, 
    0xF5, 0xC3, 0x00, 0xF5, 0xC3, 0x00, 0xF5, 0xC3, 0x00, 0xF5, 0xC3, 0x00, 
    0xF2, 0xC1, 0x01, 0xFF, 0xCB, 0x00, 0xB6, 0x9B, 0x13, 0x04, 0x24, 0x4F, 
    0x06, 0x24, 0x3C, 0x04, 0x1D, 0x33, 0x04, 0x1D, 0x33, 0x04, 0x1D, 0x33, 
    0x04, 0x1D, 0x33, 0x04, 0x1D, 0x33, 0x01, 0x1C, 0x35, 0x00, 0x17, 0x2E, 
    0x00, 0x1B, 0x40, 0x00, 0x2B, 0x54, 0x00, 0x1F, 0x55, 0x00, 0x1E, 0x56, 
    0x00, 0x1E, 0x56, 0x00, 0x1E, 0x56, 0x00, 0x1E, 0x56, 0x00, 0x21, 0x54, 
    0x00, 0x10, 0x58, 0x7D, 0x76, 0x26, 0xFF, 0xCF, 0x00, 0xF1, 0xC0, 0x01, 
    0xF5, 0xC3, 0x00, 0xF5, 0xC3, 0x00, 0xF5, 0xC3, 0x00, 0xF5, 0xC3, 0x00, 
    0xF5, 0xC3, 0x00, 0xF5, 0xC3, 0x00, 0xF5, 0xC3, 0x00, 0xF5, 0xC3, 0x00, 
    0xF5, 0xC3, 0x00, 0xF5, 0xC3, 0x00, 0xF5, 0xC3, 0x00, 0xF5, 0xC3, 0x00, 
    0xF5, 0xC3, 0x00, 0xF5, 0xC3, 0x00, 0xF5, 0xC3, 0x00, 0xF3, 0xC1, 0x01, 
    0xFF, 0xCB, 0x00, 0x37, 0x4A, 0x3B, 0x00, 0x12, 0x56, 0x00, 0x20, 0x55, 
    0x00, 0x1E, 0x56, 0x00, 0x1E, 0x56, 0x00, 0x1E, 0x56, 0x00, 0x1E, 0x56, 
    0x00, 0x1E, 0x55, 0x00, 0x28, 0x54, 0x00, 0x25, 0x46, 0x00, 0x01, 0x01, 
    0x00, 0x00, 0x00, 0x00, 0x01, 0x01, 0x00, 0x00, 0x00, 0x03, 0x15, 0x21, 
    0x00, 0x1F, 0x57, 0x66, 0x68, 0x2B, 0xFF, 0xCE, 0x00, 0xF1, 0xC0, 0x01, 
    0xF5, 0xC3, 0x00, 0xF5, 0xC3, 0x00, 0xF5, 0xC3, 0x00, 0xF5, 0xC3, 0x00, 
    0xF1, 0xC0, 0x01, 0xFF, 0xCE, 0x00, 0x6E, 0x6D, 0x28, 0x00, 0x1E, 0x57, 
    0x04, 0x16, 0x25, 0x00, 0x00, 0x00, 0x00, 0x01, 0x01, 0x00, 0x01, 0x01, 
    0x00, 0x00, 0x00, 0x00, 0x1C, 0x36, 0x00, 0x2B, 0x56, 0x00, 0x1E, 0x55, 
    0x00, 0x1E, 0x56, 0x00, 0x1E, 0x56, 0x00, 0x1E, 0x56, 0x00, 0x1E, 0x56, 
    0x00, 0x1F, 0x56, 0x00, 0x18, 0x55, 0x0A, 0x2E, 0x49, 0xEC, 0xBE, 0x03, 
    0xF7, 0xC4, 0x00, 0xF4, 0xC3, 0x00, 0xF5, 0xC3, 0x00, 0xF5, 0xC3, 0x00, 
    0xF5, 0xC3, 0x00, 0xF5, 0xC3, 0x00, 0xF5, 0xC3, 0x00, 0xF5, 0xC3, 0x00, 
    0xF5, 0xC3, 0x00, 0xF5, 0xC3, 0x00, 0xF5, 0xC3, 0x00, 0xF5, 0xC3, 0x00, 
    0xF5, 0xC3, 0x00, 0xF5, 0xC3, 0x00, 0xF5, 0xC3, 0x00, 0xF5, 0xC3, 0x00, 
    0xF2, 0xC1, 0x01, 0xFF, 0xCC, 0x00, 0xB0, 0x97, 0x15, 0x00, 0x15, 0x54, 
    0x00, 0x1E, 0x53, 0x00, 0x1E, 0x56, 0x00, 0x1E, 0x56, 0x00, 0x1E, 0x56, 
    0x00, 0x1E, 0x56, 0x00, 0x1E, 0x56, 0x00, 0x28, 0x54, 0x00, 0x25, 0x47, 
    0x00, 0x17, 0x3C, 0x08, 0x2D, 0x4B, 0x6A, 0x6A, 0x29, 0x73, 0x70, 0x28, 
    0x71, 0x6E, 0x28, 0x71, 0x6E, 0x28, 0x71, 0x6E, 0x28, 0x73, 0x70, 0x28, 
    0x70, 0x69, 0x2C, 0xB9, 0x9C, 0x13, 0xFB, 0xC9, 0x00, 0xF3, 0xC1, 0x01, 
    0xF5, 0xC3, 0x00, 0xF5, 0xC3, 0x00, 0xF5, 0xC3, 0x00, 0xF5, 0xC3, 0x00, 
    0xF5, 0xC3, 0x00, 0xF5, 0xC3, 0x00, 0xF5, 0xC3, 0x00, 0xF5, 0xC3, 0x00, 
    0xF5, 0xC3, 0x00, 0xF5, 0xC3, 0x00, 0xF5, 0xC3, 0x00, 0xF5, 0xC3, 0x00, 
    0xF5, 0xC3, 0x00, 0xF5, 0xC3, 0x00, 0xF5, 0xC3, 0x00, 0xF4, 0xC2, 0x00, 
    0xFA, 0xC7, 0x00, 0x96, 0x86, 0x1E, 0x70, 0x6A, 0x2B, 0x73, 0x70, 0x27, 
    0x71, 0x6E, 0x28, 0x71, 0x6E, 0x28, 0x71, 0x6E, 0x28, 0x70, 0x6E, 0x28, 
    0x75, 0x71, 0x27, 0x1C, 0x39, 0x45, 0x00, 0x1E, 0x43, 0x01, 0x02, 0x01, 
    0x00, 0x00, 0x00, 0x00, 0x00, 0x00, 0x00, 0x00, 0x00, 0x01, 0x02, 0x03, 
    0x02, 0x22, 0x44, 0x07, 0x2A, 0x4D, 0xD3, 0xAD, 0x0A, 0xFB, 0xC8, 0x00, 
    0xF3, 0xC2, 0x01, 0xF5, 0xC3, 0x00, 0xF5, 0xC3, 0x00, 0xF3, 0xC2, 0x01, 
    0xFA, 0xC7, 0x00, 0xD9, 0xB0, 0x09, 0x0A, 0x2C, 0x4C, 0x02, 0x23, 0x47, 
    0x01, 0x03, 0x05, 0x00, 0x00, 0x00, 0x00, 0x00, 0x00, 0x00, 0x01, 0x01, 
    0x01, 0x00, 0x00, 0x00, 0x18, 0x33, 0x0A, 0x2F, 0x4D, 0x6B, 0x6A, 0x29, 
    0x72, 0x6F, 0x28, 0x71, 0x6E, 0x28, 0x71, 0x6E, 0x28, 0x71, 0x6E, 0x28, 
    0x72, 0x6F, 0x28, 0x71, 0x6D, 0x2A, 0x7F, 0x78, 0x25, 0xF1, 0xC0, 0x02, 
    0xF6, 0xC4, 0x00, 0xF5, 0xC3, 0x00, 0xF5, 0xC3, 0x00, 0xF5, 0xC3, 0x00, 
    0xF5, 0xC3, 0x00, 0xF5, 0xC3, 0x00, 0xF5, 0xC3, 0x00, 0xF5, 0xC3, 0x00, 
    0xF5, 0xC3, 0x00, 0xF5, 0xC3, 0x00, 0xF5, 0xC3, 0x00, 0xF5, 0xC3, 0x00, 
    0xF5, 0xC3, 0x00, 0xF5, 0xC3, 0x00, 0xF5, 0xC3, 0x00, 0xF5, 0xC3, 0x00, 
    0xF3, 0xC2, 0x00, 0xFB, 0xC7, 0x00, 0xD3, 0xAD, 0x0B, 0x70, 0x6C, 0x2B, 
    0x72, 0x6F, 0x28, 0x71, 0x6E, 0x28, 0x71, 0x6E, 0x28, 0x71, 0x6E, 0x28, 
    0x70, 0x6E, 0x28, 0x75, 0x71, 0x28, 0x1A, 0x38, 0x45, 0x00, 0x1E, 0x44, 
    0x00, 0x16, 0x3E, 0x13, 0x35, 0x49, 0xF8, 0xC3, 0x00, 0xFF, 0xD1, 0x00, 
    0xFF, 0xCD, 0x00, 0xFF, 0xCE, 0x00, 0xFF, 0xCE, 0x00, 0xFF, 0xCE, 0x00, 
    0xFF, 0xCF, 0x00, 0xFD, 0xC8, 0x00, 0xF4, 0xC2, 0x00, 0xF5, 0xC3, 0x00, 
    0xF5, 0xC3, 0x00, 0xF5, 0xC3, 0x00, 0xF5, 0xC3, 0x00, 0xF5, 0xC3, 0x00, 
    0xF5, 0xC3, 0x00, 0xF5, 0xC3, 0x00, 0xF5, 0xC3, 0x00, 0xF5, 0xC3, 0x00, 
    0xF5, 0xC3, 0x00, 0xF5, 0xC3, 0x00, 0xF5, 0xC3, 0x00, 0xF5, 0xC3, 0x00, 
    0xF5, 0xC3, 0x00, 0xF5, 0xC3, 0x00, 0xF5, 0xC3, 0x00, 0xF5, 0xC3, 0x00, 
    0xF4, 0xC3, 0x00, 0xFF, 0xCB, 0x00, 0xFF, 0xCF, 0x00, 0xFF, 0xCE, 0x00, 
    0xFF, 0xCE, 0x00, 0xFF, 0xCE, 0x00, 0xFF, 0xCE, 0x00, 0xFF, 0xCD, 0x00, 
    0xFF, 0xD5, 0x00, 0x41, 0x52, 0x3B, 0x00, 0x19, 0x46, 0x03, 0x03, 0x00, 
    0x00, 0x00, 0x00, 0x00, 0x00, 0x00, 0x00, 0x01, 0x01, 0x00, 0x00, 0x00, 
    0x03, 0x13, 0x1D, 0x00, 0x1F, 0x57, 0x59, 0x60, 0x2E, 0xFF, 0xCD, 0x00, 
    0xF2, 0xC1, 0x01, 0xF5, 0xC3, 0x00, 0xF5, 0xC3, 0x00, 0xF2, 0xC0, 0x01, 
    0xFF, 0xCE, 0x00, 0x5F, 0x64, 0x2D, 0x00, 0x1F, 0x57, 0x03, 0x14, 0x20, 
    0x00, 0x00, 0x00, 0x00, 0x01, 0x01, 0x00, 0x00, 0x00, 0x00, 0x01, 0x01, 
    0x01, 0x00, 0x00, 0x00, 0x17, 0x34, 0x17, 0x38, 0x4A, 0xF9, 0xC5, 0x00, 
    0xFF, 0xD0, 0x00, 0xFF, 0xCD, 0x00, 0xFF, 0xCE, 0x00, 0xFF, 0xCE, 0x00, 
    0xFF, 0xCE, 0x00, 0xFF, 0xCE, 0x00, 0xFF, 0xCD, 0x00, 0xF6, 0xC3, 0x00, 
    0xF5, 0xC3, 0x00, 0xF5, 0xC3, 0x00, 0xF5, 0xC3, 0x00, 0xF5, 0xC3, 0x00, 
    0xF5, 0xC3, 0x00, 0xF5, 0xC3, 0x00, 0xF5, 0xC3, 0x00, 0xF5, 0xC3, 0x00, 
    0xF5, 0xC3, 0x00, 0xF5, 0xC3, 0x00, 0xF5, 0xC3, 0x00, 0xF5, 0xC3, 0x00, 
    0xF5, 0xC3, 0x00, 0xF5, 0xC3, 0x00, 0xF5, 0xC3, 0x00, 0xF5, 0xC3, 0x00, 
    0xF5, 0xC3, 0x00, 0xF4, 0xC2, 0x00, 0xFA, 0xC6, 0x00, 0xFF, 0xCF, 0x00, 
    0xFF, 0xCE, 0x00, 0xFF, 0xCE, 0x00, 0xFF, 0xCE, 0x00, 0xFF, 0xCE, 0x00, 
    0xFF, 0xCD, 0x00, 0xFF, 0xD5, 0x00, 0x3C, 0x4E, 0x3B, 0x00, 0x19, 0x47, 
    0x00, 0x16, 0x3E, 0x12, 0x34, 0x49, 0xE3, 0xB7, 0x05, 0xF5, 0xC3, 0x01, 
    0xF0, 0xBF, 0x01, 0xF1, 0xC0, 0x01, 0xF1, 0xC0, 0x01, 0xF1, 0xC1, 0x01, 
    0xF1, 0xC0, 0x01, 0xF3, 0xC2, 0x01, 0xF5, 0xC3, 0x00, 0xF5, 0xC3, 0x00, 
    0xF5, 0xC3, 0x00, 0xF5, 0xC3, 0x00, 0xF5, 0xC3, 0x00, 0xF5, 0xC3, 0x00, 
    0xF5, 0xC3, 0x00, 0xF5, 0xC3, 0x00, 0xF5, 0xC3, 0x00, 0xF5, 0xC3, 0x00, 
    0xF5, 0xC3, 0x00, 0xF5, 0xC3, 0x00, 0xF5, 0xC3, 0x00, 0xF5, 0xC3, 0x00, 
    0xF5, 0xC3, 0x00, 0xF5, 0xC3, 0x00, 0xF5, 0xC3, 0x00, 0xF5, 0xC3, 0x00, 
    0xF5, 0xC3, 0x00, 0xF2, 0xC1, 0x01, 0xF1, 0xC0, 0x01, 0xF1, 0xC1, 0x01, 
    0xF1, 0xC0, 0x01, 0xF1, 0xC0, 0x01, 0xF1, 0xC0, 0x01, 0xEF, 0xBF, 0x02, 
    0xFA, 0xC6, 0x01, 0x3C, 0x4E, 0x3C, 0x00, 0x1A, 0x46, 0x03, 0x03, 0x00, 
    0x00, 0x00, 0x00, 0x00, 0x00, 0x00, 0x00, 0x00, 0x00, 0x00, 0x00, 0x01, 
    0x00, 0x01, 0x02, 0x02, 0x22, 0x41, 0x04, 0x26, 0x50, 0xCA, 0xA7, 0x0D, 
    0xFC, 0xC9, 0x00, 0xF3, 0xC1, 0x01, 0xF3, 0xC2, 0x01, 0xFC, 0xC9, 0x00, 
    0xCE, 0xA9, 0x0C, 0x05, 0x28, 0x4F, 0x02, 0x22, 0x43, 0x01, 0x01, 0x03, 
    0x00, 0x00, 0x00, 0x00, 0x00, 0x00, 0x00, 0x00, 0x00, 0x00, 0x01, 0x01, 
    0x01, 0x00, 0x00, 0x00, 0x17, 0x34, 0x15, 0x37, 0x4A, 0xE4, 0xB8, 0x04, 
    0xF4, 0xC2, 0x01, 0xF0, 0xBF, 0x01, 0xF1, 0xC0, 0x01, 0xF1, 0xC0, 0x01, 
    0xF1, 0xC0, 0x01, 0xF1, 0xC0, 0x01, 0xF1, 0xC1, 0x01, 0xF5, 0xC3, 0x00, 
    0xF5, 0xC3, 0x00, 0xF5, 0xC3, 0x00, 0xF5, 0xC3, 0x00, 0xF5, 0xC3, 0x00, 
    0xF5, 0xC3, 0x00, 0xF5, 0xC3, 0x00, 0xF5, 0xC3, 0x00, 0xF5, 0xC3, 0x00, 
    0xF5, 0xC3, 0x00, 0xF5, 0xC3, 0x00, 0xF5, 0xC3, 0x00, 0xF5, 0xC3, 0x00, 
    0xF5, 0xC3, 0x00, 0xF5, 0xC3, 0x00, 0xF5, 0xC3, 0x00, 0xF5, 0xC3, 0x00, 
    0xF5, 0xC3, 0x00, 0xF5, 0xC3, 0x00, 0xF4, 0xC2, 0x00, 0xF1, 0xC0, 0x01, 
    0xF1, 0xC0, 0x01, 0xF1, 0xC0, 0x01, 0xF1, 0xC0, 0x01, 0xF1, 0xC0, 0x01, 
    0xEF, 0xBF, 0x01, 0xFA, 0xC6, 0x01, 0x37, 0x4A, 0x3C, 0x00, 0x1A, 0x47, 
    0x00, 0x16, 0x3E, 0x12, 0x34, 0x49, 0xE7, 0xB9, 0x04, 0xF9, 0xC6, 0x00, 
    0xF4, 0xC2, 0x00, 0xF5, 0xC3, 0x00, 0xF5, 0xC3, 0x00, 0xF5, 0xC3, 0x00, 
    0xF5, 0xC3, 0x00, 0xF5, 0xC3, 0x00, 0xF5, 0xC3, 0x00, 0xF5, 0xC3, 0x00, 
    0xF5, 0xC3, 0x00, 0xF5, 0xC3, 0x00, 0xF5, 0xC3, 0x00, 0xF5, 0xC3, 0x00, 
    0xF5, 0xC3, 0x00, 0xF5, 0xC3, 0x00, 0xF5, 0xC3, 0x00, 0xF5, 0xC3, 0x00, 
    0xF5, 0xC3, 0x00, 0xF5, 0xC3, 0x00, 0xF5, 0xC3, 0x00, 0xF5, 0xC3, 0x00, 
    0xF5, 0xC3, 0x00, 0xF5, 0xC3, 0x00, 0xF5, 0xC3, 0x00, 0xF5, 0xC3, 0x00, 
    0xF5, 0xC3, 0x00, 0xF5, 0xC3, 0x00, 0xF5, 0xC3, 0x00, 0xF5, 0xC3, 0x00, 
    0xF5, 0xC3, 0x00, 0xF5, 0xC3, 0x00, 0xF5, 0xC3, 0x00, 0xF3, 0xC2, 0x01, 
    0xFE, 0xC9, 0x00, 0x3D, 0x4F, 0x3C, 0x00, 0x1A, 0x46, 0x03, 0x03, 0x00, 
    0x00, 0x00, 0x00, 0x00, 0x00, 0x00, 0x00, 0x00, 0x00, 0x00, 0x01, 0x01, 
    0x00, 0x00, 0x00, 0x03, 0x11, 0x1A, 0x00, 0x20, 0x56, 0x4E, 0x59, 0x32, 
    0xFF, 0xCC, 0x00, 0xF2, 0xC1, 0x01, 0xF2, 0xC1, 0x01, 0xFF, 0xCC, 0x00, 
    0x50, 0x5A, 0x31, 0x00, 0x20, 0x56, 0x03, 0x11, 0x1C, 0x00, 0x00, 0x00, 
    0x00, 0x01, 0x01, 0x00, 0x00, 0x00, 0x00, 0x00, 0x00, 0x00, 0x01, 0x01, 
    0x01, 0x00, 0x00, 0x00, 0x17, 0x34, 0x15, 0x37, 0x4A, 0xE8, 0xBA, 0x03, 
    0xF8, 0xC5, 0x00, 0xF4, 0xC2, 0x00, 0xF5, 0xC3, 0x00, 0xF5, 0xC3, 0x00, 
    0xF5, 0xC3, 0x00, 0xF5, 0xC3, 0x00, 0xF5, 0xC3, 0x00, 0xF5, 0xC3, 0x00, 
    0xF5, 0xC3, 0x00, 0xF5, 0xC3, 0x00, 0xF5, 0xC3, 0x00, 0xF5, 0xC3, 0x00, 
    0xF5, 0xC3, 0x00, 0xF5, 0xC3, 0x00, 0xF5, 0xC3, 0x00, 0xF5, 0xC3, 0x00, 
    0xF5, 0xC3, 0x00, 0xF5, 0xC3, 0x00, 0xF5, 0xC3, 0x00, 0xF5, 0xC3, 0x00, 
    0xF5, 0xC3, 0x00, 0xF5, 0xC3, 0x00, 0xF5, 0xC3, 0x00, 0xF5, 0xC3, 0x00, 
    0xF5, 0xC3, 0x00, 0xF5, 0xC3, 0x00, 0xF5, 0xC3, 0x00, 0xF5, 0xC3, 0x00, 
    0xF5, 0xC3, 0x00, 0xF5, 0xC3, 0x00, 0xF5, 0xC3, 0x00, 0xF5, 0xC3, 0x00, 
    0xF3, 0xC2, 0x00, 0xFE, 0xC9, 0x00, 0x38, 0x4B, 0x3C, 0x00, 0x1A, 0x47, 
    0x00, 0x16, 0x3E, 0x12, 0x34, 0x49, 0xE7, 0xB9, 0x04, 0xF9, 0xC6, 0x00, 
    0xF4, 0xC2, 0x00, 0xF5, 0xC3, 0x00, 0xF5, 0xC3, 0x00, 0xF5, 0xC3, 0x00, 
    0xF5, 0xC3, 0x00, 0xF5, 0xC3, 0x00, 0xF5, 0xC3, 0x00, 0xF5, 0xC3, 0x00, 
    0xF5, 0xC3, 0x00, 0xF5, 0xC3, 0x00, 0xF5, 0xC3, 0x00, 0xF5, 0xC3, 0x00, 
    0xF5, 0xC3, 0x00, 0xF5, 0xC3, 0x00, 0xF5, 0xC3, 0x00, 0xF5, 0xC3, 0x00, 
    0xF5, 0xC3, 0x00, 0xF5, 0xC3, 0x00, 0xF5, 0xC3, 0x00, 0xF5, 0xC3, 0x00, 
    0xF5, 0xC3, 0x00, 0xF5, 0xC3, 0x00, 0xF5, 0xC3, 0x00, 0xF5, 0xC3, 0x00, 
    0xF5, 0xC3, 0x00, 0xF5, 0xC3, 0x00, 0xF5, 0xC3, 0x00, 0xF5, 0xC3, 0x00, 
    0xF5, 0xC3, 0x00, 0xF5, 0xC3, 0x00, 0xF5, 0xC3, 0x00, 0xF3, 0xC2, 0x01, 
    0xFE, 0xC9, 0x00, 0x3D, 0x4F, 0x3C, 0x00, 0x1A, 0x46, 0x03, 0x03, 0x00, 
    0x00, 0x00, 0x00, 0x00, 0x00, 0x00, 0x00, 0x00, 0x00, 0x00, 0x00, 0x00, 
    0x00, 0x00, 0x01, 0x00, 0x01, 0x01, 0x02, 0x21, 0x3E, 0x01, 0x24, 0x52, 
    0xC1, 0xA1, 0x0F, 0xFD, 0xC9, 0x00, 0xFD, 0xC9, 0x00, 0xC2, 0xA1, 0x0F, 
    0x01, 0x24, 0x51, 0x02, 0x21, 0x3F, 0x00, 0x01, 0x02, 0x00, 0x00, 0x01, 
    0x00, 0x00, 0x00, 0x00, 0x00, 0x00, 0x00, 0x00, 0x00, 0x00, 0x01, 0x01, 
    0x01, 0x00, 0x00, 0x00, 0x17, 0x34, 0x15, 0x37, 0x4A, 0xE8, 0xBA, 0x03, 
    0xF8, 0xC5, 0x00, 0xF4, 0xC2, 0x00, 0xF5, 0xC3, 0x00, 0xF5, 0xC3, 0x00, 
    0xF5, 0xC3, 0x00, 0xF5, 0xC3, 0x00, 0xF5, 0xC3, 0x00, 0xF5, 0xC3, 0x00, 
    0xF5, 0xC3, 0x00, 0xF5, 0xC3, 0x00, 0xF5, 0xC3, 0x00, 0xF5, 0xC3, 0x00, 
    0xF5, 0xC3, 0x00, 0xF5, 0xC3, 0x00, 0xF5, 0xC3, 0x00, 0xF5, 0xC3, 0x00, 
    0xF5, 0xC3, 0x00, 0xF5, 0xC3, 0x00, 0xF5, 0xC3, 0x00, 0xF5, 0xC3, 0x00, 
    0xF5, 0xC3, 0x00, 0xF5, 0xC3, 0x00, 0xF5, 0xC3, 0x00, 0xF5, 0xC3, 0x00, 
    0xF5, 0xC3, 0x00, 0xF5, 0xC3, 0x00, 0xF5, 0xC3, 0x00, 0xF5, 0xC3, 0x00, 
    0xF5, 0xC3, 0x00, 0xF5, 0xC3, 0x00, 0xF5, 0xC3, 0x00, 0xF5, 0xC3, 0x00, 
    0xF3, 0xC2, 0x00, 0xFE, 0xC9, 0x00, 0x38, 0x4B, 0x3C, 0x00, 0x1A, 0x47, 
    0x00, 0x16, 0x3E, 0x12, 0x34, 0x49, 0xE7, 0xB9, 0x04, 0xF9, 0xC6, 0x00, 
    0xF4, 0xC2, 0x00, 0xF5, 0xC3, 0x00, 0xF5, 0xC3, 0x00, 0xF5, 0xC3, 0x00, 
    0xF5, 0xC3, 0x00, 0xF5, 0xC3, 0x00, 0xF5, 0xC3, 0x00, 0xF5, 0xC3, 0x00, 
    0xF5, 0xC3, 0x00, 0xF5, 0xC3, 0x00, 0xF5, 0xC3, 0x00, 0xF5, 0xC3, 0x00, 
    0xF5, 0xC3, 0x00, 0xF5, 0xC3, 0x00, 0xF5, 0xC3, 0x00, 0xF5, 0xC3, 0x00, 
    0xF5, 0xC3, 0x00, 0xF5, 0xC3, 0x00, 0xF5, 0xC3, 0x00, 0xF5, 0xC3, 0x00, 
    0xF5, 0xC3, 0x00, 0xF5, 0xC3, 0x00, 0xF5, 0xC3, 0x00, 0xF5, 0xC3, 0x00, 
    0xF5, 0xC3, 0x00, 0xF5, 0xC3, 0x00, 0xF5, 0xC3, 0x00, 0xF5, 0xC3, 0x00, 
    0xF5, 0xC3, 0x00, 0xF5, 0xC3, 0x00, 0xF5, 0xC3, 0x00, 0xF3, 0xC2, 0x01, 
    0xFE, 0xC9, 0x00, 0x3D, 0x4F, 0x3C, 0x00, 0x1A, 0x46, 0x03, 0x03, 0x00, 
    0x00, 0x00, 0x00, 0x00, 0x00, 0x00, 0x00, 0x00, 0x00, 0x00, 0x00, 0x00, 
    0x00, 0x01, 0x01, 0x00, 0x00, 0x00, 0x03, 0x0F, 0x16, 0x00, 0x20, 0x55, 
    0x42, 0x52, 0x36, 0xFD, 0xC9, 0x00, 0xFD, 0xC9, 0x00, 0x42, 0x52, 0x36, 
    0x00, 0x20, 0x55, 0x03, 0x0F, 0x17, 0x00, 0x00, 0x00, 0x00, 0x00, 0x01, 
    0x00, 0x00, 0x00, 0x00, 0x00, 0x00, 0x00, 0x00, 0x00, 0x00, 0x01, 0x01, 
    0x01, 0x00, 0x00, 0x00, 0x17, 0x34, 0x15, 0x37, 0x4A, 0xE8, 0xBA, 0x03, 
    0xF8, 0xC5, 0x00, 0xF4, 0xC2, 0x00, 0xF5, 0xC3, 0x00, 0xF5, 0xC3, 0x00, 
    0xF5, 0xC3, 0x00, 0xF5, 0xC3, 0x00, 0xF5, 0xC3, 0x00, 0xF5, 0xC3, 0x00, 
    0xF5, 0xC3, 0x00, 0xF5, 0xC3, 0x00, 0xF5, 0xC3, 0x00, 0xF5, 0xC3, 0x00, 
    0xF5, 0xC3, 0x00, 0xF5, 0xC3, 0x00, 0xF5, 0xC3, 0x00, 0xF5, 0xC3, 0x00, 
    0xF5, 0xC3, 0x00, 0xF5, 0xC3, 0x00, 0xF5, 0xC3, 0x00, 0xF5, 0xC3, 0x00, 
    0xF5, 0xC3, 0x00, 0xF5, 0xC3, 0x00, 0xF5, 0xC3, 0x00, 0xF5, 0xC3, 0x00, 
    0xF5, 0xC3, 0x00, 0xF5, 0xC3, 0x00, 0xF5, 0xC3, 0x00, 0xF5, 0xC3, 0x00, 
    0xF5, 0xC3, 0x00, 0xF5, 0xC3, 0x00, 0xF5, 0xC3, 0x00, 0xF5, 0xC3, 0x00, 
    0xF3, 0xC2, 0x00, 0xFE, 0xC9, 0x00, 0x38, 0x4B, 0x3C, 0x00, 0x1A, 0x47, 
    0x00, 0x16, 0x3E, 0x12, 0x34, 0x49, 0xE7, 0xB9, 0x04, 0xF9, 0xC6, 0x00, 
    0xF4, 0xC2, 0x00, 0xF5, 0xC3, 0x00, 0xF5, 0xC3, 0x00, 0xF5, 0xC3, 0x00, 
    0xF5, 0xC3, 0x00, 0xF5, 0xC3, 0x00, 0xF5, 0xC3, 0x00, 0xF5, 0xC3, 0x00, 
    0xF5, 0xC3, 0x00, 0xF5, 0xC3, 0x00, 0xF5, 0xC3, 0x00, 0xF5, 0xC3, 0x00, 
    0xF5, 0xC3, 0x00, 0xF5, 0xC3, 0x00, 0xF5, 0xC3, 0x00, 0xF5, 0xC3, 0x00, 
    0xF5, 0xC3, 0x00, 0xF5, 0xC3, 0x00, 0xF5, 0xC3, 0x00, 0xF5, 0xC3, 0x00, 
    0xF5, 0xC3, 0x00, 0xF5, 0xC3, 0x00, 0xF5, 0xC3, 0x00, 0xF5, 0xC3, 0x00, 
    0xF5, 0xC3, 0x00, 0xF5, 0xC3, 0x00, 0xF5, 0xC3, 0x00, 0xF5, 0xC3, 0x00, 
    0xF5, 0xC3, 0x00, 0xF5, 0xC3, 0x00, 0xF5, 0xC3, 0x00, 0xF3, 0xC2, 0x01, 
    0xFE, 0xC9, 0x00, 0x3D, 0x4F, 0x3C, 0x00, 0x1A, 0x46, 0x03, 0x03, 0x00, 
    0x00, 0x00, 0x00, 0x00, 0x00, 0x00, 0x00, 0x00, 0x00, 0x00, 0x00, 0x00, 
    0x00, 0x00, 0x00, 0x00, 0x00, 0x01, 0x00, 0x00, 0x00, 0x02, 0x20, 0x3A, 
    0x00, 0x20, 0x54, 0xC4, 0xA3, 0x0E, 0xC2, 0xA2, 0x0F, 0x00, 0x20, 0x54, 
    0x03, 0x20, 0x3B, 0x00, 0x00, 0x00, 0x00, 0x00, 0x01, 0x00, 0x00, 0x00, 
    0x00, 0x00, 0x00, 0x00, 0x00, 0x00, 0x00, 0x00, 0x00, 0x00, 0x01, 0x01, 
    0x01, 0x00, 0x00, 0x00, 0x17, 0x34, 0x15, 0x37, 0x4A, 0xE8, 0xBA, 0x03, 
    0xF8, 0xC5, 0x00, 0xF4, 0xC2, 0x00, 0xF5, 0xC3, 0x00, 0xF5, 0xC3, 0x00, 
    0xF5, 0xC3, 0x00, 0xF5, 0xC3, 0x00, 0xF5, 0xC3, 0x00, 0xF5, 0xC3, 0x00, 
    0xF5, 0xC3, 0x00, 0xF5, 0xC3, 0x00, 0xF5, 0xC3, 0x00, 0xF5, 0xC3, 0x00, 
    0xF5, 0xC3, 0x00, 0xF5, 0xC3, 0x00, 0xF5, 0xC3, 0x00, 0xF5, 0xC3, 0x00, 
    0xF5, 0xC3, 0x00, 0xF5, 0xC3, 0x00, 0xF5, 0xC3, 0x00, 0xF5, 0xC3, 0x00, 
    0xF5, 0xC3, 0x00, 0xF5, 0xC3, 0x00, 0xF5, 0xC3, 0x00, 0xF5, 0xC3, 0x00, 
    0xF5, 0xC3, 0x00, 0xF5, 0xC3, 0x00, 0xF5, 0xC3, 0x00, 0xF5, 0xC3, 0x00, 
    0xF5, 0xC3, 0x00, 0xF5, 0xC3, 0x00, 0xF5, 0xC3, 0x00, 0xF5, 0xC3, 0x00, 
    0xF3, 0xC2, 0x00, 0xFE, 0xC9, 0x00, 0x38, 0x4B, 0x3C, 0x00, 0x1A, 0x47, 
    0x00, 0x16, 0x3E, 0x12, 0x34, 0x49, 0xE7, 0xB9, 0x04, 0xF9, 0xC6, 0x00, 
    0xF4, 0xC2, 0x00, 0xF5, 0xC3, 0x00, 0xF5, 0xC3, 0x00, 0xF5, 0xC3, 0x00, 
    0xF5, 0xC3, 0x00, 0xF5, 0xC3, 0x00, 0xF5, 0xC3, 0x00, 0xF5, 0xC3, 0x00, 
    0xF5, 0xC3, 0x00, 0xF5, 0xC3, 0x00, 0xF5, 0xC3, 0x00, 0xF5, 0xC3, 0x00, 
    0xF5, 0xC3, 0x00, 0xF5, 0xC3, 0x00, 0xF5, 0xC3, 0x00, 0xF5, 0xC3, 0x00, 
    0xF5, 0xC3, 0x00, 0xF5, 0xC3, 0x00, 0xF5, 0xC3, 0x00, 0xF5, 0xC3, 0x00, 
    0xF5, 0xC3, 0x00, 0xF5, 0xC3, 0x00, 0xF5, 0xC3, 0x00, 0xF5, 0xC3, 0x00, 
    0xF5, 0xC3, 0x00, 0xF5, 0xC3, 0x00, 0xF5, 0xC3, 0x00, 0xF5, 0xC3, 0x00, 
    0xF5, 0xC3, 0x00, 0xF5, 0xC3, 0x00, 0xF5, 0xC3, 0x00, 0xF3, 0xC2, 0x01, 
    0xFE, 0xC9, 0x00, 0x3D, 0x4F, 0x3C, 0x00, 0x1A, 0x46, 0x03, 0x03, 0x00, 
    0x00, 0x00, 0x00, 0x00, 0x00, 0x00, 0x00, 0x00, 0x00, 0x00, 0x00, 0x00, 
    0x00, 0x00, 0x00, 0x00, 0x00, 0x01, 0x00, 0x00, 0x00, 0x03, 0x0C, 0x13, 
    0x01, 0x21, 0x53, 0x3D, 0x4E, 0x38, 0x3C, 0x4D, 0x39, 0x01, 0x21, 0x53, 
    0x02, 0x0C, 0x13, 0x00, 0x00, 0x00, 0x00, 0x00, 0x01, 0x00, 0x00, 0x00, 
    0x00, 0x00, 0x00, 0x00, 0x00, 0x00, 0x00, 0x00, 0x00, 0x00, 0x01, 0x01, 
    0x01, 0x00, 0x00, 0x00, 0x17, 0x34, 0x15, 0x37, 0x4A, 0xE8, 0xBA, 0x03, 
    0xF8, 0xC5, 0x00, 0xF4, 0xC2, 0x00, 0xF5, 0xC3, 0x00, 0xF5, 0xC3, 0x00, 
    0xF5, 0xC3, 0x00, 0xF5, 0xC3, 0x00, 0xF5, 0xC3, 0x00, 0xF5, 0xC3, 0x00, 
    0xF5, 0xC3, 0x00, 0xF5, 0xC3, 0x00, 0xF5, 0xC3, 0x00, 0xF5, 0xC3, 0x00, 
    0xF5, 0xC3, 0x00, 0xF5, 0xC3, 0x00, 0xF5, 0xC3, 0x00, 0xF5, 0xC3, 0x00, 
    0xF5, 0xC3, 0x00, 0xF5, 0xC3, 0x00, 0xF5, 0xC3, 0x00, 0xF5, 0xC3, 0x00, 
    0xF5, 0xC3, 0x00, 0xF5, 0xC3, 0x00, 0xF5, 0xC3, 0x00, 0xF5, 0xC3, 0x00, 
    0xF5, 0xC3, 0x00, 0xF5, 0xC3, 0x00, 0xF5, 0xC3, 0x00, 0xF5, 0xC3, 0x00, 
    0xF5, 0xC3, 0x00, 0xF5, 0xC3, 0x00, 0xF5, 0xC3, 0x00, 0xF5, 0xC3, 0x00, 
    0xF3, 0xC2, 0x00, 0xFE, 0xC9, 0x00, 0x38, 0x4B, 0x3C, 0x00, 0x1A, 0x47, 
    0x00, 0x16, 0x3E, 0x12, 0x34, 0x49, 0xE7, 0xB9, 0x04, 0xF9, 0xC6, 0x00, 
    0xF4, 0xC2, 0x00, 0xF5, 0xC3, 0x00, 0xF5, 0xC3, 0x00, 0xF5, 0xC3, 0x00, 
    0xF5, 0xC3, 0x00, 0xF5, 0xC3, 0x00, 0xF5, 0xC3, 0x00, 0xF5, 0xC3, 0x00, 
    0xF5, 0xC3, 0x00, 0xF5, 0xC3, 0x00, 0xF5, 0xC3, 0x00, 0xF5, 0xC3, 0x00, 
    0xF5, 0xC3, 0x00, 0xF5, 0xC3, 0x00, 0xF5, 0xC3, 0x00, 0xF5, 0xC3, 0x00, 
    0xF5, 0xC3, 0x00, 0xF5, 0xC3, 0x00, 0xF5, 0xC3, 0x00, 0xF5, 0xC3, 0x00, 
    0xF5, 0xC3, 0x00, 0xF5, 0xC3, 0x00, 0xF5, 0xC3, 0x00, 0xF5, 0xC3, 0x00, 
    0xF5, 0xC3, 0x00, 0xF5, 0xC3, 0x00, 0xF5, 0xC3, 0x00, 0xF5, 0xC3, 0x00, 
    0xF5, 0xC3, 0x00, 0xF5, 0xC3, 0x00, 0xF5, 0xC3, 0x00, 0xF3, 0xC2, 0x01, 
    0xFE, 0xC9, 0x00, 0x3D, 0x4F, 0x3C, 0x00, 0x1A, 0x46, 0x03, 0x03, 0x00, 
    0x00, 0x00, 0x00, 0x00, 0x00, 0x00, 0x00, 0x00, 0x00, 0x00, 0x00, 0x00, 
    0x00, 0x00, 0x00, 0x00, 0x00, 0x00, 0x00, 0x01, 0x01, 0x00, 0x00, 0x00, 
    0x00, 0x1E, 0x37, 0x00, 0x25, 0x51, 0x00, 0x25, 0x51, 0x00, 0x1E, 0x37, 
    0x00, 0x00, 0x00, 0x00, 0x01, 0x01, 0x00, 0x00, 0x00, 0x00, 0x00, 0x00, 
    0x00, 0x00, 0x00, 0x00, 0x00, 0x00, 0x00, 0x00, 0x00, 0x00, 0x01, 0x01, 
    0x01, 0x00, 0x00, 0x00, 0x17, 0x34, 0x15, 0x37, 0x4A, 0xE8, 0xBA, 0x03, 
    0xF8, 0xC5, 0x00, 0xF4, 0xC2, 0x00, 0xF5, 0xC3, 0x00, 0xF5, 0xC3, 0x00, 
    0xF5, 0xC3, 0x00, 0xF5, 0xC3, 0x00, 0xF5, 0xC3, 0x00, 0xF5, 0xC3, 0x00, 
    0xF5, 0xC3, 0x00, 0xF5, 0xC3, 0x00, 0xF5, 0xC3, 0x00, 0xF5, 0xC3, 0x00, 
    0xF5, 0xC3, 0x00, 0xF5, 0xC3, 0x00, 0xF5, 0xC3, 0x00, 0xF5, 0xC3, 0x00, 
    0xF5, 0xC3, 0x00, 0xF5, 0xC3, 0x00, 0xF5, 0xC3, 0x00, 0xF5, 0xC3, 0x00, 
    0xF5, 0xC3, 0x00, 0xF5, 0xC3, 0x00, 0xF5, 0xC3, 0x00, 0xF5, 0xC3, 0x00, 
    0xF5, 0xC3, 0x00, 0xF5, 0xC3, 0x00, 0xF5, 0xC3, 0x00, 0xF5, 0xC3, 0x00, 
    0xF5, 0xC3, 0x00, 0xF5, 0xC3, 0x00, 0xF5, 0xC3, 0x00, 0xF5, 0xC3, 0x00, 
    0xF3, 0xC2, 0x00, 0xFE, 0xC9, 0x00, 0x38, 0x4B, 0x3C, 0x00, 0x1A, 0x47, 
    0x00, 0x16, 0x3E, 0x12, 0x34, 0x49, 0xE7, 0xB9, 0x04, 0xF9, 0xC6, 0x00, 
    0xF4, 0xC2, 0x00, 0xF5, 0xC3, 0x00, 0xF5, 0xC3, 0x00, 0xF5, 0xC3, 0x00, 
    0xF5, 0xC3, 0x00, 0xF5, 0xC3, 0x00, 0xF5, 0xC3, 0x00, 0xF5, 0xC3, 0x00, 
    0xF5, 0xC3, 0x00, 0xF5, 0xC3, 0x00, 0xF5, 0xC3, 0x00, 0xF5, 0xC3, 0x00, 
    0xF5, 0xC3, 0x00, 0xF5, 0xC3, 0x00, 0xF5, 0xC3, 0x00, 0xF5, 0xC3, 0x00, 
    0xF5, 0xC3, 0x00, 0xF5, 0xC3, 0x00, 0xF5, 0xC3, 0x00, 0xF5, 0xC3, 0x00, 
    0xF5, 0xC3, 0x00, 0xF5, 0xC3, 0x00, 0xF5, 0xC3, 0x00, 0xF5, 0xC3, 0x00, 
    0xF5, 0xC3, 0x00, 0xF5, 0xC3, 0x00, 0xF5, 0xC3, 0x00, 0xF5, 0xC3, 0x00, 
    0xF5, 0xC3, 0x00, 0xF5, 0xC3, 0x00, 0xF5, 0xC3, 0x00, 0xF3, 0xC2, 0x01, 
    0xFE, 0xC9, 0x00, 0x3D, 0x4F, 0x3C, 0x00, 0x1A, 0x46, 0x03, 0x03, 0x00, 
    0x00, 0x00, 0x00, 0x00, 0x00, 0x00, 0x00, 0x00, 0x00, 0x00, 0x00, 0x00, 
    0x00, 0x00, 0x00, 0x00, 0x00, 0x00, 0x00, 0x00, 0x01, 0x00, 0x00, 0x00, 
    0x00, 0x09, 0x11, 0x01, 0x29, 0x4E, 0x01, 0x29, 0x4D, 0x00, 0x08, 0x10, 
    0x00, 0x00, 0x00, 0x00, 0x00, 0x01, 0x00, 0x00, 0x00, 0x00, 0x00, 0x00, 
    0x00, 0x00, 0x00, 0x00, 0x00, 0x00, 0x00, 0x00, 0x00, 0x00, 0x01, 0x01, 
    0x01, 0x00, 0x00, 0x00, 0x17, 0x34, 0x15, 0x37, 0x4A, 0xE8, 0xBA, 0x03, 
    0xF8, 0xC5, 0x00, 0xF4, 0xC2, 0x00, 0xF5, 0xC3, 0x00, 0xF5, 0xC3, 0x00, 
    0xF5, 0xC3, 0x00, 0xF5, 0xC3, 0x00, 0xF5, 0xC3, 0x00, 0xF5, 0xC3, 0x00, 
    0xF5, 0xC3, 0x00, 0xF5, 0xC3, 0x00, 0xF5, 0xC3, 0x00, 0xF5, 0xC3, 0x00, 
    0xF5, 0xC3, 0x00, 0xF5, 0xC3, 0x00, 0xF5, 0xC3, 0x00, 0xF5, 0xC3, 0x00, 
    0xF5, 0xC3, 0x00, 0xF5, 0xC3, 0x00, 0xF5, 0xC3, 0x00, 0xF5, 0xC3, 0x00, 
    0xF5, 0xC3, 0x00, 0xF5, 0xC3, 0x00, 0xF5, 0xC3, 0x00, 0xF5, 0xC3, 0x00, 
    0xF5, 0xC3, 0x00, 0xF5, 0xC3, 0x00, 0xF5, 0xC3, 0x00, 0xF5, 0xC3, 0x00, 
    0xF5, 0xC3, 0x00, 0xF5, 0xC3, 0x00, 0xF5, 0xC3, 0x00, 0xF5, 0xC3, 0x00, 
    0xF3, 0xC2, 0x00, 0xFE, 0xC9, 0x00, 0x38, 0x4B, 0x3C, 0x00, 0x1A, 0x47, 
    0x00, 0x16, 0x3E, 0x12, 0x34, 0x49, 0xE7, 0xB9, 0x04, 0xF9, 0xC6, 0x00, 
    0xF4, 0xC2, 0x00, 0xF5, 0xC3, 0x00, 0xF5, 0xC3, 0x00, 0xF5, 0xC3, 0x00, 
    0xF5, 0xC3, 0x00, 0xF5, 0xC3, 0x00, 0xF5, 0xC3, 0x00, 0xF5, 0xC3, 0x00, 
    0xF5, 0xC3, 0x00, 0xF5, 0xC3, 0x00, 0xF5, 0xC3, 0x00, 0xF5, 0xC3, 0x00, 
    0xF5, 0xC3, 0x00, 0xF5, 0xC3, 0x00, 0xF5, 0xC3, 0x00, 0xF5, 0xC3, 0x00, 
    0xF5, 0xC3, 0x00, 0xF5, 0xC3, 0x00, 0xF5, 0xC3, 0x00, 0xF5, 0xC3, 0x00, 
    0xF5, 0xC3, 0x00, 0xF5, 0xC3, 0x00, 0xF5, 0xC3, 0x00, 0xF5, 0xC3, 0x00, 
    0xF5, 0xC3, 0x00, 0xF5, 0xC3, 0x00, 0xF5, 0xC3, 0x00, 0xF5, 0xC3, 0x00, 
    0xF5, 0xC3, 0x00, 0xF5, 0xC3, 0x00, 0xF5, 0xC3, 0x00, 0xF3, 0xC2, 0x01, 
    0xFE, 0xC9, 0x00, 0x3D, 0x4F, 0x3C, 0x00, 0x1A, 0x46, 0x03, 0x03, 0x00, 
    0x00, 0x00, 0x00, 0x00, 0x00, 0x00, 0x00, 0x00, 0x00, 0x00, 0x00, 0x00, 
    0x00, 0x00, 0x00, 0x00, 0x00, 0x00, 0x00, 0x00, 0x00, 0x00, 0x01, 0x01, 
    0x00, 0x00, 0x00, 0x00, 0x1E, 0x39, 0x00, 0x1C, 0x38, 0x00, 0x00, 0x00, 
    0x00, 0x01, 0x01, 0x00, 0x00, 0x00, 0x00, 0x00, 0x00, 0x00, 0x00, 0x00, 
    0x00, 0x00, 0x00, 0x00, 0x00, 0x00, 0x00, 0x00, 0x00, 0x00, 0x01, 0x01, 
    0x01, 0x00, 0x00, 0x00, 0x17, 0x34, 0x15, 0x37, 0x4A, 0xE8, 0xBA, 0x03, 
    0xF8, 0xC5, 0x00, 0xF4, 0xC2, 0x00, 0xF5, 0xC3, 0x00, 0xF5, 0xC3, 0x00, 
    0xF5, 0xC3, 0x00, 0xF5, 0xC3, 0x00, 0xF5, 0xC3, 0x00, 0xF5, 0xC3, 0x00, 
    0xF5, 0xC3, 0x00, 0xF5, 0xC3, 0x00, 0xF5, 0xC3, 0x00, 0xF5, 0xC3, 0x00, 
    0xF5, 0xC3, 0x00, 0xF5, 0xC3, 0x00, 0xF5, 0xC3, 0x00, 0xF5, 0xC3, 0x00, 
    0xF5, 0xC3, 0x00, 0xF5, 0xC3, 0x00, 0xF5, 0xC3, 0x00, 0xF5, 0xC3, 0x00, 
    0xF5, 0xC3, 0x00, 0xF5, 0xC3, 0x00, 0xF5, 0xC3, 0x00, 0xF5, 0xC3, 0x00, 
    0xF5, 0xC3, 0x00, 0xF5, 0xC3, 0x00, 0xF5, 0xC3, 0x00, 0xF5, 0xC3, 0x00, 
    0xF5, 0xC3, 0x00, 0xF5, 0xC3, 0x00, 0xF5, 0xC3, 0x00, 0xF5, 0xC3, 0x00, 
    0xF3, 0xC2, 0x00, 0xFE, 0xC9, 0x00, 0x38, 0x4B, 0x3C, 0x00, 0x1A, 0x47, 
    0x00, 0x16, 0x3E, 0x12, 0x34, 0x49, 0xE7, 0xB9, 0x04, 0xF9, 0xC6, 0x00, 
    0xF4, 0xC2, 0x00, 0xF5, 0xC3, 0x00, 0xF5, 0xC3, 0x00, 0xF5, 0xC3, 0x00, 
    0xF5, 0xC3, 0x00, 0xF5, 0xC3, 0x00, 0xF5, 0xC3, 0x00, 0xF5, 0xC3, 0x00, 
    0xF5, 0xC3, 0x00, 0xF5, 0xC3, 0x00, 0xF5, 0xC3, 0x00, 0xF5, 0xC3, 0x00, 
    0xF5, 0xC3, 0x00, 0xF5, 0xC3, 0x00, 0xF5, 0xC3, 0x00, 0xF5, 0xC3, 0x00, 
    0xF5, 0xC3, 0x00, 0xF5, 0xC3, 0x00, 0xF5, 0xC3, 0x00, 0xF5, 0xC3, 0x00, 
    0xF5, 0xC3, 0x00, 0xF5, 0xC3, 0x00, 0xF5, 0xC3, 0x00, 0xF5, 0xC3, 0x00, 
    0xF5, 0xC3, 0x00, 0xF5, 0xC3, 0x00, 0xF5, 0xC3, 0x00, 0xF5, 0xC3, 0x00, 
    0xF5, 0xC3, 0x00, 0xF5, 0xC3, 0x00, 0xF5, 0xC3, 0x00, 0xF3, 0xC2, 0x01, 
    0xFE, 0xC9, 0x00, 0x3D, 0x4F, 0x3C, 0x00, 0x1A, 0x46, 0x03, 0x03, 0x00, 
    0x00, 0x00, 0x00, 0x00, 0x00, 0x00, 0x00, 0x00, 0x00, 0x00, 0x00, 0x00, 
    0x00, 0x00, 0x00, 0x00, 0x00, 0x00, 0x00, 0x00, 0x00, 0x00, 0x00, 0x01, 
    0x00, 0x00, 0x00, 0x00, 0x07, 0x0E, 0x00, 0x07, 0x0D, 0x00, 0x00, 0x00, 
    0x00, 0x00, 0x01, 0x00, 0x00, 0x00, 0x00, 0x00, 0x00, 0x00, 0x00, 0x00, 
    0x00, 0x00, 0x00, 0x00, 0x00, 0x00, 0x00, 0x00, 0x00, 0x00, 0x01, 0x01, 
    0x01, 0x00, 0x00, 0x00, 0x17, 0x34, 0x15, 0x37, 0x4A, 0xE8, 0xBA, 0x03, 
    0xF8, 0xC5, 0x00, 0xF4, 0xC2, 0x00, 0xF5, 0xC3, 0x00, 0xF5, 0xC3, 0x00, 
    0xF5, 0xC3, 0x00, 0xF5, 0xC3, 0x00, 0xF5, 0xC3, 0x00, 0xF5, 0xC3, 0x00, 
    0xF5, 0xC3, 0x00, 0xF5, 0xC3, 0x00, 0xF5, 0xC3, 0x00, 0xF5, 0xC3, 0x00, 
    0xF5, 0xC3, 0x00, 0xF5, 0xC3, 0x00, 0xF5, 0xC3, 0x00, 0xF5, 0xC3, 0x00, 
    0xF5, 0xC3, 0x00, 0xF5, 0xC3, 0x00, 0xF5, 0xC3, 0x00, 0xF5, 0xC3, 0x00, 
    0xF5, 0xC3, 0x00, 0xF5, 0xC3, 0x00, 0xF5, 0xC3, 0x00, 0xF5, 0xC3, 0x00, 
    0xF5, 0xC3, 0x00, 0xF5, 0xC3, 0x00, 0xF5, 0xC3, 0x00, 0xF5, 0xC3, 0x00, 
    0xF5, 0xC3, 0x00, 0xF5, 0xC3, 0x00, 0xF5, 0xC3, 0x00, 0xF5, 0xC3, 0x00, 
    0xF3, 0xC2, 0x00, 0xFE, 0xC9, 0x00, 0x38, 0x4B, 0x3C, 0x00, 0x1A, 0x47, 
    0x00, 0x16, 0x3E, 0x12, 0x34, 0x49, 0xE7, 0xB9, 0x04, 0xF9, 0xC6, 0x00, 
    0xF4, 0xC2, 0x00, 0xF5, 0xC3, 0x00, 0xF5, 0xC3, 0x00, 0xF5, 0xC3, 0x00, 
    0xF5, 0xC3, 0x00, 0xF5, 0xC3, 0x00, 0xF5, 0xC3, 0x00, 0xF5, 0xC3, 0x00, 
    0xF5, 0xC3, 0x00, 0xF5, 0xC3, 0x00, 0xF5, 0xC3, 0x00, 0xF5, 0xC3, 0x00, 
    0xF5, 0xC3, 0x00, 0xF5, 0xC3, 0x00, 0xF5, 0xC3, 0x00, 0xF5, 0xC3, 0x00, 
    0xF5, 0xC3, 0x00, 0xF5, 0xC3, 0x00, 0xF5, 0xC3, 0x00, 0xF5, 0xC3, 0x00, 
    0xF5, 0xC3, 0x00, 0xF5, 0xC3, 0x00, 0xF5, 0xC3, 0x00, 0xF5, 0xC3, 0x00, 
    0xF5, 0xC3, 0x00, 0xF5, 0xC3, 0x00, 0xF5, 0xC3, 0x00, 0xF5, 0xC3, 0x00, 
    0xF5, 0xC3, 0x00, 0xF5, 0xC3, 0x00, 0xF5, 0xC3, 0x00, 0xF3, 0xC2, 0x01, 
    0xFE, 0xC9, 0x00, 0x3D, 0x4F, 0x3C, 0x00, 0x1A, 0x46, 0x03, 0x03, 0x00, 
    0x00, 0x00, 0x00, 0x00, 0x00, 0x00, 0x00, 0x00, 0x00, 0x00, 0x00, 0x00, 
    0x00, 0x00, 0x00, 0x00, 0x00, 0x00, 0x00, 0x00, 0x00, 0x00, 0x00, 0x00, 
    0x00, 0x00, 0x00, 0x00, 0x00, 0x00, 0x00, 0x00, 0x00, 0x00, 0x00, 0x00, 
    0x00, 0x00, 0x00, 0x00, 0x00, 0x00, 0x00, 0x00, 0x00, 0x00, 0x00, 0x00, 
    0x00, 0x00, 0x00, 0x00, 0x00, 0x00, 0x00, 0x00, 0x00, 0x00, 0x01, 0x01, 
    0x01, 0x00, 0x00, 0x00, 0x17, 0x34, 0x15, 0x37, 0x4A, 0xE8, 0xBA, 0x03, 
    0xF8, 0xC5, 0x00, 0xF4, 0xC2, 0x00, 0xF5, 0xC3, 0x00, 0xF5, 0xC3, 0x00, 
    0xF5, 0xC3, 0x00, 0xF5, 0xC3, 0x00, 0xF5, 0xC3, 0x00, 0xF5, 0xC3, 0x00, 
    0xF5, 0xC3, 0x00, 0xF5, 0xC3, 0x00, 0xF5, 0xC3, 0x00, 0xF5, 0xC3, 0x00, 
    0xF5, 0xC3, 0x00, 0xF5, 0xC3, 0x00, 0xF5, 0xC3, 0x00, 0xF5, 0xC3, 0x00, 
    0xF5, 0xC3, 0x00, 0xF5, 0xC3, 0x00, 0xF5, 0xC3, 0x00, 0xF5, 0xC3, 0x00, 
    0xF5, 0xC3, 0x00, 0xF5, 0xC3, 0x00, 0xF5, 0xC3, 0x00, 0xF5, 0xC3, 0x00, 
    0xF5, 0xC3, 0x00, 0xF5, 0xC3, 0x00, 0xF5, 0xC3, 0x00, 0xF5, 0xC3, 0x00, 
    0xF5, 0xC3, 0x00, 0xF5, 0xC3, 0x00, 0xF5, 0xC3, 0x00, 0xF5, 0xC3, 0x00, 
    0xF3, 0xC2, 0x00, 0xFE, 0xC9, 0x00, 0x38, 0x4B, 0x3C, 0x00, 0x1A, 0x47, 
    0x00, 0x16, 0x3E, 0x12, 0x34, 0x49, 0xE7, 0xB9, 0x04, 0xF9, 0xC6, 0x00, 
    0xF4, 0xC2, 0x00, 0xF5, 0xC3, 0x00, 0xF5, 0xC3, 0x00, 0xF5, 0xC3, 0x00, 
    0xF5, 0xC3, 0x00, 0xF5, 0xC3, 0x00, 0xF5, 0xC3, 0x00, 0xF5, 0xC3, 0x00, 
    0xF5, 0xC3, 0x00, 0xF5, 0xC3, 0x00, 0xF5, 0xC3, 0x00, 0xF5, 0xC3, 0x00, 
    0xF5, 0xC3, 0x00, 0xF5, 0xC3, 0x00, 0xF5, 0xC3, 0x00, 0xF5, 0xC3, 0x00, 
    0xF5, 0xC3, 0x00, 0xF5, 0xC3, 0x00, 0xF5, 0xC3, 0x00, 0xF5, 0xC3, 0x00, 
    0xF5, 0xC3, 0x00, 0xF5, 0xC3, 0x00, 0xF5, 0xC3, 0x00, 0xF5, 0xC3, 0x00, 
    0xF5, 0xC3, 0x00, 0xF5, 0xC3, 0x00, 0xF5, 0xC3, 0x00, 0xF5, 0xC3, 0x00, 
    0xF5, 0xC3, 0x00, 0xF5, 0xC3, 0x00, 0xF5, 0xC3, 0x00, 0xF3, 0xC2, 0x01, 
    0xFE, 0xC9, 0x00, 0x3D, 0x4F, 0x3C, 0x00, 0x1A, 0x46, 0x03, 0x03, 0x00, 
    0x00, 0x00, 0x00, 0x00, 0x00, 0x00, 0x00, 0x00, 0x00, 0x00, 0x00, 0x00, 
    0x00, 0x00, 0x00, 0x00, 0x00, 0x00, 0x00, 0x00, 0x00, 0x00, 0x00, 0x00, 
    0x00, 0x00, 0x00, 0x00, 0x00, 0x00, 0x00, 0x00, 0x00, 0x00, 0x00, 0x00, 
    0x00, 0x00, 0x00, 0x00, 0x00, 0x00, 0x00, 0x00, 0x00, 0x00, 0x00, 0x00, 
    0x00, 0x00, 0x00, 0x00, 0x00, 0x00, 0x00, 0x00, 0x00, 0x00, 0x01, 0x01, 
    0x01, 0x00, 0x00, 0x00, 0x17, 0x34, 0x15, 0x37, 0x4A, 0xE8, 0xBA, 0x03, 
    0xF8, 0xC5, 0x00, 0xF4, 0xC2, 0x00, 0xF5, 0xC3, 0x00, 0xF5, 0xC3, 0x00, 
    0xF5, 0xC3, 0x00, 0xF5, 0xC3, 0x00, 0xF5, 0xC3, 0x00, 0xF5, 0xC3, 0x00, 
    0xF5, 0xC3, 0x00, 0xF5, 0xC3, 0x00, 0xF5, 0xC3, 0x00, 0xF5, 0xC3, 0x00, 
    0xF5, 0xC3, 0x00, 0xF5, 0xC3, 0x00, 0xF5, 0xC3, 0x00, 0xF5, 0xC3, 0x00, 
    0xF5, 0xC3, 0x00, 0xF5, 0xC3, 0x00, 0xF5, 0xC3, 0x00, 0xF5, 0xC3, 0x00, 
    0xF5, 0xC3, 0x00, 0xF5, 0xC3, 0x00, 0xF5, 0xC3, 0x00, 0xF5, 0xC3, 0x00, 
    0xF5, 0xC3, 0x00, 0xF5, 0xC3, 0x00, 0xF5, 0xC3, 0x00, 0xF5, 0xC3, 0x00, 
    0xF5, 0xC3, 0x00, 0xF5, 0xC3, 0x00, 0xF5, 0xC3, 0x00, 0xF5, 0xC3, 0x00, 
    0xF3, 0xC2, 0x00, 0xFE, 0xC9, 0x00, 0x38, 0x4B, 0x3C, 0x00, 0x1A, 0x47, 
    0x00, 0x16, 0x3E, 0x12, 0x34, 0x49, 0xE7, 0xB9, 0x04, 0xF9, 0xC6, 0x00, 
    0xF4, 0xC2, 0x00, 0xF5, 0xC3, 0x00, 0xF5, 0xC3, 0x00, 0xF5, 0xC3, 0x00, 
    0xF5, 0xC3, 0x00, 0xF5, 0xC3, 0x00, 0xF5, 0xC3, 0x00, 0xF5, 0xC3, 0x00, 
    0xF5, 0xC3, 0x00, 0xF5, 0xC3, 0x00, 0xF5, 0xC3, 0x00, 0xF5, 0xC3, 0x00, 
    0xF5, 0xC3, 0x00, 0xF5, 0xC3, 0x00, 0xF5, 0xC3, 0x00, 0xF5, 0xC3, 0x00, 
    0xF5, 0xC3, 0x00, 0xF5, 0xC3, 0x00, 0xF5, 0xC3, 0x00, 0xF5, 0xC3, 0x00, 
    0xF5, 0xC3, 0x00, 0xF5, 0xC3, 0x00, 0xF5, 0xC3, 0x00, 0xF5, 0xC3, 0x00, 
    0xF5, 0xC3, 0x00, 0xF5, 0xC3, 0x00, 0xF5, 0xC3, 0x00, 0xF5, 0xC3, 0x00, 
    0xF5, 0xC3, 0x00, 0xF5, 0xC3, 0x00, 0xF5, 0xC3, 0x00, 0xF3, 0xC2, 0x01, 
    0xFE, 0xC9, 0x00, 0x3D, 0x4F, 0x3C, 0x00, 0x1A, 0x46, 0x03, 0x03, 0x00, 
    0x00, 0x00, 0x00, 0x00, 0x00, 0x00, 0x00, 0x00, 0x00, 0x00, 0x00, 0x00, 
    0x00, 0x00, 0x00, 0x00, 0x00, 0x00, 0x00, 0x00, 0x00, 0x00, 0x00, 0x00, 
    0x00, 0x00, 0x00, 0x00, 0x00, 0x00, 0x00, 0x00, 0x00, 0x00, 0x00, 0x00, 
    0x00, 0x00, 0x00, 0x00, 0x00, 0x00, 0x00, 0x00, 0x00, 0x00, 0x00, 0x00, 
    0x00, 0x00, 0x00, 0x00, 0x00, 0x00, 0x00, 0x00, 0x00, 0x00, 0x01, 0x01, 
    0x01, 0x00, 0x00, 0x00, 0x17, 0x34, 0x15, 0x37, 0x4A, 0xE8, 0xBA, 0x03, 
    0xF8, 0xC5, 0x00, 0xF4, 0xC2, 0x00, 0xF5, 0xC3, 0x00, 0xF5, 0xC3, 0x00, 
    0xF5, 0xC3, 0x00, 0xF5, 0xC3, 0x00, 0xF5, 0xC3, 0x00, 0xF5, 0xC3, 0x00, 
    0xF5, 0xC3, 0x00, 0xF5, 0xC3, 0x00, 0xF5, 0xC3, 0x00, 0xF5, 0xC3, 0x00, 
    0xF5, 0xC3, 0x00, 0xF5, 0xC3, 0x00, 0xF5, 0xC3, 0x00, 0xF5, 0xC3, 0x00, 
    0xF5, 0xC3, 0x00, 0xF5, 0xC3, 0x00, 0xF5, 0xC3, 0x00, 0xF5, 0xC3, 0x00, 
    0xF5, 0xC3, 0x00, 0xF5, 0xC3, 0x00, 0xF5, 0xC3, 0x00, 0xF5, 0xC3, 0x00, 
    0xF5, 0xC3, 0x00, 0xF5, 0xC3, 0x00, 0xF5, 0xC3, 0x00, 0xF5, 0xC3, 0x00, 
    0xF5, 0xC3, 0x00, 0xF5, 0xC3, 0x00, 0xF5, 0xC3, 0x00, 0xF5, 0xC3, 0x00, 
    0xF3, 0xC2, 0x00, 0xFE, 0xC9, 0x00, 0x38, 0x4B, 0x3C, 0x00, 0x1A, 0x47, 
    0x00, 0x16, 0x3E, 0x12, 0x34, 0x49, 0xE7, 0xB9, 0x04, 0xF9, 0xC6, 0x00, 
    0xF4, 0xC2, 0x00, 0xF5, 0xC3, 0x00, 0xF5, 0xC3, 0x00, 0xF5, 0xC3, 0x00, 
    0xF5, 0xC3, 0x00, 0xF5, 0xC3, 0x00, 0xF5, 0xC3, 0x00, 0xF5, 0xC3, 0x00, 
    0xF5, 0xC3, 0x00, 0xF5, 0xC3, 0x00, 0xF5, 0xC3, 0x00, 0xF5, 0xC3, 0x00, 
    0xF5, 0xC3, 0x00, 0xF5, 0xC3, 0x00, 0xF5, 0xC3, 0x00, 0xF5, 0xC3, 0x00, 
    0xF5, 0xC3, 0x00, 0xF5, 0xC3, 0x00, 0xF5, 0xC3, 0x00, 0xF5, 0xC3, 0x00, 
    0xF5, 0xC3, 0x00, 0xF5, 0xC3, 0x00, 0xF5, 0xC3, 0x00, 0xF5, 0xC3, 0x00, 
    0xF5, 0xC3, 0x00, 0xF5, 0xC3, 0x00, 0xF5, 0xC3, 0x00, 0xF5, 0xC3, 0x00, 
    0xF5, 0xC3, 0x00, 0xF5, 0xC3, 0x00, 0xF5, 0xC3, 0x00, 0xF3, 0xC2, 0x01, 
    0xFE, 0xC9, 0x00, 0x3D, 0x4F, 0x3C, 0x00, 0x1A, 0x46, 0x03, 0x03, 0x00, 
    0x00, 0x00, 0x00, 0x00, 0x00, 0x00, 0x00, 0x00, 0x00, 0x00, 0x00, 0x00, 
    0x00, 0x00, 0x00, 0x00, 0x00, 0x00, 0x00, 0x00, 0x00, 0x00, 0x00, 0x00, 
    0x00, 0x00, 0x00, 0x00, 0x00, 0x00, 0x00, 0x00, 0x00, 0x00, 0x00, 0x00, 
    0x00, 0x00, 0x00, 0x00, 0x00, 0x00, 0x00, 0x00, 0x00, 0x00, 0x00, 0x00, 
    0x00, 0x00, 0x00, 0x00, 0x00, 0x00, 0x00, 0x00, 0x00, 0x00, 0x01, 0x01, 
    0x01, 0x00, 0x00, 0x00, 0x17, 0x34, 0x15, 0x37, 0x4A, 0xE8, 0xBA, 0x03, 
    0xF8, 0xC5, 0x00, 0xF4, 0xC2, 0x00, 0xF5, 0xC3, 0x00, 0xF5, 0xC3, 0x00, 
    0xF5, 0xC3, 0x00, 0xF5, 0xC3, 0x00, 0xF5, 0xC3, 0x00, 0xF5, 0xC3, 0x00, 
    0xF5, 0xC3, 0x00, 0xF5, 0xC3, 0x00, 0xF5, 0xC3, 0x00, 0xF5, 0xC3, 0x00, 
    0xF5, 0xC3, 0x00, 0xF5, 0xC3, 0x00, 0xF5, 0xC3, 0x00, 0xF5, 0xC3, 0x00, 
    0xF5, 0xC3, 0x00, 0xF5, 0xC3, 0x00, 0xF5, 0xC3, 0x00, 0xF5, 0xC3, 0x00, 
    0xF5, 0xC3, 0x00, 0xF5, 0xC3, 0x00, 0xF5, 0xC3, 0x00, 0xF5, 0xC3, 0x00, 
    0xF5, 0xC3, 0x00, 0xF5, 0xC3, 0x00, 0xF5, 0xC3, 0x00, 0xF5, 0xC3, 0x00, 
    0xF5, 0xC3, 0x00, 0xF5, 0xC3, 0x00, 0xF5, 0xC3, 0x00, 0xF5, 0xC3, 0x00, 
    0xF3, 0xC2, 0x00, 0xFE, 0xC9, 0x00, 0x38, 0x4B, 0x3C, 0x00, 0x1A, 0x47, 
    0x00, 0x16, 0x3E, 0x12, 0x34, 0x49, 0xE7, 0xB9, 0x04, 0xF9, 0xC6, 0x00, 
    0xF4, 0xC2, 0x00, 0xF5, 0xC3, 0x00, 0xF5, 0xC3, 0x00, 0xF5, 0xC3, 0x00, 
    0xF5, 0xC3, 0x00, 0xF5, 0xC3, 0x00, 0xF5, 0xC3, 0x00, 0xF5, 0xC3, 0x00, 
    0xF5, 0xC3, 0x00, 0xF5, 0xC3, 0x00, 0xF5, 0xC3, 0x00, 0xF5, 0xC3, 0x00, 
    0xF5, 0xC3, 0x00, 0xF5, 0xC3, 0x00, 0xF5, 0xC3, 0x00, 0xF5, 0xC3, 0x00, 
    0xF5, 0xC3, 0x00, 0xF5, 0xC3, 0x00, 0xF5, 0xC3, 0x00, 0xF5, 0xC3, 0x00, 
    0xF5, 0xC3, 0x00, 0xF5, 0xC3, 0x00, 0xF5, 0xC3, 0x00, 0xF5, 0xC3, 0x00, 
    0xF5, 0xC3, 0x00, 0xF5, 0xC3, 0x00, 0xF5, 0xC3, 0x00, 0xF5, 0xC3, 0x00, 
    0xF5, 0xC3, 0x00, 0xF5, 0xC3, 0x00, 0xF5, 0xC3, 0x00, 0xF3, 0xC2, 0x01, 
    0xFE, 0xC9, 0x00, 0x3D, 0x4F, 0x3C, 0x00, 0x1A, 0x46, 0x03, 0x03, 0x00, 
    0x00, 0x00, 0x00, 0x00, 0x00, 0x00, 0x00, 0x00, 0x00, 0x00, 0x00, 0x00, 
    0x00, 0x00, 0x00, 0x00, 0x00, 0x00, 0x00, 0x00, 0x00, 0x00, 0x00, 0x00, 
    0x00, 0x00, 0x00, 0x00, 0x00, 0x00, 0x00, 0x00, 0x00, 0x00, 0x00, 0x00, 
    0x00, 0x00, 0x00, 0x00, 0x00, 0x00, 0x00, 0x00, 0x00, 0x00, 0x00, 0x00, 
    0x00, 0x00, 0x00, 0x00, 0x00, 0x00, 0x00, 0x00, 0x00, 0x00, 0x01, 0x01, 
    0x01, 0x00, 0x00, 0x00, 0x17, 0x34, 0x15, 0x37, 0x4A, 0xE8, 0xBA, 0x03, 
    0xF8, 0xC5, 0x00, 0xF4, 0xC2, 0x00, 0xF5, 0xC3, 0x00, 0xF5, 0xC3, 0x00, 
    0xF5, 0xC3, 0x00, 0xF5, 0xC3, 0x00, 0xF5, 0xC3, 0x00, 0xF5, 0xC3, 0x00, 
    0xF5, 0xC3, 0x00, 0xF5, 0xC3, 0x00, 0xF5, 0xC3, 0x00, 0xF5, 0xC3, 0x00, 
    0xF5, 0xC3, 0x00, 0xF5, 0xC3, 0x00, 0xF5, 0xC3, 0x00, 0xF5, 0xC3, 0x00, 
    0xF5, 0xC3, 0x00, 0xF5, 0xC3, 0x00, 0xF5, 0xC3, 0x00, 0xF5, 0xC3, 0x00, 
    0xF5, 0xC3, 0x00, 0xF5, 0xC3, 0x00, 0xF5, 0xC3, 0x00, 0xF5, 0xC3, 0x00, 
    0xF5, 0xC3, 0x00, 0xF5, 0xC3, 0x00, 0xF5, 0xC3, 0x00, 0xF5, 0xC3, 0x00, 
    0xF5, 0xC3, 0x00, 0xF5, 0xC3, 0x00, 0xF5, 0xC3, 0x00, 0xF5, 0xC3, 0x00, 
    0xF3, 0xC2, 0x00, 0xFE, 0xC9, 0x00, 0x38, 0x4B, 0x3C, 0x00, 0x1A, 0x47, 
    0x00, 0x16, 0x3E, 0x12, 0x34, 0x49, 0xE7, 0xB9, 0x04, 0xF9, 0xC6, 0x00, 
    0xF4, 0xC2, 0x00, 0xF5, 0xC3, 0x00, 0xF5, 0xC3, 0x00, 0xF5, 0xC3, 0x00, 
    0xF5, 0xC3, 0x00, 0xF5, 0xC3, 0x00, 0xF5, 0xC3, 0x00, 0xF5, 0xC3, 0x00, 
    0xF5, 0xC3, 0x00, 0xF5, 0xC3, 0x00, 0xF5, 0xC3, 0x00, 0xF5, 0xC3, 0x00, 
    0xF5, 0xC3, 0x00, 0xF5, 0xC3, 0x00, 0xF5, 0xC3, 0x00, 0xF5, 0xC3, 0x00, 
    0xF5, 0xC3, 0x00, 0xF5, 0xC3, 0x00, 0xF5, 0xC3, 0x00, 0xF5, 0xC3, 0x00, 
    0xF5, 0xC3, 0x00, 0xF5, 0xC3, 0x00, 0xF5, 0xC3, 0x00, 0xF5, 0xC3, 0x00, 
    0xF5, 0xC3, 0x00, 0xF5, 0xC3, 0x00, 0xF5, 0xC3, 0x00, 0xF5, 0xC3, 0x00, 
    0xF5, 0xC3, 0x00, 0xF5, 0xC3, 0x00, 0xF5, 0xC3, 0x00, 0xF3, 0xC2, 0x01, 
    0xFE, 0xC9, 0x00, 0x3D, 0x4F, 0x3C, 0x00, 0x1A, 0x46, 0x03, 0x03, 0x00, 
    0x00, 0x00, 0x00, 0x00, 0x00, 0x00, 0x00, 0x00, 0x00, 0x00, 0x00, 0x00, 
    0x00, 0x00, 0x00, 0x00, 0x00, 0x00, 0x00, 0x00, 0x00, 0x00, 0x00, 0x00, 
    0x00, 0x00, 0x00, 0x00, 0x00, 0x00, 0x00, 0x00, 0x00, 0x00, 0x00, 0x00, 
    0x00, 0x00, 0x00, 0x00, 0x00, 0x00, 0x00, 0x00, 0x00, 0x00, 0x00, 0x00, 
    0x00, 0x00, 0x00, 0x00, 0x00, 0x00, 0x00, 0x00, 0x00, 0x00, 0x01, 0x01, 
    0x01, 0x00, 0x00, 0x00, 0x17, 0x34, 0x15, 0x37, 0x4A, 0xE8, 0xBA, 0x03, 
    0xF8, 0xC5, 0x00, 0xF4, 0xC2, 0x00, 0xF5, 0xC3, 0x00, 0xF5, 0xC3, 0x00, 
    0xF5, 0xC3, 0x00, 0xF5, 0xC3, 0x00, 0xF5, 0xC3, 0x00, 0xF5, 0xC3, 0x00, 
    0xF5, 0xC3, 0x00, 0xF5, 0xC3, 0x00, 0xF5, 0xC3, 0x00, 0xF5, 0xC3, 0x00, 
    0xF5, 0xC3, 0x00, 0xF5, 0xC3, 0x00, 0xF5, 0xC3, 0x00, 0xF5, 0xC3, 0x00, 
    0xF5, 0xC3, 0x00, 0xF5, 0xC3, 0x00, 0xF5, 0xC3, 0x00, 0xF5, 0xC3, 0x00, 
    0xF5, 0xC3, 0x00, 0xF5, 0xC3, 0x00, 0xF5, 0xC3, 0x00, 0xF5, 0xC3, 0x00, 
    0xF5, 0xC3, 0x00, 0xF5, 0xC3, 0x00, 0xF5, 0xC3, 0x00, 0xF5, 0xC3, 0x00, 
    0xF5, 0xC3, 0x00, 0xF5, 0xC3, 0x00, 0xF5, 0xC3, 0x00, 0xF5, 0xC3, 0x00, 
    0xF3, 0xC2, 0x00, 0xFE, 0xC9, 0x00, 0x38, 0x4B, 0x3C, 0x00, 0x1A, 0x47, 
    0x00, 0x16, 0x3E, 0x12, 0x34, 0x49, 0xE7, 0xB9, 0x04, 0xF9, 0xC6, 0x00, 
    0xF4, 0xC2, 0x00, 0xF5, 0xC3, 0x00, 0xF5, 0xC3, 0x00, 0xF5, 0xC3, 0x00, 
    0xF5, 0xC3, 0x00, 0xF5, 0xC3, 0x00, 0xF5, 0xC3, 0x00, 0xF5, 0xC3, 0x00, 
    0xF5, 0xC3, 0x00, 0xF5, 0xC3, 0x00, 0xF5, 0xC3, 0x00, 0xF5, 0xC3, 0x00, 
    0xF5, 0xC3, 0x00, 0xF5, 0xC3, 0x00, 0xF5, 0xC3, 0x00, 0xF5, 0xC3, 0x00, 
    0xF5, 0xC3, 0x00, 0xF5, 0xC3, 0x00, 0xF5, 0xC3, 0x00, 0xF5, 0xC3, 0x00, 
    0xF5, 0xC3, 0x00, 0xF5, 0xC3, 0x00, 0xF5, 0xC3, 0x00, 0xF5, 0xC3, 0x00, 
    0xF5, 0xC3, 0x00, 0xF5, 0xC3, 0x00, 0xF5, 0xC3, 0x00, 0xF5, 0xC3, 0x00, 
    0xF5, 0xC3, 0x00, 0xF5, 0xC3, 0x00, 0xF5, 0xC3, 0x00, 0xF3, 0xC2, 0x01, 
    0xFE, 0xC9, 0x00, 0x3D, 0x4F, 0x3C, 0x00, 0x1A, 0x46, 0x03, 0x03, 0x00, 
    0x00, 0x00, 0x00, 0x00, 0x00, 0x00, 0x00, 0x00, 0x00, 0x00, 0x00, 0x00, 
    0x00, 0x00, 0x00, 0x00, 0x00, 0x00, 0x00, 0x00, 0x00, 0x00, 0x00, 0x00, 
    0x00, 0x00, 0x00, 0x00, 0x00, 0x00, 0x00, 0x00, 0x00, 0x00, 0x00, 0x00, 
    0x00, 0x00, 0x00, 0x00, 0x00, 0x00, 0x00, 0x00, 0x00, 0x00, 0x00, 0x00, 
    0x00, 0x00, 0x00, 0x00, 0x00, 0x00, 0x00, 0x00, 0x00, 0x00, 0x01, 0x01, 
    0x01, 0x00, 0x00, 0x00, 0x17, 0x34, 0x15, 0x37, 0x4A, 0xE8, 0xBA, 0x03, 
    0xF8, 0xC5, 0x00, 0xF4, 0xC2, 0x00, 0xF5, 0xC3, 0x00, 0xF5, 0xC3, 0x00, 
    0xF5, 0xC3, 0x00, 0xF5, 0xC3, 0x00, 0xF5, 0xC3, 0x00, 0xF5, 0xC3, 0x00, 
    0xF5, 0xC3, 0x00, 0xF5, 0xC3, 0x00, 0xF5, 0xC3, 0x00, 0xF5, 0xC3, 0x00, 
    0xF5, 0xC3, 0x00, 0xF5, 0xC3, 0x00, 0xF5, 0xC3, 0x00, 0xF5, 0xC3, 0x00, 
    0xF5, 0xC3, 0x00, 0xF5, 0xC3, 0x00, 0xF5, 0xC3, 0x00, 0xF5, 0xC3, 0x00, 
    0xF5, 0xC3, 0x00, 0xF5, 0xC3, 0x00, 0xF5, 0xC3, 0x00, 0xF5, 0xC3, 0x00, 
    0xF5, 0xC3, 0x00, 0xF5, 0xC3, 0x00, 0xF5, 0xC3, 0x00, 0xF5, 0xC3, 0x00, 
    0xF5, 0xC3, 0x00, 0xF5, 0xC3, 0x00, 0xF5, 0xC3, 0x00, 0xF5, 0xC3, 0x00, 
    0xF3, 0xC2, 0x00, 0xFE, 0xC9, 0x00, 0x38, 0x4B, 0x3C, 0x00, 0x1A, 0x47, 
    0x00, 0x16, 0x3E, 0x12, 0x34, 0x49, 0xE7, 0xB9, 0x04, 0xF9, 0xC6, 0x00, 
    0xF4, 0xC2, 0x00, 0xF5, 0xC3, 0x00, 0xF5, 0xC3, 0x00, 0xF5, 0xC3, 0x00, 
    0xF5, 0xC3, 0x00, 0xF5, 0xC3, 0x00, 0xF5, 0xC3, 0x00, 0xF5, 0xC3, 0x00, 
    0xF5, 0xC3, 0x00, 0xF5, 0xC3, 0x00, 0xF5, 0xC3, 0x00, 0xF5, 0xC3, 0x00, 
    0xF5, 0xC3, 0x00, 0xF5, 0xC3, 0x00, 0xF5, 0xC3, 0x00, 0xF5, 0xC3, 0x00, 
    0xF5, 0xC3, 0x00, 0xF5, 0xC3, 0x00, 0xF5, 0xC3, 0x00, 0xF5, 0xC3, 0x00, 
    0xF5, 0xC3, 0x00, 0xF5, 0xC3, 0x00, 0xF5, 0xC3, 0x00, 0xF5, 0xC3, 0x00, 
    0xF5, 0xC3, 0x00, 0xF5, 0xC3, 0x00, 0xF5, 0xC3, 0x00, 0xF5, 0xC3, 0x00, 
    0xF5, 0xC3, 0x00, 0xF5, 0xC3, 0x00, 0xF5, 0xC3, 0x00, 0xF3, 0xC2, 0x01, 
    0xFE, 0xC9, 0x00, 0x3D, 0x4F, 0x3C, 0x00, 0x1A, 0x46, 0x03, 0x03, 0x00, 
    0x00, 0x00, 0x00, 0x00, 0x00, 0x00, 0x00, 0x00, 0x00, 0x00, 0x00, 0x00, 
    0x00, 0x00, 0x00, 0x00, 0x00, 0x00, 0x00, 0x00, 0x00, 0x00, 0x00, 0x00, 
    0x00, 0x00, 0x00, 0x00, 0x00, 0x00, 0x00, 0x00, 0x00, 0x00, 0x00, 0x00, 
    0x00, 0x00, 0x00, 0x00, 0x00, 0x00, 0x00, 0x00, 0x00, 0x00, 0x00, 0x00, 
    0x00, 0x00, 0x00, 0x00, 0x00, 0x00, 0x00, 0x00, 0x00, 0x00, 0x01, 0x01, 
    0x01, 0x00, 0x00, 0x00, 0x17, 0x34, 0x15, 0x37, 0x4A, 0xE8, 0xBA, 0x03, 
    0xF8, 0xC5, 0x00, 0xF4, 0xC2, 0x00, 0xF5, 0xC3, 0x00, 0xF5, 0xC3, 0x00, 
    0xF5, 0xC3, 0x00, 0xF5, 0xC3, 0x00, 0xF5, 0xC3, 0x00, 0xF5, 0xC3, 0x00, 
    0xF5, 0xC3, 0x00, 0xF5, 0xC3, 0x00, 0xF5, 0xC3, 0x00, 0xF5, 0xC3, 0x00, 
    0xF5, 0xC3, 0x00, 0xF5, 0xC3, 0x00, 0xF5, 0xC3, 0x00, 0xF5, 0xC3, 0x00, 
    0xF5, 0xC3, 0x00, 0xF5, 0xC3, 0x00, 0xF5, 0xC3, 0x00, 0xF5, 0xC3, 0x00, 
    0xF5, 0xC3, 0x00, 0xF5, 0xC3, 0x00, 0xF5, 0xC3, 0x00, 0xF5, 0xC3, 0x00, 
    0xF5, 0xC3, 0x00, 0xF5, 0xC3, 0x00, 0xF5, 0xC3, 0x00, 0xF5, 0xC3, 0x00, 
    0xF5, 0xC3, 0x00, 0xF5, 0xC3, 0x00, 0xF5, 0xC3, 0x00, 0xF5, 0xC3, 0x00, 
    0xF3, 0xC2, 0x00, 0xFE, 0xC9, 0x00, 0x38, 0x4B, 0x3C, 0x00, 0x1A, 0x47, 
    0x00, 0x16, 0x3E, 0x12, 0x34, 0x49, 0xE7, 0xB9, 0x04, 0xF9, 0xC6, 0x00, 
    0xF4, 0xC2, 0x00, 0xF5, 0xC3, 0x00, 0xF5, 0xC3, 0x00, 0xF5, 0xC3, 0x00, 
    0xF5, 0xC3, 0x00, 0xF5, 0xC3, 0x00, 0xF5, 0xC3, 0x00, 0xF5, 0xC3, 0x00, 
    0xF5, 0xC3, 0x00, 0xF5, 0xC3, 0x00, 0xF5, 0xC3, 0x00, 0xF5, 0xC3, 0x00, 
    0xF5, 0xC3, 0x00, 0xF5, 0xC3, 0x00, 0xF5, 0xC3, 0x00, 0xF5, 0xC3, 0x00, 
    0xF5, 0xC3, 0x00, 0xF5, 0xC3, 0x00, 0xF5, 0xC3, 0x00, 0xF5, 0xC3, 0x00, 
    0xF5, 0xC3, 0x00, 0xF5, 0xC3, 0x00, 0xF5, 0xC3, 0x00, 0xF5, 0xC3, 0x00, 
    0xF5, 0xC3, 0x00, 0xF5, 0xC3, 0x00, 0xF5, 0xC3, 0x00, 0xF5, 0xC3, 0x00, 
    0xF5, 0xC3, 0x00, 0xF5, 0xC3, 0x00, 0xF5, 0xC3, 0x00, 0xF3, 0xC2, 0x01, 
    0xFE, 0xC9, 0x00, 0x3D, 0x4F, 0x3C, 0x00, 0x1A, 0x46, 0x03, 0x03, 0x00, 
    0x00, 0x00, 0x00, 0x00, 0x00, 0x00, 0x00, 0x00, 0x00, 0x00, 0x00, 0x00, 
    0x00, 0x00, 0x00, 0x00, 0x00, 0x00, 0x00, 0x00, 0x00, 0x00, 0x00, 0x00, 
    0x00, 0x00, 0x00, 0x00, 0x00, 0x00, 0x00, 0x00, 0x00, 0x00, 0x00, 0x00, 
    0x00, 0x00, 0x00, 0x00, 0x00, 0x00, 0x00, 0x00, 0x00, 0x00, 0x00, 0x00, 
    0x00, 0x00, 0x00, 0x00, 0x00, 0x00, 0x00, 0x00, 0x00, 0x00, 0x01, 0x01, 
    0x01, 0x00, 0x00, 0x00, 0x17, 0x34, 0x15, 0x37, 0x4A, 0xE8, 0xBA, 0x03, 
    0xF8, 0xC5, 0x00, 0xF4, 0xC2, 0x00, 0xF5, 0xC3, 0x00, 0xF5, 0xC3, 0x00, 
    0xF5, 0xC3, 0x00, 0xF5, 0xC3, 0x00, 0xF5, 0xC3, 0x00, 0xF5, 0xC3, 0x00, 
    0xF5, 0xC3, 0x00, 0xF5, 0xC3, 0x00, 0xF5, 0xC3, 0x00, 0xF5, 0xC3, 0x00, 
    0xF5, 0xC3, 0x00, 0xF5, 0xC3, 0x00, 0xF5, 0xC3, 0x00, 0xF5, 0xC3, 0x00, 
    0xF5, 0xC3, 0x00, 0xF5, 0xC3, 0x00, 0xF5, 0xC3, 0x00, 0xF5, 0xC3, 0x00, 
    0xF5, 0xC3, 0x00, 0xF5, 0xC3, 0x00, 0xF5, 0xC3, 0x00, 0xF5, 0xC3, 0x00, 
    0xF5, 0xC3, 0x00, 0xF5, 0xC3, 0x00, 0xF5, 0xC3, 0x00, 0xF5, 0xC3, 0x00, 
    0xF5, 0xC3, 0x00, 0xF5, 0xC3, 0x00, 0xF5, 0xC3, 0x00, 0xF5, 0xC3, 0x00, 
    0xF3, 0xC2, 0x00, 0xFE, 0xC9, 0x00, 0x38, 0x4B, 0x3C, 0x00, 0x1A, 0x47, 
    0x00, 0x16, 0x3E, 0x12, 0x34, 0x49, 0xE7, 0xB9, 0x04, 0xF9, 0xC6, 0x00, 
    0xF4, 0xC2, 0x00, 0xF5, 0xC3, 0x00, 0xF5, 0xC3, 0x00, 0xF5, 0xC3, 0x00, 
    0xF5, 0xC3, 0x00, 0xF5, 0xC3, 0x00, 0xF5, 0xC3, 0x00, 0xF5, 0xC3, 0x00, 
    0xF5, 0xC3, 0x00, 0xF5, 0xC3, 0x00, 0xF5, 0xC3, 0x00, 0xF5, 0xC3, 0x00, 
    0xF5, 0xC3, 0x00, 0xF5, 0xC3, 0x00, 0xF5, 0xC3, 0x00, 0xF5, 0xC3, 0x00, 
    0xF5, 0xC3, 0x00, 0xF5, 0xC3, 0x00, 0xF5, 0xC3, 0x00, 0xF5, 0xC3, 0x00, 
    0xF5, 0xC3, 0x00, 0xF5, 0xC3, 0x00, 0xF5, 0xC3, 0x00, 0xF5, 0xC3, 0x00, 
    0xF5, 0xC3, 0x00, 0xF5, 0xC3, 0x00, 0xF5, 0xC3, 0x00, 0xF5, 0xC3, 0x00, 
    0xF5, 0xC3, 0x00, 0xF5, 0xC3, 0x00, 0xF5, 0xC3, 0x00, 0xF3, 0xC2, 0x01, 
    0xFE, 0xC9, 0x00, 0x3D, 0x4F, 0x3C, 0x00, 0x1A, 0x46, 0x03, 0x03, 0x00, 
    0x00, 0x00, 0x00, 0x00, 0x00, 0x00, 0x00, 0x00, 0x00, 0x00, 0x00, 0x00, 
    0x00, 0x00, 0x00, 0x00, 0x00, 0x00, 0x00, 0x00, 0x00, 0x00, 0x00, 0x00, 
    0x00, 0x00, 0x00, 0x00, 0x00, 0x00, 0x00, 0x00, 0x00, 0x00, 0x00, 0x00, 
    0x00, 0x00, 0x00, 0x00, 0x00, 0x00, 0x00, 0x00, 0x00, 0x00, 0x00, 0x00, 
    0x00, 0x00, 0x00, 0x00, 0x00, 0x00, 0x00, 0x00, 0x00, 0x00, 0x01, 0x01, 
    0x01, 0x00, 0x00, 0x00, 0x17, 0x34, 0x15, 0x37, 0x4A, 0xE8, 0xBA, 0x03, 
    0xF8, 0xC5, 0x00, 0xF4, 0xC2, 0x00, 0xF5, 0xC3, 0x00, 0xF5, 0xC3, 0x00, 
    0xF5, 0xC3, 0x00, 0xF5, 0xC3, 0x00, 0xF5, 0xC3, 0x00, 0xF5, 0xC3, 0x00, 
    0xF5, 0xC3, 0x00, 0xF5, 0xC3, 0x00, 0xF5, 0xC3, 0x00, 0xF5, 0xC3, 0x00, 
    0xF5, 0xC3, 0x00, 0xF5, 0xC3, 0x00, 0xF5, 0xC3, 0x00, 0xF5, 0xC3, 0x00, 
    0xF5, 0xC3, 0x00, 0xF5, 0xC3, 0x00, 0xF5, 0xC3, 0x00, 0xF5, 0xC3, 0x00, 
    0xF5, 0xC3, 0x00, 0xF5, 0xC3, 0x00, 0xF5, 0xC3, 0x00, 0xF5, 0xC3, 0x00, 
    0xF5, 0xC3, 0x00, 0xF5, 0xC3, 0x00, 0xF5, 0xC3, 0x00, 0xF5, 0xC3, 0x00, 
    0xF5, 0xC3, 0x00, 0xF5, 0xC3, 0x00, 0xF5, 0xC3, 0x00, 0xF5, 0xC3, 0x00, 
    0xF3, 0xC2, 0x00, 0xFE, 0xC9, 0x00, 0x38, 0x4B, 0x3C, 0x00, 0x1A, 0x47, 
    0x00, 0x16, 0x3E, 0x12, 0x34, 0x49, 0xE7, 0xB9, 0x04, 0xF9, 0xC6, 0x00, 
    0xF4, 0xC2, 0x00, 0xF5, 0xC3, 0x00, 0xF5, 0xC3, 0x00, 0xF5, 0xC3, 0x00, 
    0xF5, 0xC3, 0x00, 0xF5, 0xC3, 0x00, 0xF5, 0xC3, 0x00, 0xF5, 0xC3, 0x00, 
    0xF5, 0xC3, 0x00, 0xF5, 0xC3, 0x00, 0xF5, 0xC3, 0x00, 0xF5, 0xC3, 0x00, 
    0xF5, 0xC3, 0x00, 0xF5, 0xC3, 0x00, 0xF5, 0xC3, 0x00, 0xF5, 0xC3, 0x00, 
    0xF5, 0xC3, 0x00, 0xF5, 0xC3, 0x00, 0xF5, 0xC3, 0x00, 0xF5, 0xC3, 0x00, 
    0xF5, 0xC3, 0x00, 0xF5, 0xC3, 0x00, 0xF5, 0xC3, 0x00, 0xF5, 0xC3, 0x00, 
    0xF5, 0xC3, 0x00, 0xF5, 0xC3, 0x00, 0xF5, 0xC3, 0x00, 0xF5, 0xC3, 0x00, 
    0xF5, 0xC3, 0x00, 0xF5, 0xC3, 0x00, 0xF5, 0xC3, 0x00, 0xF3, 0xC2, 0x01, 
    0xFE, 0xC9, 0x00, 0x3D, 0x4F, 0x3C, 0x00, 0x1A, 0x46, 0x03, 0x03, 0x00, 
    0x00, 0x00, 0x00, 0x00, 0x00, 0x00, 0x00, 0x00, 0x00, 0x00, 0x00, 0x00, 
    0x00, 0x00, 0x00, 0x00, 0x00, 0x00, 0x00, 0x00, 0x00, 0x00, 0x00, 0x00, 
    0x00, 0x00, 0x00, 0x00, 0x00, 0x00, 0x00, 0x00, 0x00, 0x00, 0x00, 0x00, 
    0x00, 0x00, 0x00, 0x00, 0x00, 0x00, 0x00, 0x00, 0x00, 0x00, 0x00, 0x00, 
    0x00, 0x00, 0x00, 0x00, 0x00, 0x00, 0x00, 0x00, 0x00, 0x00, 0x01, 0x01, 
    0x01, 0x00, 0x00, 0x00, 0x17, 0x34, 0x15, 0x37, 0x4A, 0xE8, 0xBA, 0x03, 
    0xF8, 0xC5, 0x00, 0xF4, 0xC2, 0x00, 0xF5, 0xC3, 0x00, 0xF5, 0xC3, 0x00, 
    0xF5, 0xC3, 0x00, 0xF5, 0xC3, 0x00, 0xF5, 0xC3, 0x00, 0xF5, 0xC3, 0x00, 
    0xF5, 0xC3, 0x00, 0xF5, 0xC3, 0x00, 0xF5, 0xC3, 0x00, 0xF5, 0xC3, 0x00, 
    0xF5, 0xC3, 0x00, 0xF5, 0xC3, 0x00, 0xF5, 0xC3, 0x00, 0xF5, 0xC3, 0x00, 
    0xF5, 0xC3, 0x00, 0xF5, 0xC3, 0x00, 0xF5, 0xC3, 0x00, 0xF5, 0xC3, 0x00, 
    0xF5, 0xC3, 0x00, 0xF5, 0xC3, 0x00, 0xF5, 0xC3, 0x00, 0xF5, 0xC3, 0x00, 
    0xF5, 0xC3, 0x00, 0xF5, 0xC3, 0x00, 0xF5, 0xC3, 0x00, 0xF5, 0xC3, 0x00, 
    0xF5, 0xC3, 0x00, 0xF5, 0xC3, 0x00, 0xF5, 0xC3, 0x00, 0xF5, 0xC3, 0x00, 
    0xF3, 0xC2, 0x00, 0xFE, 0xC9, 0x00, 0x38, 0x4B, 0x3C, 0x00, 0x1A, 0x47, 
    0x00, 0x16, 0x3E, 0x12, 0x34, 0x49, 0xE3, 0xB7, 0x05, 0xF5, 0xC4, 0x01, 
    0xF0, 0xC0, 0x01, 0xF1, 0xC1, 0x01, 0xF1, 0xC1, 0x01, 0xF1, 0xC1, 0x01, 
    0xF1, 0xC1, 0x01, 0xF1, 0xC1, 0x01, 0xF1, 0xC1, 0x01, 0xF1, 0xC1, 0x01, 
    0xF1, 0xC1, 0x01, 0xF1, 0xC1, 0x01, 0xF1, 0xC1, 0x01, 0xF1, 0xC1, 0x01, 
    0xF1, 0xC1, 0x01, 0xF1, 0xC1, 0x01, 0xF1, 0xC1, 0x01, 0xF1, 0xC1, 0x01, 
    0xF1, 0xC1, 0x01, 0xF1, 0xC1, 0x01, 0xF1, 0xC1, 0x01, 0xF1, 0xC1, 0x01, 
    0xF1, 0xC1, 0x01, 0xF1, 0xC1, 0x01, 0xF1, 0xC1, 0x01, 0xF1, 0xC1, 0x01, 
    0xF1, 0xC1, 0x01, 0xF1, 0xC1, 0x01, 0xF1, 0xC1, 0x01, 0xF1, 0xC1, 0x01, 
    0xF1, 0xC1, 0x01, 0xF1, 0xC1, 0x01, 0xF1, 0xC1, 0x01, 0xEF, 0xC0, 0x02, 
    0xFA, 0xC6, 0x01, 0x3C, 0x4E, 0x3C, 0x00, 0x1A, 0x46, 0x03, 0x03, 0x00, 
    0x00, 0x00, 0x00, 0x00, 0x00, 0x00, 0x00, 0x00, 0x00, 0x00, 0x00, 0x00, 
    0x00, 0x00, 0x00, 0x00, 0x00, 0x00, 0x00, 0x00, 0x00, 0x00, 0x00, 0x00, 
    0x00, 0x00, 0x00, 0x00, 0x00, 0x00, 0x00, 0x00, 0x00, 0x00, 0x00, 0x00, 
    0x00, 0x00, 0x00, 0x00, 0x00, 0x00, 0x00, 0x00, 0x00, 0x00, 0x00, 0x00, 
    0x00, 0x00, 0x00, 0x00, 0x00, 0x00, 0x00, 0x00, 0x00, 0x00, 0x01, 0x01, 
    0x01, 0x00, 0x00, 0x00, 0x17, 0x34, 0x15, 0x37, 0x4A, 0xE4, 0xB8, 0x04, 
    0xF4, 0xC3, 0x01, 0xF0, 0xC0, 0x01, 0xF1, 0xC1, 0x01, 0xF1, 0xC1, 0x01, 
    0xF1, 0xC1, 0x01, 0xF1, 0xC1, 0x01, 0xF1, 0xC1, 0x01, 0xF1, 0xC1, 0x01, 
    0xF1, 0xC1, 0x01, 0xF1, 0xC1, 0x01, 0xF1, 0xC1, 0x01, 0xF1, 0xC1, 0x01, 
    0xF1, 0xC1, 0x01, 0xF1, 0xC1, 0x01, 0xF1, 0xC1, 0x01, 0xF1, 0xC1, 0x01, 
    0xF1, 0xC1, 0x01, 0xF1, 0xC1, 0x01, 0xF1, 0xC1, 0x01, 0xF1, 0xC1, 0x01, 
    0xF1, 0xC1, 0x01, 0xF1, 0xC1, 0x01, 0xF1, 0xC1, 0x01, 0xF1, 0xC1, 0x01, 
    0xF1, 0xC1, 0x01, 0xF1, 0xC1, 0x01, 0xF1, 0xC1, 0x01, 0xF1, 0xC1, 0x01, 
    0xF1, 0xC1, 0x01, 0xF1, 0xC1, 0x01, 0xF1, 0xC1, 0x01, 0xF1, 0xC1, 0x01, 
    0xEF, 0xC0, 0x01, 0xFA, 0xC6, 0x01, 0x37, 0x4A, 0x3C, 0x00, 0x1A, 0x47, 
    0x00, 0x16, 0x3E, 0x13, 0x35, 0x49, 0xF7, 0xC3, 0x00, 0xFF, 0xD1, 0x00, 
    0xFF, 0xCD, 0x00, 0xFF, 0xCE, 0x00, 0xFF, 0xCE, 0x00, 0xFF, 0xCE, 0x00, 
    0xFF, 0xCE, 0x00, 0xFF, 0xCE, 0x00, 0xFF, 0xCE, 0x00, 0xFF, 0xCE, 0x00, 
    0xFF, 0xCE, 0x00, 0xFF, 0xCE, 0x00, 0xFF, 0xCE, 0x00, 0xFF, 0xCE, 0x00, 
    0xFF, 0xCE, 0x00, 0xFF, 0xCE, 0x00, 0xFF, 0xCE, 0x00, 0xFF, 0xCE, 0x00, 
    0xFF, 0xCE, 0x00, 0xFF, 0xCE, 0x00, 0xFF, 0xCE, 0x00, 0xFF, 0xCE, 0x00, 
    0xFF, 0xCE, 0x00, 0xFF, 0xCE, 0x00, 0xFF, 0xCE, 0x00, 0xFF, 0xCE, 0x00, 
    0xFF, 0xCE, 0x00, 0xFF, 0xCE, 0x00, 0xFF, 0xCE, 0x00, 0xFF, 0xCE, 0x00, 
    0xFF, 0xCE, 0x00, 0xFF, 0xCE, 0x00, 0xFF, 0xCE, 0x00, 0xFF, 0xCD, 0x00, 
    0xFF, 0xD4, 0x00, 0x41, 0x52, 0x3B, 0x00, 0x19, 0x46, 0x03, 0x03, 0x00, 
    0x00, 0x00, 0x00, 0x00, 0x00, 0x00, 0x00, 0x00, 0x00, 0x00, 0x00, 0x00, 
    0x00, 0x00, 0x00, 0x00, 0x00, 0x00, 0x00, 0x00, 0x00, 0x00, 0x00, 0x00, 
    0x00, 0x00, 0x00, 0x00, 0x00, 0x00, 0x00, 0x00, 0x00, 0x00, 0x00, 0x00, 
    0x00, 0x00, 0x00, 0x00, 0x00, 0x00, 0x00, 0x00, 0x00, 0x00, 0x00, 0x00, 
    0x00, 0x00, 0x00, 0x00, 0x00, 0x00, 0x00, 0x00, 0x00, 0x00, 0x01, 0x01, 
    0x01, 0x00, 0x00, 0x00, 0x17, 0x34, 0x16, 0x38, 0x4A, 0xF8, 0xC4, 0x00, 
    0xFF, 0xD0, 0x00, 0xFF, 0xCD, 0x00, 0xFF, 0xCE, 0x00, 0xFF, 0xCE, 0x00, 
    0xFF, 0xCE, 0x00, 0xFF, 0xCE, 0x00, 0xFF, 0xCE, 0x00, 0xFF, 0xCE, 0x00, 
    0xFF, 0xCE, 0x00, 0xFF, 0xCE, 0x00, 0xFF, 0xCE, 0x00, 0xFF, 0xCE, 0x00, 
    0xFF, 0xCE, 0x00, 0xFF, 0xCE, 0x00, 0xFF, 0xCE, 0x00, 0xFF, 0xCE, 0x00, 
    0xFF, 0xCE, 0x00, 0xFF, 0xCE, 0x00, 0xFF, 0xCE, 0x00, 0xFF, 0xCE, 0x00, 
    0xFF, 0xCE, 0x00, 0xFF, 0xCE, 0x00, 0xFF, 0xCE, 0x00, 0xFF, 0xCE, 0x00, 
    0xFF, 0xCE, 0x00, 0xFF, 0xCE, 0x00, 0xFF, 0xCE, 0x00, 0xFF, 0xCE, 0x00, 
    0xFF, 0xCE, 0x00, 0xFF, 0xCE, 0x00, 0xFF, 0xCE, 0x00, 0xFF, 0xCE, 0x00, 
    0xFF, 0xCD, 0x00, 0xFF, 0xD4, 0x00, 0x3C, 0x4D, 0x3B, 0x00, 0x19, 0x47, 
    0x00, 0x17, 0x3D, 0x0B, 0x2F, 0x4B, 0x8A, 0x7E, 0x20, 0x95, 0x86, 0x1E, 
    0x92, 0x83, 0x1E, 0x92, 0x84, 0x1E, 0x92, 0x84, 0x1E, 0x92, 0x84, 0x1E, 
    0x92, 0x84, 0x1E, 0x92, 0x84, 0x1E, 0x92, 0x84, 0x1E, 0x92, 0x84, 0x1E, 
    0x92, 0x84, 0x1E, 0x92, 0x84, 0x1E, 0x92, 0x84, 0x1E, 0x92, 0x84, 0x1E, 
    0x92, 0x84, 0x1E, 0x92, 0x84, 0x1E, 0x92, 0x84, 0x1E, 0x92, 0x84, 0x1E, 
    0x92, 0x84, 0x1E, 0x92, 0x84, 0x1E, 0x92, 0x84, 0x1E, 0x92, 0x84, 0x1E, 
    0x92, 0x84, 0x1E, 0x92, 0x84, 0x1E, 0x92, 0x84, 0x1E, 0x92, 0x84, 0x1E, 
    0x92, 0x84, 0x1E, 0x92, 0x84, 0x1E, 0x92, 0x84, 0x1E, 0x92, 0x84, 0x1E, 
    0x92, 0x84, 0x1E, 0x92, 0x84, 0x1E, 0x92, 0x84, 0x1E, 0x91, 0x83, 0x1F, 
    0x98, 0x88, 0x1E, 0x24, 0x3F, 0x43, 0x00, 0x1D, 0x44, 0x02, 0x02, 0x00, 
    0x00, 0x00, 0x00, 0x00, 0x00, 0x00, 0x00, 0x00, 0x00, 0x00, 0x00, 0x00, 
    0x00, 0x00, 0x00, 0x00, 0x00, 0x00, 0x00, 0x00, 0x00, 0x00, 0x00, 0x00, 
    0x00, 0x00, 0x00, 0x00, 0x00, 0x00, 0x00, 0x00, 0x00, 0x00, 0x00, 0x00, 
    0x00, 0x00, 0x00, 0x00, 0x00, 0x00, 0x00, 0x00, 0x00, 0x00, 0x00, 0x00, 
    0x00, 0x00, 0x00, 0x00, 0x00, 0x00, 0x00, 0x00, 0x00, 0x00, 0x01, 0x01, 
    0x01, 0x00, 0x00, 0x00, 0x18, 0x33, 0x0D, 0x31, 0x4D, 0x8B, 0x7E, 0x20, 
    0x94, 0x85, 0x1E, 0x92, 0x84, 0x1E, 0x92, 0x84, 0x1E, 0x92, 0x84, 0x1E, 
    0x92, 0x84, 0x1E, 0x92, 0x84, 0x1E, 0x92, 0x84, 0x1E, 0x92, 0x84, 0x1E, 
    0x92, 0x84, 0x1E, 0x92, 0x84, 0x1E, 0x92, 0x84, 0x1E, 0x92, 0x84, 0x1E, 
    0x92, 0x84, 0x1E, 0x92, 0x84, 0x1E, 0x92, 0x84, 0x1E, 0x92, 0x84, 0x1E, 
    0x92, 0x84, 0x1E, 0x92, 0x84, 0x1E, 0x92, 0x84, 0x1E, 0x92, 0x84, 0x1E, 
    0x92, 0x84, 0x1E, 0x92, 0x84, 0x1E, 0x92, 0x84, 0x1E, 0x92, 0x84, 0x1E, 
    0x92, 0x84, 0x1E, 0x92, 0x84, 0x1E, 0x92, 0x84, 0x1E, 0x92, 0x84, 0x1E, 
    0x92, 0x84, 0x1E, 0x92, 0x84, 0x1E, 0x92, 0x84, 0x1E, 0x92, 0x84, 0x1E, 
    0x91, 0x83, 0x1E, 0x98, 0x88, 0x1E, 0x21, 0x3D, 0x43, 0x00, 0x1D, 0x45, 
    0x00, 0x1A, 0x3D, 0x00, 0x29, 0x51, 0x00, 0x1E, 0x51, 0x00, 0x1D, 0x52, 
    0x00, 0x1D, 0x52, 0x00, 0x1D, 0x52, 0x00, 0x1D, 0x52, 0x00, 0x1D, 0x52, 
    0x00, 0x1D, 0x52, 0x00, 0x1D, 0x52, 0x00, 0x1D, 0x52, 0x00, 0x1D, 0x52, 
    0x00, 0x1D, 0x52, 0x00, 0x1D, 0x52, 0x00, 0x1D, 0x52, 0x00, 0x1D, 0x52, 
    0x00, 0x1D, 0x52, 0x00, 0x1D, 0x52, 0x00, 0x1D, 0x52, 0x00, 0x1D, 0x52, 
    0x00, 0x1D, 0x52, 0x00, 0x1D, 0x52, 0x00, 0x1D, 0x52, 0x00, 0x1D, 0x52, 
    0x00, 0x1D, 0x52, 0x00, 0x1D, 0x52, 0x00, 0x1D, 0x52, 0x00, 0x1D, 0x52, 
    0x00, 0x1D, 0x52, 0x00, 0x1D, 0x52, 0x00, 0x1D, 0x52, 0x00, 0x1D, 0x52, 
    0x00, 0x1D, 0x52, 0x00, 0x1D, 0x52, 0x00, 0x1D, 0x52, 0x00, 0x1D, 0x52, 
    0x00, 0x1D, 0x51, 0x00, 0x26, 0x50, 0x00, 0x23, 0x43, 0x00, 0x01, 0x01, 
    0x00, 0x00, 0x00, 0x00, 0x00, 0x00, 0x00, 0x00, 0x00, 0x00, 0x00, 0x00, 
    0x00, 0x00, 0x00, 0x00, 0x00, 0x00, 0x00, 0x00, 0x00, 0x00, 0x00, 0x00, 
    0x00, 0x00, 0x00, 0x00, 0x00, 0x00, 0x00, 0x00, 0x00, 0x00, 0x00, 0x00, 
    0x00, 0x00, 0x00, 0x00, 0x00, 0x00, 0x00, 0x00, 0x00, 0x00, 0x00, 0x00, 
    0x00, 0x00, 0x00, 0x00, 0x00, 0x00, 0x00, 0x00, 0x00, 0x00, 0x01, 0x01, 
    0x00, 0x00, 0x00, 0x00, 0x1B, 0x34, 0x00, 0x29, 0x53, 0x00, 0x1D, 0x51, 
    0x00, 0x1D, 0x52, 0x00, 0x1D, 0x52, 0x00, 0x1D, 0x52, 0x00, 0x1D, 0x52, 
    0x00, 0x1D, 0x52, 0x00, 0x1D, 0x52, 0x00, 0x1D, 0x52, 0x00, 0x1D, 0x52, 
    0x00, 0x1D, 0x52, 0x00, 0x1D, 0x52, 0x00, 0x1D, 0x52, 0x00, 0x1D, 0x52, 
    0x00, 0x1D, 0x52, 0x00, 0x1D, 0x52, 0x00, 0x1D, 0x52, 0x00, 0x1D, 0x52, 
    0x00, 0x1D, 0x52, 0x00, 0x1D, 0x52, 0x00, 0x1D, 0x52, 0x00, 0x1D, 0x52, 
    0x00, 0x1D, 0x52, 0x00, 0x1D, 0x52, 0x00, 0x1D, 0x52, 0x00, 0x1D, 0x52, 
    0x00, 0x1D, 0x52, 0x00, 0x1D, 0x52, 0x00, 0x1D, 0x52, 0x00, 0x1D, 0x52, 
    0x00, 0x1D, 0x52, 0x00, 0x1D, 0x52, 0x00, 0x1D, 0x52, 0x00, 0x1D, 0x52, 
    0x00, 0x1D, 0x52, 0x00, 0x1D, 0x52, 0x00, 0x26, 0x50, 0x00, 0x23, 0x44, 
    0x00, 0x17, 0x36, 0x00, 0x26, 0x49, 0x04, 0x26, 0x44, 0x04, 0x27, 0x45, 
    0x04, 0x27, 0x45, 0x04, 0x27, 0x45, 0x04, 0x27, 0x45, 0x04, 0x27, 0x45, 
    0x04, 0x27, 0x45, 0x04, 0x27, 0x45, 0x04, 0x27, 0x45, 0x04, 0x27, 0x45, 
    0x04, 0x27, 0x45, 0x04, 0x27, 0x45, 0x04, 0x27, 0x45, 0x04, 0x27, 0x45, 
    0x04, 0x27, 0x45, 0x04, 0x27, 0x45, 0x04, 0x27, 0x45, 0x04, 0x27, 0x45, 
    0x04, 0x27, 0x45, 0x04, 0x27, 0x45, 0x04, 0x27, 0x45, 0x04, 0x27, 0x45, 
    0x04, 0x27, 0x45, 0x04, 0x27, 0x45, 0x04, 0x27, 0x45, 0x04, 0x27, 0x45, 
    0x04, 0x27, 0x45, 0x04, 0x27, 0x45, 0x04, 0x27, 0x45, 0x04, 0x27, 0x45, 
    0x04, 0x27, 0x45, 0x04, 0x27, 0x45, 0x04, 0x27, 0x45, 0x04, 0x27, 0x45, 
    0x04, 0x27, 0x44, 0x01, 0x26, 0x47, 0x00, 0x1F, 0x3D, 0x00, 0x01, 0x01, 
    0x00, 0x00, 0x00, 0x00, 0x00, 0x00, 0x00, 0x00, 0x00, 0x00, 0x00, 0x00, 
    0x00, 0x00, 0x00, 0x00, 0x00, 0x00, 0x00, 0x00, 0x00, 0x00, 0x00, 0x00, 
    0x00, 0x00, 0x00, 0x00, 0x00, 0x00, 0x00, 0x00, 0x00, 0x00, 0x00, 0x00, 
    0x00, 0x00, 0x00, 0x00, 0x00, 0x00, 0x00, 0x00, 0x00, 0x00, 0x00, 0x00, 
    0x00, 0x00, 0x00, 0x00, 0x00, 0x00, 0x00, 0x00, 0x00, 0x00, 0x01, 0x01, 
    0x00, 0x00, 0x00, 0x00, 0x18, 0x2F, 0x00, 0x26, 0x4A, 0x04, 0x26, 0x44, 
    0x04, 0x27, 0x45, 0x04, 0x27, 0x45, 0x04, 0x27, 0x45, 0x04, 0x27, 0x45, 
    0x04, 0x27, 0x45, 0x04, 0x27, 0x45, 0x04, 0x27, 0x45, 0x04, 0x27, 0x45, 
    0x04, 0x27, 0x45, 0x04, 0x27, 0x45, 0x04, 0x27, 0x45, 0x04, 0x27, 0x45, 
    0x04, 0x27, 0x45, 0x04, 0x27, 0x45, 0x04, 0x27, 0x45, 0x04, 0x27, 0x45, 
    0x04, 0x27, 0x45, 0x04, 0x27, 0x45, 0x04, 0x27, 0x45, 0x04, 0x27, 0x45, 
    0x04, 0x27, 0x45, 0x04, 0x27, 0x45, 0x04, 0x27, 0x45, 0x04, 0x27, 0x45, 
    0x04, 0x27, 0x45, 0x04, 0x27, 0x45, 0x04, 0x27, 0x45, 0x04, 0x27, 0x45, 
    0x04, 0x27, 0x45, 0x04, 0x27, 0x45, 0x04, 0x27, 0x45, 0x04, 0x27, 0x45, 
    0x04, 0x27, 0x45, 0x04, 0x27, 0x45, 0x01, 0x26, 0x47, 0x00, 0x1F, 0x3E, 
};
