#pragma once
#include <stdint.h>

// RGB888 byte order: R, G, B for each pixel
static const uint8_t happy_out[100*100*3] = {
    0xFE, 0xFA, 0xFC, 0xFE, 0xFA, 0xFC, 0xFE, 0xFA, 0xFC, 0xFE, 0xFA, 0xFC, 
    0xFE, 0xFA, 0xFC, 0xFE, 0xFA, 0xFC, 0xFE, 0xFA, 0xFC, 0xFE, 0xFA, 0xFC, 
    0xFE, 0xFA, 0xFC, 0xFE, 0xFA, 0xFC, 0xFE, 0xFA, 0xFC, 0xFE, 0xFA, 0xFC, 
    0xFE, 0xFA, 0xFC, 0xFE, 0xFA, 0xFC, 0xFE, 0xFA, 0xFC, 0xFE, 0xFA, 0xFC, 
    0xFE, 0xFA, 0xFC, 0xFE, 0xFA, 0xFC, 0xFE, 0xFA, 0xFC, 0xFE, 0xFA, 0xFC, 
    0xFE, 0xFA, 0xFC, 0xFE, 0xFA, 0xFC, 0xFE, 0xFA, 0xFC, 0xFE, 0xFA, 0xFC, 
    0xFE, 0xFA, 0xFC, 0xFE, 0xFA, 0xFC, 0xFE, 0xFA, 0xFC, 0xFE, 0xFA, 0xFC, 
    0xFE, 0xFA, 0xFC, 0xFE, 0xFA, 0xFC, 0xFE, 0xFA, 0xFC, 0xFE, 0xFA, 0xFC, 
    0xFE, 0xFA, 0xFC, 0xFE, 0xFA, 0xFC, 0xFE, 0xFA, 0xFC, 0xFE, 0xFA, 0xFC, 
    0xFE, 0xFA, 0xFC, 0xFE, 0xFA, 0xFC, 0xFE, 0xFA, 0xFC, 0xFE, 0xFA, 0xFC, 
    0xFE, 0xFA, 0xFC, 0xFE, 0xFA, 0xFC, 0xFE, 0xFA, 0xFC, 0xFE, 0xFA, 0xFC, 
    0xFE, 0xFA, 0xFC, 0xFE, 0xFA, 0xFC, 0xFE, 0xFA, 0xFC, 0xFE, 0xFA, 0xFC, 
    0xFE, 0xFA, 0xFC, 0xFE, 0xFA, 0xFC, 0xFE, 0xFA, 0xFC, 0xFE, 0xFA, 0xFC, 
    0xFE, 0xFA, 0xFC, 0xFE, 0xFA, 0xFC, 0xFE, 0xFA, 0xFC, 0xFE, 0xFA, 0xFC, 
    0xFE, 0xFA, 0xFC, 0xFE, 0xFA, 0xFC, 0xFE, 0xFA, 0xFC, 0xFE, 0xFA, 0xFC, 
    0xFE, 0xFA, 0xFC, 0xFE, 0xFA, 0xFC, 0xFE, 0xFA, 0xFC, 0xFE, 0xFA, 0xFC, 
    0xFE, 0xFA, 0xFC, 0xFE, 0xFA, 0xFC, 0xFE, 0xFA, 0xFC, 0xFE, 0xFA, 0xFC, 
    0xFE, 0xFA, 0xFC, 0xFE, 0xFA, 0xFC, 0xFE, 0xFA, 0xFC, 0xFE, 0xFA, 0xFC, 
    0xFE, 0xFA, 0xFC, 0xFE, 0xFA, 0xFC, 0xFE, 0xFA, 0xFC, 0xFE, 0xFA, 0xFC, 
    0xFE, 0xFA, 0xFC, 0xFE, 0xFA, 0xFC, 0xFE, 0xFA, 0xFC, 0xFE, 0xFA, 0xFC, 
    0xFE, 0xFA, 0xFC, 0xFE, 0xFA, 0xFC, 0xFE, 0xFA, 0xFC, 0xFE, 0xFA, 0xFC, 
    0xFE, 0xFA, 0xFC, 0xFE, 0xFA, 0xFC, 0xFE, 0xFA, 0xFC, 0xFE, 0xFA, 0xFC, 
    0xFE, 0xFA, 0xFC, 0xFE, 0xFA, 0xFC, 0xFE, 0xFA, 0xFC, 0xFE, 0xFA, 0xFC, 
    0xFE, 0xFA, 0xFC, 0xFE, 0xFA, 0xFC, 0xFE, 0xFA, 0xFC, 0xFE, 0xFA, 0xFC, 
    0xFE, 0xFA, 0xFC, 0xFE, 0xFA, 0xFC, 0xFE, 0xFA, 0xFC, 0xFE, 0xFA, 0xFC, 
    0xFE, 0xFA, 0xFC, 0xFE, 0xFA, 0xFC, 0xFE, 0xFA, 0xFC, 0xFE, 0xFA, 0xFC, 
    0xFE, 0xFA, 0xFC, 0xFE, 0xFA, 0xFC, 0xFE, 0xFA, 0xFC, 0xFE, 0xFA, 0xFC, 
    0xFE, 0xFA, 0xFC, 0xFE, 0xFA, 0xFC, 0xFE, 0xFA, 0xFC, 0xFE, 0xFA, 0xFC, 
    0xFE, 0xFA, 0xFC, 0xFE, 0xFA, 0xFC, 0xFE, 0xFA, 0xFC, 0xFE, 0xFA, 0xFC, 
    0xFE, 0xFA, 0xFC, 0xFE, 0xFA, 0xFC, 0xFE, 0xFA, 0xFC, 0xFE, 0xFA, 0xFC, 
    0xFE, 0xFA, 0xFC, 0xFE, 0xFA, 0xFC, 0xFE, 0xFA, 0xFC, 0xFE, 0xFA, 0xFC, 
    0xFE, 0xFA, 0xFC, 0xFE, 0xFA, 0xFC, 0xFE, 0xFA, 0xFC, 0xFE, 0xFA, 0xFC, 
    0xFE, 0xFA, 0xFC, 0xFE, 0xFA, 0xFC, 0xFE, 0xFA, 0xFC, 0xFE, 0xFA, 0xFC, 
    0xFE, 0xFA, 0xFC, 0xFE, 0xFA, 0xFC, 0xFE, 0xFA, 0xFC, 0xFE, 0xFA, 0xFC, 
    0xFE, 0xFA, 0xFC, 0xFE, 0xFA, 0xFC, 0xFE, 0xFA, 0xFC, 0xFE, 0xFA, 0xFC, 
    0xFE, 0xFA, 0xFC, 0xFE, 0xFA, 0xFC, 0xFE, 0xFA, 0xFC, 0xFE, 0xFA, 0xFC, 
    0xFE, 0xFA, 0xFC, 0xFE, 0xFA, 0xFC, 0xFE, 0xFA, 0xFC, 0xFE, 0xFA, 0xFB, 
    0xFE, 0xF9, 0xFB, 0xFD, 0xF9, 0xFB, 0xFD, 0xF9, 0xFB, 0xFD, 0xF9, 0xFB, 
    0xFE, 0xF9, 0xFB, 0xFE, 0xFA, 0xFB, 0xFE, 0xFA, 0xFC, 0xFE, 0xFA, 0xFC, 
    0xFE, 0xFA, 0xFC, 0xFE, 0xFA, 0xFC, 0xFE, 0xFA, 0xFC, 0xFE, 0xFA, 0xFC, 
    0xFE, 0xFA, 0xFC, 0xFE, 0xFA, 0xFC, 0xFE, 0xFA, 0xFC, 0xFE, 0xFA, 0xFC, 
    0xFE, 0xFA, 0xFC, 0xFE, 0xFA, 0xFC, 0xFE, 0xFA, 0xFC, 0xFE, 0xFA, 0xFC, 
    0xFE, 0xFA, 0xFC, 0xFE, 0xFA, 0xFC, 0xFE, 0xFA, 0xFC, 0xFE, 0xFA, 0xFC, 
    0xFE, 0xFA, 0xFC, 0xFE, 0xFA, 0xFC, 0xFE, 0xFA, 0xFC, 0xFE, 0xFA, 0xFC, 
    0xFE, 0xFA, 0xFC, 0xFE, 0xFA, 0xFC, 0xFE, 0xFA, 0xFC, 0xFE, 0xFA, 0xFC, 
    0xFE, 0xFA, 0xFC, 0xFE, 0xFA, 0xFC, 0xFE, 0xFA, 0xFC, 0xFE, 0xFA, 0xFC, 
    0xFE, 0xFA, 0xFC, 0xFE, 0xFA, 0xFC, 0xFE, 0xFA, 0xFC, 0xFE, 0xFA, 0xFC, 
    0xFE, 0xFA, 0xFC, 0xFE, 0xFA, 0xFC, 0xFE, 0xFA, 0xFC, 0xFE, 0xFA, 0xFC, 
    0xFE, 0xFA, 0xFC, 0xFE, 0xFA, 0xFC, 0xFE, 0xFA, 0xFC, 0xFE, 0xFA, 0xFC, 
    0xFE, 0xFA, 0xFC, 0xFE, 0xFA, 0xFC, 0xFE, 0xFA, 0xFC, 0xFE, 0xFA, 0xFC, 
    0xFE, 0xFA, 0xFC, 0xFE, 0xFA, 0xFC, 0xFE, 0xFA, 0xFC, 0xFE, 0xFA, 0xFC, 
    0xFE, 0xFA, 0xFC, 0xFE, 0xFA, 0xFC, 0xFE, 0xFA, 0xFC, 0xFE, 0xFA, 0xFC, 
    0xFE, 0xFA, 0xFC, 0xFE, 0xFA, 0xFC, 0xFE, 0xFA, 0xFC, 0xFE, 0xFA, 0xFC, 
    0xFE, 0xFA, 0xFC, 0xFE, 0xFA, 0xFC, 0xFE, 0xFA, 0xFC, 0xFE, 0xFA, 0xFC, 
    0xFE, 0xFA, 0xFC, 0xFE, 0xFA, 0xFC, 0xFE, 0xFA, 0xFC, 0xFE, 0xFA, 0xFC, 
    0xFE, 0xFA, 0xFC, 0xFE, 0xFA, 0xFC, 0xFE, 0xFA, 0xFC, 0xFE, 0xFA, 0xFC, 
    0xFE, 0xFA, 0xFC, 0xFE, 0xFA, 0xFC, 0xFE, 0xFA, 0xFC, 0xFE, 0xFA, 0xFC, 
    0xFE, 0xFA, 0xFC, 0xFE, 0xFA, 0xFC, 0xFE, 0xFA, 0xFC, 0xFE, 0xFA, 0xFC, 
    0xFE, 0xFA, 0xFC, 0xFE, 0xFA, 0xFC, 0xFE, 0xFA, 0xFC, 0xFE, 0xFA, 0xFC, 
    0xFE, 0xFA, 0xFC, 0xFE, 0xFA, 0xFC, 0xFE, 0xFA, 0xFC, 0xFE, 0xFA, 0xFC, 
    0xFE, 0xFA, 0xFB, 0xFD, 0xF9, 0xFA, 0xFD, 0xF8, 0xF9, 0xFD, 0xF8, 0xF9, 
    0xFD, 0xF8, 0xF9, 0xFE, 0xF9, 0xFA, 0xFF, 0xFB, 0xFC, 0xFF, 0xFC, 0xFD, 
    0xFF, 0xFD, 0xFE, 0xFF, 0xFD, 0xFF, 0xFF, 0xFE, 0xFF, 0xFF, 0xFD, 0xFF, 
    0xFF, 0xFD, 0xFE, 0xFF, 0xFC, 0xFD, 0xFF, 0xFA, 0xFB, 0xFE, 0xF9, 0xFA, 
    0xFD, 0xF8, 0xF9, 0xFD, 0xF8, 0xF9, 0xFD, 0xF8, 0xF9, 0xFD, 0xF9, 0xFA, 
    0xFE, 0xFA, 0xFB, 0xFE, 0xFA, 0xFC, 0xFE, 0xFA, 0xFC, 0xFE, 0xFA, 0xFC, 
    0xFE, 0xFA, 0xFC, 0xFE, 0xFA, 0xFC, 0xFE, 0xFA, 0xFC, 0xFE, 0xFA, 0xFC, 
    0xFE, 0xFA, 0xFC, 0xFE, 0xFA, 0xFC, 0xFE, 0xFA, 0xFC, 0xFE, 0xFA, 0xFC, 
    0xFE, 0xFA, 0xFC, 0xFE, 0xFA, 0xFC, 0xFE, 0xFA, 0xFC, 0xFE, 0xFA, 0xFC, 
    0xFE, 0xFA, 0xFC, 0xFE, 0xFA, 0xFC, 0xFE, 0xFA, 0xFC, 0xFE, 0xFA, 0xFC, 
    0xFE, 0xFA, 0xFC, 0xFE, 0xFA, 0xFC, 0xFE, 0xFA, 0xFC, 0xFE, 0xFA, 0xFC, 
    0xFE, 0xFA, 0xFC, 0xFE, 0xFA, 0xFC, 0xFE, 0xFA, 0xFC, 0xFE, 0xFA, 0xFC, 
    0xFE, 0xFA, 0xFC, 0xFE, 0xFA, 0xFC, 0xFE, 0xFA, 0xFC, 0xFE, 0xFA, 0xFC, 
    0xFE, 0xFA, 0xFC, 0xFE, 0xFA, 0xFC, 0xFE, 0xFA, 0xFC, 0xFE, 0xFA, 0xFC, 
    0xFE, 0xFA, 0xFC, 0xFE, 0xFA, 0xFC, 0xFE, 0xFA, 0xFC, 0xFE, 0xFA, 0xFC, 
    0xFE, 0xFA, 0xFC, 0xFE, 0xFA, 0xFC, 0xFE, 0xFA, 0xFC, 0xFE, 0xFA, 0xFC, 
    0xFE, 0xFA, 0xFC, 0xFE, 0xFA, 0xFC, 0xFE, 0xFA, 0xFC, 0xFE, 0xFA, 0xFC, 
    0xFE, 0xFA, 0xFC, 0xFE, 0xFA, 0xFC, 0xFE, 0xFA, 0xFC, 0xFE, 0xFA, 0xFC, 
    0xFE, 0xFA, 0xFC, 0xFE, 0xFA, 0xFC, 0xFE, 0xFA, 0xFC, 0xFE, 0xFA, 0xFC, 
    0xFE, 0xFA, 0xFC, 0xFE, 0xFA, 0xFC, 0xFE, 0xFA, 0xFC, 0xFE, 0xFA, 0xFC, 
    0xFE, 0xFA, 0xFC, 0xFE, 0xFA, 0xFC, 0xFE, 0xFA, 0xFC, 0xFE, 0xFA, 0xFC, 
    0xFE, 0xFA, 0xFC, 0xFE, 0xFA, 0xFC, 0xFE, 0xFA, 0xFC, 0xFE, 0xFA, 0xFC, 
    0xFE, 0xFA, 0xFC, 0xFE, 0xFA, 0xFC, 0xFE, 0xFA, 0xFC, 0xFE, 0xFA, 0xFC, 
    0xFE, 0xFA, 0xFC, 0xFE, 0xFA, 0xFC, 0xFE, 0xFA, 0xFC, 0xFE, 0xFA, 0xFC, 
    0xFE, 0xFA, 0xFC, 0xFD, 0xF9, 0xFA, 0xFD, 0xF8, 0xF9, 0xFD, 0xF9, 0xF9, 
    0xFF, 0xFB, 0xFD, 0xFF, 0xFF, 0xFF, 0xFF, 0xFF, 0xFF, 0xFF, 0xFF, 0xFF, 
    0xFF, 0xFF, 0xFF, 0xFD, 0xFD, 0xFF, 0xF9, 0xF7, 0xFE, 0xF6, 0xF3, 0xF7, 
    0xF2, 0xEF, 0xF2, 0xEF, 0xEB, 0xEE, 0xEF, 0xEA, 0xEE, 0xEF, 0xEB, 0xEF, 
    0xF2, 0xEE, 0xF2, 0xF7, 0xF3, 0xF8, 0xFA, 0xF9, 0xFF, 0xFD, 0xFE, 0xFF, 
    0xFF, 0xFF, 0xFF, 0xFF, 0xFF, 0xFF, 0xFF, 0xFF, 0xFF, 0xFF, 0xFF, 0xFF, 
    0xFF, 0xFB, 0xFC, 0xFD, 0xF8, 0xF9, 0xFD, 0xF8, 0xF9, 0xFD, 0xF9, 0xFA, 
    0xFE, 0xFA, 0xFC, 0xFE, 0xFA, 0xFC, 0xFE, 0xFA, 0xFC, 0xFE, 0xFA, 0xFC, 
    0xFE, 0xFA, 0xFC, 0xFE, 0xFA, 0xFC, 0xFE, 0xFA, 0xFC, 0xFE, 0xFA, 0xFC, 
    0xFE, 0xFA, 0xFC, 0xFE, 0xFA, 0xFC, 0xFE, 0xFA, 0xFC, 0xFE, 0xFA, 0xFC, 
    0xFE, 0xFA, 0xFC, 0xFE, 0xFA, 0xFC, 0xFE, 0xFA, 0xFC, 0xFE, 0xFA, 0xFC, 
    0xFE, 0xFA, 0xFC, 0xFE, 0xFA, 0xFC, 0xFE, 0xFA, 0xFC, 0xFE, 0xFA, 0xFC, 
    0xFE, 0xFA, 0xFC, 0xFE, 0xFA, 0xFC, 0xFE, 0xFA, 0xFC, 0xFE, 0xFA, 0xFC, 
    0xFE, 0xFA, 0xFC, 0xFE, 0xFA, 0xFC, 0xFE, 0xFA, 0xFC, 0xFE, 0xFA, 0xFC, 
    0xFE, 0xFA, 0xFC, 0xFE, 0xFA, 0xFC, 0xFE, 0xFA, 0xFC, 0xFE, 0xFA, 0xFC, 
    0xFE, 0xFA, 0xFC, 0xFE, 0xFA, 0xFC, 0xFE, 0xFA, 0xFC, 0xFE, 0xFA, 0xFC, 
    0xFE, 0xFA, 0xFC, 0xFE, 0xFA, 0xFC, 0xFE, 0xFA, 0xFC, 0xFE, 0xFA, 0xFC, 
    0xFE, 0xFA, 0xFC, 0xFE, 0xFA, 0xFC, 0xFE, 0xFA, 0xFC, 0xFE, 0xFA, 0xFC, 
    0xFE, 0xFA, 0xFC, 0xFE, 0xFA, 0xFC, 0xFE, 0xFA, 0xFC, 0xFE, 0xFA, 0xFC, 
    0xFE, 0xFA, 0xFC, 0xFE, 0xFA, 0xFC, 0xFE, 0xFA, 0xFC, 0xFE, 0xFA, 0xFC, 
    0xFE, 0xFA, 0xFC, 0xFE, 0xFA, 0xFC, 0xFE, 0xFA, 0xFC, 0xFE, 0xFA, 0xFC, 
    0xFE, 0xFA, 0xFC, 0xFE, 0xFA, 0xFC, 0xFE, 0xFA, 0xFC, 0xFE, 0xFA, 0xFC, 
    0xFE, 0xFA, 0xFC, 0xFE, 0xFA, 0xFC, 0xFE, 0xFA, 0xFC, 0xFE, 0xFA, 0xFC, 
    0xFE, 0xFA, 0xFC, 0xFE, 0xFA, 0xFC, 0xFE, 0xFA, 0xFC, 0xFE, 0xFA, 0xFC, 
    0xFE, 0xFA, 0xFC, 0xFE, 0xFA, 0xFC, 0xFD, 0xF9, 0xFB, 0xFD, 0xF8, 0xF9, 
    0xFF, 0xFA, 0xFB, 0xFF, 0xFF, 0xFF, 0xFF, 0xFF, 0xFF, 0xFF, 0xFF, 0xFF, 
    0xF6, 0xF4, 0xFA, 0xEB, 0xE0, 0xDF, 0xDD, 0xC8, 0xBC, 0xCF, 0xB0, 0x95, 
    0xCB, 0xA0, 0x78, 0xC5, 0x92, 0x5A, 0xC2, 0x87, 0x42, 0xC2, 0x84, 0x35, 
    0xBE, 0x80, 0x2B, 0xBD, 0x7C, 0x25, 0xBE, 0x7A, 0x25, 0xBD, 0x7A, 0x27, 
    0xC2, 0x7F, 0x29, 0xC6, 0x83, 0x32, 0xC7, 0x86, 0x3E, 0xC7, 0x92, 0x54, 
    0xCC, 0xA1, 0x72, 0xD0, 0xB1, 0x8F, 0xDD, 0xC6, 0xB7, 0xE9, 0xDF, 0xDD, 
    0xF7, 0xF4, 0xFA, 0xFF, 0xFF, 0xFF, 0xFF, 0xFF, 0xFF, 0xFF, 0xFF, 0xFF, 
    0xFF, 0xFA, 0xFB, 0xFD, 0xF8, 0xF9, 0xFD, 0xF9, 0xFA, 0xFE, 0xFA, 0xFC, 
    0xFE, 0xFA, 0xFC, 0xFE, 0xFA, 0xFC, 0xFE, 0xFA, 0xFC, 0xFE, 0xFA, 0xFC, 
    0xFE, 0xFA, 0xFC, 0xFE, 0xFA, 0xFC, 0xFE, 0xFA, 0xFC, 0xFE, 0xFA, 0xFC, 
    0xFE, 0xFA, 0xFC, 0xFE, 0xFA, 0xFC, 0xFE, 0xFA, 0xFC, 0xFE, 0xFA, 0xFC, 
    0xFE, 0xFA, 0xFC, 0xFE, 0xFA, 0xFC, 0xFE, 0xFA, 0xFC, 0xFE, 0xFA, 0xFC, 
    0xFE, 0xFA, 0xFC, 0xFE, 0xFA, 0xFC, 0xFE, 0xFA, 0xFC, 0xFE, 0xFA, 0xFC, 
    0xFE, 0xFA, 0xFC, 0xFE, 0xFA, 0xFC, 0xFE, 0xFA, 0xFC, 0xFE, 0xFA, 0xFC, 
    0xFE, 0xFA, 0xFC, 0xFE, 0xFA, 0xFC, 0xFE, 0xFA, 0xFC, 0xFE, 0xFA, 0xFC, 
    0xFE, 0xFA, 0xFC, 0xFE, 0xFA, 0xFC, 0xFE, 0xFA, 0xFC, 0xFE, 0xFA, 0xFC, 
    0xFE, 0xFA, 0xFC, 0xFE, 0xFA, 0xFC, 0xFE, 0xFA, 0xFC, 0xFE, 0xFA, 0xFC, 
    0xFE, 0xFA, 0xFC, 0xFE, 0xFA, 0xFC, 0xFE, 0xFA, 0xFC, 0xFE, 0xFA, 0xFC, 
    0xFE, 0xFA, 0xFC, 0xFE, 0xFA, 0xFC, 0xFE, 0xFA, 0xFC, 0xFE, 0xFA, 0xFC, 
    0xFE, 0xFA, 0xFC, 0xFE, 0xFA, 0xFC, 0xFE, 0xFA, 0xFC, 0xFE, 0xFA, 0xFC, 
    0xFE, 0xFA, 0xFC, 0xFE, 0xFA, 0xFC, 0xFE, 0xFA, 0xFC, 0xFE, 0xFA, 0xFC, 
    0xFE, 0xFA, 0xFC, 0xFE, 0xFA, 0xFC, 0xFE, 0xFA, 0xFC, 0xFE, 0xFA, 0xFC, 
    0xFE, 0xFA, 0xFC, 0xFE, 0xFA, 0xFC, 0xFE, 0xFA, 0xFC, 0xFE, 0xFA, 0xFC, 
    0xFE, 0xFA, 0xFC, 0xFE, 0xFA, 0xFC, 0xFE, 0xFA, 0xFB, 0xFD, 0xF9, 0xFB, 
    0xFD, 0xF8, 0xF9, 0xFE, 0xF9, 0xFA, 0xFF, 0xFF, 0xFF, 0xFF, 0xFF, 0xFF, 
    0xFB, 0xFB, 0xFF, 0xE9, 0xE0, 0xDE, 0xD2, 0xB9, 0xA3, 0xC7, 0x9A, 0x69, 
    0xC5, 0x81, 0x34, 0xCC, 0x7A, 0x11, 0xCF, 0x76, 0x01, 0xD8, 0x7E, 0x00, 
    0xDE, 0x85, 0x00, 0xE8, 0x8F, 0x00, 0xEC, 0x93, 0x00, 0xEE, 0x96, 0x00, 
    0xF0, 0x97, 0x00, 0xF1, 0x98, 0x00, 0xF0, 0x99, 0x00, 0xF0, 0x98, 0x00, 
    0xF0, 0x97, 0x00, 0xEF, 0x97, 0x00, 0xED, 0x92, 0x00, 0xE9, 0x8F, 0x00, 
    0xE0, 0x89, 0x00, 0xD7, 0x82, 0x00, 0xD3, 0x7C, 0x00, 0xCC, 0x7E, 0x12, 
    0xC6, 0x83, 0x37, 0xC9, 0x97, 0x68, 0xD4, 0xBA, 0xA7, 0xEB, 0xE1, 0xDF, 
    0xFC, 0xFB, 0xFF, 0xFF, 0xFF, 0xFF, 0xFF, 0xFF, 0xFF, 0xFE, 0xF8, 0xFA, 
    0xFD, 0xF8, 0xFA, 0xFD, 0xF9, 0xFB, 0xFE, 0xFA, 0xFB, 0xFE, 0xFA, 0xFC, 
    0xFE, 0xFA, 0xFC, 0xFE, 0xFA, 0xFC, 0xFE, 0xFA, 0xFC, 0xFE, 0xFA, 0xFC, 
    0xFE, 0xFA, 0xFC, 0xFE, 0xFA, 0xFC, 0xFE, 0xFA, 0xFC, 0xFE, 0xFA, 0xFC, 
    0xFE, 0xFA, 0xFC, 0xFE, 0xFA, 0xFC, 0xFE, 0xFA, 0xFC, 0xFE, 0xFA, 0xFC, 
    0xFE, 0xFA, 0xFC, 0xFE, 0xFA, 0xFC, 0xFE, 0xFA, 0xFC, 0xFE, 0xFA, 0xFC, 
    0xFE, 0xFA, 0xFC, 0xFE, 0xFA, 0xFC, 0xFE, 0xFA, 0xFC, 0xFE, 0xFA, 0xFC, 
    0xFE, 0xFA, 0xFC, 0xFE, 0xFA, 0xFC, 0xFE, 0xFA, 0xFC, 0xFE, 0xFA, 0xFC, 
    0xFE, 0xFA, 0xFC, 0xFE, 0xFA, 0xFC, 0xFE, 0xFA, 0xFC, 0xFE, 0xFA, 0xFC, 
    0xFE, 0xFA, 0xFC, 0xFE, 0xFA, 0xFC, 0xFE, 0xFA, 0xFC, 0xFE, 0xFA, 0xFC, 
    0xFE, 0xFA, 0xFC, 0xFE, 0xFA, 0xFC, 0xFE, 0xFA, 0xFC, 0xFE, 0xFA, 0xFC, 
    0xFE, 0xFA, 0xFC, 0xFE, 0xFA, 0xFC, 0xFE, 0xFA, 0xFC, 0xFE, 0xFA, 0xFC, 
    0xFE, 0xFA, 0xFC, 0xFE, 0xFA, 0xFC, 0xFE, 0xFA, 0xFC, 0xFE, 0xFA, 0xFC, 
    0xFE, 0xFA, 0xFC, 0xFE, 0xFA, 0xFC, 0xFE, 0xFA, 0xFC, 0xFE, 0xFA, 0xFC, 
    0xFE, 0xFA, 0xFC, 0xFE, 0xFA, 0xFC, 0xFE, 0xFA, 0xFC, 0xFE, 0xFA, 0xFC, 
    0xFE, 0xFA, 0xFC, 0xFE, 0xFA, 0xFC, 0xFE, 0xFA, 0xFC, 0xFE, 0xFA, 0xFC, 
    0xFC, 0xF8, 0xF9, 0xFC, 0xF7, 0xF9, 0xFF, 0xFA, 0xFC, 0xFF, 0xFD, 0xFF, 
    0xFF, 0xFF, 0xFF, 0xFF, 0xFF, 0xFF, 0xE6, 0xE0, 0xE0, 0xCF, 0xB3, 0x9C, 
    0xC5, 0x87, 0x48, 0xC4, 0x76, 0x13, 0xD3, 0x7D, 0x00, 0xE3, 0x88, 0x00, 
    0xEE, 0x92, 0x00, 0xF4, 0x9B, 0x00, 0xF4, 0x9E, 0x00, 0xF2, 0xA0, 0x00, 
    0xF1, 0xA3, 0x00, 0xEF, 0xA0, 0x00, 0xF0, 0xA2, 0x00, 0xF0, 0xA3, 0x00, 
    0xEF, 0xA5, 0x01, 0xEF, 0xA6, 0x04, 0xEE, 0xA8, 0x03, 0xEE, 0xA6, 0x02, 
    0xEE, 0xA6, 0x03, 0xED, 0xA3, 0x00, 0xEE, 0xA4, 0x00, 0xEF, 0xA1, 0x00, 
    0xF1, 0xA0, 0x00, 0xF4, 0x9E, 0x00, 0xF4, 0x9D, 0x00, 0xF3, 0x9D, 0x00, 
    0xEE, 0x96, 0x00, 0xE0, 0x8B, 0x00, 0xD0, 0x7F, 0x00, 0xC6, 0x7C, 0x14, 
    0xC5, 0x8D, 0x4D, 0xD0, 0xB1, 0x97, 0xEA, 0xE0, 0xE0, 0xFF, 0xFF, 0xFF, 
    0xFF, 0xFF, 0xFF, 0xFF, 0xFC, 0xFF, 0xFF, 0xFA, 0xFC, 0xFC, 0xF7, 0xF9, 
    0xFC, 0xF8, 0xF9, 0xFE, 0xFA, 0xFC, 0xFE, 0xFA, 0xFC, 0xFE, 0xFA, 0xFC, 
    0xFE, 0xFA, 0xFC, 0xFE, 0xFA, 0xFC, 0xFE, 0xFA, 0xFC, 0xFE, 0xFA, 0xFC, 
    0xFE, 0xFA, 0xFC, 0xFE, 0xFA, 0xFC, 0xFE, 0xFA, 0xFC, 0xFE, 0xFA, 0xFC, 
    0xFE, 0xFA, 0xFC, 0xFE, 0xFA, 0xFC, 0xFE, 0xFA, 0xFC, 0xFE, 0xFA, 0xFC, 
    0xFE, 0xFA, 0xFC, 0xFE, 0xFA, 0xFC, 0xFE, 0xFA, 0xFC, 0xFE, 0xFA, 0xFC, 
    0xFE, 0xFA, 0xFC, 0xFE, 0xFA, 0xFC, 0xFE, 0xFA, 0xFC, 0xFE, 0xFA, 0xFC, 
    0xFE, 0xFA, 0xFC, 0xFE, 0xFA, 0xFC, 0xFE, 0xFA, 0xFC, 0xFE, 0xFA, 0xFC, 
    0xFE, 0xFA, 0xFC, 0xFE, 0xFA, 0xFC, 0xFE, 0xFA, 0xFC, 0xFE, 0xFA, 0xFC, 
    0xFE, 0xFA, 0xFC, 0xFE, 0xFA, 0xFC, 0xFE, 0xFA, 0xFC, 0xFE, 0xFA, 0xFC, 
    0xFE, 0xFA, 0xFC, 0xFE, 0xFA, 0xFC, 0xFE, 0xFA, 0xFC, 0xFE, 0xFA, 0xFC, 
    0xFE, 0xFA, 0xFC, 0xFE, 0xFA, 0xFC, 0xFE, 0xFA, 0xFC, 0xFE, 0xFA, 0xFC, 
    0xFE, 0xFA, 0xFC, 0xFE, 0xFA, 0xFC, 0xFE, 0xFA, 0xFC, 0xFE, 0xFA, 0xFC, 
    0xFE, 0xFA, 0xFC, 0xFE, 0xFA, 0xFC, 0xFE, 0xFA, 0xFC, 0xFE, 0xFA, 0xFC, 
    0xFE, 0xFA, 0xFC, 0xFE, 0xFA, 0xFC, 0xFD, 0xF9, 0xFB, 0xFD, 0xF9, 0xFB, 
    0xFF, 0xFF, 0xFF, 0xFF, 0xFF, 0xFF, 0xFC, 0xFB, 0xFC, 0xF4, 0xF0, 0xEE, 
    0xE2, 0xCD, 0xC0, 0xCB, 0x9B, 0x66, 0xC8, 0x7D, 0x19, 0xDA, 0x80, 0x00, 
    0xE9, 0x87, 0x00, 0xF2, 0x98, 0x00, 0xF4, 0xA0, 0x00, 0xF2, 0xA0, 0x00, 
    0xEF, 0xA7, 0x04, 0xEF, 0xAD, 0x0C, 0xEF, 0xB7, 0x19, 0xF1, 0xC3, 0x27, 
    0xF3, 0xCB, 0x35, 0xF3, 0xD0, 0x42, 0xF5, 0xD5, 0x48, 0xF6, 0xD8, 0x46, 
    0xF6, 0xDB, 0x4F, 0xF7, 0xDD, 0x57, 0xF7, 0xDD, 0x54, 0xF7, 0xDD, 0x53, 
    0xF7, 0xDD, 0x55, 0xF6, 0xD9, 0x4D, 0xF5, 0xD7, 0x48, 0xF3, 0xCF, 0x42, 
    0xF2, 0xCA, 0x3B, 0xF3, 0xC3, 0x2C, 0xF0, 0xB5, 0x1C, 0xEE, 0xAD, 0x11, 
    0xEE, 0xA9, 0x05, 0xF2, 0xA3, 0x00, 0xF4, 0x9E, 0x00, 0xF4, 0x9A, 0x00, 
    0xEA, 0x90, 0x00, 0xDE, 0x88, 0x00, 0xCD, 0x83, 0x14, 0xC2, 0x97, 0x6A, 
    0xDC, 0xCE, 0xC3, 0xF5, 0xF3, 0xF1, 0xFB, 0xFA, 0xFC, 0xFF, 0xFF, 0xFF, 
    0xFF, 0xFF, 0xFF, 0xFE, 0xF9, 0xFB, 0xFD, 0xF9, 0xFB, 0xFE, 0xFA, 0xFC, 
    0xFE, 0xFA, 0xFC, 0xFE, 0xFA, 0xFC, 0xFE, 0xFA, 0xFC, 0xFE, 0xFA, 0xFC, 
    0xFE, 0xFA, 0xFC, 0xFE, 0xFA, 0xFC, 0xFE, 0xFA, 0xFC, 0xFE, 0xFA, 0xFC, 
    0xFE, 0xFA, 0xFC, 0xFE, 0xFA, 0xFC, 0xFE, 0xFA, 0xFC, 0xFE, 0xFA, 0xFC, 
    0xFE, 0xFA, 0xFC, 0xFE, 0xFA, 0xFC, 0xFE, 0xFA, 0xFC, 0xFE, 0xFA, 0xFC, 
    0xFE, 0xFA, 0xFC, 0xFE, 0xFA, 0xFC, 0xFE, 0xFA, 0xFC, 0xFE, 0xFA, 0xFC, 
    0xFE, 0xFA, 0xFC, 0xFE, 0xFA, 0xFC, 0xFE, 0xFA, 0xFC, 0xFE, 0xFA, 0xFC, 
    0xFE, 0xFA, 0xFC, 0xFE, 0xFA, 0xFC, 0xFE, 0xFA, 0xFC, 0xFE, 0xFA, 0xFC, 
    0xFE, 0xFA, 0xFC, 0xFE, 0xFA, 0xFC, 0xFE, 0xFA, 0xFC, 0xFE, 0xFA, 0xFC, 
    0xFE, 0xFA, 0xFC, 0xFE, 0xFA, 0xFC, 0xFE, 0xFA, 0xFC, 0xFE, 0xFA, 0xFC, 
    0xFE, 0xFA, 0xFC, 0xFE, 0xFA, 0xFC, 0xFE, 0xFA, 0xFC, 0xFE, 0xFA, 0xFC, 
    0xFE, 0xFA, 0xFC, 0xFE, 0xFA, 0xFC, 0xFE, 0xFA, 0xFC, 0xFE, 0xFA, 0xFC, 
    0xFE, 0xFA, 0xFC, 0xFE, 0xFA, 0xFC, 0xFE, 0xFA, 0xFC, 0xFE, 0xFA, 0xFC, 
    0xFE, 0xFA, 0xFC, 0xFD, 0xF8, 0xFA, 0xFF, 0xFE, 0xFF, 0xFF, 0xFF, 0xFF, 
    0xD2, 0xC6, 0xBF, 0x9D, 0x7B, 0x6C, 0x83, 0x4A, 0x35, 0x75, 0x35, 0x22, 
    0x6B, 0x1D, 0x07, 0x7E, 0x27, 0x00, 0xAA, 0x4C, 0x08, 0xD4, 0x7B, 0x01, 
    0xEF, 0xA7, 0x04, 0xEF, 0xB5, 0x13, 0xF2, 0xC4, 0x25, 0xF4, 0xD1, 0x41, 
    0xF6, 0xDC, 0x54, 0xF8, 0xE2, 0x60, 0xF8, 0xE4, 0x67, 0xF9, 0xE5, 0x6A, 
    0xF9, 0xE5, 0x6B, 0xF9, 0xE4, 0x6A, 0xF8, 0xE3, 0x68, 0xF8, 0xE2, 0x68, 
    0xF8, 0xE2, 0x68, 0xF8, 0xE2, 0x67, 0xF8, 0xE2, 0x67, 0xF8, 0xE2, 0x68, 
    0xF8, 0xE2, 0x68, 0xF8, 0xE3, 0x69, 0xF9, 0xE3, 0x69, 0xF9, 0xE4, 0x6A, 
    0xF9, 0xE5, 0x6A, 0xF9, 0xE5, 0x6B, 0xF8, 0xE5, 0x68, 0xF8, 0xE2, 0x62, 
    0xF6, 0xDC, 0x54, 0xF4, 0xD1, 0x3F, 0xF1, 0xC2, 0x2A, 0xF1, 0xB3, 0x16, 
    0xEF, 0xA4, 0x06, 0xD5, 0x7F, 0x04, 0xA7, 0x4F, 0x05, 0x7A, 0x22, 0x00, 
    0x69, 0x1B, 0x0A, 0x71, 0x36, 0x25, 0x80, 0x4C, 0x38, 0x9D, 0x7C, 0x6F, 
    0xD2, 0xC6, 0xC1, 0xFF, 0xFF, 0xFF, 0xFF, 0xFE, 0xFF, 0xFD, 0xF8, 0xFA, 
    0xFE, 0xFA, 0xFC, 0xFE, 0xFA, 0xFC, 0xFE, 0xFA, 0xFC, 0xFE, 0xFA, 0xFC, 
    0xFE, 0xFA, 0xFC, 0xFE, 0xFA, 0xFC, 0xFE, 0xFA, 0xFC, 0xFE, 0xFA, 0xFC, 
    0xFE, 0xFA, 0xFC, 0xFE, 0xFA, 0xFC, 0xFE, 0xFA, 0xFC, 0xFE, 0xFA, 0xFC, 
    0xFE, 0xFA, 0xFC, 0xFE, 0xFA, 0xFC, 0xFE, 0xFA, 0xFC, 0xFE, 0xFA, 0xFC, 
    0xFE, 0xFA, 0xFC, 0xFE, 0xFA, 0xFC, 0xFE, 0xFA, 0xFC, 0xFE, 0xFA, 0xFC, 
    0xFE, 0xFA, 0xFC, 0xFE, 0xFA, 0xFC, 0xFE, 0xFA, 0xFC, 0xFE, 0xFA, 0xFC, 
    0xFE, 0xFA, 0xFC, 0xFE, 0xFA, 0xFC, 0xFE, 0xFA, 0xFC, 0xFE, 0xFA, 0xFC, 
    0xFE, 0xFA, 0xFC, 0xFE, 0xFA, 0xFC, 0xFE, 0xFA, 0xFC, 0xFE, 0xFA, 0xFC, 
    0xFE, 0xFA, 0xFC, 0xFE, 0xFA, 0xFC, 0xFE, 0xFA, 0xFC, 0xFE, 0xFA, 0xFC, 
    0xFE, 0xFA, 0xFC, 0xFE, 0xFA, 0xFC, 0xFE, 0xFA, 0xFC, 0xFE, 0xFA, 0xFC, 
    0xFE, 0xFA, 0xFC, 0xFE, 0xFA, 0xFC, 0xFE, 0xFA, 0xFC, 0xFE, 0xFA, 0xFC, 
    0xFE, 0xFA, 0xFC, 0xFE, 0xFA, 0xFC, 0xFE, 0xFA, 0xFC, 0xFE, 0xFA, 0xFC, 
    0xFD, 0xF8, 0xFA, 0xFF, 0xFF, 0xFF, 0xEA, 0xE7, 0xE4, 0x91, 0x69, 0x57, 
    0x61, 0x16, 0x00, 0x5D, 0x07, 0x00, 0x6F, 0x17, 0x00, 0x90, 0x37, 0x01, 
    0xAE, 0x54, 0x05, 0xBB, 0x63, 0x03, 0xBC, 0x71, 0x14, 0xC3, 0x90, 0x3F, 
    0xF4, 0xD9, 0x57, 0xF9, 0xE4, 0x63, 0xF9, 0xE4, 0x6A, 0xF9, 0xE4, 0x6B, 
    0xF8, 0xE2, 0x68, 0xF8, 0xE1, 0x65, 0xF8, 0xE0, 0x64, 0xF8, 0xE0, 0x62, 
    0xF8, 0xE0, 0x61, 0xF8, 0xE0, 0x63, 0xF8, 0xE1, 0x64, 0xF8, 0xE1, 0x64, 
    0xF8, 0xE1, 0x64, 0xF8, 0xE1, 0x64, 0xF8, 0xE1, 0x63, 0xF8, 0xE1, 0x64, 
    0xF8, 0xE1, 0x63, 0xF8, 0xE1, 0x63, 0xF8, 0xE1, 0x63, 0xF8, 0xE0, 0x64, 
    0xF8, 0xE0, 0x64, 0xF8, 0xE0, 0x64, 0xF8, 0xE0, 0x64, 0xF8, 0xE1, 0x66, 
    0xF8, 0xE2, 0x68, 0xF9, 0xE4, 0x6A, 0xF9, 0xE5, 0x6B, 0xF9, 0xE4, 0x63, 
    0xF3, 0xD7, 0x58, 0xC4, 0x92, 0x44, 0xB9, 0x6C, 0x0E, 0xBD, 0x68, 0x04, 
    0xAD, 0x57, 0x04, 0x8E, 0x38, 0x03, 0x71, 0x19, 0x00, 0x61, 0x08, 0x00, 
    0x67, 0x16, 0x00, 0x90, 0x68, 0x57, 0xEA, 0xE7, 0xE5, 0xFF, 0xFF, 0xFF, 
    0xFD, 0xF8, 0xFA, 0xFE, 0xFA, 0xFC, 0xFE, 0xFA, 0xFC, 0xFE, 0xFA, 0xFC, 
    0xFE, 0xFA, 0xFC, 0xFE, 0xFA, 0xFC, 0xFE, 0xFA, 0xFC, 0xFE, 0xFA, 0xFC, 
    0xFE, 0xFA, 0xFC, 0xFE, 0xFA, 0xFC, 0xFE, 0xFA, 0xFC, 0xFE, 0xFA, 0xFC, 
    0xFE, 0xFA, 0xFC, 0xFE, 0xFA, 0xFC, 0xFE, 0xFA, 0xFC, 0xFE, 0xFA, 0xFC, 
    0xFE, 0xFA, 0xFC, 0xFE, 0xFA, 0xFC, 0xFE, 0xFA, 0xFC, 0xFE, 0xFA, 0xFC, 
    0xFE, 0xFA, 0xFC, 0xFE, 0xFA, 0xFC, 0xFE, 0xFA, 0xFC, 0xFE, 0xFA, 0xFC, 
    0xFE, 0xFA, 0xFC, 0xFE, 0xFA, 0xFC, 0xFE, 0xFA, 0xFC, 0xFE, 0xFA, 0xFC, 
    0xFE, 0xFA, 0xFC, 0xFE, 0xFA, 0xFC, 0xFE, 0xFA, 0xFC, 0xFE, 0xFA, 0xFC, 
    0xFE, 0xFA, 0xFC, 0xFE, 0xFA, 0xFC, 0xFE, 0xFA, 0xFC, 0xFE, 0xFA, 0xFC, 
    0xFE, 0xFA, 0xFC, 0xFE, 0xFA, 0xFC, 0xFE, 0xFA, 0xFC, 0xFE, 0xFA, 0xFC, 
    0xFE, 0xFA, 0xFC, 0xFE, 0xFA, 0xFC, 0xFE, 0xFA, 0xFC, 0xFE, 0xFA, 0xFC, 
    0xFE, 0xFA, 0xFC, 0xFE, 0xFA, 0xFC, 0xFE, 0xFA, 0xFC, 0xFC, 0xF7, 0xF9, 
    0xFF, 0xFD, 0xFE, 0xE6, 0xE3, 0xE0, 0x74, 0x49, 0x34, 0x61, 0x0E, 0x00, 
    0x79, 0x24, 0x08, 0xA7, 0x59, 0x0C, 0xDC, 0x89, 0x05, 0xF2, 0x9A, 0x00, 
    0xF6, 0xAD, 0x05, 0xF9, 0xCD, 0x2B, 0xFE, 0xE5, 0x4C, 0xFF, 0xEC, 0x68, 
    0xF9, 0xE2, 0x67, 0xF8, 0xE0, 0x65, 0xF8, 0xE0, 0x62, 0xF8, 0xE0, 0x60, 
    0xF8, 0xE1, 0x61, 0xF8, 0xE1, 0x62, 0xF8, 0xE1, 0x60, 0xF8, 0xE0, 0x5B, 
    0xF8, 0xE0, 0x5A, 0xF8, 0xE0, 0x5D, 0xF8, 0xE1, 0x5E, 0xF8, 0xE1, 0x5F, 
    0xF8, 0xE1, 0x5F, 0xF8, 0xE1, 0x61, 0xF8, 0xE1, 0x63, 0xF8, 0xE1, 0x62, 
    0xF8, 0xE1, 0x60, 0xF8, 0xE1, 0x5F, 0xF8, 0xE1, 0x5C, 0xF8, 0xE0, 0x5E, 
    0xF8, 0xE0, 0x5E, 0xF8, 0xE0, 0x5C, 0xF8, 0xE0, 0x5D, 0xF8, 0xE0, 0x5D, 
    0xF8, 0xE0, 0x5D, 0xF8, 0xE0, 0x60, 0xF8, 0xE0, 0x61, 0xF8, 0xE0, 0x61, 
    0xF9, 0xE3, 0x63, 0xFF, 0xEC, 0x64, 0xFF, 0xE3, 0x46, 0xFA, 0xD0, 0x27, 
    0xF3, 0xB3, 0x0D, 0xEF, 0xA2, 0x00, 0xD9, 0x8C, 0x07, 0xAB, 0x5D, 0x0B, 
    0x7D, 0x27, 0x07, 0x60, 0x09, 0x00, 0x79, 0x40, 0x2D, 0xEA, 0xE2, 0xDF, 
    0xFF, 0xFE, 0xFE, 0xFC, 0xF7, 0xF8, 0xFE, 0xFA, 0xFC, 0xFE, 0xFA, 0xFC, 
    0xFE, 0xFA, 0xFC, 0xFE, 0xFA, 0xFC, 0xFE, 0xFA, 0xFC, 0xFE, 0xFA, 0xFC, 
    0xFE, 0xFA, 0xFC, 0xFE, 0xFA, 0xFC, 0xFE, 0xFA, 0xFC, 0xFE, 0xFA, 0xFC, 
    0xFE, 0xFA, 0xFC, 0xFE, 0xFA, 0xFC, 0xFE, 0xFA, 0xFC, 0xFE, 0xFA, 0xFC, 
    0xFE, 0xFA, 0xFC, 0xFE, 0xFA, 0xFC, 0xFE, 0xFA, 0xFC, 0xFE, 0xFA, 0xFC, 
    0xFE, 0xFA, 0xFC, 0xFE, 0xFA, 0xFC, 0xFE, 0xFA, 0xFC, 0xFE, 0xFA, 0xFC, 
    0xFE, 0xFA, 0xFC, 0xFE, 0xFA, 0xFC, 0xFE, 0xFA, 0xFC, 0xFE, 0xFA, 0xFC, 
    0xFE, 0xFA, 0xFC, 0xFE, 0xFA, 0xFC, 0xFE, 0xFA, 0xFC, 0xFE, 0xFA, 0xFC, 
    0xFE, 0xFA, 0xFC, 0xFE, 0xFA, 0xFC, 0xFE, 0xFA, 0xFC, 0xFE, 0xFA, 0xFC, 
    0xFE, 0xFA, 0xFC, 0xFE, 0xFA, 0xFC, 0xFE, 0xFA, 0xFC, 0xFE, 0xFA, 0xFC, 
    0xFE, 0xFA, 0xFC, 0xFE, 0xFA, 0xFC, 0xFE, 0xFA, 0xFC, 0xFE, 0xFA, 0xFC, 
    0xFE, 0xFA, 0xFC, 0xFE, 0xFA, 0xFC, 0xFD, 0xF8, 0xF9, 0xFF, 0xFE, 0xFF, 
    0xF6, 0xF8, 0xFC, 0x83, 0x59, 0x46, 0x67, 0x10, 0x00, 0x9A, 0x44, 0x12, 
    0xDC, 0x8C, 0x06, 0xF5, 0xA1, 0x01, 0xF2, 0xA4, 0x00, 0xF1, 0xC0, 0x21, 
    0xF4, 0xD9, 0x44, 0xF7, 0xE3, 0x5D, 0xF6, 0xE0, 0x5E, 0xF6, 0xDE, 0x62, 
    0xF7, 0xE0, 0x65, 0xF8, 0xE0, 0x5F, 0xF8, 0xDF, 0x55, 0xF8, 0xE0, 0x53, 
    0xF8, 0xE0, 0x54, 0xF8, 0xE0, 0x54, 0xF8, 0xE0, 0x52, 0xF8, 0xE0, 0x51, 
    0xF8, 0xE0, 0x53, 0xF8, 0xDF, 0x51, 0xF8, 0xE0, 0x4F, 0xF8, 0xE0, 0x51, 
    0xF8, 0xE0, 0x51, 0xF8, 0xE0, 0x53, 0xF8, 0xE0, 0x54, 0xF8, 0xE0, 0x53, 
    0xF8, 0xE0, 0x4F, 0xF8, 0xDF, 0x4F, 0xF8, 0xDF, 0x4E, 0xF8, 0xDF, 0x4D, 
    0xF8, 0xDF, 0x4D, 0xF8, 0xDF, 0x4C, 0xF8, 0xDF, 0x4C, 0xF8, 0xDF, 0x4C, 
    0xF8, 0xDF, 0x4D, 0xF8, 0xDF, 0x4E, 0xF8, 0xDF, 0x52, 0xF8, 0xDF, 0x52, 
    0xF7, 0xDF, 0x52, 0xF6, 0xDD, 0x51, 0xF6, 0xDE, 0x51, 0xF6, 0xE0, 0x50, 
    0xF4, 0xDA, 0x47, 0xF2, 0xC4, 0x1D, 0xF3, 0xA8, 0x02, 0xF6, 0xA6, 0x00, 
    0xDE, 0x8D, 0x05, 0x9A, 0x47, 0x0E, 0x65, 0x09, 0x00, 0x87, 0x51, 0x3D, 
    0xF7, 0xF7, 0xF9, 0xFF, 0xFF, 0xFF, 0xFD, 0xF8, 0xF8, 0xFE, 0xFA, 0xFC, 
    0xFE, 0xFA, 0xFC, 0xFE, 0xFA, 0xFC, 0xFE, 0xFA, 0xFC, 0xFE, 0xFA, 0xFC, 
    0xFE, 0xFA, 0xFC, 0xFE, 0xFA, 0xFC, 0xFE, 0xFA, 0xFC, 0xFE, 0xFA, 0xFC, 
    0xFE, 0xFA, 0xFC, 0xFE, 0xFA, 0xFC, 0xFE, 0xFA, 0xFC, 0xFE, 0xFA, 0xFC, 
    0xFE, 0xFA, 0xFC, 0xFE, 0xFA, 0xFC, 0xFE, 0xFA, 0xFC, 0xFE, 0xFA, 0xFC, 
    0xFE, 0xFA, 0xFC, 0xFE, 0xFA, 0xFC, 0xFE, 0xFA, 0xFC, 0xFE, 0xFA, 0xFC, 
    0xFE, 0xFA, 0xFC, 0xFE, 0xFA, 0xFC, 0xFE, 0xFA, 0xFC, 0xFE, 0xFA, 0xFC, 
    0xFE, 0xFA, 0xFC, 0xFE, 0xFA, 0xFC, 0xFE, 0xFA, 0xFC, 0xFE, 0xFA, 0xFC, 
    0xFE, 0xFA, 0xFC, 0xFE, 0xFA, 0xFC, 0xFE, 0xFA, 0xFC, 0xFE, 0xFA, 0xFC, 
    0xFE, 0xFA, 0xFC, 0xFE, 0xFA, 0xFC, 0xFE, 0xFA, 0xFC, 0xFE, 0xFA, 0xFC, 
    0xFE, 0xFA, 0xFC, 0xFE, 0xFA, 0xFC, 0xFE, 0xFA, 0xFC, 0xFE, 0xFA, 0xFC, 
    0xFE, 0xFA, 0xFC, 0xFD, 0xF8, 0xF9, 0xFF, 0xFF, 0xFF, 0xF0, 0xEB, 0xE6, 
    0x9B, 0x72, 0x5A, 0x64, 0x11, 0x00, 0xA1, 0x4C, 0x14, 0xEF, 0x9D, 0x07, 
    0xF0, 0xA5, 0x00, 0xEA, 0xB0, 0x0A, 0xF2, 0xD6, 0x35, 0xF7, 0xE2, 0x4A, 
    0xF9, 0xDC, 0x3C, 0xFA, 0xD9, 0x35, 0xFC, 0xDD, 0x38, 0xFC, 0xE1, 0x40, 
    0xFA, 0xE1, 0x4C, 0xF6, 0xE1, 0x51, 0xF6, 0xDF, 0x50, 0xF8, 0xDE, 0x4C, 
    0xF8, 0xDF, 0x4D, 0xF8, 0xDF, 0x4D, 0xF8, 0xDE, 0x4B, 0xF8, 0xDD, 0x4C, 
    0xF8, 0xDD, 0x4A, 0xF8, 0xDD, 0x4B, 0xF8, 0xDD, 0x4A, 0xF8, 0xDE, 0x4A, 
    0xF8, 0xDD, 0x4C, 0xF8, 0xDD, 0x4D, 0xF8, 0xDD, 0x4B, 0xF8, 0xDE, 0x4C, 
    0xF8, 0xDD, 0x4C, 0xF8, 0xDD, 0x4A, 0xF8, 0xDD, 0x4B, 0xF8, 0xDD, 0x4B, 
    0xF7, 0xDD, 0x4B, 0xF8, 0xDD, 0x4B, 0xF8, 0xDE, 0x4B, 0xF8, 0xDF, 0x4B, 
    0xF8, 0xDD, 0x49, 0xF7, 0xDD, 0x4A, 0xF7, 0xDF, 0x4F, 0xF6, 0xDE, 0x46, 
    0xF9, 0xDE, 0x3B, 0xFA, 0xDC, 0x37, 0xFB, 0xDC, 0x37, 0xFC, 0xDC, 0x37, 
    0xFB, 0xDD, 0x3B, 0xF6, 0xDE, 0x3C, 0xF3, 0xD6, 0x35, 0xEF, 0xB4, 0x13, 
    0xF3, 0x9C, 0x00, 0xF1, 0x9F, 0x02, 0x9F, 0x50, 0x0D, 0x63, 0x0B, 0x00, 
    0x9F, 0x6A, 0x51, 0xF1, 0xE7, 0xE0, 0xFF, 0xFF, 0xFF, 0xFD, 0xF8, 0xF9, 
    0xFE, 0xFA, 0xFC, 0xFE, 0xFA, 0xFC, 0xFE, 0xFA, 0xFC, 0xFE, 0xFA, 0xFC, 
    0xFE, 0xFA, 0xFC, 0xFE, 0xFA, 0xFC, 0xFE, 0xFA, 0xFC, 0xFE, 0xFA, 0xFC, 
    0xFE, 0xFA, 0xFC, 0xFE, 0xFA, 0xFC, 0xFE, 0xFA, 0xFC, 0xFE, 0xFA, 0xFC, 
    0xFE, 0xFA, 0xFC, 0xFE, 0xFA, 0xFC, 0xFE, 0xFA, 0xFC, 0xFE, 0xFA, 0xFC, 
    0xFE, 0xFA, 0xFC, 0xFE, 0xFA, 0xFC, 0xFE, 0xFA, 0xFC, 0xFE, 0xFA, 0xFC, 
    0xFE, 0xFA, 0xFC, 0xFE, 0xFA, 0xFC, 0xFE, 0xFA, 0xFC, 0xFE, 0xFA, 0xFC, 
    0xFE, 0xFA, 0xFC, 0xFE, 0xFA, 0xFC, 0xFE, 0xFA, 0xFC, 0xFE, 0xFA, 0xFC, 
    0xFE, 0xFA, 0xFC, 0xFE, 0xFA, 0xFC, 0xFE, 0xFA, 0xFC, 0xFE, 0xFA, 0xFC, 
    0xFE, 0xFA, 0xFC, 0xFE, 0xFA, 0xFC, 0xFE, 0xFA, 0xFC, 0xFE, 0xFA, 0xFC, 
    0xFE, 0xFA, 0xFC, 0xFE, 0xFA, 0xFC, 0xFE, 0xFA, 0xFC, 0xFD, 0xF9, 0xFB, 
    0xFE, 0xF9, 0xF9, 0xFF, 0xFF, 0xFF, 0xDC, 0xC9, 0xBE, 0xBD, 0x76, 0x24, 
    0x80, 0x2B, 0x03, 0x92, 0x3C, 0x0D, 0xED, 0x9A, 0x09, 0xEF, 0xA3, 0x00, 
    0xEC, 0xC5, 0x0A, 0xF6, 0xD7, 0x1D, 0xFF, 0xCD, 0x14, 0xF5, 0xB6, 0x0A, 
    0xDD, 0x9F, 0x0A, 0xC8, 0x8A, 0x07, 0xC3, 0x83, 0x07, 0xD2, 0x94, 0x07, 
    0xE7, 0xAC, 0x0C, 0xFD, 0xC6, 0x14, 0xFF, 0xD6, 0x26, 0xF8, 0xDE, 0x43, 
    0xF7, 0xDE, 0x4C, 0xF8, 0xDD, 0x49, 0xF8, 0xDC, 0x45, 0xF7, 0xDC, 0x44, 
    0xF7, 0xDB, 0x45, 0xF7, 0xDB, 0x44, 0xF7, 0xDB, 0x43, 0xF7, 0xDC, 0x46, 
    0xF7, 0xDC, 0x46, 0xF7, 0xDC, 0x46, 0xF8, 0xDC, 0x44, 0xF7, 0xDB, 0x43, 
    0xF8, 0xDC, 0x44, 0xF7, 0xDB, 0x41, 0xF7, 0xDB, 0x3F, 0xF7, 0xDB, 0x3F, 
    0xF7, 0xDB, 0x41, 0xF7, 0xDA, 0x40, 0xF8, 0xDC, 0x46, 0xF8, 0xDD, 0x47, 
    0xF7, 0xDE, 0x4A, 0xF7, 0xDE, 0x46, 0xFB, 0xD7, 0x25, 0xF9, 0xC4, 0x0F, 
    0xE2, 0xAA, 0x0A, 0xCC, 0x90, 0x08, 0xC4, 0x87, 0x0A, 0xC9, 0x8D, 0x0B, 
    0xE0, 0xA1, 0x0B, 0xF1, 0xB1, 0x02, 0xFB, 0xC8, 0x0F, 0xF7, 0xD8, 0x21, 
    0xF0, 0xC3, 0x1C, 0xF1, 0xA0, 0x01, 0xEC, 0x9D, 0x03, 0x90, 0x40, 0x08, 
    0x7C, 0x24, 0x00, 0xC1, 0x7B, 0x1E, 0xDB, 0xC8, 0xBB, 0xFF, 0xFF, 0xFF, 
    0xFD, 0xF9, 0xF9, 0xFE, 0xF9, 0xFB, 0xFE, 0xFA, 0xFC, 0xFE, 0xFA, 0xFC, 
    0xFE, 0xFA, 0xFC, 0xFE, 0xFA, 0xFC, 0xFE, 0xFA, 0xFC, 0xFE, 0xFA, 0xFC, 
    0xFE, 0xFA, 0xFC, 0xFE, 0xFA, 0xFC, 0xFE, 0xFA, 0xFC, 0xFE, 0xFA, 0xFC, 
    0xFE, 0xFA, 0xFC, 0xFE, 0xFA, 0xFC, 0xFE, 0xFA, 0xFC, 0xFE, 0xFA, 0xFC, 
    0xFE, 0xFA, 0xFC, 0xFE, 0xFA, 0xFC, 0xFE, 0xFA, 0xFC, 0xFE, 0xFA, 0xFC, 
    0xFE, 0xFA, 0xFC, 0xFE, 0xFA, 0xFC, 0xFE, 0xFA, 0xFC, 0xFE, 0xFA, 0xFC, 
    0xFE, 0xFA, 0xFC, 0xFE, 0xFA, 0xFC, 0xFE, 0xFA, 0xFC, 0xFE, 0xFA, 0xFC, 
    0xFE, 0xFA, 0xFC, 0xFE, 0xFA, 0xFC, 0xFE, 0xFA, 0xFC, 0xFE, 0xFA, 0xFC, 
    0xFE, 0xFA, 0xFC, 0xFE, 0xFA, 0xFC, 0xFE, 0xFA, 0xFC, 0xFE, 0xFA, 0xFC, 
    0xFE, 0xFA, 0xFC, 0xFE, 0xFA, 0xFC, 0xFD, 0xF9, 0xFB, 0xFE, 0xFB, 0xFB, 
    0xFF, 0xFF, 0xFF, 0xCC, 0xB1, 0x9A, 0xC6, 0x73, 0x0B, 0xDA, 0x81, 0x00, 
    0x83, 0x2D, 0x11, 0xD4, 0x83, 0x03, 0xF0, 0xAD, 0x00, 0xEF, 0xCA, 0x0D, 
    0xF5, 0xC7, 0x07, 0xEA, 0xA3, 0x0C, 0x9B, 0x64, 0x0D, 0x45, 0x28, 0x03, 
    0x16, 0x08, 0x01, 0x0D, 0x03, 0x06, 0x0F, 0x04, 0x09, 0x11, 0x02, 0x01, 
    0x22, 0x0F, 0x00, 0x5A, 0x34, 0x00, 0xB6, 0x7E, 0x06, 0xF2, 0xC3, 0x0E, 
    0xFA, 0xDB, 0x28, 0xF6, 0xDB, 0x36, 0xF7, 0xDB, 0x32, 0xF7, 0xDB, 0x31, 
    0xF7, 0xDB, 0x30, 0xF7, 0xDB, 0x2F, 0xF7, 0xDB, 0x33, 0xF7, 0xDB, 0x32, 
    0xF7, 0xDB, 0x33, 0xF7, 0xDB, 0x31, 0xF7, 0xDB, 0x30, 0xF7, 0xDA, 0x2C, 
    0xF7, 0xDA, 0x2D, 0xF7, 0xDB, 0x2F, 0xF7, 0xDA, 0x2D, 0xF7, 0xDA, 0x2F, 
    0xF7, 0xDB, 0x31, 0xF7, 0xDA, 0x2E, 0xF7, 0xDB, 0x35, 0xF6, 0xDB, 0x38, 
    0xF9, 0xD9, 0x28, 0xF8, 0xBF, 0x10, 0xBB, 0x7B, 0x0C, 0x63, 0x3A, 0x02, 
    0x24, 0x0F, 0x01, 0x0F, 0x03, 0x03, 0x0E, 0x04, 0x08, 0x0E, 0x03, 0x06, 
    0x19, 0x09, 0x02, 0x44, 0x28, 0x01, 0x99, 0x67, 0x06, 0xEA, 0xA4, 0x04, 
    0xF9, 0xCC, 0x11, 0xF0, 0xC9, 0x0F, 0xF6, 0xAF, 0x00, 0xD4, 0x87, 0x05, 
    0x7F, 0x2B, 0x0D, 0xD8, 0x87, 0x00, 0xCD, 0x7C, 0x08, 0xCE, 0xAF, 0x98, 
    0xFC, 0xFE, 0xFF, 0xFE, 0xFA, 0xFB, 0xFD, 0xF9, 0xFB, 0xFE, 0xFA, 0xFC, 
    0xFE, 0xFA, 0xFC, 0xFE, 0xFA, 0xFC, 0xFE, 0xFA, 0xFC, 0xFE, 0xFA, 0xFC, 
    0xFE, 0xFA, 0xFC, 0xFE, 0xFA, 0xFC, 0xFE, 0xFA, 0xFC, 0xFE, 0xFA, 0xFC, 
    0xFE, 0xFA, 0xFC, 0xFE, 0xFA, 0xFC, 0xFE, 0xFA, 0xFC, 0xFE, 0xFA, 0xFC, 
    0xFE, 0xFA, 0xFC, 0xFE, 0xFA, 0xFC, 0xFE, 0xFA, 0xFC, 0xFE, 0xFA, 0xFC, 
    0xFE, 0xFA, 0xFC, 0xFE, 0xFA, 0xFC, 0xFE, 0xFA, 0xFC, 0xFE, 0xFA, 0xFC, 
    0xFE, 0xFA, 0xFC, 0xFE, 0xFA, 0xFC, 0xFE, 0xFA, 0xFC, 0xFE, 0xFA, 0xFC, 
    0xFE, 0xFA, 0xFC, 0xFE, 0xFA, 0xFC, 0xFE, 0xFA, 0xFC, 0xFE, 0xFA, 0xFC, 
    0xFE, 0xFA, 0xFC, 0xFE, 0xFA, 0xFC, 0xFE, 0xFA, 0xFC, 0xFE, 0xFA, 0xFC, 
    0xFE, 0xFA, 0xFC, 0xFD, 0xF9, 0xFA, 0xFF, 0xFC, 0xFC, 0xFC, 0xFB, 0xFE, 
    0xC6, 0xA1, 0x7C, 0xC8, 0x71, 0x00, 0xF8, 0x9D, 0x00, 0xD2, 0x84, 0x08, 
    0x9B, 0x47, 0x08, 0xF2, 0xB9, 0x00, 0xEF, 0xCE, 0x02, 0xF8, 0xBE, 0x03, 
    0xBC, 0x7C, 0x0C, 0x2F, 0x19, 0x05, 0x05, 0x05, 0x15, 0x37, 0x41, 0x4F, 
    0x6A, 0x7A, 0x87, 0x8A, 0x9F, 0xAE, 0x94, 0xA7, 0xB4, 0x82, 0x94, 0x9F, 
    0x5D, 0x6A, 0x77, 0x25, 0x2D, 0x3C, 0x09, 0x02, 0x0B, 0x4E, 0x33, 0x03, 
    0xD4, 0xA5, 0x04, 0xFB, 0xD7, 0x0E, 0xF5, 0xD7, 0x1B, 0xF7, 0xD9, 0x25, 
    0xF7, 0xDA, 0x29, 0xF7, 0xDA, 0x26, 0xF7, 0xD9, 0x22, 0xF7, 0xD9, 0x21, 
    0xF7, 0xD9, 0x21, 0xF7, 0xD9, 0x22, 0xF7, 0xD9, 0x22, 0xF7, 0xDA, 0x2C, 
    0xF7, 0xDA, 0x29, 0xF7, 0xDA, 0x2A, 0xF7, 0xDA, 0x28, 0xF7, 0xDA, 0x29, 
    0xF7, 0xDA, 0x2B, 0xF7, 0xDA, 0x27, 0xF6, 0xD8, 0x1D, 0xFB, 0xD3, 0x0B, 
    0xDE, 0x9F, 0x0D, 0x55, 0x2E, 0x04, 0x0A, 0x00, 0x09, 0x2A, 0x30, 0x3D, 
    0x5E, 0x69, 0x72, 0x7E, 0x96, 0xA5, 0x92, 0xA6, 0xB2, 0x8B, 0x9C, 0xA8, 
    0x69, 0x7A, 0x87, 0x38, 0x40, 0x4C, 0x05, 0x04, 0x11, 0x32, 0x1B, 0x02, 
    0xBC, 0x78, 0x08, 0xFA, 0xBE, 0x03, 0xF1, 0xD2, 0x06, 0xF6, 0xBA, 0x01, 
    0x9E, 0x4E, 0x0C, 0xCD, 0x83, 0x08, 0xFC, 0xA7, 0x00, 0xD0, 0x79, 0x00, 
    0xC9, 0x9C, 0x72, 0xF9, 0xF9, 0xFB, 0xFF, 0xFB, 0xFB, 0xFD, 0xF9, 0xFA, 
    0xFE, 0xFA, 0xFC, 0xFE, 0xFA, 0xFC, 0xFE, 0xFA, 0xFC, 0xFE, 0xFA, 0xFC, 
    0xFE, 0xFA, 0xFC, 0xFE, 0xFA, 0xFC, 0xFE, 0xFA, 0xFC, 0xFE, 0xFA, 0xFC, 
    0xFE, 0xFA, 0xFC, 0xFE, 0xFA, 0xFC, 0xFE, 0xFA, 0xFC, 0xFE, 0xFA, 0xFC, 
    0xFE, 0xFA, 0xFC, 0xFE, 0xFA, 0xFC, 0xFE, 0xFA, 0xFC, 0xFE, 0xFA, 0xFC, 
    0xFE, 0xFA, 0xFC, 0xFE, 0xFA, 0xFC, 0xFE, 0xFA, 0xFC, 0xFE, 0xFA, 0xFC, 
    0xFE, 0xFA, 0xFC, 0xFE, 0xFA, 0xFC, 0xFE, 0xFA, 0xFC, 0xFE, 0xFA, 0xFC, 
    0xFE, 0xFA, 0xFC, 0xFE, 0xFA, 0xFC, 0xFE, 0xFA, 0xFC, 0xFE, 0xFA, 0xFC, 
    0xFE, 0xFA, 0xFC, 0xFE, 0xFA, 0xFC, 0xFE, 0xFA, 0xFC, 0xFE, 0xFA, 0xFC, 
    0xFD, 0xF9, 0xFB, 0xFF, 0xFC, 0xFD, 0xF8, 0xF8, 0xFB, 0xC3, 0x97, 0x5F, 
    0xD2, 0x77, 0x00, 0xF4, 0x9A, 0x02, 0xF3, 0xAB, 0x01, 0xE3, 0xB4, 0x0A, 
    0xD9, 0xA7, 0x10, 0xF6, 0xD2, 0x01, 0xFB, 0xBB, 0x03, 0xA6, 0x6C, 0x0D, 
    0x0F, 0x05, 0x07, 0x40, 0x4C, 0x57, 0xA5, 0xBC, 0xC9, 0xC8, 0xE8, 0xF8, 
    0xD7, 0xF6, 0xFF, 0xDC, 0xF6, 0xFF, 0xDA, 0xF1, 0xFC, 0xDB, 0xF5, 0xFF, 
    0xD9, 0xF8, 0xFF, 0xC7, 0xE5, 0xF3, 0x91, 0xA7, 0xB2, 0x22, 0x2A, 0x38, 
    0x1F, 0x10, 0x02, 0xC6, 0x93, 0x07, 0xFB, 0xD3, 0x00, 0xF4, 0xD3, 0x06, 
    0xF6, 0xD5, 0x0D, 0xF6, 0xD4, 0x07, 0xF6, 0xD2, 0x00, 0xF6, 0xD1, 0x00, 
    0xF6, 0xD2, 0x00, 0xF6, 0xD2, 0x00, 0xF6, 0xD3, 0x04, 0xF6, 0xD6, 0x11, 
    0xF6, 0xD5, 0x0C, 0xF6, 0xD5, 0x0B, 0xF6, 0xD5, 0x0C, 0xF6, 0xD4, 0x09, 
    0xF6, 0xD4, 0x0C, 0xF5, 0xD4, 0x08, 0xFA, 0xD1, 0x00, 0xC9, 0x97, 0x0B, 
    0x26, 0x13, 0x07, 0x1D, 0x2A, 0x3B, 0x8C, 0xA5, 0xB2, 0xC9, 0xE6, 0xF3, 
    0xD8, 0xF6, 0xFF, 0xD3, 0xF4, 0xFF, 0xCF, 0xEF, 0xFE, 0xD6, 0xF5, 0xFF, 
    0xD6, 0xF6, 0xFF, 0xCC, 0xE7, 0xF5, 0xA6, 0xBD, 0xC9, 0x3F, 0x4D, 0x5E, 
    0x11, 0x04, 0x09, 0xA5, 0x67, 0x0B, 0xF9, 0xBB, 0x05, 0xF7, 0xD8, 0x0A, 
    0xD8, 0xA8, 0x07, 0xE2, 0xB5, 0x08, 0xF1, 0xAF, 0x01, 0xF4, 0xA0, 0x02, 
    0xD5, 0x7B, 0x00, 0xBD, 0x8D, 0x5D, 0xF8, 0xF8, 0xFC, 0xFF, 0xFC, 0xFC, 
    0xFD, 0xF9, 0xFB, 0xFE, 0xFA, 0xFC, 0xFE, 0xFA, 0xFC, 0xFE, 0xFA, 0xFC, 
    0xFE, 0xFA, 0xFC, 0xFE, 0xFA, 0xFC, 0xFE, 0xFA, 0xFC, 0xFE, 0xFA, 0xFC, 
    0xFE, 0xFA, 0xFC, 0xFE, 0xFA, 0xFC, 0xFE, 0xFA, 0xFC, 0xFE, 0xFA, 0xFC, 
    0xFE, 0xFA, 0xFC, 0xFE, 0xFA, 0xFC, 0xFE, 0xFA, 0xFC, 0xFE, 0xFA, 0xFC, 
    0xFE, 0xFA, 0xFC, 0xFE, 0xFA, 0xFC, 0xFE, 0xFA, 0xFC, 0xFE, 0xFA, 0xFC, 
    0xFE, 0xFA, 0xFC, 0xFE, 0xFA, 0xFC, 0xFE, 0xFA, 0xFC, 0xFE, 0xFA, 0xFC, 
    0xFE, 0xFA, 0xFC, 0xFE, 0xFA, 0xFC, 0xFE, 0xFA, 0xFC, 0xFE, 0xFA, 0xFC, 
    0xFE, 0xFA, 0xFC, 0xFE, 0xFA, 0xFC, 0xFE, 0xFA, 0xFC, 0xFD, 0xF9, 0xFB, 
    0xFF, 0xFB, 0xFC, 0xF8, 0xF8, 0xFA, 0xBF, 0x94, 0x5F, 0xD5, 0x7A, 0x00, 
    0xF6, 0x9F, 0x03, 0xF1, 0xA9, 0x01, 0xF5, 0xCB, 0x00, 0xF8, 0xD7, 0x01, 
    0xF7, 0xD8, 0x02, 0xFA, 0xC0, 0x01, 0xB0, 0x73, 0x10, 0x10, 0x08, 0x0D, 
    0x6D, 0x82, 0x8F, 0xC4, 0xEA, 0xFC, 0xC7, 0xE8, 0xF9, 0xCA, 0xE4, 0xF0, 
    0xA6, 0xB6, 0xC3, 0x6F, 0x84, 0x9C, 0x5C, 0x74, 0x95, 0x63, 0x79, 0x94, 
    0x85, 0x9F, 0xB4, 0xB6, 0xD7, 0xE7, 0xCC, 0xF1, 0xFF, 0xBB, 0xDE, 0xED, 
    0x43, 0x4F, 0x5B, 0x24, 0x0D, 0x03, 0xD8, 0xA4, 0x07, 0xFB, 0xD5, 0x00, 
    0xF4, 0xD0, 0x00, 0xF6, 0xD2, 0x00, 0xF6, 0xD2, 0x00, 0xF6, 0xD2, 0x00, 
    0xF6, 0xD2, 0x00, 0xF6, 0xD1, 0x00, 0xF6, 0xD2, 0x00, 0xF6, 0xD1, 0x00, 
    0xF6, 0xD1, 0x00, 0xF6, 0xD1, 0x00, 0xF6, 0xD1, 0x00, 0xF6, 0xD2, 0x00, 
    0xF4, 0xD0, 0x00, 0xFB, 0xD6, 0x00, 0xD8, 0xA7, 0x0B, 0x1F, 0x0D, 0x03, 
    0x3D, 0x4B, 0x59, 0xB5, 0xDB, 0xEE, 0xCC, 0xF1, 0xFF, 0xC0, 0xDB, 0xE9, 
    0x8C, 0xA3, 0xB8, 0x5F, 0x77, 0x94, 0x56, 0x71, 0x92, 0x69, 0x81, 0x9E, 
    0x9C, 0xAE, 0xBC, 0xCF, 0xE3, 0xED, 0xC8, 0xE9, 0xFA, 0xC5, 0xEA, 0xFC, 
    0x73, 0x84, 0x8E, 0x0A, 0x05, 0x0C, 0xAF, 0x70, 0x0D, 0xFB, 0xC6, 0x03, 
    0xF8, 0xDA, 0x06, 0xF9, 0xD6, 0x00, 0xF4, 0xCD, 0x00, 0xEF, 0xAA, 0x01, 
    0xF4, 0xA0, 0x04, 0xD9, 0x7E, 0x00, 0xBF, 0x92, 0x60, 0xF7, 0xF7, 0xFA, 
    0xFF, 0xFB, 0xFB, 0xFD, 0xF9, 0xFB, 0xFE, 0xFA, 0xFC, 0xFE, 0xFA, 0xFC, 
    0xFE, 0xFA, 0xFC, 0xFE, 0xFA, 0xFC, 0xFE, 0xFA, 0xFC, 0xFE, 0xFA, 0xFC, 
    0xFE, 0xFA, 0xFC, 0xFE, 0xFA, 0xFC, 0xFE, 0xFA, 0xFC, 0xFE, 0xFA, 0xFC, 
    0xFE, 0xFA, 0xFC, 0xFE, 0xFA, 0xFC, 0xFE, 0xFA, 0xFC, 0xFE, 0xFA, 0xFC, 
    0xFE, 0xFA, 0xFC, 0xFE, 0xFA, 0xFC, 0xFE, 0xFA, 0xFC, 0xFE, 0xFA, 0xFC, 
    0xFE, 0xFA, 0xFC, 0xFE, 0xFA, 0xFC, 0xFE, 0xFA, 0xFC, 0xFE, 0xFA, 0xFC, 
    0xFE, 0xFA, 0xFC, 0xFE, 0xFA, 0xFC, 0xFE, 0xFA, 0xFC, 0xFE, 0xFA, 0xFC, 
    0xFE, 0xFA, 0xFC, 0xFE, 0xFA, 0xFC, 0xFE, 0xF9, 0xFB, 0xFE, 0xFA, 0xFA, 
    0xFC, 0xFB, 0xFD, 0xC6, 0x96, 0x62, 0xD4, 0x75, 0x00, 0xF4, 0x9A, 0x04, 
    0xED, 0xA4, 0x00, 0xF5, 0xC9, 0x00, 0xF6, 0xD3, 0x00, 0xF5, 0xD1, 0x00, 
    0xF7, 0xCD, 0x00, 0xDC, 0x9A, 0x0C, 0x1E, 0x0F, 0x0A, 0x68, 0x7D, 0x8C, 
    0xC5, 0xF0, 0xFF, 0xBD, 0xE0, 0xF1, 0xB5, 0xD5, 0xE5, 0x58, 0x72, 0x91, 
    0x1B, 0x3D, 0x71, 0x26, 0x50, 0x87, 0x31, 0x60, 0x95, 0x2A, 0x54, 0x8B, 
    0x24, 0x46, 0x79, 0x39, 0x56, 0x7E, 0x9B, 0xB8, 0xCB, 0xC4, 0xEA, 0xFC, 
    0xBF, 0xE5, 0xF6, 0x3C, 0x45, 0x53, 0x4C, 0x2A, 0x01, 0xF9, 0xC9, 0x04, 
    0xF6, 0xD4, 0x00, 0xF6, 0xD1, 0x00, 0xF6, 0xD2, 0x00, 0xF6, 0xD2, 0x00, 
    0xF6, 0xD2, 0x00, 0xF6, 0xD0, 0x00, 0xF6, 0xD1, 0x00, 0xF6, 0xD1, 0x01, 
    0xF6, 0xD2, 0x01, 0xF6, 0xD2, 0x01, 0xF6, 0xD2, 0x01, 0xF6, 0xD1, 0x00, 
    0xF6, 0xD3, 0x00, 0xF7, 0xCB, 0x05, 0x4E, 0x32, 0x04, 0x34, 0x45, 0x58, 
    0xBC, 0xE6, 0xF9, 0xC2, 0xE8, 0xFA, 0xA0, 0xBF, 0xD3, 0x42, 0x5F, 0x86, 
    0x26, 0x49, 0x7E, 0x28, 0x50, 0x88, 0x2E, 0x59, 0x8F, 0x2A, 0x54, 0x8B, 
    0x28, 0x49, 0x7A, 0x58, 0x72, 0x93, 0xB4, 0xCE, 0xDC, 0xBF, 0xE1, 0xF2, 
    0xC1, 0xED, 0xFF, 0x6B, 0x84, 0x96, 0x1B, 0x0D, 0x09, 0xD7, 0x9A, 0x08, 
    0xF8, 0xCC, 0x00, 0xF5, 0xD3, 0x00, 0xF6, 0xD3, 0x00, 0xF5, 0xCB, 0x00, 
    0xF0, 0xA7, 0x00, 0xF5, 0xA1, 0x04, 0xDE, 0x82, 0x00, 0xC3, 0x8F, 0x5E, 
    0xF9, 0xFA, 0xFE, 0xFF, 0xFA, 0xFB, 0xFE, 0xF9, 0xFB, 0xFE, 0xFA, 0xFC, 
    0xFE, 0xFA, 0xFC, 0xFE, 0xFA, 0xFC, 0xFE, 0xFA, 0xFC, 0xFE, 0xFA, 0xFC, 
    0xFE, 0xFA, 0xFC, 0xFE, 0xFA, 0xFC, 0xFE, 0xFA, 0xFC, 0xFE, 0xFA, 0xFC, 
    0xFE, 0xFA, 0xFC, 0xFE, 0xFA, 0xFC, 0xFE, 0xFA, 0xFC, 0xFE, 0xFA, 0xFC, 
    0xFE, 0xFA, 0xFC, 0xFE, 0xFA, 0xFC, 0xFE, 0xFA, 0xFC, 0xFE, 0xFA, 0xFC, 
    0xFE, 0xFA, 0xFC, 0xFE, 0xFA, 0xFC, 0xFE, 0xFA, 0xFC, 0xFE, 0xFA, 0xFC, 
    0xFE, 0xFA, 0xFC, 0xFE, 0xFA, 0xFC, 0xFE, 0xFA, 0xFC, 0xFE, 0xFA, 0xFC, 
    0xFE, 0xFA, 0xFC, 0xFE, 0xFA, 0xFC, 0xFD, 0xF9, 0xF9, 0xFF, 0xFF, 0xFF, 
    0xC7, 0x9E, 0x74, 0xD4, 0x74, 0x00, 0xF4, 0x99, 0x04, 0xED, 0x9F, 0x00, 
    0xF3, 0xC5, 0x00, 0xF6, 0xD3, 0x00, 0xF6, 0xD0, 0x00, 0xF4, 0xD1, 0x00, 
    0xFD, 0xC0, 0x02, 0x72, 0x44, 0x01, 0x35, 0x49, 0x5F, 0xB7, 0xE8, 0xFE, 
    0xBC, 0xDE, 0xEF, 0xB7, 0xDA, 0xEC, 0x3D, 0x5D, 0x86, 0x35, 0x59, 0x8A, 
    0x74, 0x9C, 0xC2, 0x55, 0x83, 0xAC, 0x40, 0x73, 0xA1, 0x45, 0x75, 0xA3, 
    0x3E, 0x6D, 0xA0, 0x2B, 0x54, 0x8D, 0x2E, 0x4B, 0x77, 0x9E, 0xBE, 0xD2, 
    0xBB, 0xE7, 0xFC, 0xA5, 0xCF, 0xE1, 0x20, 0x1E, 0x2C, 0xA8, 0x7B, 0x07, 
    0xFE, 0xD8, 0x02, 0xF4, 0xD1, 0x00, 0xF6, 0xD2, 0x00, 0xF6, 0xD2, 0x00, 
    0xF6, 0xD2, 0x00, 0xF6, 0xD1, 0x00, 0xF6, 0xD1, 0x00, 0xF6, 0xD1, 0x00, 
    0xF6, 0xD2, 0x00, 0xF6, 0xD1, 0x00, 0xF6, 0xD1, 0x00, 0xF4, 0xD1, 0x00, 
    0xFF, 0xD9, 0x01, 0xAD, 0x80, 0x04, 0x1B, 0x1B, 0x28, 0xA5, 0xD1, 0xE7, 
    0xBD, 0xE7, 0xFB, 0xA2, 0xC5, 0xDA, 0x28, 0x46, 0x73, 0x1B, 0x43, 0x7D, 
    0x32, 0x64, 0x9A, 0x41, 0x72, 0xA2, 0x43, 0x75, 0xA3, 0x43, 0x75, 0xA3, 
    0x40, 0x71, 0xA3, 0x26, 0x4F, 0x87, 0x41, 0x5A, 0x7F, 0xB2, 0xD1, 0xE3, 
    0xBC, 0xDF, 0xF0, 0xBE, 0xEB, 0xFF, 0x3A, 0x4C, 0x62, 0x68, 0x3D, 0x00, 
    0xFC, 0xC4, 0x03, 0xF4, 0xD3, 0x00, 0xF6, 0xD0, 0x00, 0xF6, 0xD3, 0x00, 
    0xF4, 0xC5, 0x00, 0xED, 0xA0, 0x00, 0xF5, 0xA2, 0x04, 0xD6, 0x79, 0x00, 
    0xCA, 0x9D, 0x77, 0xFD, 0xFF, 0xFF, 0xFD, 0xF9, 0xF9, 0xFE, 0xFA, 0xFC, 
    0xFE, 0xFA, 0xFC, 0xFE, 0xFA, 0xFC, 0xFE, 0xFA, 0xFC, 0xFE, 0xFA, 0xFC, 
    0xFE, 0xFA, 0xFC, 0xFE, 0xFA, 0xFC, 0xFE, 0xFA, 0xFC, 0xFE, 0xFA, 0xFC, 
    0xFE, 0xFA, 0xFC, 0xFE, 0xFA, 0xFC, 0xFE, 0xFA, 0xFC, 0xFE, 0xFA, 0xFC, 
    0xFE, 0xFA, 0xFC, 0xFE, 0xFA, 0xFC, 0xFE, 0xFA, 0xFC, 0xFE, 0xFA, 0xFC, 
    0xFE, 0xFA, 0xFC, 0xFE, 0xFA, 0xFC, 0xFE, 0xFA, 0xFC, 0xFE, 0xFA, 0xFC, 
    0xFE, 0xFA, 0xFC, 0xFE, 0xFA, 0xFC, 0xFE, 0xFA, 0xFC, 0xFE, 0xFA, 0xFC, 
    0xFE, 0xFA, 0xFC, 0xFD, 0xF8, 0xF8, 0xFF, 0xFF, 0xFF, 0xD3, 0xB5, 0x95, 
    0xC8, 0x6D, 0x00, 0xF3, 0x9B, 0x03, 0xED, 0x9D, 0x01, 0xF2, 0xB9, 0x00, 
    0xF7, 0xD2, 0x00, 0xF6, 0xD1, 0x00, 0xF5, 0xD0, 0x00, 0xF9, 0xCF, 0x00, 
    0xDF, 0x9A, 0x06, 0x33, 0x21, 0x1A, 0x87, 0xB9, 0xD3, 0xAD, 0xE0, 0xF8, 
    0xC2, 0xE5, 0xF4, 0x50, 0x74, 0x9C, 0x4E, 0x62, 0x86, 0xE8, 0xEC, 0xEF, 
    0xFF, 0xFF, 0xFF, 0xDF, 0xE8, 0xEF, 0x5A, 0x8B, 0xB4, 0x45, 0x7B, 0xAC, 
    0x46, 0x79, 0xA7, 0x3A, 0x66, 0x9A, 0x26, 0x4D, 0x87, 0x43, 0x60, 0x87, 
    0xB7, 0xDB, 0xEC, 0xB3, 0xE9, 0xFF, 0x5F, 0x81, 0x9D, 0x4E, 0x2E, 0x04, 
    0xFB, 0xCA, 0x03, 0xF5, 0xD3, 0x00, 0xF6, 0xD1, 0x00, 0xF6, 0xD2, 0x00, 
    0xF6, 0xD1, 0x00, 0xF6, 0xD1, 0x00, 0xF6, 0xD1, 0x00, 0xF6, 0xD1, 0x00, 
    0xF6, 0xD1, 0x00, 0xF6, 0xD2, 0x00, 0xF6, 0xD1, 0x00, 0xF5, 0xD3, 0x00, 
    0xFC, 0xD1, 0x03, 0x52, 0x30, 0x05, 0x5A, 0x7E, 0x9B, 0xB2, 0xE7, 0xFF, 
    0xB8, 0xDF, 0xF1, 0x40, 0x61, 0x8B, 0x47, 0x5E, 0x86, 0xB1, 0xBD, 0xCE, 
    0x9E, 0xB6, 0xCC, 0x4E, 0x83, 0xAE, 0x57, 0x84, 0xAC, 0x64, 0x89, 0xAC, 
    0x48, 0x7A, 0xA7, 0x43, 0x75, 0xA4, 0x25, 0x4C, 0x85, 0x4F, 0x71, 0x9A, 
    0xC1, 0xE2, 0xF1, 0xB3, 0xE2, 0xF9, 0x89, 0xB9, 0xD3, 0x2E, 0x1C, 0x15, 
    0xDA, 0x9E, 0x02, 0xF9, 0xD1, 0x01, 0xF5, 0xD1, 0x00, 0xF6, 0xD0, 0x00, 
    0xF6, 0xD4, 0x00, 0xF4, 0xBC, 0x00, 0xEE, 0x9E, 0x01, 0xF6, 0xA3, 0x03, 
    0xD0, 0x79, 0x00, 0xD2, 0xAF, 0x93, 0xFF, 0xFF, 0xFF, 0xFD, 0xF8, 0xF9, 
    0xFE, 0xFA, 0xFC, 0xFE, 0xFA, 0xFC, 0xFE, 0xFA, 0xFC, 0xFE, 0xFA, 0xFC, 
    0xFE, 0xFA, 0xFC, 0xFE, 0xFA, 0xFC, 0xFE, 0xFA, 0xFC, 0xFE, 0xFA, 0xFC, 
    0xFE, 0xFA, 0xFC, 0xFE, 0xFA, 0xFC, 0xFE, 0xFA, 0xFC, 0xFE, 0xFA, 0xFC, 
    0xFE, 0xFA, 0xFC, 0xFE, 0xFA, 0xFC, 0xFE, 0xFA, 0xFC, 0xFE, 0xFA, 0xFC, 
    0xFE, 0xFA, 0xFC, 0xFE, 0xFA, 0xFC, 0xFE, 0xFA, 0xFC, 0xFE, 0xFA, 0xFC, 
    0xFE, 0xFA, 0xFC, 0xFE, 0xFA, 0xFC, 0xFE, 0xFA, 0xFC, 0xFE, 0xFA, 0xFC, 
    0xFD, 0xF8, 0xF9, 0xFF, 0xFF, 0xFF, 0xE1, 0xCC, 0xB8, 0xC5, 0x72, 0x05, 
    0xF3, 0x9B, 0x02, 0xEF, 0x9C, 0x01, 0xED, 0xAB, 0x00, 0xF5, 0xCE, 0x00, 
    0xF6, 0xD2, 0x00, 0xF6, 0xD1, 0x00, 0xF4, 0xD2, 0x00, 0xFF, 0xD3, 0x01, 
    0xA4, 0x6A, 0x07, 0x3E, 0x4C, 0x60, 0x9E, 0xDF, 0xFD, 0xAF, 0xE0, 0xF6, 
    0x95, 0xB8, 0xCF, 0x1B, 0x39, 0x69, 0xC2, 0xC7, 0xD2, 0xFF, 0xFF, 0xFF, 
    0xF6, 0xF3, 0xF4, 0xFF, 0xFF, 0xFF, 0x95, 0x9F, 0xA9, 0x1B, 0x2F, 0x48, 
    0x42, 0x6C, 0x95, 0x3E, 0x6F, 0xA1, 0x35, 0x5F, 0x96, 0x22, 0x43, 0x79, 
    0x84, 0xA5, 0xC0, 0xB6, 0xE7, 0xFD, 0x94, 0xC8, 0xE3, 0x37, 0x2A, 0x28, 
    0xD6, 0xA6, 0x01, 0xFC, 0xD8, 0x00, 0xF5, 0xD1, 0x00, 0xF6, 0xD2, 0x00, 
    0xF6, 0xD2, 0x00, 0xF6, 0xD2, 0x00, 0xF6, 0xD1, 0x00, 0xF6, 0xD2, 0x00, 
    0xF6, 0xD2, 0x00, 0xF6, 0xD2, 0x00, 0xF5, 0xD0, 0x00, 0xFC, 0xD9, 0x00, 
    0xDC, 0xAD, 0x03, 0x35, 0x2B, 0x2D, 0x89, 0xC6, 0xE6, 0xAE, 0xE3, 0xFB, 
    0x89, 0xAB, 0xC5, 0x2F, 0x4A, 0x75, 0xE3, 0xE3, 0xE7, 0xFF, 0xFF, 0xFF, 
    0xFF, 0xFF, 0xFF, 0xBC, 0xC5, 0xCE, 0x25, 0x2C, 0x37, 0x33, 0x3E, 0x4E, 
    0x42, 0x6C, 0x94, 0x41, 0x74, 0xA5, 0x33, 0x5B, 0x92, 0x21, 0x40, 0x75, 
    0x91, 0xB0, 0xC6, 0xBA, 0xE3, 0xF7, 0xA0, 0xDF, 0xFC, 0x3E, 0x4B, 0x5F, 
    0xA3, 0x67, 0x00, 0xFE, 0xD0, 0x03, 0xF4, 0xD0, 0x01, 0xF6, 0xD1, 0x00, 
    0xF6, 0xD2, 0x00, 0xF6, 0xCF, 0x00, 0xF1, 0xAA, 0x00, 0xEF, 0x9B, 0x01, 
    0xF4, 0x9F, 0x02, 0xCC, 0x73, 0x04, 0xDD, 0xCA, 0xBC, 0xFF, 0xFF, 0xFF, 
    0xFD, 0xF8, 0xF9, 0xFE, 0xFA, 0xFC, 0xFE, 0xFA, 0xFC, 0xFE, 0xFA, 0xFC, 
    0xFE, 0xFA, 0xFC, 0xFE, 0xFA, 0xFC, 0xFE, 0xFA, 0xFC, 0xFE, 0xFA, 0xFC, 
    0xFE, 0xFA, 0xFC, 0xFE, 0xFA, 0xFC, 0xFE, 0xFA, 0xFC, 0xFE, 0xFA, 0xFC, 
    0xFE, 0xFA, 0xFC, 0xFE, 0xFA, 0xFC, 0xFE, 0xFA, 0xFC, 0xFE, 0xFA, 0xFC, 
    0xFE, 0xFA, 0xFC, 0xFE, 0xFA, 0xFC, 0xFE, 0xFA, 0xFC, 0xFE, 0xFA, 0xFC, 
    0xFE, 0xFA, 0xFC, 0xFE, 0xFA, 0xFC, 0xFE, 0xFA, 0xFC, 0xFD, 0xF9, 0xFA, 
    0xFF, 0xFE, 0xFD, 0xED, 0xE4, 0xDF, 0xBB, 0x79, 0x1D, 0xEC, 0x8C, 0x00, 
    0xF1, 0x9D, 0x02, 0xEE, 0x9E, 0x00, 0xF2, 0xC1, 0x00, 0xF6, 0xD2, 0x00, 
    0xF6, 0xD2, 0x00, 0xF6, 0xD1, 0x00, 0xF4, 0xD1, 0x00, 0xFE, 0xCF, 0x04, 
    0x77, 0x4C, 0x08, 0x5B, 0x7E, 0x9B, 0x9E, 0xE1, 0xFF, 0xAB, 0xDD, 0xF5, 
    0x53, 0x76, 0x9C, 0x27, 0x46, 0x7A, 0xDC, 0xDE, 0xE5, 0xFD, 0xFD, 0xFD, 
    0xF7, 0xF4, 0xF5, 0xFC, 0xFC, 0xFC, 0xAC, 0xA7, 0xA8, 0x00, 0x00, 0x00, 
    0x19, 0x18, 0x1E, 0x38, 0x61, 0x91, 0x37, 0x63, 0x9A, 0x24, 0x47, 0x80, 
    0x55, 0x75, 0x9B, 0xB5, 0xE2, 0xF5, 0xA3, 0xE0, 0xFC, 0x41, 0x4C, 0x5E, 
    0xB0, 0x83, 0x00, 0xFF, 0xDC, 0x01, 0xF4, 0xD0, 0x00, 0xF6, 0xD2, 0x00, 
    0xF6, 0xD2, 0x00, 0xF6, 0xD2, 0x00, 0xF6, 0xD2, 0x00, 0xF6, 0xD2, 0x00, 
    0xF6, 0xD2, 0x00, 0xF6, 0xD2, 0x00, 0xF4, 0xD0, 0x00, 0xFF, 0xDE, 0x01, 
    0xB1, 0x87, 0x03, 0x40, 0x4C, 0x60, 0x99, 0xDD, 0xFC, 0xA8, 0xE0, 0xFA, 
    0x4D, 0x6D, 0x91, 0x5C, 0x71, 0x94, 0xFF, 0xFF, 0xFF, 0xF7, 0xF4, 0xF7, 
    0xFB, 0xF8, 0xF9, 0xFD, 0xF8, 0xF8, 0x39, 0x34, 0x35, 0x00, 0x00, 0x00, 
    0x16, 0x18, 0x21, 0x3B, 0x66, 0x98, 0x37, 0x62, 0x98, 0x23, 0x45, 0x7E, 
    0x54, 0x73, 0x98, 0xBA, 0xE3, 0xF5, 0xA2, 0xE2, 0xFF, 0x5D, 0x82, 0xA1, 
    0x77, 0x48, 0x04, 0xFF, 0xCC, 0x02, 0xF4, 0xD2, 0x00, 0xF6, 0xD2, 0x00, 
    0xF6, 0xD2, 0x00, 0xF6, 0xD4, 0x00, 0xF4, 0xC2, 0x00, 0xEF, 0x9C, 0x00, 
    0xF1, 0x9E, 0x02, 0xF1, 0x99, 0x00, 0xBF, 0x79, 0x21, 0xE9, 0xE1, 0xDD, 
    0xFF, 0xFE, 0xFE, 0xFD, 0xF9, 0xFA, 0xFE, 0xFA, 0xFC, 0xFE, 0xFA, 0xFC, 
    0xFE, 0xFA, 0xFC, 0xFE, 0xFA, 0xFC, 0xFE, 0xFA, 0xFC, 0xFE, 0xFA, 0xFC, 
    0xFE, 0xFA, 0xFC, 0xFE, 0xFA, 0xFC, 0xFE, 0xFA, 0xFC, 0xFE, 0xFA, 0xFC, 
    0xFE, 0xFA, 0xFC, 0xFE, 0xFA, 0xFC, 0xFE, 0xFA, 0xFC, 0xFE, 0xFA, 0xFC, 
    0xFE, 0xFA, 0xFC, 0xFE, 0xFA, 0xFC, 0xFE, 0xFA, 0xFC, 0xFE, 0xFA, 0xFC, 
    0xFE, 0xFA, 0xFC, 0xFE, 0xFA, 0xFC, 0xFE, 0xFA, 0xFB, 0xFE, 0xFA, 0xFB, 
    0xFB, 0xFB, 0xFD, 0xBE, 0x8A, 0x50, 0xDD, 0x7D, 0x00, 0xF2, 0x9D, 0x03, 
    0xEF, 0x9A, 0x00, 0xEF, 0xAB, 0x00, 0xF6, 0xD0, 0x00, 0xF6, 0xD1, 0x00, 
    0xF6, 0xD2, 0x00, 0xF6, 0xD2, 0x00, 0xF5, 0xD1, 0x00, 0xFB, 0xC4, 0x03, 
    0x65, 0x43, 0x13, 0x6F, 0x9F, 0xC0, 0xA0, 0xE2, 0xFF, 0x94, 0xCB, 0xE7, 
    0x36, 0x56, 0x85, 0x25, 0x4A, 0x82, 0xCE, 0xD5, 0xDE, 0xFF, 0xFF, 0xFF, 
    0xF6, 0xF3, 0xF3, 0xFF, 0xFF, 0xFF, 0x7A, 0x77, 0x78, 0x00, 0x01, 0x01, 
    0x0C, 0x05, 0x03, 0x22, 0x32, 0x4E, 0x34, 0x5E, 0x99, 0x2A, 0x50, 0x87, 
    0x3F, 0x60, 0x8C, 0x9C, 0xD2, 0xED, 0x9F, 0xE4, 0xFF, 0x52, 0x6D, 0x89, 
    0x9A, 0x6F, 0x01, 0xFF, 0xDD, 0x02, 0xF3, 0xD0, 0x00, 0xF6, 0xD2, 0x00, 
    0xF6, 0xD2, 0x00, 0xF6, 0xD2, 0x00, 0xF6, 0xD2, 0x00, 0xF6, 0xD2, 0x00, 
    0xF6, 0xD2, 0x00, 0xF6, 0xD2, 0x00, 0xF3, 0xD0, 0x00, 0xFF, 0xDE, 0x02, 
    0x9D, 0x76, 0x02, 0x50, 0x6A, 0x86, 0x9D, 0xE4, 0xFF, 0x9E, 0xD5, 0xEF, 
    0x37, 0x55, 0x80, 0x60, 0x79, 0x9F, 0xFF, 0xFF, 0xFE, 0xFA, 0xF7, 0xFA, 
    0xFA, 0xF6, 0xF8, 0xFF, 0xFF, 0xFF, 0x51, 0x4F, 0x51, 0x01, 0x01, 0x02, 
    0x0B, 0x05, 0x03, 0x13, 0x22, 0x3B, 0x2D, 0x58, 0x93, 0x2C, 0x4E, 0x86, 
    0x2F, 0x50, 0x82, 0x9F, 0xCC, 0xE4, 0xA6, 0xE4, 0xFE, 0x6E, 0x9F, 0xC1, 
    0x61, 0x3B, 0x0F, 0xFD, 0xC5, 0x02, 0xF4, 0xD2, 0x00, 0xF6, 0xD0, 0x00, 
    0xF6, 0xD1, 0x00, 0xF6, 0xD1, 0x00, 0xF6, 0xCF, 0x00, 0xF1, 0xAA, 0x00, 
    0xEE, 0x99, 0x00, 0xF2, 0xA3, 0x03, 0xDF, 0x8D, 0x00, 0xBC, 0x8B, 0x4B, 
    0xFA, 0xFA, 0xFD, 0xFE, 0xFA, 0xFB, 0xFE, 0xFA, 0xFB, 0xFE, 0xFA, 0xFC, 
    0xFE, 0xFA, 0xFC, 0xFE, 0xFA, 0xFC, 0xFE, 0xFA, 0xFC, 0xFE, 0xFA, 0xFC, 
    0xFE, 0xFA, 0xFC, 0xFE, 0xFA, 0xFC, 0xFE, 0xFA, 0xFC, 0xFE, 0xFA, 0xFC, 
    0xFE, 0xFA, 0xFC, 0xFE, 0xFA, 0xFC, 0xFE, 0xFA, 0xFC, 0xFE, 0xFA, 0xFC, 
    0xFE, 0xFA, 0xFC, 0xFE, 0xFA, 0xFC, 0xFE, 0xFA, 0xFC, 0xFE, 0xFA, 0xFC, 
    0xFE, 0xFA, 0xFC, 0xFE, 0xFA, 0xFC, 0xFD, 0xF8, 0xF9, 0xFF, 0xFF, 0xFF, 
    0xD3, 0xB7, 0x9A, 0xD0, 0x76, 0x00, 0xF3, 0x98, 0x03, 0xEF, 0x9D, 0x00, 
    0xEF, 0x9C, 0x00, 0xF1, 0xB8, 0x00, 0xF6, 0xCF, 0x00, 0xF6, 0xCD, 0x00, 
    0xF6, 0xCF, 0x00, 0xF6, 0xD0, 0x00, 0xF5, 0xCF, 0x00, 0xF8, 0xBF, 0x01, 
    0x62, 0x42, 0x1B, 0x73, 0xAA, 0xCD, 0x9D, 0xE1, 0xFC, 0x85, 0xB8, 0xD6, 
    0x2F, 0x4D, 0x7E, 0x23, 0x47, 0x81, 0x6C, 0x83, 0xA2, 0xF4, 0xF5, 0xF6, 
    0xFF, 0xFF, 0xFF, 0xC3, 0xC0, 0xC1, 0x18, 0x16, 0x16, 0x0B, 0x08, 0x09, 
    0x05, 0x00, 0x00, 0x05, 0x08, 0x13, 0x2C, 0x4F, 0x86, 0x2A, 0x4C, 0x83, 
    0x32, 0x52, 0x83, 0x8C, 0xC7, 0xE7, 0xA1, 0xE6, 0xFF, 0x54, 0x76, 0x97, 
    0x94, 0x6B, 0x02, 0xFF, 0xDE, 0x02, 0xF3, 0xD0, 0x00, 0xF6, 0xD2, 0x00, 
    0xF6, 0xD2, 0x00, 0xF6, 0xD2, 0x00, 0xF6, 0xD2, 0x00, 0xF6, 0xD2, 0x00, 
    0xF6, 0xD2, 0x00, 0xF6, 0xD2, 0x00, 0xF3, 0xD0, 0x00, 0xFF, 0xDC, 0x02, 
    0x99, 0x70, 0x00, 0x55, 0x73, 0x92, 0x9E, 0xE5, 0xFF, 0x92, 0xCC, 0xE9, 
    0x36, 0x58, 0x8B, 0x31, 0x50, 0x83, 0xE7, 0xE6, 0xE8, 0xFF, 0xFF, 0xFF, 
    0xFF, 0xFF, 0xFF, 0xF3, 0xEE, 0xEF, 0x23, 0x20, 0x21, 0x07, 0x05, 0x06, 
    0x07, 0x05, 0x06, 0x4D, 0x4B, 0x4D, 0x4F, 0x6B, 0x96, 0x25, 0x49, 0x82, 
    0x2C, 0x4A, 0x7D, 0x85, 0xB6, 0xD5, 0xA5, 0xE3, 0xFC, 0x78, 0xAE, 0xD1, 
    0x61, 0x3F, 0x18, 0xF9, 0xBA, 0x01, 0xF5, 0xCF, 0x00, 0xF5, 0xCD, 0x00, 
    0xF5, 0xCE, 0x00, 0xF5, 0xCC, 0x01, 0xF6, 0xCF, 0x00, 0xF3, 0xBD, 0x00, 
    0xEE, 0x9D, 0x00, 0xED, 0x9E, 0x00, 0xF4, 0xA4, 0x03, 0xD1, 0x7D, 0x00, 
    0xD0, 0xB1, 0x94, 0xFF, 0xFF, 0xFF, 0xFD, 0xF8, 0xF9, 0xFE, 0xFA, 0xFC, 
    0xFE, 0xFA, 0xFC, 0xFE, 0xFA, 0xFC, 0xFE, 0xFA, 0xFC, 0xFE, 0xFA, 0xFC, 
    0xFE, 0xFA, 0xFC, 0xFE, 0xFA, 0xFC, 0xFE, 0xFA, 0xFC, 0xFE, 0xFA, 0xFC, 
    0xFE, 0xFA, 0xFC, 0xFE, 0xFA, 0xFC, 0xFE, 0xFA, 0xFC, 0xFE, 0xFA, 0xFC, 
    0xFE, 0xFA, 0xFC, 0xFE, 0xFA, 0xFC, 0xFE, 0xFA, 0xFC, 0xFE, 0xFA, 0xFC, 
    0xFE, 0xFA, 0xFC, 0xFD, 0xF9, 0xFA, 0xFF, 0xFE, 0xFE, 0xED, 0xE2, 0xDE, 
    0xC1, 0x72, 0x16, 0xF0, 0x91, 0x01, 0xF0, 0x9E, 0x02, 0xF0, 0x9C, 0x00, 
    0xEF, 0xA2, 0x00, 0xF5, 0xC7, 0x00, 0xF6, 0xCC, 0x00, 0xF6, 0xCB, 0x00, 
    0xF6, 0xCB, 0x00, 0xF5, 0xCA, 0x00, 0xF4, 0xCC, 0x00, 0xFC, 0xC6, 0x01, 
    0x6D, 0x4D, 0x17, 0x71, 0xA9, 0xD3, 0xA1, 0xED, 0xFF, 0x78, 0xAE, 0xD4, 
    0x20, 0x41, 0x79, 0x29, 0x53, 0x91, 0x20, 0x43, 0x78, 0x30, 0x2F, 0x37, 
    0x45, 0x42, 0x45, 0x08, 0x05, 0x0B, 0x00, 0x00, 0x01, 0x00, 0x00, 0x02, 
    0x22, 0x22, 0x26, 0x7E, 0x88, 0x93, 0x38, 0x63, 0x99, 0x22, 0x48, 0x83, 
    0x31, 0x53, 0x84, 0x8B, 0xC6, 0xE4, 0xA0, 0xE4, 0xFD, 0x4F, 0x75, 0x98, 
    0x9F, 0x74, 0x01, 0xFF, 0xD8, 0x02, 0xF3, 0xC9, 0x00, 0xF6, 0xCC, 0x00, 
    0xF6, 0xCD, 0x00, 0xF6, 0xCB, 0x00, 0xF6, 0xCB, 0x00, 0xF6, 0xCB, 0x00, 
    0xF6, 0xCB, 0x00, 0xF6, 0xCC, 0x00, 0xF3, 0xCB, 0x00, 0xFF, 0xDA, 0x02, 
    0xA6, 0x7A, 0x01, 0x53, 0x71, 0x90, 0x9F, 0xE4, 0xFD, 0x8C, 0xC9, 0xE8, 
    0x36, 0x5A, 0x8D, 0x1A, 0x3F, 0x7C, 0x57, 0x74, 0x9C, 0xC3, 0xCB, 0xD3, 
    0xCA, 0xCB, 0xCF, 0x50, 0x4F, 0x55, 0x00, 0x00, 0x00, 0x00, 0x00, 0x01, 
    0x20, 0x1B, 0x1F, 0xF3, 0xEC, 0xEE, 0xD9, 0xDC, 0xE6, 0x29, 0x4F, 0x88, 
    0x1A, 0x3F, 0x7D, 0x72, 0xAD, 0xD6, 0xA9, 0xEE, 0xFF, 0x74, 0xB0, 0xD9, 
    0x6E, 0x4A, 0x17, 0xFD, 0xC2, 0x01, 0xF4, 0xCB, 0x01, 0xF5, 0xCA, 0x00, 
    0xF6, 0xCA, 0x00, 0xF5, 0xC8, 0x00, 0xF6, 0xCA, 0x00, 0xF5, 0xC7, 0x00, 
    0xF0, 0xA2, 0x00, 0xF0, 0x9B, 0x00, 0xF0, 0x9D, 0x02, 0xF2, 0x9D, 0x01, 
    0xC0, 0x74, 0x11, 0xEC, 0xDD, 0xD8, 0xFF, 0xFE, 0xFE, 0xFD, 0xF8, 0xFA, 
    0xFE, 0xFA, 0xFC, 0xFE, 0xFA, 0xFC, 0xFE, 0xFA, 0xFC, 0xFE, 0xFA, 0xFC, 
    0xFE, 0xFA, 0xFC, 0xFE, 0xFA, 0xFC, 0xFE, 0xFA, 0xFC, 0xFE, 0xFA, 0xFC, 
    0xFE, 0xFA, 0xFC, 0xFE, 0xFA, 0xFC, 0xFE, 0xFA, 0xFC, 0xFE, 0xFA, 0xFC, 
    0xFE, 0xFA, 0xFC, 0xFE, 0xFA, 0xFC, 0xFE, 0xFA, 0xFC, 0xFE, 0xFA, 0xFC, 
    0xFE, 0xFA, 0xFC, 0xFE, 0xF9, 0xFA, 0xFD, 0xFD, 0xFF, 0xC9, 0x96, 0x60, 
    0xDF, 0x7B, 0x00, 0xF1, 0x9B, 0x03, 0xF0, 0x9D, 0x00, 0xF0, 0x9B, 0x00, 
    0xF1, 0xA8, 0x00, 0xF6, 0xCB, 0x00, 0xF6, 0xCB, 0x00, 0xF6, 0xCB, 0x00, 
    0xF6, 0xCB, 0x00, 0xFA, 0xD0, 0x00, 0xF8, 0xD0, 0x00, 0xF9, 0xC2, 0x00, 
    0xA2, 0x6B, 0x0E, 0x80, 0x8A, 0x8D, 0x9C, 0xAC, 0xA6, 0x90, 0x8D, 0x7B, 
    0x81, 0x6D, 0x58, 0x94, 0x7B, 0x67, 0x9D, 0x7F, 0x5C, 0x8D, 0x68, 0x37, 
    0x87, 0x5F, 0x35, 0x94, 0x6C, 0x3D, 0x90, 0x67, 0x3A, 0x76, 0x51, 0x27, 
    0xA2, 0x7D, 0x56, 0xEC, 0xCC, 0xB2, 0x7E, 0x7D, 0x8A, 0x2D, 0x3F, 0x6E, 
    0x3B, 0x59, 0x88, 0x90, 0xD2, 0xF6, 0x99, 0xE7, 0xFF, 0x6F, 0x83, 0x93, 
    0xCE, 0x98, 0x00, 0xFD, 0xD1, 0x02, 0xF4, 0xC9, 0x00, 0xF6, 0xC9, 0x00, 
    0xF6, 0xCA, 0x00, 0xF6, 0xCA, 0x00, 0xF6, 0xCA, 0x00, 0xF6, 0xC9, 0x00, 
    0xF6, 0xC9, 0x00, 0xF6, 0xC9, 0x00, 0xF5, 0xC8, 0x00, 0xFE, 0xD4, 0x01, 
    0xCB, 0x9A, 0x02, 0x70, 0x81, 0x8B, 0x9B, 0xE7, 0xFF, 0x8F, 0xD1, 0xF6, 
    0x35, 0x56, 0x86, 0x35, 0x49, 0x76, 0x4A, 0x4F, 0x6F, 0x57, 0x46, 0x44, 
    0x6A, 0x47, 0x28, 0x72, 0x4B, 0x22, 0x88, 0x60, 0x37, 0x8E, 0x65, 0x3E, 
    0xA3, 0x7A, 0x4D, 0xCD, 0xA4, 0x70, 0xC4, 0xA0, 0x6D, 0x94, 0x78, 0x69, 
    0x7D, 0x68, 0x61, 0x95, 0x90, 0x86, 0xA2, 0xB1, 0xAE, 0x7E, 0x8A, 0x95, 
    0x9B, 0x66, 0x0E, 0xFA, 0xC0, 0x00, 0xF9, 0xD0, 0x01, 0xF9, 0xD0, 0x00, 
    0xF6, 0xCB, 0x00, 0xF5, 0xC8, 0x00, 0xF6, 0xCB, 0x00, 0xF6, 0xCB, 0x00, 
    0xF0, 0xA8, 0x00, 0xF0, 0x9B, 0x00, 0xF0, 0x9C, 0x00, 0xF2, 0xA1, 0x03, 
    0xE2, 0x8A, 0x00, 0xC2, 0x92, 0x5A, 0xFC, 0xFC, 0xFF, 0xFD, 0xF9, 0xFA, 
    0xFE, 0xFA, 0xFC, 0xFE, 0xFA, 0xFC, 0xFE, 0xFA, 0xFC, 0xFE, 0xFA, 0xFC, 
    0xFE, 0xFA, 0xFC, 0xFE, 0xFA, 0xFC, 0xFE, 0xFA, 0xFC, 0xFE, 0xFA, 0xFC, 
    0xFE, 0xFA, 0xFC, 0xFE, 0xFA, 0xFC, 0xFE, 0xFA, 0xFC, 0xFE, 0xFA, 0xFC, 
    0xFE, 0xFA, 0xFC, 0xFE, 0xFA, 0xFC, 0xFE, 0xFA, 0xFC, 0xFE, 0xFA, 0xFC, 
    0xFD, 0xF8, 0xF9, 0xFF, 0xFF, 0xFF, 0xDB, 0xC8, 0xBB, 0xCA, 0x71, 0x05, 
    0xF2, 0x94, 0x02, 0xEF, 0x9C, 0x01, 0xF0, 0x9D, 0x00, 0xEF, 0x9C, 0x00, 
    0xF2, 0xB3, 0x00, 0xF6, 0xCB, 0x00, 0xF6, 0xCA, 0x00, 0xF7, 0xCD, 0x00, 
    0xF8, 0xCC, 0x00, 0xE6, 0xAF, 0x01, 0xD6, 0x97, 0x02, 0xD0, 0x94, 0x08, 
    0xDA, 0xA0, 0x1A, 0xD8, 0xB0, 0x2F, 0xDF, 0xBF, 0x41, 0xF0, 0xCE, 0x45, 
    0xFB, 0xDA, 0x4D, 0xFD, 0xDC, 0x58, 0xFF, 0xE0, 0x58, 0xFF, 0xE5, 0x60, 
    0xFF, 0xE5, 0x67, 0xFF, 0xE4, 0x5E, 0xFE, 0xDE, 0x5C, 0xFF, 0xDC, 0x5E, 
    0xF2, 0xCD, 0x52, 0xE1, 0xB9, 0x4C, 0xE1, 0xB7, 0x5B, 0xCD, 0xA0, 0x65, 
    0xAD, 0x8B, 0x68, 0xA0, 0xA1, 0x8F, 0x91, 0xB4, 0xC7, 0x7F, 0x71, 0x4F, 
    0xEF, 0xB9, 0x00, 0xF8, 0xCC, 0x02, 0xF5, 0xC7, 0x00, 0xF5, 0xC8, 0x00, 
    0xF5, 0xC8, 0x00, 0xF6, 0xC8, 0x00, 0xF6, 0xC8, 0x00, 0xF5, 0xC7, 0x00, 
    0xF6, 0xC8, 0x00, 0xF6, 0xC8, 0x00, 0xF5, 0xC7, 0x00, 0xF8, 0xCE, 0x02, 
    0xF0, 0xBE, 0x00, 0x84, 0x77, 0x55, 0x8C, 0xB3, 0xCC, 0x99, 0x9C, 0x8E, 
    0xA8, 0x89, 0x67, 0xC7, 0x9E, 0x69, 0xE1, 0xB5, 0x67, 0xEF, 0xC9, 0x69, 
    0xFA, 0xD8, 0x6D, 0xFF, 0xE0, 0x6C, 0xFF, 0xE2, 0x6A, 0xFF, 0xE3, 0x6E, 
    0xFE, 0xE0, 0x6A, 0xF6, 0xDA, 0x5A, 0xF5, 0xD9, 0x5F, 0xFB, 0xDB, 0x60, 
    0xFD, 0xDC, 0x5D, 0xF3, 0xCF, 0x4E, 0xE5, 0xBD, 0x40, 0xDA, 0xAF, 0x2E, 
    0xD5, 0x9D, 0x19, 0xD3, 0x94, 0x0C, 0xD9, 0x98, 0x01, 0xE6, 0xB1, 0x00, 
    0xF7, 0xCB, 0x00, 0xF7, 0xCA, 0x00, 0xF5, 0xC9, 0x00, 0xF6, 0xCB, 0x00, 
    0xF1, 0xB1, 0x00, 0xEE, 0x9C, 0x00, 0xF0, 0x9C, 0x00, 0xEF, 0x9C, 0x01, 
    0xF5, 0xA0, 0x02, 0xC6, 0x77, 0x05, 0xDC, 0xCA, 0xBB, 0xFF, 0xFF, 0xFF, 
    0xFD, 0xF8, 0xF9, 0xFE, 0xFA, 0xFC, 0xFE, 0xFA, 0xFC, 0xFE, 0xFA, 0xFC, 
    0xFE, 0xFA, 0xFC, 0xFE, 0xFA, 0xFC, 0xFE, 0xFA, 0xFC, 0xFE, 0xFA, 0xFC, 
    0xFE, 0xFA, 0xFC, 0xFE, 0xFA, 0xFC, 0xFE, 0xFA, 0xFC, 0xFE, 0xFA, 0xFC, 
    0xFE, 0xFA, 0xFC, 0xFE, 0xFA, 0xFC, 0xFE, 0xFA, 0xFC, 0xFE, 0xFA, 0xFC, 
    0xFE, 0xFB, 0xFB, 0xF8, 0xF6, 0xF9, 0xC3, 0x85, 0x42, 0xE8, 0x84, 0x00, 
    0xF0, 0x9B, 0x03, 0xF0, 0x9D, 0x00, 0xEF, 0x9D, 0x00, 0xEE, 0x9F, 0x00, 
    0xF2, 0xB8, 0x00, 0xF5, 0xC5, 0x00, 0xF5, 0xC3, 0x00, 0xF0, 0xBA, 0x00, 
    0xD6, 0x96, 0x01, 0xD6, 0xA0, 0x02, 0xE8, 0xBC, 0x03, 0xF5, 0xD0, 0x09, 
    0xF9, 0xDC, 0x13, 0xFC, 0xDF, 0x1B, 0xFC, 0xE0, 0x24, 0xF8, 0xDD, 0x1C, 
    0xF6, 0xD7, 0x07, 0xF4, 0xD6, 0x09, 0xF4, 0xD6, 0x09, 0xF4, 0xD5, 0x04, 
    0xF4, 0xD3, 0x03, 0xF4, 0xD3, 0x04, 0xF4, 0xD3, 0x02, 0xF5, 0xD3, 0x06, 
    0xF7, 0xD6, 0x0A, 0xFA, 0xD9, 0x09, 0xFA, 0xDB, 0x14, 0xFC, 0xDD, 0x23, 
    0xFC, 0xDA, 0x31, 0xF0, 0xCC, 0x2A, 0xCA, 0xA8, 0x34, 0xB1, 0x82, 0x15, 
    0xEA, 0xB7, 0x00, 0xF8, 0xCB, 0x01, 0xF5, 0xC8, 0x00, 0xF6, 0xC8, 0x00, 
    0xF6, 0xC8, 0x00, 0xF6, 0xC8, 0x00, 0xF6, 0xC8, 0x00, 0xF6, 0xC8, 0x00, 
    0xF6, 0xC8, 0x00, 0xF6, 0xC9, 0x00, 0xF5, 0xC8, 0x00, 0xF7, 0xCD, 0x00, 
    0xED, 0xB7, 0x01, 0xB8, 0x7E, 0x16, 0xCB, 0xA7, 0x35, 0xED, 0xCA, 0x34, 
    0xFE, 0xDD, 0x39, 0xFD, 0xDE, 0x25, 0xFA, 0xDD, 0x19, 0xF9, 0xDA, 0x15, 
    0xF6, 0xD8, 0x14, 0xF5, 0xD6, 0x13, 0xF5, 0xD5, 0x11, 0xF5, 0xD5, 0x11, 
    0xF6, 0xD8, 0x1A, 0xF7, 0xDB, 0x21, 0xF7, 0xDA, 0x1F, 0xF6, 0xD8, 0x1F, 
    0xF6, 0xD8, 0x19, 0xF7, 0xD8, 0x0B, 0xFA, 0xDD, 0x12, 0xFC, 0xE1, 0x25, 
    0xFB, 0xE2, 0x30, 0xF4, 0xD5, 0x15, 0xE9, 0xBC, 0x08, 0xD9, 0x9D, 0x09, 
    0xD7, 0x93, 0x01, 0xEE, 0xBA, 0x00, 0xF5, 0xC7, 0x00, 0xF5, 0xC4, 0x00, 
    0xF2, 0xB2, 0x00, 0xEE, 0x9E, 0x00, 0xF0, 0x9D, 0x00, 0xF0, 0x9C, 0x00, 
    0xF2, 0x9F, 0x03, 0xEA, 0x8F, 0x00, 0xC3, 0x85, 0x3C, 0xFA, 0xF8, 0xFA, 
    0xFE, 0xFA, 0xFB, 0xFE, 0xFA, 0xFC, 0xFE, 0xFA, 0xFC, 0xFE, 0xFA, 0xFC, 
    0xFE, 0xFA, 0xFC, 0xFE, 0xFA, 0xFC, 0xFE, 0xFA, 0xFC, 0xFE, 0xFA, 0xFC, 
    0xFE, 0xFA, 0xFC, 0xFE, 0xFA, 0xFC, 0xFE, 0xFA, 0xFC, 0xFE, 0xFA, 0xFC, 
    0xFE, 0xFA, 0xFC, 0xFE, 0xFA, 0xFC, 0xFE, 0xFA, 0xFC, 0xFD, 0xF8, 0xF9, 
    0xFF, 0xFF, 0xFF, 0xDB, 0xC2, 0xAD, 0xD2, 0x75, 0x00, 0xF2, 0x98, 0x02, 
    0xEF, 0x9D, 0x00, 0xF0, 0x9C, 0x00, 0xEF, 0x9F, 0x00, 0xED, 0xA0, 0x00, 
    0xF2, 0xB0, 0x00, 0xF4, 0xBC, 0x00, 0xF6, 0xBC, 0x00, 0xE5, 0xAD, 0x00, 
    0xEA, 0xBE, 0x01, 0xFB, 0xDA, 0x00, 0xF9, 0xD6, 0x00, 0xF5, 0xCB, 0x00, 
    0xF3, 0xBD, 0x00, 0xF3, 0xBA, 0x00, 0xF3, 0xB5, 0x00, 0xF3, 0xB3, 0x00, 
    0xF2, 0xB4, 0x00, 0xF0, 0xB3, 0x00, 0xF1, 0xB7, 0x00, 0xF4, 0xC0, 0x00, 
    0xF5, 0xC7, 0x00, 0xF5, 0xCC, 0x00, 0xF6, 0xCF, 0x00, 0xF6, 0xD1, 0x00, 
    0xF6, 0xD2, 0x00, 0xF5, 0xD1, 0x00, 0xF5, 0xD0, 0x00, 0xF4, 0xD0, 0x00, 
    0xF5, 0xD1, 0x00, 0xF8, 0xD6, 0x01, 0xFD, 0xDC, 0x0A, 0xF1, 0xC9, 0x0E, 
    0xE1, 0xAC, 0x01, 0xF7, 0xC9, 0x00, 0xF6, 0xC9, 0x00, 0xF6, 0xC8, 0x00, 
    0xF6, 0xC8, 0x00, 0xF6, 0xC8, 0x00, 0xF6, 0xC8, 0x00, 0xF6, 0xC9, 0x00, 
    0xF6, 0xC9, 0x00, 0xF6, 0xC9, 0x00, 0xF6, 0xC9, 0x00, 0xF7, 0xCC, 0x00, 
    0xE0, 0xAD, 0x01, 0xF1, 0xC8, 0x0C, 0xFE, 0xDB, 0x09, 0xF7, 0xD3, 0x01, 
    0xF4, 0xCF, 0x00, 0xF4, 0xCE, 0x00, 0xF4, 0xCF, 0x00, 0xF5, 0xD0, 0x00, 
    0xF6, 0xD0, 0x00, 0xF6, 0xD1, 0x00, 0xF6, 0xD1, 0x00, 0xF6, 0xCE, 0x00, 
    0xF5, 0xC7, 0x00, 0xF4, 0xC1, 0x00, 0xF4, 0xBC, 0x00, 0xF3, 0xB3, 0x00, 
    0xF3, 0xB2, 0x00, 0xF4, 0xB3, 0x00, 0xF4, 0xB3, 0x00, 0xF1, 0xB8, 0x00, 
    0xF3, 0xC3, 0x00, 0xF6, 0xCE, 0x00, 0xF9, 0xD5, 0x00, 0xFB, 0xDB, 0x03, 
    0xEC, 0xC3, 0x06, 0xE3, 0xB0, 0x00, 0xF4, 0xBF, 0x00, 0xF4, 0xBB, 0x00, 
    0xF3, 0xB1, 0x00, 0xEE, 0xA4, 0x00, 0xEF, 0x9E, 0x00, 0xF0, 0x9B, 0x00, 
    0xEF, 0x9B, 0x00, 0xF5, 0xA2, 0x02, 0xD2, 0x7A, 0x00, 0xDC, 0xC0, 0xAD, 
    0xFF, 0xFF, 0xFF, 0xFD, 0xF8, 0xF9, 0xFE, 0xFA, 0xFC, 0xFE, 0xFA, 0xFC, 
    0xFE, 0xFA, 0xFC, 0xFE, 0xFA, 0xFC, 0xFE, 0xFA, 0xFC, 0xFE, 0xFA, 0xFC, 
    0xFE, 0xFA, 0xFC, 0xFE, 0xFA, 0xFC, 0xFE, 0xFA, 0xFC, 0xFE, 0xFA, 0xFC, 
    0xFE, 0xFA, 0xFC, 0xFE, 0xFA, 0xFC, 0xFE, 0xFA, 0xFC, 0xFE, 0xFB, 0xFC, 
    0xF9, 0xF7, 0xFA, 0xC0, 0x86, 0x3D, 0xE8, 0x89, 0x00, 0xF0, 0x9C, 0x03, 
    0xEF, 0x9E, 0x00, 0xF0, 0x9C, 0x00, 0xEE, 0xA0, 0x00, 0xEC, 0xA2, 0x00, 
    0xF2, 0xAF, 0x00, 0xF4, 0xBD, 0x00, 0xF4, 0xBD, 0x00, 0xF6, 0xCA, 0x00, 
    0xF7, 0xCC, 0x00, 0xF4, 0xC0, 0x00, 0xF2, 0xB3, 0x00, 0xF0, 0xA4, 0x00, 
    0xED, 0x96, 0x01, 0xE9, 0x8D, 0x01, 0xE2, 0x83, 0x01, 0xDF, 0x7D, 0x01, 
    0xE1, 0x80, 0x01, 0xE0, 0x7F, 0x01, 0xE7, 0x88, 0x00, 0xED, 0x92, 0x00, 
    0xF0, 0x9F, 0x00, 0xF1, 0xAD, 0x00, 0xF3, 0xBC, 0x00, 0xF5, 0xCA, 0x00, 
    0xF5, 0xCC, 0x01, 0xF5, 0xCC, 0x00, 0xF5, 0xCB, 0x01, 0xF5, 0xCC, 0x01, 
    0xF5, 0xCB, 0x01, 0xF5, 0xCA, 0x00, 0xF3, 0xC9, 0x00, 0xF6, 0xCC, 0x00, 
    0xF9, 0xCE, 0x00, 0xF5, 0xC8, 0x00, 0xF6, 0xC8, 0x00, 0xF5, 0xC8, 0x00, 
    0xF6, 0xC8, 0x00, 0xF6, 0xC8, 0x00, 0xF6, 0xC8, 0x00, 0xF6, 0xC8, 0x00, 
    0xF6, 0xC8, 0x00, 0xF5, 0xC8, 0x00, 0xF5, 0xC8, 0x00, 0xF6, 0xCA, 0x00, 
    0xF8, 0xCF, 0x00, 0xF7, 0xCC, 0x00, 0xF4, 0xCA, 0x00, 0xF5, 0xCB, 0x00, 
    0xF6, 0xCB, 0x01, 0xF6, 0xCC, 0x01, 0xF6, 0xCD, 0x01, 0xF6, 0xCB, 0x01, 
    0xF6, 0xCB, 0x01, 0xF5, 0xCA, 0x01, 0xF4, 0xBE, 0x01, 0xF2, 0xB1, 0x01, 
    0xF0, 0xA1, 0x01, 0xEE, 0x95, 0x01, 0xE9, 0x8D, 0x01, 0xE5, 0x86, 0x01, 
    0xE0, 0x7E, 0x01, 0xDE, 0x7B, 0x01, 0xE2, 0x81, 0x00, 0xE9, 0x8C, 0x01, 
    0xEE, 0x98, 0x00, 0xF0, 0xA2, 0x00, 0xF1, 0xAD, 0x00, 0xF3, 0xBE, 0x00, 
    0xF7, 0xCB, 0x00, 0xF7, 0xCA, 0x00, 0xF4, 0xBD, 0x00, 0xF4, 0xBC, 0x00, 
    0xF2, 0xAF, 0x00, 0xEE, 0xA2, 0x00, 0xF0, 0x9D, 0x00, 0xF0, 0x9C, 0x00, 
    0xEF, 0x9D, 0x00, 0xF1, 0xA0, 0x03, 0xEA, 0x93, 0x00, 0xC2, 0x85, 0x40, 
    0xF7, 0xF5, 0xF9, 0xFE, 0xFA, 0xFB, 0xFE, 0xFA, 0xFC, 0xFE, 0xFA, 0xFC, 
    0xFE, 0xFA, 0xFC, 0xFE, 0xFA, 0xFC, 0xFE, 0xFA, 0xFC, 0xFE, 0xFA, 0xFC, 
    0xFE, 0xFA, 0xFC, 0xFE, 0xFA, 0xFC, 0xFE, 0xFA, 0xFC, 0xFE, 0xFA, 0xFC, 
    0xFE, 0xFA, 0xFC, 0xFE, 0xFA, 0xFC, 0xFD, 0xF8, 0xF9, 0xFF, 0xFF, 0xFF, 
    0xDE, 0xCB, 0xBD, 0xC8, 0x71, 0x02, 0xF3, 0x97, 0x01, 0xEF, 0x9C, 0x00, 
    0xF0, 0x9C, 0x00, 0xF0, 0x9C, 0x00, 0xED, 0x9F, 0x00, 0xEC, 0xA2, 0x00, 
    0xF2, 0xAD, 0x00, 0xF4, 0xB7, 0x00, 0xF4, 0xB7, 0x00, 0xF3, 0xB8, 0x00, 
    0xF3, 0xB4, 0x00, 0xF2, 0xA7, 0x00, 0xEF, 0x9B, 0x00, 0xED, 0x8F, 0x00, 
    0xE5, 0x86, 0x00, 0xD5, 0x75, 0x00, 0xD0, 0x6C, 0x00, 0xCE, 0x67, 0x01, 
    0xCD, 0x67, 0x01, 0xCF, 0x6D, 0x00, 0xD3, 0x71, 0x00, 0xE1, 0x81, 0x00, 
    0xED, 0x8D, 0x00, 0xEF, 0x99, 0x00, 0xED, 0xA3, 0x00, 0xF2, 0xB6, 0x00, 
    0xF4, 0xC2, 0x00, 0xF4, 0xC3, 0x00, 0xF4, 0xC3, 0x00, 0xF4, 0xC4, 0x00, 
    0xF4, 0xC5, 0x00, 0xF4, 0xC5, 0x00, 0xF5, 0xC6, 0x00, 0xF5, 0xC5, 0x00, 
    0xF4, 0xC5, 0x00, 0xF6, 0xC8, 0x00, 0xF6, 0xC8, 0x00, 0xF6, 0xC8, 0x00, 
    0xF6, 0xC8, 0x00, 0xF6, 0xC8, 0x00, 0xF6, 0xC9, 0x00, 0xF6, 0xC9, 0x00, 
    0xF6, 0xC8, 0x00, 0xF5, 0xC8, 0x00, 0xF5, 0xC8, 0x00, 0xF6, 0xCB, 0x00, 
    0xF6, 0xCA, 0x00, 0xF6, 0xC9, 0x00, 0xF6, 0xCA, 0x00, 0xF6, 0xCA, 0x00, 
    0xF6, 0xCB, 0x00, 0xF6, 0xC9, 0x00, 0xF5, 0xC7, 0x00, 0xF5, 0xC5, 0x00, 
    0xF4, 0xC4, 0x00, 0xF4, 0xB7, 0x00, 0xF0, 0xA7, 0x00, 0xEE, 0x99, 0x00, 
    0xEC, 0x8C, 0x00, 0xDF, 0x81, 0x00, 0xD1, 0x6F, 0x00, 0xCF, 0x67, 0x02, 
    0xCF, 0x62, 0x05, 0xCE, 0x5F, 0x06, 0xD0, 0x67, 0x03, 0xD3, 0x73, 0x00, 
    0xDF, 0x7F, 0x00, 0xED, 0x8C, 0x00, 0xEF, 0x98, 0x00, 0xEE, 0xA1, 0x00, 
    0xF2, 0xAC, 0x00, 0xF4, 0xB6, 0x00, 0xF4, 0xB6, 0x00, 0xF4, 0xB3, 0x00, 
    0xF2, 0xAD, 0x00, 0xEE, 0xA3, 0x00, 0xF0, 0x9D, 0x00, 0xF0, 0x9C, 0x00, 
    0xF0, 0x9C, 0x00, 0xEE, 0x9C, 0x00, 0xF5, 0xA1, 0x01, 0xCD, 0x79, 0x03, 
    0xDB, 0xC6, 0xB7, 0xFF, 0xFF, 0xFF, 0xFD, 0xF8, 0xF9, 0xFE, 0xFA, 0xFC, 
    0xFE, 0xFA, 0xFC, 0xFE, 0xFA, 0xFC, 0xFE, 0xFA, 0xFC, 0xFE, 0xFA, 0xFC, 
    0xFE, 0xFA, 0xFC, 0xFE, 0xFA, 0xFC, 0xFE, 0xFA, 0xFC, 0xFE, 0xFA, 0xFC, 
    0xFE, 0xFA, 0xFC, 0xFE, 0xFA, 0xFC, 0xFE, 0xF9, 0xFA, 0xFD, 0xFD, 0xFF, 
    0xC9, 0x91, 0x5A, 0xE3, 0x7F, 0x00, 0xF1, 0x9B, 0x03, 0xEF, 0x9D, 0x00, 
    0xF0, 0x9C, 0x00, 0xF0, 0x9D, 0x00, 0xED, 0xA3, 0x00, 0xEC, 0xA2, 0x00, 
    0xEF, 0xA7, 0x00, 0xF4, 0xAE, 0x00, 0xF4, 0xB0, 0x00, 0xF4, 0xB1, 0x00, 
    0xF4, 0xAF, 0x00, 0xEF, 0xA4, 0x00, 0xEF, 0x9C, 0x00, 0xEE, 0x92, 0x00, 
    0xE7, 0x87, 0x00, 0xE1, 0x80, 0x00, 0xD7, 0x75, 0x00, 0xD7, 0x75, 0x00, 
    0xD6, 0x73, 0x00, 0xD7, 0x76, 0x00, 0xDD, 0x7E, 0x00, 0xE3, 0x83, 0x00, 
    0xED, 0x8F, 0x00, 0xEF, 0x9C, 0x00, 0xF1, 0xAA, 0x00, 0xF4, 0xBC, 0x00, 
    0xF4, 0xC4, 0x00, 0xF4, 0xC4, 0x00, 0xF4, 0xC4, 0x00, 0xF6, 0xC8, 0x00, 
    0xF6, 0xC9, 0x00, 0xF6, 0xC9, 0x00, 0xF6, 0xC8, 0x00, 0xF5, 0xC7, 0x00, 
    0xF5, 0xC7, 0x00, 0xF6, 0xC8, 0x00, 0xF5, 0xC7, 0x00, 0xF6, 0xC7, 0x00, 
    0xF6, 0xC8, 0x00, 0xF6, 0xC8, 0x00, 0xF6, 0xC8, 0x00, 0xF6, 0xC8, 0x00, 
    0xF6, 0xC8, 0x00, 0xF6, 0xC8, 0x00, 0xF5, 0xC8, 0x00, 0xF5, 0xC8, 0x00, 
    0xF6, 0xC9, 0x00, 0xF6, 0xC8, 0x00, 0xF5, 0xC8, 0x00, 0xF5, 0xC7, 0x00, 
    0xF5, 0xC7, 0x00, 0xF5, 0xC7, 0x00, 0xF5, 0xC5, 0x00, 0xF4, 0xC4, 0x00, 
    0xF4, 0xC4, 0x00, 0xF4, 0xBD, 0x00, 0xF2, 0xAE, 0x00, 0xF0, 0x9F, 0x00, 
    0xED, 0x8F, 0x00, 0xE8, 0x89, 0x00, 0xDB, 0x7A, 0x00, 0xD5, 0x71, 0x01, 
    0xD6, 0x73, 0x01, 0xD4, 0x6F, 0x01, 0xD7, 0x72, 0x01, 0xE1, 0x81, 0x00, 
    0xE7, 0x86, 0x00, 0xEE, 0x93, 0x00, 0xEF, 0x9C, 0x00, 0xEE, 0xA3, 0x00, 
    0xF3, 0xAF, 0x00, 0xF4, 0xAE, 0x00, 0xF4, 0xAE, 0x00, 0xF4, 0xAF, 0x00, 
    0xF1, 0xAA, 0x00, 0xEC, 0xA2, 0x00, 0xEF, 0xA0, 0x00, 0xF0, 0x9D, 0x00, 
    0xF0, 0x9C, 0x00, 0xF0, 0x9C, 0x00, 0xF2, 0x9F, 0x03, 0xE6, 0x8E, 0x00, 
    0xC3, 0x94, 0x56, 0xFD, 0xFC, 0xFF, 0xFE, 0xFA, 0xFB, 0xFE, 0xFA, 0xFC, 
    0xFE, 0xFA, 0xFC, 0xFE, 0xFA, 0xFC, 0xFE, 0xFA, 0xFC, 0xFE, 0xFA, 0xFC, 
    0xFE, 0xFA, 0xFC, 0xFE, 0xFA, 0xFC, 0xFE, 0xFA, 0xFC, 0xFE, 0xFA, 0xFC, 
    0xFE, 0xFA, 0xFC, 0xFD, 0xF9, 0xFA, 0xFF, 0xFE, 0xFF, 0xEB, 0xE1, 0xD9, 
    0xC7, 0x77, 0x0F, 0xF0, 0x92, 0x00, 0xEF, 0x9D, 0x01, 0xF0, 0x9D, 0x00, 
    0xF0, 0x9C, 0x00, 0xED, 0xA1, 0x00, 0xED, 0xA3, 0x00, 0xED, 0xA3, 0x00, 
    0xED, 0xA3, 0x00, 0xF3, 0xAD, 0x00, 0xF4, 0xAF, 0x00, 0xF4, 0xAF, 0x00, 
    0xF4, 0xAF, 0x00, 0xF4, 0xAF, 0x00, 0xF2, 0xAB, 0x00, 0xF1, 0xA5, 0x00, 
    0xF0, 0x9E, 0x00, 0xF0, 0x99, 0x00, 0xED, 0x94, 0x00, 0xED, 0x93, 0x00, 
    0xEC, 0x92, 0x00, 0xED, 0x92, 0x00, 0xEF, 0x97, 0x00, 0xF0, 0x9D, 0x00, 
    0xF1, 0xA8, 0x00, 0xF3, 0xB4, 0x00, 0xF4, 0xBC, 0x00, 0xF4, 0xC3, 0x00, 
    0xF4, 0xC4, 0x00, 0xF4, 0xC4, 0x00, 0xF5, 0xC6, 0x00, 0xF6, 0xC8, 0x00, 
    0xF6, 0xC9, 0x00, 0xF6, 0xC8, 0x00, 0xF6, 0xC8, 0x00, 0xF6, 0xC8, 0x00, 
    0xF6, 0xC9, 0x00, 0xF6, 0xC8, 0x00, 0xF6, 0xC9, 0x00, 0xF6, 0xC9, 0x00, 
    0xF6, 0xC9, 0x00, 0xF6, 0xC9, 0x00, 0xF6, 0xC9, 0x00, 0xF6, 0xC9, 0x00, 
    0xF6, 0xC9, 0x00, 0xF6, 0xC9, 0x00, 0xF6, 0xC9, 0x00, 0xF6, 0xC9, 0x00, 
    0xF6, 0xC9, 0x00, 0xF6, 0xC9, 0x00, 0xF6, 0xC9, 0x00, 0xF6, 0xC9, 0x00, 
    0xF6, 0xC9, 0x00, 0xF6, 0xC8, 0x00, 0xF5, 0xC7, 0x00, 0xF5, 0xC6, 0x00, 
    0xF4, 0xC4, 0x00, 0xF4, 0xC4, 0x00, 0xF4, 0xBE, 0x00, 0xF4, 0xB2, 0x00, 
    0xF1, 0xA7, 0x00, 0xF1, 0xA1, 0x00, 0xF0, 0x9B, 0x00, 0xED, 0x94, 0x00, 
    0xEC, 0x93, 0x00, 0xED, 0x94, 0x00, 0xEC, 0x94, 0x00, 0xEF, 0x97, 0x00, 
    0xF0, 0x9D, 0x00, 0xF1, 0xA5, 0x00, 0xF2, 0xAA, 0x00, 0xF3, 0xAE, 0x00, 
    0xF4, 0xAF, 0x00, 0xF4, 0xAF, 0x00, 0xF4, 0xAF, 0x00, 0xF4, 0xAE, 0x00, 
    0xED, 0xA4, 0x00, 0xEB, 0xA1, 0x00, 0xEE, 0xA1, 0x00, 0xEF, 0x9F, 0x00, 
    0xF0, 0x9C, 0x00, 0xF0, 0x9C, 0x00, 0xEF, 0x9C, 0x01, 0xF4, 0x9D, 0x01, 
    0xC6, 0x79, 0x0C, 0xE8, 0xDD, 0xD5, 0xFF, 0xFE, 0xFF, 0xFD, 0xF9, 0xFA, 
    0xFE, 0xFA, 0xFC, 0xFE, 0xFA, 0xFC, 0xFE, 0xFA, 0xFC, 0xFE, 0xFA, 0xFC, 
    0xFE, 0xFA, 0xFC, 0xFE, 0xFA, 0xFC, 0xFE, 0xFA, 0xFC, 0xFE, 0xFA, 0xFC, 
    0xFE, 0xFA, 0xFC, 0xFD, 0xF8, 0xF8, 0xFF, 0xFF, 0xFF, 0xD4, 0xB3, 0x91, 
    0xD7, 0x78, 0x00, 0xF3, 0x9B, 0x02, 0xF0, 0x9D, 0x00, 0xF0, 0x9C, 0x00, 
    0xF0, 0x9D, 0x00, 0xED, 0xA2, 0x00, 0xEC, 0xA2, 0x00, 0xEB, 0xA1, 0x00, 
    0xED, 0xA3, 0x00, 0xF3, 0xAD, 0x00, 0xF4, 0xAF, 0x00, 0xF4, 0xAF, 0x00, 
    0xF4, 0xAF, 0x00, 0xF4, 0xAF, 0x00, 0xF4, 0xB0, 0x00, 0xF4, 0xB0, 0x00, 
    0xF4, 0xAF, 0x00, 0xF3, 0xB0, 0x00, 0xF4, 0xB0, 0x00, 0xF3, 0xAE, 0x00, 
    0xF3, 0xAF, 0x00, 0xF4, 0xB1, 0x00, 0xF3, 0xB6, 0x00, 0xF4, 0xB8, 0x00, 
    0xF4, 0xBD, 0x00, 0xF4, 0xC2, 0x00, 0xF4, 0xC4, 0x00, 0xF4, 0xC4, 0x00, 
    0xF4, 0xC4, 0x00, 0xF4, 0xC4, 0x00, 0xF5, 0xC6, 0x00, 0xF5, 0xC7, 0x00, 
    0xF5, 0xC6, 0x00, 0xF5, 0xC6, 0x00, 0xF5, 0xC7, 0x00, 0xF6, 0xC8, 0x00, 
    0xF6, 0xC8, 0x00, 0xF6, 0xC8, 0x00, 0xF6, 0xC7, 0x00, 0xF6, 0xC7, 0x00, 
    0xF6, 0xC8, 0x00, 0xF6, 0xC7, 0x00, 0xF6, 0xC7, 0x00, 0xF6, 0xC7, 0x00, 
    0xF5, 0xC7, 0x00, 0xF5, 0xC7, 0x00, 0xF6, 0xC7, 0x00, 0xF6, 0xC7, 0x00, 
    0xF6, 0xC7, 0x00, 0xF6, 0xC7, 0x00, 0xF6, 0xC7, 0x00, 0xF6, 0xC8, 0x00, 
    0xF6, 0xC8, 0x00, 0xF6, 0xCA, 0x00, 0xF6, 0xCA, 0x00, 0xF6, 0xCA, 0x00, 
    0xF6, 0xC9, 0x00, 0xF5, 0xC6, 0x00, 0xF4, 0xC5, 0x00, 0xF4, 0xC3, 0x00, 
    0xF4, 0xBD, 0x00, 0xF4, 0xB8, 0x00, 0xF4, 0xB5, 0x00, 0xF4, 0xB4, 0x00, 
    0xF4, 0xB4, 0x00, 0xF3, 0xB3, 0x00, 0xF4, 0xB4, 0x00, 0xF3, 0xB3, 0x00, 
    0xF4, 0xB5, 0x00, 0xF4, 0xB3, 0x00, 0xF4, 0xB0, 0x00, 0xF4, 0xAF, 0x00, 
    0xF4, 0xAF, 0x00, 0xF4, 0xAF, 0x00, 0xF4, 0xAF, 0x00, 0xF3, 0xAE, 0x00, 
    0xEE, 0xA5, 0x00, 0xED, 0xA2, 0x00, 0xED, 0xA3, 0x00, 0xEE, 0xA1, 0x00, 
    0xF0, 0x9C, 0x00, 0xF0, 0x9C, 0x00, 0xEF, 0x9B, 0x00, 0xF4, 0xA1, 0x03, 
    0xDB, 0x80, 0x00, 0xCF, 0xA9, 0x82, 0xFF, 0xFF, 0xFF, 0xFD, 0xF8, 0xF9, 
    0xFE, 0xFA, 0xFC, 0xFE, 0xFA, 0xFC, 0xFE, 0xFA, 0xFC, 0xFE, 0xFA, 0xFC, 
    0xFE, 0xFA, 0xFC, 0xFE, 0xFA, 0xFC, 0xFE, 0xFA, 0xFC, 0xFE, 0xFA, 0xFC, 
    0xFE, 0xFA, 0xFC, 0xFF, 0xFA, 0xFC, 0xFA, 0xF8, 0xFA, 0xBF, 0x88, 0x40, 
    0xE9, 0x87, 0x01, 0xF1, 0x9E, 0x03, 0xF0, 0x9C, 0x00, 0xF0, 0x9C, 0x00, 
    0xF0, 0x9E, 0x00, 0xED, 0xA2, 0x00, 0xEC, 0xA2, 0x00, 0xED, 0xA2, 0x00, 
    0xED, 0xA3, 0x00, 0xF2, 0xAC, 0x00, 0xF3, 0xAE, 0x00, 0xF4, 0xAF, 0x00, 
    0xF4, 0xAF, 0x00, 0xF4, 0xAF, 0x00, 0xF4, 0xB0, 0x00, 0xF4, 0xB0, 0x00, 
    0xF4, 0xB3, 0x00, 0xF4, 0xB7, 0x00, 0xF4, 0xBB, 0x00, 0xF4, 0xBA, 0x00, 
    0xF4, 0xBB, 0x00, 0xF4, 0xBD, 0x00, 0xF4, 0xBD, 0x00, 0xF4, 0xBC, 0x00, 
    0xF4, 0xC1, 0x00, 0xF4, 0xC5, 0x00, 0xF5, 0xC6, 0x00, 0xF5, 0xC6, 0x00, 
    0xF5, 0xC6, 0x00, 0xF5, 0xC7, 0x00, 0xF5, 0xC7, 0x00, 0xF6, 0xC9, 0x00, 
    0xF6, 0xC8, 0x00, 0xF6, 0xC8, 0x00, 0xF6, 0xC8, 0x00, 0xF5, 0xC8, 0x00, 
    0xF6, 0xC8, 0x00, 0xF6, 0xC9, 0x00, 0xF6, 0xC9, 0x00, 0xF6, 0xC9, 0x00, 
    0xF6, 0xC8, 0x00, 0xF6, 0xC8, 0x00, 0xF6, 0xC8, 0x00, 0xF6, 0xC8, 0x00, 
    0xF5, 0xC8, 0x00, 0xF5, 0xC8, 0x00, 0xF5, 0xC8, 0x00, 0xF5, 0xC9, 0x00, 
    0xF6, 0xC9, 0x00, 0xF6, 0xC9, 0x00, 0xF6, 0xC9, 0x00, 0xF6, 0xC9, 0x00, 
    0xF6, 0xC9, 0x00, 0xF6, 0xCA, 0x00, 0xF6, 0xCA, 0x00, 0xF6, 0xC9, 0x00, 
    0xF6, 0xCB, 0x00, 0xF6, 0xC9, 0x00, 0xF4, 0xC4, 0x00, 0xF4, 0xC4, 0x00, 
    0xF3, 0xC2, 0x00, 0xF4, 0xBE, 0x00, 0xF4, 0xBC, 0x00, 0xF4, 0xBC, 0x00, 
    0xF4, 0xBC, 0x00, 0xF4, 0xBC, 0x00, 0xF4, 0xBC, 0x00, 0xF4, 0xBC, 0x00, 
    0xF4, 0xBC, 0x00, 0xF4, 0xBB, 0x00, 0xF4, 0xB4, 0x00, 0xF4, 0xAF, 0x00, 
    0xF4, 0xAF, 0x00, 0xF4, 0xAF, 0x00, 0xF3, 0xAD, 0x00, 0xF4, 0xAF, 0x00, 
    0xEE, 0xA6, 0x00, 0xED, 0xA2, 0x00, 0xED, 0xA3, 0x00, 0xEE, 0xA3, 0x00, 
    0xEF, 0x9F, 0x00, 0xF0, 0x9D, 0x00, 0xF0, 0x9C, 0x00, 0xF1, 0x9E, 0x02, 
    0xEC, 0x93, 0x00, 0xC8, 0x84, 0x36, 0xF9, 0xF7, 0xFA, 0xFF, 0xFB, 0xFC, 
    0xFE, 0xFA, 0xFC, 0xFE, 0xFA, 0xFC, 0xFE, 0xFA, 0xFC, 0xFE, 0xFA, 0xFC, 
    0xFE, 0xFA, 0xFC, 0xFE, 0xFA, 0xFC, 0xFE, 0xFA, 0xFC, 0xFE, 0xFA, 0xFC, 
    0xFD, 0xF9, 0xFA, 0xFF, 0xFF, 0xFF, 0xE6, 0xD7, 0xCD, 0xC7, 0x74, 0x08, 
    0xF2, 0x98, 0x00, 0xEF, 0x9D, 0x01, 0xF0, 0x9C, 0x00, 0xEF, 0x9D, 0x00, 
    0xEE, 0xA2, 0x00, 0xEC, 0xA3, 0x00, 0xEC, 0xA2, 0x00, 0xEC, 0xA1, 0x00, 
    0xED, 0xA3, 0x00, 0xF3, 0xAD, 0x00, 0xF4, 0xAE, 0x00, 0xF4, 0xAF, 0x00, 
    0xF4, 0xAF, 0x00, 0xF4, 0xB0, 0x00, 0xF4, 0xB6, 0x00, 0xF4, 0xBA, 0x00, 
    0xF4, 0xBB, 0x00, 0xF4, 0xBA, 0x00, 0xF4, 0xBB, 0x00, 0xF4, 0xBB, 0x00, 
    0xF4, 0xBB, 0x00, 0xF4, 0xBB, 0x00, 0xF4, 0xBB, 0x00, 0xF3, 0xBF, 0x00, 
    0xF4, 0xC4, 0x00, 0xF5, 0xC6, 0x00, 0xF6, 0xC9, 0x00, 0xF6, 0xC8, 0x00, 
    0xF6, 0xC9, 0x00, 0xF5, 0xC8, 0x00, 0xF5, 0xC8, 0x00, 0xF5, 0xC8, 0x00, 
    0xF5, 0xC7, 0x00, 0xF5, 0xC8, 0x00, 0xF5, 0xC7, 0x00, 0xF6, 0xC8, 0x01, 
    0xF6, 0xC9, 0x01, 0xF6, 0xCA, 0x01, 0xF7, 0xCA, 0x01, 0xF7, 0xCA, 0x01, 
    0xF7, 0xCC, 0x02, 0xF7, 0xCA, 0x02, 0xF6, 0xCA, 0x01, 0xF7, 0xCA, 0x02, 
    0xF7, 0xCC, 0x02, 0xF7, 0xCB, 0x01, 0xF7, 0xCB, 0x01, 0xF6, 0xC9, 0x01, 
    0xF5, 0xC7, 0x01, 0xF5, 0xC8, 0x01, 0xF5, 0xC7, 0x00, 0xF4, 0xC6, 0x00, 
    0xF5, 0xC6, 0x00, 0xF5, 0xC6, 0x00, 0xF5, 0xC7, 0x00, 0xF5, 0xC7, 0x00, 
    0xF5, 0xC8, 0x00, 0xF6, 0xC9, 0x00, 0xF4, 0xC4, 0x00, 0xF4, 0xC4, 0x00, 
    0xF4, 0xC4, 0x00, 0xF4, 0xC0, 0x00, 0xF4, 0xBB, 0x00, 0xF4, 0xBB, 0x00, 
    0xF4, 0xBB, 0x00, 0xF4, 0xBB, 0x00, 0xF4, 0xBB, 0x00, 0xF4, 0xBB, 0x00, 
    0xF4, 0xBB, 0x00, 0xF4, 0xBB, 0x00, 0xF4, 0xBB, 0x00, 0xF4, 0xB3, 0x00, 
    0xF4, 0xAF, 0x00, 0xF4, 0xAF, 0x00, 0xF1, 0xAB, 0x00, 0xF3, 0xAD, 0x00, 
    0xEF, 0xA7, 0x00, 0xEC, 0xA3, 0x00, 0xED, 0xA3, 0x00, 0xEE, 0xA5, 0x00, 
    0xED, 0xA4, 0x00, 0xEF, 0xA0, 0x00, 0xF0, 0x9C, 0x00, 0xEF, 0x9C, 0x01, 
    0xF4, 0xA0, 0x00, 0xCC, 0x79, 0x07, 0xE7, 0xD6, 0xCD, 0xFF, 0xFF, 0xFF, 
    0xFD, 0xF8, 0xFA, 0xFE, 0xFA, 0xFC, 0xFE, 0xFA, 0xFC, 0xFE, 0xFA, 0xFC, 
    0xFE, 0xFA, 0xFC, 0xFE, 0xFA, 0xFC, 0xFE, 0xFA, 0xFC, 0xFE, 0xFA, 0xFC, 
    0xFD, 0xF8, 0xF9, 0xFF, 0xFF, 0xFF, 0xD2, 0xB2, 0x8E, 0xD8, 0x79, 0x00, 
    0xF3, 0x9D, 0x02, 0xEF, 0x9C, 0x00, 0xEF, 0x9F, 0x00, 0xEC, 0xA2, 0x00, 
    0xEC, 0xA3, 0x00, 0xED, 0xA1, 0x00, 0xEE, 0xA5, 0x00, 0xF1, 0xAF, 0x00, 
    0xF2, 0xAE, 0x00, 0xF4, 0xAF, 0x00, 0xF4, 0xAF, 0x00, 0xF4, 0xAF, 0x00, 
    0xF4, 0xB0, 0x00, 0xF4, 0xB8, 0x00, 0xF4, 0xBA, 0x00, 0xF4, 0xBB, 0x00, 
    0xF4, 0xBB, 0x00, 0xF4, 0xBA, 0x00, 0xF4, 0xBB, 0x00, 0xF4, 0xBB, 0x00, 
    0xF4, 0xBB, 0x00, 0xF4, 0xBB, 0x00, 0xF4, 0xBB, 0x00, 0xF4, 0xC2, 0x00, 
    0xF3, 0xC3, 0x00, 0xF4, 0xC5, 0x00, 0xF5, 0xC8, 0x00, 0xF6, 0xC8, 0x00, 
    0xF6, 0xCA, 0x00, 0xF8, 0xCD, 0x02, 0xF9, 0xD0, 0x03, 0xFA, 0xD1, 0x03, 
    0xFB, 0xD0, 0x02, 0xFA, 0xD0, 0x01, 0xF9, 0xCD, 0x01, 0xF8, 0xC9, 0x00, 
    0xF6, 0xC7, 0x00, 0xF5, 0xC6, 0x00, 0xF4, 0xC3, 0x00, 0xF3, 0xC2, 0x00, 
    0xF3, 0xC1, 0x00, 0xF1, 0xBF, 0x00, 0xF1, 0xC0, 0x00, 0xF2, 0xBE, 0x00, 
    0xF2, 0xBF, 0x00, 0xF2, 0xC0, 0x00, 0xF3, 0xC2, 0x00, 0xF5, 0xC6, 0x00, 
    0xF6, 0xC7, 0x00, 0xF8, 0xCA, 0x00, 0xF9, 0xCD, 0x00, 0xFA, 0xD0, 0x01, 
    0xFB, 0xD2, 0x03, 0xFA, 0xD0, 0x03, 0xF9, 0xCF, 0x03, 0xF8, 0xCD, 0x02, 
    0xF6, 0xC9, 0x00, 0xF5, 0xC7, 0x00, 0xF4, 0xC4, 0x00, 0xF3, 0xC4, 0x00, 
    0xF3, 0xC4, 0x00, 0xF3, 0xC1, 0x00, 0xF4, 0xBB, 0x00, 0xF4, 0xBB, 0x00, 
    0xF4, 0xBB, 0x00, 0xF4, 0xBB, 0x00, 0xF4, 0xBB, 0x00, 0xF4, 0xBB, 0x00, 
    0xF4, 0xBB, 0x00, 0xF4, 0xBB, 0x00, 0xF4, 0xBB, 0x00, 0xF4, 0xB7, 0x00, 
    0xF4, 0xB0, 0x00, 0xF4, 0xAF, 0x00, 0xF2, 0xAB, 0x00, 0xF2, 0xAC, 0x00, 
    0xEF, 0xA5, 0x00, 0xEC, 0xA1, 0x00, 0xEC, 0xA2, 0x00, 0xEF, 0xA6, 0x00, 
    0xF1, 0xAA, 0x00, 0xEE, 0xA3, 0x00, 0xEF, 0x9D, 0x00, 0xEF, 0x9C, 0x00, 
    0xF4, 0xA3, 0x03, 0xDA, 0x82, 0x00, 0xD2, 0xAE, 0x8D, 0xFF, 0xFF, 0xFF, 
    0xFD, 0xF8, 0xF9, 0xFE, 0xFA, 0xFC, 0xFE, 0xFA, 0xFC, 0xFE, 0xFA, 0xFC, 
    0xFE, 0xFA, 0xFC, 0xFE, 0xFA, 0xFC, 0xFE, 0xFA, 0xFC, 0xFE, 0xFA, 0xFC, 
    0xFE, 0xF9, 0xFB, 0xFD, 0xFD, 0xFF, 0xC7, 0x91, 0x53, 0xE3, 0x82, 0x00, 
    0xF2, 0x9D, 0x03, 0xF0, 0x9C, 0x00, 0xF0, 0x9E, 0x00, 0xED, 0xA2, 0x00, 
    0xEB, 0x9F, 0x00, 0xF0, 0xAD, 0x00, 0xF4, 0xC5, 0x00, 0xF5, 0xC7, 0x00, 
    0xF4, 0xB9, 0x00, 0xF4, 0xB0, 0x00, 0xF4, 0xAF, 0x00, 0xF4, 0xAF, 0x00, 
    0xF4, 0xB1, 0x00, 0xF4, 0xBA, 0x00, 0xF4, 0xBB, 0x00, 0xF4, 0xBB, 0x00, 
    0xF4, 0xBB, 0x00, 0xF4, 0xBB, 0x00, 0xF4, 0xBB, 0x00, 0xF4, 0xBB, 0x00, 
    0xF3, 0xBA, 0x00, 0xF3, 0xBA, 0x00, 0xF3, 0xBE, 0x00, 0xF4, 0xC5, 0x00, 
    0xF6, 0xC8, 0x00, 0xF7, 0xCA, 0x00, 0xF9, 0xCC, 0x00, 0xF8, 0xCD, 0x00, 
    0xF4, 0xC5, 0x00, 0xEE, 0xB7, 0x00, 0xE7, 0xAB, 0x00, 0xDD, 0x9E, 0x00, 
    0xD6, 0x94, 0x00, 0xCF, 0x89, 0x00, 0xD0, 0x83, 0x00, 0xCD, 0x81, 0x05, 
    0xC9, 0x80, 0x0F, 0xC7, 0x80, 0x17, 0xC6, 0x7E, 0x18, 0xC4, 0x7A, 0x1A, 
    0xC7, 0x80, 0x21, 0xC7, 0x7D, 0x1F, 0xC2, 0x78, 0x1C, 0xCA, 0x80, 0x22, 
    0xCB, 0x82, 0x1E, 0xC9, 0x7D, 0x1A, 0xC7, 0x7C, 0x1A, 0xC9, 0x7F, 0x12, 
    0xCB, 0x7F, 0x0B, 0xCD, 0x7E, 0x04, 0xCE, 0x85, 0x00, 0xD1, 0x8B, 0x00, 
    0xD8, 0x94, 0x00, 0xE2, 0xA3, 0x00, 0xE7, 0xAC, 0x00, 0xED, 0xB7, 0x00, 
    0xF6, 0xC7, 0x00, 0xF7, 0xCC, 0x00, 0xF7, 0xCC, 0x00, 0xF7, 0xCA, 0x00, 
    0xF6, 0xC8, 0x00, 0xF4, 0xC4, 0x00, 0xF3, 0xBD, 0x00, 0xF3, 0xBA, 0x00, 
    0xF3, 0xBB, 0x00, 0xF4, 0xBB, 0x00, 0xF4, 0xBB, 0x00, 0xF4, 0xBB, 0x00, 
    0xF4, 0xBB, 0x00, 0xF4, 0xBB, 0x00, 0xF4, 0xBC, 0x00, 0xF4, 0xB9, 0x00, 
    0xF3, 0xB3, 0x00, 0xF4, 0xB0, 0x00, 0xF3, 0xAD, 0x00, 0xF4, 0xAF, 0x00, 
    0xF2, 0xAF, 0x00, 0xEF, 0xAB, 0x00, 0xED, 0xA3, 0x00, 0xEE, 0xA3, 0x00, 
    0xEF, 0xA8, 0x00, 0xEE, 0xA2, 0x00, 0xEF, 0x9E, 0x00, 0xF0, 0x9C, 0x00, 
    0xF1, 0xA1, 0x03, 0xE8, 0x90, 0x00, 0xC6, 0x8C, 0x4F, 0xFB, 0xFA, 0xFE, 
    0xFE, 0xF9, 0xFB, 0xFE, 0xFA, 0xFC, 0xFE, 0xFA, 0xFC, 0xFE, 0xFA, 0xFC, 
    0xFE, 0xFA, 0xFC, 0xFE, 0xFA, 0xFC, 0xFE, 0xFA, 0xFC, 0xFE, 0xF9, 0xFB, 
    0xFF, 0xFD, 0xFF, 0xF5, 0xED, 0xEE, 0xC5, 0x7D, 0x21, 0xED, 0x91, 0x00, 
    0xF0, 0x9D, 0x02, 0xF0, 0x9C, 0x00, 0xF0, 0x9D, 0x00, 0xEC, 0x9F, 0x00, 
    0xF0, 0xB4, 0x00, 0xF6, 0xD1, 0x00, 0xF6, 0xCE, 0x00, 0xF4, 0xC0, 0x00, 
    0xF4, 0xB5, 0x00, 0xF3, 0xB1, 0x00, 0xF4, 0xAE, 0x00, 0xF5, 0xB1, 0x00, 
    0xF4, 0xB4, 0x00, 0xF4, 0xB9, 0x00, 0xF4, 0xBB, 0x00, 0xF4, 0xBB, 0x00, 
    0xF4, 0xBB, 0x00, 0xF3, 0xBB, 0x00, 0xF3, 0xBA, 0x00, 0xF4, 0xBB, 0x00, 
    0xF5, 0xBE, 0x00, 0xF6, 0xC0, 0x00, 0xF6, 0xC5, 0x00, 0xF2, 0xBE, 0x00, 
    0xEE, 0xB3, 0x00, 0xE4, 0xA3, 0x01, 0xD4, 0x8C, 0x04, 0xC7, 0x79, 0x06, 
    0xB7, 0x6C, 0x05, 0xC4, 0x7D, 0x29, 0xCE, 0x8F, 0x4B, 0xCB, 0x96, 0x66, 
    0xCF, 0xA2, 0x7B, 0xD6, 0xB0, 0x92, 0xD9, 0xB8, 0xA0, 0xD8, 0xC2, 0xB4, 
    0xD6, 0xC7, 0xC2, 0xDC, 0xCC, 0xC7, 0xDE, 0xCF, 0xC9, 0xE0, 0xD0, 0xCA, 
    0xE0, 0xD6, 0xD3, 0xDD, 0xD4, 0xD1, 0xBD, 0xB3, 0xB0, 0xDE, 0xD4, 0xD3, 
    0xE0, 0xD6, 0xD2, 0xE1, 0xD3, 0xCC, 0xDC, 0xD0, 0xCD, 0xDB, 0xCA, 0xC5, 
    0xDA, 0xC6, 0xBC, 0xD9, 0xBF, 0xAF, 0xD8, 0xB9, 0xA3, 0xD2, 0xAD, 0x93, 
    0xCE, 0x9E, 0x74, 0xCE, 0x98, 0x65, 0xC8, 0x8C, 0x4D, 0xBF, 0x7C, 0x2C, 
    0xB6, 0x67, 0x05, 0xC7, 0x7B, 0x05, 0xD7, 0x92, 0x03, 0xE2, 0xA3, 0x02, 
    0xED, 0xB5, 0x00, 0xF3, 0xBE, 0x00, 0xF7, 0xC4, 0x00, 0xF7, 0xC0, 0x00, 
    0xF5, 0xBD, 0x00, 0xF4, 0xBB, 0x00, 0xF3, 0xBA, 0x00, 0xF3, 0xBA, 0x00, 
    0xF4, 0xBB, 0x00, 0xF4, 0xBB, 0x00, 0xF4, 0xBB, 0x00, 0xF4, 0xB7, 0x00, 
    0xF4, 0xB0, 0x00, 0xF3, 0xB0, 0x00, 0xF4, 0xAE, 0x00, 0xF4, 0xB6, 0x00, 
    0xF5, 0xC7, 0x00, 0xF6, 0xCD, 0x00, 0xF5, 0xC6, 0x00, 0xF1, 0xB0, 0x00, 
    0xEC, 0x9F, 0x00, 0xED, 0xA3, 0x00, 0xEE, 0xA2, 0x00, 0xF0, 0x9C, 0x00, 
    0xF0, 0x9D, 0x02, 0xF2, 0x9B, 0x00, 0xC4, 0x7C, 0x1E, 0xEF, 0xE8, 0xEB, 
    0xFF, 0xFD, 0xFE, 0xFE, 0xF9, 0xFB, 0xFE, 0xFA, 0xFC, 0xFE, 0xFA, 0xFC, 
    0xFE, 0xFA, 0xFC, 0xFE, 0xFA, 0xFC, 0xFE, 0xFA, 0xFC, 0xFD, 0xF8, 0xFA, 
    0xFF, 0xFF, 0xFF, 0xE6, 0xD4, 0xC8, 0xCE, 0x75, 0x03, 0xF3, 0x9B, 0x00, 
    0xF0, 0x9C, 0x01, 0xF0, 0x9C, 0x00, 0xEE, 0x9E, 0x00, 0xED, 0xB3, 0x03, 
    0xF6, 0xD7, 0x07, 0xF7, 0xD1, 0x00, 0xF5, 0xC5, 0x00, 0xF4, 0xBC, 0x00, 
    0xF3, 0xB1, 0x00, 0xF7, 0xB2, 0x00, 0xE5, 0x9C, 0x01, 0xD6, 0x8E, 0x02, 
    0xF7, 0xB6, 0x00, 0xF3, 0xB6, 0x00, 0xF4, 0xBB, 0x00, 0xF3, 0xBA, 0x00, 
    0xF4, 0xBB, 0x00, 0xF5, 0xBC, 0x00, 0xF7, 0xBC, 0x00, 0xF6, 0xBB, 0x00, 
    0xED, 0xAE, 0x00, 0xE3, 0x9D, 0x02, 0xCF, 0x84, 0x04, 0xB0, 0x62, 0x0B, 
    0xA0, 0x4F, 0x0B, 0x90, 0x3C, 0x09, 0x7F, 0x2C, 0x0B, 0x6C, 0x1B, 0x06, 
    0x84, 0x62, 0x53, 0xDB, 0xD6, 0xD3, 0xE3, 0xE1, 0xE5, 0xE1, 0xE1, 0xE6, 
    0xE2, 0xE2, 0xE7, 0xE2, 0xE2, 0xE6, 0xE0, 0xE0, 0xE5, 0xDF, 0xDE, 0xE3, 
    0xDE, 0xDE, 0xE1, 0xDC, 0xDD, 0xE1, 0xDD, 0xDC, 0xE0, 0xDD, 0xDB, 0xDE, 
    0xDC, 0xDC, 0xDF, 0xD9, 0xD9, 0xDD, 0xB3, 0xB1, 0xB6, 0xDA, 0xD7, 0xDA, 
    0xDC, 0xD9, 0xDB, 0xDB, 0xDA, 0xDD, 0xDC, 0xDB, 0xDD, 0xDD, 0xDB, 0xDE, 
    0xDD, 0xDD, 0xE1, 0xDD, 0xDE, 0xE3, 0xDD, 0xDF, 0xE3, 0xDE, 0xDF, 0xE3, 
    0xE2, 0xE2, 0xE7, 0xE3, 0xE3, 0xE7, 0xE3, 0xE0, 0xE4, 0xDB, 0xD6, 0xD5, 
    0x83, 0x61, 0x56, 0x69, 0x1B, 0x05, 0x84, 0x2F, 0x0B, 0x8B, 0x39, 0x0C, 
    0xA1, 0x4F, 0x0B, 0xB7, 0x67, 0x07, 0xC8, 0x80, 0x07, 0xE1, 0x9C, 0x03, 
    0xEF, 0xAF, 0x00, 0xF6, 0xBB, 0x00, 0xF7, 0xBF, 0x00, 0xF5, 0xBE, 0x00, 
    0xF3, 0xBB, 0x00, 0xF3, 0xBA, 0x00, 0xF4, 0xBC, 0x00, 0xF3, 0xB6, 0x00, 
    0xF8, 0xB5, 0x00, 0xD7, 0x8C, 0x02, 0xE4, 0x9A, 0x01, 0xF7, 0xB7, 0x00, 
    0xF3, 0xBC, 0x00, 0xF5, 0xC6, 0x00, 0xF6, 0xD0, 0x03, 0xF6, 0xD6, 0x0B, 
    0xF2, 0xBA, 0x01, 0xEE, 0xA0, 0x00, 0xEF, 0x9F, 0x00, 0xF0, 0x9D, 0x00, 
    0xEF, 0x9B, 0x01, 0xF5, 0xA0, 0x01, 0xCE, 0x7C, 0x04, 0xE1, 0xD3, 0xC7, 
    0xFF, 0xFF, 0xFF, 0xFD, 0xF8, 0xFA, 0xFE, 0xFA, 0xFC, 0xFE, 0xFA, 0xFC, 
    0xFE, 0xFA, 0xFC, 0xFE, 0xFA, 0xFC, 0xFE, 0xFA, 0xFC, 0xFD, 0xF8, 0xF9, 
    0xFF, 0xFF, 0xFF, 0xDA, 0xB9, 0x99, 0xDA, 0x7A, 0x00, 0xF2, 0x98, 0x02, 
    0xF0, 0x9C, 0x00, 0xEF, 0x9B, 0x00, 0xEE, 0xA5, 0x00, 0xF6, 0xD2, 0x11, 
    0xF6, 0xD4, 0x08, 0xF5, 0xC8, 0x00, 0xF4, 0xBE, 0x00, 0xF4, 0xB7, 0x00, 
    0xF3, 0xAE, 0x00, 0xF8, 0xB4, 0x00, 0xDD, 0x93, 0x01, 0xCD, 0x80, 0x03, 
    0xF8, 0xB8, 0x00, 0xF2, 0xB5, 0x00, 0xF4, 0xBC, 0x00, 0xF6, 0xBC, 0x00, 
    0xF5, 0xB9, 0x00, 0xED, 0xA9, 0x00, 0xDA, 0x8F, 0x03, 0xC1, 0x73, 0x07, 
    0xA5, 0x54, 0x0C, 0x8D, 0x3A, 0x0C, 0x79, 0x26, 0x08, 0x6A, 0x1B, 0x08, 
    0x64, 0x18, 0x06, 0x64, 0x18, 0x05, 0x60, 0x17, 0x04, 0x5C, 0x27, 0x15, 
    0xB4, 0xAF, 0xAA, 0xE3, 0xE1, 0xE4, 0xDD, 0xD7, 0xD7, 0xDE, 0xD9, 0xD8, 
    0xDE, 0xD8, 0xD7, 0xDF, 0xD9, 0xD7, 0xE0, 0xD9, 0xD7, 0xDF, 0xD9, 0xD9, 
    0xDE, 0xD9, 0xDA, 0xDD, 0xD9, 0xDA, 0xDE, 0xD9, 0xDA, 0xDE, 0xDA, 0xDA, 
    0xDE, 0xDB, 0xDC, 0xDA, 0xD8, 0xDB, 0xB4, 0xB1, 0xB4, 0xDB, 0xD7, 0xD8, 
    0xDE, 0xD8, 0xD8, 0xDF, 0xD8, 0xD7, 0xDD, 0xD8, 0xD8, 0xDB, 0xD8, 0xD9, 
    0xDB, 0xD8, 0xD9, 0xDB, 0xD7, 0xD9, 0xDC, 0xD7, 0xD8, 0xDB, 0xD6, 0xD7, 
    0xDB, 0xD7, 0xD8, 0xDC, 0xD7, 0xD8, 0xDC, 0xD7, 0xD7, 0xE3, 0xE1, 0xE4, 
    0xB8, 0xB2, 0xB1, 0x57, 0x28, 0x19, 0x61, 0x17, 0x04, 0x64, 0x18, 0x05, 
    0x65, 0x19, 0x06, 0x6A, 0x1C, 0x08, 0x72, 0x22, 0x0A, 0x89, 0x37, 0x0B, 
    0xA8, 0x53, 0x08, 0xC0, 0x6F, 0x07, 0xD9, 0x90, 0x04, 0xEE, 0xAE, 0x00, 
    0xF7, 0xBC, 0x00, 0xF7, 0xBF, 0x00, 0xF4, 0xB9, 0x00, 0xF2, 0xB7, 0x00, 
    0xF8, 0xBB, 0x00, 0xD3, 0x83, 0x02, 0xE1, 0x94, 0x01, 0xF8, 0xB3, 0x00, 
    0xF3, 0xB4, 0x00, 0xF4, 0xBF, 0x00, 0xF5, 0xC8, 0x00, 0xF6, 0xD2, 0x04, 
    0xF7, 0xDA, 0x0D, 0xF2, 0xB8, 0x04, 0xEF, 0x9C, 0x00, 0xF0, 0x9C, 0x00, 
    0xEF, 0x9B, 0x00, 0xF5, 0xA2, 0x03, 0xD7, 0x82, 0x00, 0xD2, 0xB5, 0x95, 
    0xFF, 0xFF, 0xFF, 0xFD, 0xF8, 0xF9, 0xFE, 0xFA, 0xFC, 0xFE, 0xFA, 0xFC, 
    0xFE, 0xFA, 0xFC, 0xFE, 0xFA, 0xFC, 0xFE, 0xFA, 0xFC, 0xFD, 0xF8, 0xF9, 
    0xFF, 0xFF, 0xFF, 0xCF, 0x9E, 0x6B, 0xE0, 0x7F, 0x00, 0xF2, 0x9B, 0x03, 
    0xF0, 0x9D, 0x01, 0xED, 0x9C, 0x00, 0xF2, 0xBC, 0x0C, 0xF7, 0xDA, 0x17, 
    0xF6, 0xCC, 0x00, 0xF4, 0xC1, 0x00, 0xF4, 0xBA, 0x00, 0xF4, 0xB0, 0x00, 
    0xF3, 0xAE, 0x00, 0xF9, 0xB4, 0x00, 0xDC, 0x92, 0x05, 0xD3, 0x87, 0x03, 
    0xF9, 0xBA, 0x00, 0xF5, 0xBD, 0x00, 0xF4, 0xB8, 0x00, 0xE6, 0x9E, 0x01, 
    0xC5, 0x75, 0x08, 0xA7, 0x55, 0x0B, 0x87, 0x34, 0x0A, 0x72, 0x21, 0x08, 
    0x67, 0x19, 0x07, 0x63, 0x17, 0x04, 0x64, 0x19, 0x04, 0x66, 0x1B, 0x05, 
    0x68, 0x1C, 0x05, 0x6A, 0x1D, 0x06, 0x61, 0x17, 0x00, 0x7C, 0x62, 0x56, 
    0xDB, 0xD9, 0xDA, 0xDF, 0xDB, 0xDC, 0xDF, 0xDA, 0xDB, 0xE0, 0xDB, 0xDB, 
    0xE1, 0xDB, 0xDA, 0xE2, 0xDC, 0xDB, 0xE1, 0xDC, 0xDB, 0xE2, 0xDC, 0xDB, 
    0xE1, 0xDC, 0xDC, 0xE1, 0xDC, 0xDC, 0xE1, 0xDC, 0xDC, 0xE1, 0xDB, 0xDB, 
    0xE1, 0xDC, 0xDC, 0xDC, 0xD9, 0xDB, 0xB4, 0xB2, 0xB6, 0xDC, 0xD8, 0xDA, 
    0xE1, 0xDA, 0xD8, 0xE3, 0xDA, 0xD5, 0xE2, 0xDB, 0xD9, 0xE0, 0xDB, 0xDC, 
    0xDF, 0xDB, 0xDB, 0xE0, 0xDA, 0xDB, 0xDE, 0xD9, 0xDB, 0xDC, 0xD8, 0xDA, 
    0xDD, 0xD9, 0xDA, 0xDE, 0xD9, 0xDB, 0xDE, 0xD9, 0xDA, 0xDF, 0xDA, 0xDA, 
    0xDC, 0xDA, 0xDB, 0x7C, 0x5F, 0x53, 0x60, 0x16, 0x00, 0x69, 0x1F, 0x08, 
    0x66, 0x1C, 0x06, 0x65, 0x1B, 0x05, 0x63, 0x1A, 0x05, 0x62, 0x18, 0x06, 
    0x65, 0x19, 0x07, 0x6E, 0x20, 0x09, 0x84, 0x33, 0x0B, 0xA5, 0x52, 0x0B, 
    0xC8, 0x7A, 0x06, 0xE2, 0x9D, 0x02, 0xF4, 0xAF, 0x00, 0xF6, 0xB4, 0x00, 
    0xF9, 0xB8, 0x00, 0xD8, 0x87, 0x01, 0xDF, 0x92, 0x00, 0xF8, 0xB4, 0x00, 
    0xF3, 0xAF, 0x00, 0xF4, 0xB7, 0x00, 0xF3, 0xBF, 0x00, 0xF5, 0xC9, 0x00, 
    0xF6, 0xD3, 0x04, 0xF6, 0xD3, 0x08, 0xEF, 0xA8, 0x01, 0xF0, 0x9B, 0x00, 
    0xF0, 0x9D, 0x00, 0xF3, 0xA0, 0x03, 0xE1, 0x8A, 0x00, 0xCB, 0xA4, 0x6A, 
    0xFF, 0xFF, 0xFF, 0xFD, 0xF8, 0xF9, 0xFE, 0xFA, 0xFC, 0xFE, 0xFA, 0xFC, 
    0xFE, 0xFA, 0xFC, 0xFE, 0xFA, 0xFC, 0xFE, 0xFA, 0xFC, 0xFE, 0xFA, 0xFB, 
    0xFD, 0xFD, 0xFF, 0xCB, 0x8E, 0x4C, 0xE7, 0x86, 0x00, 0xF2, 0x9F, 0x03, 
    0xEF, 0x9C, 0x00, 0xEC, 0xA4, 0x00, 0xF5, 0xD2, 0x0F, 0xF7, 0xD3, 0x04, 
    0xF5, 0xC7, 0x00, 0xF4, 0xBD, 0x00, 0xF4, 0xB3, 0x00, 0xF4, 0xAF, 0x00, 
    0xF3, 0xAE, 0x00, 0xF8, 0xB4, 0x00, 0xD5, 0x86, 0x02, 0xE2, 0x97, 0x01, 
    0xF8, 0xB7, 0x00, 0xDF, 0x97, 0x01, 0xBA, 0x6D, 0x0B, 0x95, 0x47, 0x0D, 
    0x77, 0x26, 0x0A, 0x68, 0x1A, 0x07, 0x64, 0x17, 0x04, 0x65, 0x1A, 0x04, 
    0x67, 0x1B, 0x05, 0x68, 0x1C, 0x05, 0x68, 0x1C, 0x05, 0x67, 0x1B, 0x05, 
    0x66, 0x1C, 0x07, 0x69, 0x1B, 0x05, 0x5A, 0x1F, 0x0B, 0xA5, 0x9F, 0x9C, 
    0xE3, 0xE2, 0xE5, 0xDB, 0xD9, 0xDB, 0xDD, 0xD9, 0xDB, 0xDE, 0xDA, 0xDB, 
    0xDF, 0xDA, 0xDA, 0xDE, 0xDA, 0xDA, 0xDE, 0xD9, 0xDA, 0xDE, 0xD9, 0xD9, 
    0xDF, 0xD9, 0xD8, 0xDF, 0xDA, 0xD9, 0xDD, 0xD9, 0xD9, 0xDC, 0xD8, 0xD8, 
    0xDC, 0xD8, 0xD8, 0xD8, 0xD4, 0xD6, 0xB4, 0xB1, 0xB4, 0xDC, 0xD7, 0xD7, 
    0xDD, 0xD8, 0xD7, 0xDD, 0xD7, 0xD6, 0xDE, 0xD8, 0xD6, 0xDD, 0xD8, 0xD8, 
    0xDD, 0xD8, 0xD9, 0xDC, 0xD8, 0xD9, 0xDB, 0xD7, 0xD8, 0xDA, 0xD6, 0xD7, 
    0xDB, 0xD7, 0xD9, 0xDC, 0xD9, 0xDB, 0xDD, 0xD9, 0xDB, 0xDC, 0xD8, 0xD9, 
    0xE4, 0xE1, 0xE3, 0xA8, 0x9D, 0x97, 0x58, 0x20, 0x0D, 0x64, 0x1D, 0x08, 
    0x64, 0x1D, 0x08, 0x67, 0x1C, 0x06, 0x67, 0x1C, 0x06, 0x67, 0x1D, 0x06, 
    0x67, 0x1C, 0x05, 0x65, 0x1A, 0x04, 0x63, 0x17, 0x04, 0x66, 0x19, 0x06, 
    0x75, 0x26, 0x0A, 0x92, 0x41, 0x0D, 0xBD, 0x6B, 0x09, 0xE0, 0x94, 0x01, 
    0xF6, 0xB3, 0x00, 0xE3, 0x97, 0x01, 0xD4, 0x85, 0x02, 0xF8, 0xB5, 0x00, 
    0xF3, 0xAE, 0x00, 0xF4, 0xAE, 0x00, 0xF4, 0xB5, 0x00, 0xF4, 0xC2, 0x00, 
    0xF6, 0xC9, 0x00, 0xF7, 0xD6, 0x05, 0xF3, 0xC2, 0x03, 0xEF, 0x9C, 0x00, 
    0xF0, 0x9D, 0x00, 0xF1, 0xA0, 0x03, 0xE9, 0x8E, 0x00, 0xC5, 0x8A, 0x43, 
    0xFC, 0xFB, 0xFD, 0xFF, 0xFA, 0xFB, 0xFE, 0xFA, 0xFC, 0xFE, 0xFA, 0xFC, 
    0xFE, 0xFA, 0xFC, 0xFE, 0xFA, 0xFC, 0xFE, 0xFA, 0xFB, 0xFF, 0xFB, 0xFD, 
    0xF8, 0xF5, 0xF9, 0xC9, 0x83, 0x30, 0xEC, 0x8E, 0x00, 0xF0, 0x9F, 0x02, 
    0xEF, 0x9B, 0x00, 0xF0, 0xB0, 0x00, 0xF6, 0xD3, 0x01, 0xF6, 0xCB, 0x00, 
    0xF4, 0xC1, 0x00, 0xF4, 0xB6, 0x00, 0xF4, 0xAF, 0x00, 0xF4, 0xAF, 0x00, 
    0xF4, 0xAF, 0x00, 0xF4, 0xAF, 0x00, 0xCA, 0x79, 0x02, 0xDF, 0x90, 0x00, 
    0xC6, 0x76, 0x05, 0x95, 0x40, 0x0D, 0x71, 0x21, 0x0B, 0x63, 0x18, 0x06, 
    0x64, 0x19, 0x04, 0x67, 0x1B, 0x04, 0x68, 0x1D, 0x06, 0x68, 0x1C, 0x05, 
    0x67, 0x1B, 0x05, 0x67, 0x1B, 0x05, 0x67, 0x1B, 0x05, 0x67, 0x1B, 0x05, 
    0x66, 0x1D, 0x08, 0x61, 0x18, 0x03, 0x65, 0x3B, 0x2E, 0xC5, 0xC4, 0xC5, 
    0xDE, 0xDB, 0xDD, 0xDD, 0xD9, 0xDA, 0xDF, 0xDB, 0xDC, 0xE0, 0xDD, 0xDE, 
    0xE3, 0xDF, 0xDF, 0xE5, 0xE1, 0xE2, 0xE8, 0xE4, 0xE5, 0xE9, 0xE5, 0xE6, 
    0xEB, 0xE7, 0xE8, 0xED, 0xE9, 0xEA, 0xEE, 0xEA, 0xEB, 0xEF, 0xEB, 0xEC, 
    0xF0, 0xEC, 0xED, 0xEC, 0xE8, 0xE9, 0xBD, 0xB9, 0xBD, 0xF0, 0xEC, 0xED, 
    0xF1, 0xED, 0xEE, 0xF0, 0xEC, 0xED, 0xEF, 0xEB, 0xEC, 0xEF, 0xEB, 0xEB, 
    0xED, 0xE9, 0xE9, 0xE8, 0xE4, 0xE5, 0xE7, 0xE3, 0xE4, 0xE3, 0xE0, 0xE2, 
    0xE0, 0xDD, 0xDF, 0xDE, 0xDB, 0xDD, 0xDD, 0xDA, 0xDB, 0xDB, 0xD7, 0xD8, 
    0xDD, 0xDA, 0xDC, 0xC9, 0xC6, 0xC4, 0x64, 0x39, 0x28, 0x5D, 0x19, 0x06, 
    0x62, 0x1F, 0x0B, 0x66, 0x1C, 0x06, 0x66, 0x1C, 0x06, 0x65, 0x1C, 0x06, 
    0x67, 0x1B, 0x06, 0x67, 0x1C, 0x05, 0x68, 0x1C, 0x05, 0x66, 0x1C, 0x05, 
    0x63, 0x1A, 0x05, 0x64, 0x18, 0x05, 0x72, 0x21, 0x09, 0x94, 0x41, 0x0A, 
    0xC3, 0x73, 0x05, 0xDC, 0x8D, 0x01, 0xCB, 0x77, 0x02, 0xF3, 0xAD, 0x00, 
    0xF4, 0xAF, 0x00, 0xF3, 0xAD, 0x00, 0xF4, 0xAF, 0x00, 0xF4, 0xB7, 0x00, 
    0xF3, 0xC1, 0x00, 0xF6, 0xCD, 0x00, 0xF6, 0xD0, 0x00, 0xF0, 0xA5, 0x00, 
    0xF0, 0x9A, 0x00, 0xF0, 0x9E, 0x02, 0xEF, 0x96, 0x00, 0xC9, 0x83, 0x2A, 
    0xF7, 0xF3, 0xF5, 0xFF, 0xFC, 0xFE, 0xFE, 0xF9, 0xFB, 0xFE, 0xFA, 0xFC, 
    0xFE, 0xFA, 0xFC, 0xFE, 0xFA, 0xFC, 0xFD, 0xF9, 0xFB, 0xFF, 0xFE, 0xFF, 
    0xF1, 0xE8, 0xE5, 0xC9, 0x79, 0x17, 0xF0, 0x93, 0x00, 0xF0, 0x9E, 0x01, 
    0xEF, 0x9B, 0x00, 0xF2, 0xB3, 0x00, 0xF6, 0xCF, 0x00, 0xF5, 0xC4, 0x00, 
    0xF4, 0xB9, 0x00, 0xF4, 0xAF, 0x00, 0xF4, 0xAF, 0x00, 0xF2, 0xAC, 0x00, 
    0xF8, 0xB4, 0x00, 0xE2, 0x92, 0x00, 0xBD, 0x64, 0x05, 0xA8, 0x54, 0x09, 
    0x76, 0x27, 0x0A, 0x64, 0x18, 0x05, 0x64, 0x1A, 0x04, 0x66, 0x1D, 0x06, 
    0x67, 0x1C, 0x06, 0x67, 0x1B, 0x05, 0x67, 0x1B, 0x05, 0x67, 0x1B, 0x05, 
    0x67, 0x1B, 0x05, 0x67, 0x1B, 0x05, 0x66, 0x1B, 0x05, 0x67, 0x1B, 0x05, 
    0x69, 0x1D, 0x07, 0x60, 0x15, 0x00, 0x7F, 0x64, 0x5A, 0xEB, 0xEA, 0xED, 
    0xF2, 0xEE, 0xEF, 0xF6, 0xF1, 0xF3, 0xF9, 0xF5, 0xF7, 0xFB, 0xF7, 0xF9, 
    0xFD, 0xF9, 0xFB, 0xFE, 0xFA, 0xFB, 0xFF, 0xFB, 0xFC, 0xFF, 0xFB, 0xFD, 
    0xFF, 0xFB, 0xFC, 0xFF, 0xFC, 0xFD, 0xFF, 0xFC, 0xFD, 0xFF, 0xFB, 0xFD, 
    0xFF, 0xFD, 0xFF, 0xFD, 0xF9, 0xFB, 0xC8, 0xC4, 0xC6, 0xFD, 0xF9, 0xFA, 
    0xFF, 0xFC, 0xFD, 0xFF, 0xFC, 0xFE, 0xFF, 0xFC, 0xFE, 0xFF, 0xFC, 0xFE, 
    0xFF, 0xFC, 0xFD, 0xFF, 0xFB, 0xFD, 0xFF, 0xFB, 0xFD, 0xFE, 0xFB, 0xFC, 
    0xFC, 0xF8, 0xFA, 0xFA, 0xF6, 0xF7, 0xF9, 0xF4, 0xF6, 0xF5, 0xF2, 0xF3, 
    0xF0, 0xEC, 0xEE, 0xE9, 0xE8, 0xEA, 0x82, 0x61, 0x54, 0x5E, 0x14, 0x00, 
    0x66, 0x1E, 0x08, 0x67, 0x1B, 0x05, 0x66, 0x1C, 0x06, 0x67, 0x1B, 0x05, 
    0x65, 0x1C, 0x07, 0x63, 0x1D, 0x09, 0x66, 0x1C, 0x06, 0x67, 0x1B, 0x05, 
    0x67, 0x1C, 0x06, 0x68, 0x1C, 0x06, 0x65, 0x1A, 0x05, 0x63, 0x17, 0x05, 
    0x76, 0x26, 0x09, 0xA1, 0x50, 0x0C, 0xBB, 0x64, 0x07, 0xE2, 0x92, 0x00, 
    0xF8, 0xB5, 0x00, 0xF2, 0xAD, 0x00, 0xF4, 0xAE, 0x00, 0xF4, 0xAF, 0x00, 
    0xF4, 0xB8, 0x00, 0xF5, 0xC4, 0x00, 0xF6, 0xCE, 0x00, 0xF1, 0xAE, 0x00, 
    0xEF, 0x9C, 0x00, 0xF0, 0x9C, 0x01, 0xF3, 0x9D, 0x00, 0xC9, 0x7A, 0x17, 
    0xEC, 0xE5, 0xE6, 0xFF, 0xFE, 0xFF, 0xFD, 0xF9, 0xFB, 0xFE, 0xFA, 0xFC, 
    0xFE, 0xFA, 0xFC, 0xFE, 0xFA, 0xFC, 0xFD, 0xF9, 0xFA, 0xFF, 0xFF, 0xFF, 
    0xED, 0xE2, 0xDC, 0xCA, 0x76, 0x10, 0xF1, 0x96, 0x00, 0xF0, 0x9D, 0x01, 
    0xF0, 0x9A, 0x00, 0xF2, 0xAE, 0x00, 0xF6, 0xCB, 0x00, 0xF3, 0xBF, 0x00, 
    0xF3, 0xB4, 0x00, 0xF3, 0xAE, 0x00, 0xF4, 0xAF, 0x00, 0xF6, 0xB1, 0x00, 
    0xEA, 0xA1, 0x01, 0xBD, 0x68, 0x06, 0x91, 0x3B, 0x0B, 0x67, 0x1B, 0x07, 
    0x63, 0x1B, 0x06, 0x66, 0x1D, 0x06, 0x66, 0x1C, 0x07, 0x66, 0x1C, 0x06, 
    0x67, 0x1C, 0x06, 0x67, 0x1B, 0x05, 0x66, 0x1B, 0x05, 0x66, 0x1B, 0x05, 
    0x67, 0x1B, 0x05, 0x68, 0x1B, 0x04, 0x6B, 0x1C, 0x03, 0x6E, 0x1C, 0x02, 
    0x74, 0x1E, 0x02, 0x65, 0x17, 0x00, 0xA2, 0x8F, 0x87, 0xFF, 0xFF, 0xFF, 
    0xFF, 0xFA, 0xFC, 0xFF, 0xFC, 0xFE, 0xFF, 0xFB, 0xFD, 0xFF, 0xFB, 0xFD, 
    0xFE, 0xFA, 0xFB, 0xFD, 0xF9, 0xFA, 0xFD, 0xF9, 0xFA, 0xFC, 0xF9, 0xFA, 
    0xFC, 0xF9, 0xFA, 0xFD, 0xF9, 0xFB, 0xFD, 0xF9, 0xFB, 0xFC, 0xF9, 0xFA, 
    0xFF, 0xFA, 0xFD, 0xFB, 0xF6, 0xF9, 0xC6, 0xC2, 0xC4, 0xFB, 0xF7, 0xF8, 
    0xFD, 0xF9, 0xFB, 0xFE, 0xFA, 0xFB, 0xFE, 0xFA, 0xFB, 0xFE, 0xF9, 0xFC, 
    0xFE, 0xFA, 0xFC, 0xFE, 0xFA, 0xFC, 0xFE, 0xFA, 0xFC, 0xFE, 0xFA, 0xFC, 
    0xFE, 0xFA, 0xFC, 0xFF, 0xFB, 0xFD, 0xFF, 0xFB, 0xFD, 0xFF, 0xFC, 0xFE, 
    0xFF, 0xFA, 0xFC, 0xFF, 0xFF, 0xFF, 0xA0, 0x8C, 0x85, 0x68, 0x18, 0x00, 
    0x70, 0x1D, 0x03, 0x6E, 0x1D, 0x02, 0x6C, 0x1C, 0x03, 0x68, 0x1B, 0x05, 
    0x66, 0x1B, 0x06, 0x65, 0x1C, 0x07, 0x66, 0x1B, 0x06, 0x66, 0x1C, 0x06, 
    0x67, 0x1C, 0x06, 0x66, 0x1C, 0x06, 0x67, 0x1C, 0x06, 0x67, 0x1C, 0x05, 
    0x64, 0x19, 0x04, 0x66, 0x1A, 0x07, 0x8D, 0x3A, 0x0B, 0xBE, 0x67, 0x04, 
    0xEB, 0x9F, 0x00, 0xF9, 0xB6, 0x00, 0xF4, 0xB0, 0x00, 0xF3, 0xAE, 0x00, 
    0xF4, 0xB0, 0x00, 0xF4, 0xB9, 0x00, 0xF5, 0xC4, 0x00, 0xF1, 0xAE, 0x00, 
    0xEE, 0xA0, 0x00, 0xED, 0x9F, 0x01, 0xF2, 0xA0, 0x00, 0xCA, 0x76, 0x10, 
    0xE7, 0xDC, 0xDA, 0xFF, 0xFF, 0xFF, 0xFD, 0xF9, 0xFA, 0xFE, 0xFA, 0xFC, 
    0xFE, 0xFA, 0xFC, 0xFE, 0xFA, 0xFC, 0xFD, 0xF9, 0xFA, 0xFF, 0xFF, 0xFF, 
    0xE9, 0xDA, 0xD0, 0xCD, 0x77, 0x06, 0xF1, 0x98, 0x00, 0xEC, 0xA1, 0x01, 
    0xEC, 0x9F, 0x00, 0xED, 0xA3, 0x00, 0xF4, 0xBB, 0x00, 0xF4, 0xBA, 0x00, 
    0xF6, 0xB2, 0x00, 0xF8, 0xB3, 0x00, 0xF4, 0xAD, 0x00, 0xDF, 0x8F, 0x01, 
    0xC9, 0x72, 0x01, 0xA1, 0x4D, 0x0A, 0x62, 0x17, 0x07, 0x65, 0x1D, 0x06, 
    0x66, 0x1D, 0x07, 0x67, 0x1B, 0x05, 0x67, 0x1C, 0x05, 0x67, 0x1B, 0x06, 
    0x65, 0x1C, 0x06, 0x67, 0x1B, 0x05, 0x6B, 0x1C, 0x03, 0x6E, 0x1C, 0x02, 
    0x6E, 0x1C, 0x02, 0x72, 0x1D, 0x01, 0x73, 0x1D, 0x00, 0x73, 0x1E, 0x01, 
    0x75, 0x1D, 0x00, 0x6A, 0x1D, 0x02, 0xB9, 0xAB, 0xA3, 0xFE, 0xFF, 0xFE, 
    0xFB, 0xF8, 0xF9, 0xFE, 0xFA, 0xFC, 0xFE, 0xFA, 0xFC, 0xFE, 0xFA, 0xFC, 
    0xFE, 0xFA, 0xFC, 0xFE, 0xFA, 0xFC, 0xFE, 0xFA, 0xFC, 0xFE, 0xFA, 0xFC, 
    0xFE, 0xFA, 0xFC, 0xFE, 0xFA, 0xFC, 0xFE, 0xFA, 0xFC, 0xFE, 0xFA, 0xFC, 
    0xFF, 0xFB, 0xFD, 0xFB, 0xF7, 0xF9, 0xC7, 0xC3, 0xC4, 0xFC, 0xF8, 0xFA, 
    0xFE, 0xFA, 0xFC, 0xFE, 0xFA, 0xFC, 0xFE, 0xFA, 0xFC, 0xFE, 0xFA, 0xFC, 
    0xFE, 0xFA, 0xFC, 0xFE, 0xFA, 0xFC, 0xFE, 0xFA, 0xFC, 0xFE, 0xFA, 0xFC, 
    0xFE, 0xFA, 0xFC, 0xFE, 0xFA, 0xFC, 0xFE, 0xFA, 0xFC, 0xFE, 0xFA, 0xFC, 
    0xFC, 0xF7, 0xF9, 0xFF, 0xFF, 0xFF, 0xB8, 0xAA, 0xA5, 0x6C, 0x1E, 0x03, 
    0x75, 0x1E, 0x00, 0x74, 0x1D, 0x00, 0x73, 0x1D, 0x00, 0x71, 0x1D, 0x01, 
    0x6F, 0x1C, 0x02, 0x6F, 0x1C, 0x02, 0x6A, 0x1B, 0x03, 0x65, 0x1C, 0x07, 
    0x65, 0x1C, 0x06, 0x66, 0x1B, 0x05, 0x67, 0x1B, 0x05, 0x67, 0x1B, 0x05, 
    0x68, 0x1C, 0x05, 0x67, 0x1C, 0x04, 0x62, 0x15, 0x06, 0x9F, 0x4B, 0x0A, 
    0xC7, 0x73, 0x02, 0xDE, 0x90, 0x01, 0xF2, 0xAA, 0x00, 0xF8, 0xB3, 0x00, 
    0xF6, 0xB2, 0x00, 0xF4, 0xB0, 0x00, 0xF4, 0xB7, 0x00, 0xF1, 0xA9, 0x00, 
    0xED, 0xA3, 0x00, 0xEB, 0xA0, 0x01, 0xF4, 0xA0, 0x00, 0xCF, 0x7B, 0x08, 
    0xE3, 0xD5, 0xCE, 0xFF, 0xFF, 0xFF, 0xFD, 0xF9, 0xFA, 0xFE, 0xFA, 0xFC, 
    0xFE, 0xFA, 0xFC, 0xFE, 0xFA, 0xFC, 0xFD, 0xF8, 0xF9, 0xFF, 0xFF, 0xFF, 
    0xE0, 0xCE, 0xC1, 0xC9, 0x72, 0x01, 0xF3, 0x9C, 0x01, 0xEA, 0xA3, 0x00, 
    0xEC, 0xA1, 0x00, 0xEC, 0xA1, 0x00, 0xEE, 0xA6, 0x00, 0xF1, 0xAB, 0x00, 
    0xE0, 0x94, 0x01, 0xD3, 0x84, 0x02, 0xCB, 0x75, 0x02, 0xD1, 0x7B, 0x01, 
    0xEF, 0xA2, 0x00, 0xB5, 0x60, 0x06, 0x65, 0x19, 0x07, 0x65, 0x1D, 0x07, 
    0x64, 0x1C, 0x07, 0x67, 0x1B, 0x06, 0x65, 0x1B, 0x06, 0x69, 0x1B, 0x04, 
    0x6A, 0x1C, 0x04, 0x6E, 0x1C, 0x02, 0x74, 0x1D, 0x00, 0x74, 0x1D, 0x00, 
    0x74, 0x1D, 0x00, 0x73, 0x1D, 0x00, 0x73, 0x1D, 0x00, 0x73, 0x1E, 0x01, 
    0x74, 0x1C, 0x00, 0x6E, 0x24, 0x09, 0xC8, 0xBE, 0xB7, 0xFF, 0xFF, 0xFF, 
    0xFC, 0xF8, 0xFA, 0xFE, 0xFA, 0xFC, 0xFE, 0xFA, 0xFC, 0xFE, 0xFA, 0xFC, 
    0xFE, 0xFA, 0xFC, 0xFE, 0xFA, 0xFC, 0xFE, 0xFA, 0xFC, 0xFE, 0xFA, 0xFC, 
    0xFE, 0xFA, 0xFC, 0xFE, 0xFA, 0xFC, 0xFE, 0xFA, 0xFC, 0xFE, 0xFA, 0xFC, 
    0xFF, 0xFB, 0xFD, 0xFB, 0xF7, 0xF9, 0xC7, 0xC3, 0xC4, 0xFC, 0xF8, 0xFB, 
    0xFE, 0xFA, 0xFC, 0xFE, 0xFA, 0xFC, 0xFE, 0xFA, 0xFC, 0xFE, 0xFA, 0xFC, 
    0xFE, 0xFA, 0xFC, 0xFE, 0xFA, 0xFC, 0xFE, 0xFA, 0xFC, 0xFE, 0xFA, 0xFC, 
    0xFE, 0xFA, 0xFC, 0xFE, 0xFA, 0xFC, 0xFE, 0xFA, 0xFC, 0xFE, 0xFA, 0xFC, 
    0xFC, 0xF8, 0xFA, 0xFF, 0xFF, 0xFF, 0xC4, 0xB9, 0xB5, 0x6B, 0x21, 0x09, 
    0x75, 0x1D, 0x00, 0x73, 0x1E, 0x02, 0x73, 0x1D, 0x00, 0x73, 0x1D, 0x00, 
    0x74, 0x1D, 0x00, 0x74, 0x1D, 0x00, 0x72, 0x1D, 0x00, 0x6E, 0x1C, 0x02, 
    0x6D, 0x1C, 0x02, 0x6A, 0x1C, 0x04, 0x66, 0x1B, 0x06, 0x64, 0x1C, 0x07, 
    0x66, 0x1B, 0x06, 0x68, 0x1C, 0x05, 0x66, 0x18, 0x07, 0xB3, 0x61, 0x08, 
    0xEA, 0xA2, 0x06, 0xCF, 0x7B, 0x02, 0xC6, 0x70, 0x02, 0xD5, 0x85, 0x01, 
    0xE8, 0x9C, 0x00, 0xF2, 0xAC, 0x00, 0xF2, 0xAB, 0x00, 0xEE, 0xA5, 0x00, 
    0xEC, 0xA2, 0x00, 0xEC, 0x9F, 0x00, 0xF5, 0xA1, 0x00, 0xD2, 0x7C, 0x02, 
    0xDF, 0xCF, 0xC3, 0xFF, 0xFF, 0xFF, 0xFD, 0xF8, 0xFA, 0xFE, 0xFA, 0xFC, 
    0xFE, 0xFA, 0xFC, 0xFE, 0xFA, 0xFC, 0xFD, 0xF8, 0xF9, 0xFF, 0xFF, 0xFF, 
    0xE2, 0xCB, 0xBA, 0xD0, 0x72, 0x00, 0xF3, 0x9C, 0x01, 0xEF, 0xA8, 0x00, 
    0xED, 0xA0, 0x00, 0xEC, 0xA1, 0x00, 0xEB, 0xA1, 0x00, 0xED, 0xA3, 0x00, 
    0xD6, 0x88, 0x01, 0xD4, 0x83, 0x01, 0xE8, 0x9A, 0x00, 0xF6, 0xB0, 0x00, 
    0xF9, 0xB5, 0x00, 0xC3, 0x72, 0x07, 0x6C, 0x1D, 0x09, 0x64, 0x1C, 0x07, 
    0x64, 0x1C, 0x07, 0x67, 0x1B, 0x05, 0x6D, 0x1C, 0x03, 0x73, 0x1D, 0x00, 
    0x74, 0x1D, 0x00, 0x74, 0x1D, 0x00, 0x73, 0x1D, 0x00, 0x73, 0x1D, 0x00, 
    0x73, 0x1D, 0x00, 0x73, 0x1D, 0x00, 0x73, 0x1D, 0x00, 0x73, 0x1E, 0x01, 
    0x74, 0x1C, 0x00, 0x6F, 0x25, 0x09, 0xCE, 0xC4, 0xBB, 0xFF, 0xFF, 0xFF, 
    0xFC, 0xF8, 0xFA, 0xFE, 0xFA, 0xFC, 0xFE, 0xFA, 0xFC, 0xFE, 0xFA, 0xFC, 
    0xFE, 0xFA, 0xFC, 0xFE, 0xFA, 0xFC, 0xFE, 0xFA, 0xFC, 0xFE, 0xFA, 0xFC, 
    0xFE, 0xFA, 0xFC, 0xFE, 0xFA, 0xFC, 0xFE, 0xFA, 0xFC, 0xFE, 0xFA, 0xFC, 
    0xFF, 0xFB, 0xFD, 0xFB, 0xF7, 0xF9, 0xC7, 0xC3, 0xC4, 0xFC, 0xF8, 0xFB, 
    0xFE, 0xFA, 0xFC, 0xFE, 0xFA, 0xFC, 0xFE, 0xFA, 0xFC, 0xFE, 0xFA, 0xFC, 
    0xFE, 0xFA, 0xFC, 0xFE, 0xFA, 0xFC, 0xFE, 0xFA, 0xFC, 0xFE, 0xFA, 0xFC, 
    0xFE, 0xFA, 0xFC, 0xFE, 0xFA, 0xFC, 0xFE, 0xFA, 0xFC, 0xFE, 0xFA, 0xFC, 
    0xFC, 0xF8, 0xFA, 0xFF, 0xFF, 0xFF, 0xD0, 0xC9, 0xC5, 0x6C, 0x27, 0x0F, 
    0x75, 0x1D, 0x00, 0x73, 0x1F, 0x03, 0x73, 0x1D, 0x00, 0x73, 0x1D, 0x00, 
    0x73, 0x1D, 0x00, 0x73, 0x1D, 0x00, 0x73, 0x1D, 0x00, 0x73, 0x1D, 0x00, 
    0x73, 0x1D, 0x00, 0x73, 0x1D, 0x00, 0x6E, 0x1C, 0x02, 0x67, 0x1B, 0x05, 
    0x65, 0x1C, 0x06, 0x66, 0x1C, 0x05, 0x69, 0x1B, 0x08, 0xC2, 0x72, 0x06, 
    0xF8, 0xB5, 0x02, 0xF6, 0xAF, 0x00, 0xEB, 0xA0, 0x00, 0xD8, 0x86, 0x00, 
    0xDB, 0x8A, 0x00, 0xEC, 0xA2, 0x00, 0xEB, 0xA1, 0x00, 0xEC, 0xA2, 0x00, 
    0xED, 0xA2, 0x00, 0xEF, 0xA8, 0x00, 0xF5, 0xA9, 0x01, 0xD3, 0x78, 0x00, 
    0xDF, 0xC7, 0xB9, 0xFF, 0xFF, 0xFF, 0xFD, 0xF8, 0xF9, 0xFE, 0xFA, 0xFC, 
    0xFE, 0xFA, 0xFC, 0xFE, 0xFA, 0xFC, 0xFD, 0xF8, 0xF9, 0xFF, 0xFF, 0xFF, 
    0xE3, 0xCD, 0xBA, 0xD2, 0x77, 0x00, 0xF3, 0x9B, 0x01, 0xF3, 0xAE, 0x00, 
    0xED, 0xA1, 0x00, 0xEB, 0xA1, 0x00, 0xEC, 0xA2, 0x00, 0xEC, 0xA2, 0x00, 
    0xF0, 0xA6, 0x00, 0xF1, 0xA6, 0x00, 0xF2, 0xAC, 0x00, 0xF3, 0xAE, 0x00, 
    0xF8, 0xB3, 0x00, 0xD6, 0x86, 0x0A, 0x73, 0x22, 0x09, 0x65, 0x1A, 0x04, 
    0x6D, 0x1C, 0x02, 0x70, 0x1C, 0x01, 0x74, 0x1D, 0x00, 0x73, 0x1D, 0x00, 
    0x73, 0x1D, 0x00, 0x73, 0x1D, 0x00, 0x73, 0x1D, 0x00, 0x73, 0x1D, 0x00, 
    0x73, 0x1D, 0x00, 0x73, 0x1D, 0x00, 0x73, 0x1D, 0x00, 0x73, 0x1E, 0x01, 
    0x74, 0x1C, 0x00, 0x6E, 0x25, 0x0A, 0xCC, 0xC3, 0xBD, 0xFF, 0xFF, 0xFF, 
    0xFC, 0xF8, 0xFA, 0xFE, 0xFA, 0xFC, 0xFE, 0xFA, 0xFC, 0xFE, 0xFA, 0xFC, 
    0xFE, 0xFA, 0xFC, 0xFE, 0xFA, 0xFC, 0xFE, 0xFA, 0xFC, 0xFE, 0xFA, 0xFC, 
    0xFE, 0xFA, 0xFC, 0xFE, 0xFA, 0xFC, 0xFE, 0xFA, 0xFC, 0xFE, 0xFA, 0xFC, 
    0xFF, 0xFB, 0xFD, 0xFB, 0xF7, 0xF9, 0xC7, 0xC3, 0xC4, 0xFC, 0xF8, 0xFB, 
    0xFE, 0xFA, 0xFC, 0xFE, 0xFA, 0xFC, 0xFE, 0xFA, 0xFC, 0xFE, 0xFA, 0xFC, 
    0xFE, 0xFA, 0xFC, 0xFE, 0xFA, 0xFC, 0xFE, 0xFA, 0xFC, 0xFE, 0xFA, 0xFC, 
    0xFE, 0xFA, 0xFC, 0xFE, 0xFA, 0xFC, 0xFE, 0xFA, 0xFC, 0xFE, 0xFA, 0xFC, 
    0xFC, 0xF8, 0xFA, 0xFF, 0xFF, 0xFF, 0xCF, 0xC9, 0xC6, 0x6C, 0x27, 0x0F, 
    0x75, 0x1E, 0x02, 0x74, 0x1F, 0x03, 0x73, 0x1D, 0x00, 0x73, 0x1D, 0x00, 
    0x73, 0x1D, 0x00, 0x73, 0x1D, 0x00, 0x73, 0x1D, 0x00, 0x73, 0x1D, 0x00, 
    0x73, 0x1D, 0x00, 0x73, 0x1D, 0x00, 0x73, 0x1D, 0x00, 0x71, 0x1D, 0x01, 
    0x6B, 0x1C, 0x03, 0x63, 0x19, 0x05, 0x6F, 0x22, 0x09, 0xD1, 0x83, 0x04, 
    0xF8, 0xB3, 0x00, 0xF3, 0xAE, 0x00, 0xF6, 0xB1, 0x00, 0xF1, 0xA8, 0x00, 
    0xEE, 0xA3, 0x00, 0xEB, 0xA1, 0x00, 0xEC, 0xA1, 0x00, 0xEC, 0xA1, 0x00, 
    0xED, 0xA3, 0x00, 0xF3, 0xAE, 0x00, 0xF6, 0xAA, 0x01, 0xD2, 0x77, 0x00, 
    0xDB, 0xC4, 0xB6, 0xFF, 0xFF, 0xFF, 0xFD, 0xF8, 0xF9, 0xFE, 0xFA, 0xFC, 
    0xFE, 0xFA, 0xFC, 0xFE, 0xFA, 0xFC, 0xFD, 0xF8, 0xF9, 0xFF, 0xFF, 0xFF, 
    0xE2, 0xCC, 0xBA, 0xD3, 0x76, 0x00, 0xF3, 0x9C, 0x01, 0xF4, 0xB1, 0x00, 
    0xEF, 0xA6, 0x00, 0xEC, 0xA1, 0x00, 0xEC, 0xA2, 0x00, 0xED, 0xA3, 0x00, 
    0xEC, 0xA1, 0x00, 0xEB, 0xA1, 0x00, 0xF1, 0xAA, 0x00, 0xF4, 0xAF, 0x00, 
    0xF7, 0xB2, 0x00, 0xE2, 0x9A, 0x08, 0x81, 0x31, 0x0B, 0x6D, 0x19, 0x01, 
    0x75, 0x1E, 0x00, 0x74, 0x20, 0x03, 0x73, 0x1D, 0x01, 0x73, 0x1D, 0x00, 
    0x73, 0x1D, 0x00, 0x73, 0x1D, 0x00, 0x73, 0x1D, 0x00, 0x73, 0x1D, 0x00, 
    0x73, 0x1D, 0x00, 0x73, 0x1D, 0x00, 0x73, 0x1D, 0x00, 0x73, 0x1E, 0x01, 
    0x75, 0x1D, 0x01, 0x6C, 0x24, 0x09, 0xCA, 0xC0, 0xB9, 0xFF, 0xFF, 0xFF, 
    0xFC, 0xF8, 0xFA, 0xFE, 0xFA, 0xFC, 0xFE, 0xFA, 0xFC, 0xFE, 0xFA, 0xFC, 
    0xFE, 0xFA, 0xFC, 0xFE, 0xFA, 0xFC, 0xFE, 0xFA, 0xFC, 0xFE, 0xFA, 0xFC, 
    0xFE, 0xFA, 0xFC, 0xFE, 0xFA, 0xFC, 0xFE, 0xFA, 0xFC, 0xFE, 0xFA, 0xFC, 
    0xFF, 0xFB, 0xFD, 0xFB, 0xF7, 0xF9, 0xC7, 0xC3, 0xC4, 0xFC, 0xF8, 0xFB, 
    0xFE, 0xFA, 0xFC, 0xFE, 0xFA, 0xFC, 0xFE, 0xFA, 0xFC, 0xFE, 0xFA, 0xFC, 
    0xFE, 0xFA, 0xFC, 0xFE, 0xFA, 0xFC, 0xFE, 0xFA, 0xFC, 0xFE, 0xFA, 0xFC, 
    0xFE, 0xFA, 0xFC, 0xFE, 0xFA, 0xFC, 0xFE, 0xFA, 0xFC, 0xFE, 0xFA, 0xFC, 
    0xFC, 0xF8, 0xFA, 0xFF, 0xFF, 0xFF, 0xC9, 0xC2, 0xBC, 0x6A, 0x22, 0x08, 
    0x76, 0x1E, 0x02, 0x74, 0x20, 0x04, 0x73, 0x1D, 0x00, 0x73, 0x1D, 0x00, 
    0x73, 0x1D, 0x00, 0x73, 0x1D, 0x00, 0x73, 0x1D, 0x00, 0x73, 0x1D, 0x00, 
    0x73, 0x1D, 0x00, 0x73, 0x1D, 0x00, 0x73, 0x1D, 0x00, 0x73, 0x1D, 0x00, 
    0x74, 0x1E, 0x00, 0x6A, 0x19, 0x02, 0x83, 0x33, 0x0A, 0xE2, 0x99, 0x02, 
    0xF6, 0xB2, 0x00, 0xF3, 0xAE, 0x00, 0xF1, 0xAA, 0x00, 0xEC, 0xA2, 0x00, 
    0xEA, 0xA0, 0x00, 0xEC, 0xA2, 0x00, 0xEE, 0x9F, 0x00, 0xEC, 0x9F, 0x00, 
    0xEF, 0xA7, 0x00, 0xF4, 0xB0, 0x00, 0xF6, 0xAA, 0x00, 0xD3, 0x79, 0x00, 
    0xE1, 0xCA, 0xB8, 0xFF, 0xFF, 0xFF, 0xFD, 0xF8, 0xF9, 0xFE, 0xFA, 0xFC, 
    0xFE, 0xFA, 0xFC, 0xFE, 0xFA, 0xFC, 0xFD, 0xF8, 0xF9, 0xFF, 0xFF, 0xFF, 
    0xE3, 0xCF, 0xC1, 0xCE, 0x73, 0x00, 0xF3, 0x9F, 0x00, 0xF3, 0xB5, 0x00, 
    0xF4, 0xAE, 0x00, 0xEE, 0xA4, 0x00, 0xEB, 0xA1, 0x00, 0xEC, 0xA2, 0x00, 
    0xEC, 0xA2, 0x00, 0xEC, 0xA1, 0x00, 0xF0, 0xA8, 0x00, 0xF3, 0xAD, 0x00, 
    0xF4, 0xAF, 0x00, 0xED, 0xA8, 0x02, 0x98, 0x47, 0x0B, 0x6E, 0x18, 0x00, 
    0x74, 0x1E, 0x00, 0x73, 0x1E, 0x01, 0x73, 0x1D, 0x00, 0x73, 0x1D, 0x00, 
    0x73, 0x1D, 0x00, 0x73, 0x1D, 0x00, 0x73, 0x1D, 0x00, 0x73, 0x1D, 0x00, 
    0x73, 0x1D, 0x00, 0x73, 0x1D, 0x00, 0x73, 0x1D, 0x00, 0x73, 0x1D, 0x01, 
    0x76, 0x1E, 0x00, 0x68, 0x1C, 0x01, 0xB9, 0xAD, 0xA6, 0xFF, 0xFF, 0xFF, 
    0xFC, 0xF8, 0xF9, 0xFE, 0xFA, 0xFC, 0xFE, 0xFA, 0xFC, 0xFE, 0xFA, 0xFC, 
    0xFE, 0xFA, 0xFC, 0xFE, 0xFA, 0xFC, 0xFE, 0xFA, 0xFC, 0xFE, 0xFA, 0xFC, 
    0xFE, 0xFA, 0xFC, 0xFE, 0xFA, 0xFC, 0xFE, 0xFA, 0xFC, 0xFE, 0xFA, 0xFC, 
    0xFF, 0xFB, 0xFD, 0xFB, 0xF7, 0xF9, 0xC7, 0xC3, 0xC4, 0xFC, 0xF8, 0xFB, 
    0xFE, 0xFA, 0xFC, 0xFE, 0xFA, 0xFC, 0xFE, 0xFA, 0xFC, 0xFE, 0xFA, 0xFC, 
    0xFE, 0xFA, 0xFC, 0xFE, 0xFA, 0xFC, 0xFE, 0xFA, 0xFC, 0xFE, 0xFA, 0xFC, 
    0xFE, 0xFA, 0xFC, 0xFE, 0xFA, 0xFC, 0xFE, 0xFA, 0xFC, 0xFE, 0xFA, 0xFC, 
    0xFC, 0xF8, 0xF9, 0xFF, 0xFF, 0xFF, 0xB6, 0xA9, 0xA2, 0x67, 0x1A, 0x00, 
    0x76, 0x1E, 0x01, 0x73, 0x1F, 0x03, 0x73, 0x1D, 0x00, 0x73, 0x1D, 0x00, 
    0x73, 0x1D, 0x00, 0x73, 0x1D, 0x00, 0x73, 0x1D, 0x00, 0x73, 0x1D, 0x00, 
    0x73, 0x1D, 0x00, 0x73, 0x1D, 0x00, 0x73, 0x1D, 0x00, 0x73, 0x1D, 0x00, 
    0x74, 0x1E, 0x00, 0x6F, 0x18, 0x00, 0x9B, 0x49, 0x0A, 0xEC, 0xA6, 0x01, 
    0xF5, 0xB0, 0x00, 0xF3, 0xAE, 0x00, 0xF1, 0xA9, 0x00, 0xEC, 0xA1, 0x00, 
    0xEB, 0xA2, 0x00, 0xED, 0xA2, 0x00, 0xEE, 0xA2, 0x00, 0xED, 0xA3, 0x00, 
    0xF3, 0xAD, 0x00, 0xF4, 0xB3, 0x00, 0xF4, 0xAB, 0x00, 0xD5, 0x7C, 0x00, 
    0xE3, 0xCF, 0xC1, 0xFF, 0xFF, 0xFF, 0xFD, 0xF8, 0xFA, 0xFE, 0xFA, 0xFC, 
    0xFE, 0xFA, 0xFC, 0xFE, 0xFA, 0xFC, 0xFD, 0xF8, 0xFA, 0xFF, 0xFF, 0xFF, 
    0xE8, 0xD7, 0xCA, 0xCD, 0x76, 0x02, 0xF3, 0x9C, 0x00, 0xF3, 0xBD, 0x01, 
    0xF5, 0xB5, 0x00, 0xF0, 0xA8, 0x00, 0xEB, 0xA1, 0x00, 0xEC, 0xA2, 0x00, 
    0xEC, 0xA2, 0x00, 0xEB, 0xA1, 0x00, 0xEF, 0xA6, 0x00, 0xF4, 0xAE, 0x00, 
    0xF3, 0xAE, 0x00, 0xF6, 0xB2, 0x00, 0xB6, 0x67, 0x09, 0x72, 0x1B, 0x03, 
    0x73, 0x1D, 0x00, 0x73, 0x1E, 0x02, 0x73, 0x1D, 0x00, 0x73, 0x1D, 0x00, 
    0x73, 0x1D, 0x00, 0x73, 0x1D, 0x00, 0x73, 0x1D, 0x00, 0x73, 0x1D, 0x00, 
    0x73, 0x1D, 0x00, 0x73, 0x1D, 0x00, 0x73, 0x1D, 0x00, 0x73, 0x1D, 0x00, 
    0x75, 0x1E, 0x01, 0x68, 0x18, 0x00, 0xA0, 0x8E, 0x85, 0xFF, 0xFF, 0xFF, 
    0xFD, 0xF8, 0xF9, 0xFE, 0xFA, 0xFC, 0xFE, 0xFA, 0xFC, 0xFE, 0xFA, 0xFC, 
    0xFE, 0xFA, 0xFC, 0xFE, 0xFA, 0xFC, 0xFE, 0xFA, 0xFC, 0xFE, 0xFA, 0xFC, 
    0xFE, 0xFA, 0xFC, 0xFE, 0xFA, 0xFC, 0xFE, 0xFA, 0xFC, 0xFE, 0xFA, 0xFC, 
    0xFF, 0xFB, 0xFD, 0xFB, 0xF7, 0xF9, 0xC7, 0xC3, 0xC4, 0xFC, 0xF8, 0xFB, 
    0xFE, 0xFA, 0xFC, 0xFE, 0xFA, 0xFC, 0xFE, 0xFA, 0xFC, 0xFE, 0xFA, 0xFC, 
    0xFE, 0xFA, 0xFC, 0xFE, 0xFA, 0xFC, 0xFE, 0xFA, 0xFC, 0xFE, 0xFA, 0xFC, 
    0xFE, 0xFA, 0xFC, 0xFE, 0xFA, 0xFC, 0xFE, 0xFA, 0xFC, 0xFE, 0xFA, 0xFC, 
    0xFD, 0xF8, 0xFA, 0xFF, 0xFF, 0xFF, 0xA1, 0x8A, 0x82, 0x67, 0x15, 0x00, 
    0x75, 0x1F, 0x02, 0x74, 0x1F, 0x04, 0x73, 0x1D, 0x00, 0x73, 0x1D, 0x00, 
    0x73, 0x1D, 0x00, 0x73, 0x1D, 0x00, 0x73, 0x1D, 0x00, 0x73, 0x1D, 0x00, 
    0x73, 0x1D, 0x00, 0x73, 0x1D, 0x00, 0x73, 0x1D, 0x00, 0x73, 0x1D, 0x00, 
    0x73, 0x1D, 0x00, 0x71, 0x1A, 0x03, 0xB4, 0x61, 0x08, 0xF4, 0xAD, 0x00, 
    0xF3, 0xAE, 0x00, 0xF3, 0xAD, 0x00, 0xF1, 0xAA, 0x00, 0xEC, 0xA1, 0x00, 
    0xED, 0xA3, 0x00, 0xEC, 0xA2, 0x00, 0xEC, 0xA2, 0x00, 0xEE, 0xA5, 0x00, 
    0xF4, 0xB1, 0x00, 0xF3, 0xB9, 0x01, 0xF3, 0xA6, 0x00, 0xD4, 0x7C, 0x02, 
    0xE6, 0xD4, 0xC8, 0xFF, 0xFF, 0xFF, 0xFD, 0xF8, 0xFA, 0xFE, 0xFA, 0xFC, 
    0xFE, 0xFA, 0xFC, 0xFE, 0xFA, 0xFC, 0xFD, 0xF9, 0xFA, 0xFF, 0xFF, 0xFF, 
    0xEB, 0xDD, 0xD6, 0xCC, 0x74, 0x09, 0xF1, 0x97, 0x00, 0xF3, 0xC2, 0x01, 
    0xF5, 0xBA, 0x00, 0xF0, 0xA6, 0x00, 0xEB, 0xA1, 0x00, 0xED, 0xA3, 0x00, 
    0xEC, 0xA2, 0x00, 0xEB, 0xA1, 0x00, 0xEF, 0xA6, 0x00, 0xF4, 0xAF, 0x00, 
    0xF2, 0xAD, 0x00, 0xF8, 0xB4, 0x00, 0xCE, 0x81, 0x08, 0x78, 0x22, 0x07, 
    0x72, 0x1C, 0x00, 0x74, 0x1E, 0x01, 0x73, 0x1D, 0x00, 0x73, 0x1D, 0x00, 
    0x73, 0x1D, 0x00, 0x73, 0x1D, 0x00, 0x73, 0x1D, 0x00, 0x73, 0x1D, 0x00, 
    0x73, 0x1D, 0x00, 0x73, 0x1D, 0x00, 0x73, 0x1D, 0x00, 0x73, 0x1D, 0x00, 
    0x74, 0x1F, 0x02, 0x6D, 0x15, 0x00, 0x7C, 0x5D, 0x51, 0xF6, 0xF6, 0xF9, 
    0xFF, 0xFB, 0xFC, 0xFD, 0xF9, 0xFB, 0xFE, 0xFA, 0xFC, 0xFE, 0xFA, 0xFC, 
    0xFE, 0xFA, 0xFC, 0xFE, 0xFA, 0xFC, 0xFE, 0xFA, 0xFC, 0xFE, 0xFA, 0xFC, 
    0xFE, 0xFA, 0xFC, 0xFE, 0xFA, 0xFC, 0xFE, 0xFA, 0xFC, 0xFE, 0xFA, 0xFC, 
    0xFF, 0xFB, 0xFD, 0xFB, 0xF7, 0xF9, 0xC7, 0xC3, 0xC4, 0xFC, 0xF8, 0xFB, 
    0xFE, 0xFA, 0xFC, 0xFE, 0xFA, 0xFC, 0xFE, 0xFA, 0xFC, 0xFE, 0xFA, 0xFC, 
    0xFE, 0xFA, 0xFC, 0xFE, 0xFA, 0xFC, 0xFE, 0xFA, 0xFC, 0xFE, 0xFA, 0xFC, 
    0xFE, 0xFA, 0xFC, 0xFE, 0xFA, 0xFC, 0xFE, 0xFA, 0xFC, 0xFD, 0xF9, 0xFB, 
    0xFF, 0xFB, 0xFD, 0xF5, 0xF4, 0xF7, 0x78, 0x5D, 0x52, 0x68, 0x15, 0x00, 
    0x75, 0x1F, 0x03, 0x73, 0x1F, 0x03, 0x73, 0x1D, 0x01, 0x73, 0x1D, 0x00, 
    0x73, 0x1D, 0x00, 0x73, 0x1D, 0x00, 0x73, 0x1D, 0x00, 0x73, 0x1D, 0x00, 
    0x73, 0x1D, 0x00, 0x73, 0x1D, 0x00, 0x73, 0x1D, 0x00, 0x73, 0x1D, 0x00, 
    0x72, 0x1C, 0x00, 0x78, 0x23, 0x08, 0xCC, 0x7E, 0x07, 0xF7, 0xB2, 0x00, 
    0xF3, 0xAE, 0x00, 0xF2, 0xAC, 0x00, 0xF0, 0xA9, 0x00, 0xEC, 0xA1, 0x00, 
    0xED, 0xA3, 0x00, 0xED, 0xA1, 0x00, 0xEC, 0xA1, 0x00, 0xF0, 0xA6, 0x00, 
    0xF4, 0xBA, 0x00, 0xF3, 0xC0, 0x01, 0xF4, 0xA0, 0x00, 0xCE, 0x79, 0x07, 
    0xE8, 0xD9, 0xD0, 0xFF, 0xFF, 0xFF, 0xFD, 0xF9, 0xFA, 0xFE, 0xFA, 0xFC, 
    0xFE, 0xFA, 0xFC, 0xFE, 0xFA, 0xFC, 0xFD, 0xF9, 0xFA, 0xFF, 0xFF, 0xFF, 
    0xF1, 0xE5, 0xE1, 0xCA, 0x77, 0x12, 0xEE, 0x8E, 0x00, 0xF2, 0xBF, 0x01, 
    0xF5, 0xC0, 0x00, 0xF1, 0xAA, 0x00, 0xEB, 0xA1, 0x00, 0xED, 0xA3, 0x00, 
    0xEC, 0xA1, 0x00, 0xEC, 0xA1, 0x00, 0xEE, 0xA5, 0x00, 0xF4, 0xAF, 0x00, 
    0xF3, 0xAE, 0x00, 0xF6, 0xB2, 0x00, 0xE4, 0x9B, 0x04, 0x8D, 0x36, 0x0A, 
    0x6F, 0x19, 0x00, 0x74, 0x1F, 0x02, 0x73, 0x1D, 0x01, 0x73, 0x1D, 0x00, 
    0x73, 0x1D, 0x00, 0x73, 0x1D, 0x00, 0x73, 0x1D, 0x00, 0x73, 0x1D, 0x00, 
    0x73, 0x1D, 0x00, 0x73, 0x1D, 0x00, 0x73, 0x1D, 0x00, 0x73, 0x1D, 0x00, 
    0x73, 0x1E, 0x01, 0x73, 0x1A, 0x00, 0x67, 0x33, 0x20, 0xD5, 0xD3, 0xD5, 
    0xFF, 0xFF, 0xFE, 0xFC, 0xF8, 0xFA, 0xFE, 0xFA, 0xFC, 0xFE, 0xFA, 0xFC, 
    0xFE, 0xFA, 0xFC, 0xFE, 0xFA, 0xFC, 0xFE, 0xFA, 0xFC, 0xFE, 0xFA, 0xFC, 
    0xFE, 0xFA, 0xFC, 0xFE, 0xFA, 0xFC, 0xFE, 0xFA, 0xFC, 0xFE, 0xFA, 0xFC, 
    0xFF, 0xFB, 0xFD, 0xFB, 0xF7, 0xF9, 0xC7, 0xC3, 0xC4, 0xFC, 0xF8, 0xFB, 
    0xFE, 0xFA, 0xFC, 0xFE, 0xFA, 0xFC, 0xFE, 0xFA, 0xFC, 0xFE, 0xFA, 0xFC, 
    0xFE, 0xFA, 0xFC, 0xFE, 0xFA, 0xFC, 0xFE, 0xFA, 0xFC, 0xFE, 0xFA, 0xFC, 
    0xFE, 0xFA, 0xFC, 0xFE, 0xFA, 0xFC, 0xFE, 0xFA, 0xFC, 0xFD, 0xF8, 0xFA, 
    0xFE, 0xFE, 0xFE, 0xDA, 0xD4, 0xD1, 0x6A, 0x30, 0x1A, 0x70, 0x1A, 0x00, 
    0x74, 0x1F, 0x03, 0x73, 0x1E, 0x02, 0x73, 0x1D, 0x00, 0x73, 0x1D, 0x00, 
    0x73, 0x1D, 0x00, 0x73, 0x1D, 0x00, 0x73, 0x1D, 0x00, 0x73, 0x1D, 0x00, 
    0x73, 0x1D, 0x00, 0x73, 0x1D, 0x00, 0x73, 0x1D, 0x00, 0x74, 0x1E, 0x00, 
    0x70, 0x1A, 0x00, 0x8B, 0x36, 0x0A, 0xE4, 0x9A, 0x02, 0xF7, 0xB2, 0x00, 
    0xF3, 0xAE, 0x00, 0xF2, 0xAC, 0x00, 0xF0, 0xA9, 0x00, 0xEC, 0xA1, 0x00, 
    0xEC, 0xA2, 0x00, 0xED, 0xA1, 0x00, 0xEC, 0xA1, 0x00, 0xF1, 0xA9, 0x00, 
    0xF4, 0xBF, 0x00, 0xF3, 0xBF, 0x01, 0xF3, 0x9E, 0x00, 0xCF, 0x7A, 0x10, 
    0xEE, 0xE3, 0xDF, 0xFF, 0xFE, 0xFF, 0xFD, 0xF9, 0xFB, 0xFE, 0xFA, 0xFC, 
    0xFE, 0xFA, 0xFC, 0xFE, 0xFA, 0xFC, 0xFE, 0xF9, 0xFB, 0xFF, 0xFC, 0xFE, 
    0xF7, 0xF2, 0xF4, 0xCB, 0x82, 0x27, 0xEB, 0x89, 0x00, 0xF3, 0xBD, 0x02, 
    0xF5, 0xC9, 0x00, 0xF2, 0xB2, 0x00, 0xED, 0xA2, 0x00, 0xED, 0xA1, 0x00, 
    0xEC, 0xA2, 0x00, 0xEC, 0xA1, 0x00, 0xEF, 0xA6, 0x00, 0xF4, 0xAF, 0x00, 
    0xF4, 0xAF, 0x00, 0xF4, 0xB0, 0x00, 0xF4, 0xAC, 0x00, 0xA6, 0x53, 0x09, 
    0x6E, 0x19, 0x02, 0x75, 0x20, 0x03, 0x73, 0x1E, 0x02, 0x73, 0x1D, 0x00, 
    0x73, 0x1D, 0x00, 0x73, 0x1D, 0x00, 0x73, 0x1D, 0x00, 0x73, 0x1D, 0x00, 
    0x73, 0x1D, 0x00, 0x73, 0x1D, 0x00, 0x73, 0x1D, 0x00, 0x73, 0x1D, 0x00, 
    0x73, 0x1D, 0x00, 0x75, 0x1E, 0x00, 0x65, 0x1A, 0x01, 0x97, 0x89, 0x84, 
    0xFF, 0xFF, 0xFF, 0xFD, 0xF9, 0xFA, 0xFE, 0xFA, 0xFC, 0xFE, 0xFA, 0xFC, 
    0xFE, 0xFA, 0xFC, 0xFE, 0xFA, 0xFC, 0xFE, 0xFA, 0xFC, 0xFE, 0xFA, 0xFC, 
    0xFE, 0xFA, 0xFC, 0xFE, 0xFA, 0xFC, 0xFE, 0xFA, 0xFC, 0xFE, 0xFA, 0xFC, 
    0xFF, 0xFB, 0xFD, 0xFB, 0xF7, 0xF9, 0xC7, 0xC3, 0xC4, 0xFC, 0xF8, 0xFB, 
    0xFE, 0xFA, 0xFC, 0xFE, 0xFA, 0xFC, 0xFE, 0xFA, 0xFC, 0xFE, 0xFA, 0xFC, 
    0xFE, 0xFA, 0xFC, 0xFE, 0xFA, 0xFC, 0xFE, 0xFA, 0xFC, 0xFE, 0xFA, 0xFC, 
    0xFE, 0xFA, 0xFC, 0xFE, 0xFA, 0xFC, 0xFE, 0xFA, 0xFC, 0xFC, 0xF8, 0xF9, 
    0xFF, 0xFF, 0xFF, 0x9D, 0x88, 0x7E, 0x66, 0x15, 0x00, 0x74, 0x1E, 0x01, 
    0x73, 0x1E, 0x01, 0x73, 0x1E, 0x02, 0x73, 0x1D, 0x00, 0x73, 0x1D, 0x00, 
    0x73, 0x1D, 0x00, 0x73, 0x1D, 0x00, 0x73, 0x1D, 0x00, 0x73, 0x1D, 0x00, 
    0x73, 0x1D, 0x00, 0x73, 0x1D, 0x00, 0x73, 0x1D, 0x00, 0x74, 0x1E, 0x00, 
    0x6E, 0x18, 0x02, 0xA4, 0x52, 0x09, 0xF3, 0xAC, 0x00, 0xF4, 0xAF, 0x00, 
    0xF4, 0xAF, 0x00, 0xF3, 0xAE, 0x00, 0xF0, 0xA8, 0x00, 0xEC, 0xA2, 0x00, 
    0xED, 0xA3, 0x00, 0xEB, 0xA1, 0x00, 0xEC, 0xA2, 0x00, 0xF3, 0xB0, 0x00, 
    0xF5, 0xC6, 0x00, 0xF4, 0xBD, 0x02, 0xEE, 0x97, 0x00, 0xC8, 0x7F, 0x29, 
    0xF5, 0xF0, 0xF3, 0xFF, 0xFC, 0xFE, 0xFE, 0xF9, 0xFB, 0xFE, 0xFA, 0xFC, 
    0xFE, 0xFA, 0xFC, 0xFE, 0xFA, 0xFC, 0xFE, 0xFA, 0xFC, 0xFE, 0xFA, 0xFB, 
    0xFD, 0xFB, 0xFE, 0xCA, 0x8B, 0x41, 0xE6, 0x85, 0x00, 0xF1, 0xB8, 0x03, 
    0xF6, 0xCE, 0x00, 0xF4, 0xBB, 0x00, 0xEE, 0xA5, 0x00, 0xEC, 0xA1, 0x00, 
    0xEC, 0xA1, 0x00, 0xEB, 0xA1, 0x00, 0xEF, 0xA7, 0x00, 0xF5, 0xB0, 0x00, 
    0xF4, 0xAF, 0x00, 0xF3, 0xAE, 0x00, 0xF7, 0xB3, 0x00, 0xC3, 0x74, 0x09, 
    0x75, 0x1E, 0x05, 0x73, 0x1E, 0x01, 0x74, 0x1E, 0x01, 0x73, 0x1D, 0x00, 
    0x73, 0x1D, 0x00, 0x73, 0x1D, 0x00, 0x73, 0x1D, 0x00, 0x73, 0x1D, 0x00, 
    0x73, 0x1D, 0x00, 0x73, 0x1D, 0x00, 0x73, 0x1D, 0x00, 0x73, 0x1D, 0x00, 
    0x73, 0x1E, 0x02, 0x73, 0x1E, 0x01, 0x72, 0x1A, 0x00, 0x61, 0x31, 0x1F, 
    0xC9, 0xC8, 0xC7, 0xFF, 0xFF, 0xFF, 0xFB, 0xF7, 0xF8, 0xFE, 0xFA, 0xFC, 
    0xFE, 0xFA, 0xFC, 0xFE, 0xFA, 0xFC, 0xFE, 0xFA, 0xFC, 0xFE, 0xFA, 0xFC, 
    0xFE, 0xFA, 0xFC, 0xFE, 0xFA, 0xFC, 0xFE, 0xFA, 0xFC, 0xFE, 0xFA, 0xFC, 
    0xFF, 0xFB, 0xFD, 0xFB, 0xF7, 0xFA, 0xC7, 0xC3, 0xC5, 0xFD, 0xF8, 0xFA, 
    0xFE, 0xFA, 0xFC, 0xFE, 0xFA, 0xFC, 0xFE, 0xFA, 0xFC, 0xFE, 0xFA, 0xFC, 
    0xFE, 0xFA, 0xFC, 0xFE, 0xFA, 0xFC, 0xFE, 0xFA, 0xFC, 0xFE, 0xFA, 0xFC, 
    0xFE, 0xFA, 0xFC, 0xFE, 0xFA, 0xFC, 0xFB, 0xF7, 0xF9, 0xFF, 0xFF, 0xFF, 
    0xD2, 0xD1, 0xD1, 0x6A, 0x35, 0x21, 0x70, 0x1A, 0x00, 0x73, 0x1E, 0x02, 
    0x73, 0x1D, 0x00, 0x73, 0x1E, 0x02, 0x73, 0x1D, 0x00, 0x73, 0x1D, 0x00, 
    0x73, 0x1D, 0x00, 0x73, 0x1D, 0x00, 0x73, 0x1D, 0x00, 0x73, 0x1D, 0x00, 
    0x73, 0x1D, 0x00, 0x73, 0x1D, 0x00, 0x73, 0x1D, 0x00, 0x73, 0x1D, 0x00, 
    0x74, 0x1E, 0x04, 0xBF, 0x71, 0x07, 0xF7, 0xB2, 0x00, 0xF3, 0xAE, 0x00, 
    0xF4, 0xAF, 0x00, 0xF3, 0xAD, 0x00, 0xEE, 0xA4, 0x00, 0xED, 0xA2, 0x00, 
    0xEC, 0xA3, 0x00, 0xEB, 0xA1, 0x00, 0xEC, 0xA1, 0x00, 0xF4, 0xB6, 0x00, 
    0xF6, 0xCC, 0x00, 0xF1, 0xB8, 0x02, 0xE9, 0x90, 0x00, 0xC4, 0x84, 0x3F, 
    0xFB, 0xF9, 0xFE, 0xFE, 0xFA, 0xFB, 0xFE, 0xFA, 0xFB, 0xFE, 0xFA, 0xFC, 
    0xFE, 0xFA, 0xFC, 0xFE, 0xFA, 0xFC, 0xFE, 0xFA, 0xFC, 0xFE, 0xF9, 0xF9, 
    0xFF, 0xFF, 0xFF, 0xD0, 0x99, 0x5E, 0xE1, 0x80, 0x00, 0xEF, 0xAF, 0x03, 
    0xF5, 0xCF, 0x00, 0xF5, 0xC3, 0x00, 0xEF, 0xA9, 0x00, 0xEB, 0xA1, 0x00, 
    0xED, 0xA3, 0x00, 0xED, 0xA2, 0x00, 0xED, 0xA3, 0x00, 0xF1, 0xA9, 0x00, 
    0xF3, 0xAE, 0x00, 0xF3, 0xAE, 0x00, 0xF7, 0xB2, 0x00, 0xE1, 0x96, 0x03, 
    0x86, 0x32, 0x0A, 0x71, 0x1C, 0x03, 0x74, 0x1F, 0x02, 0x73, 0x1D, 0x00, 
    0x73, 0x1D, 0x00, 0x73, 0x1D, 0x00, 0x73, 0x1D, 0x00, 0x73, 0x1D, 0x00, 
    0x73, 0x1D, 0x00, 0x73, 0x1D, 0x00, 0x73, 0x1D, 0x00, 0x73, 0x1D, 0x00, 
    0x73, 0x1E, 0x01, 0x73, 0x1E, 0x01, 0x75, 0x1E, 0x00, 0x6B, 0x18, 0x00, 
    0x74, 0x57, 0x48, 0xE8, 0xE7, 0xE5, 0xFF, 0xFF, 0xFF, 0xFB, 0xF7, 0xF9, 
    0xFE, 0xFA, 0xFC, 0xFE, 0xFA, 0xFC, 0xFE, 0xFA, 0xFC, 0xFE, 0xFA, 0xFC, 
    0xFE, 0xFA, 0xFC, 0xFE, 0xFA, 0xFC, 0xFE, 0xFA, 0xFC, 0xFE, 0xFA, 0xFC, 
    0xFF, 0xFB, 0xFD, 0xFB, 0xF7, 0xF9, 0xC7, 0xC3, 0xC5, 0xFD, 0xF9, 0xFB, 
    0xFE, 0xFA, 0xFC, 0xFE, 0xFA, 0xFC, 0xFE, 0xFA, 0xFC, 0xFE, 0xFA, 0xFC, 
    0xFE, 0xFA, 0xFC, 0xFE, 0xFA, 0xFC, 0xFE, 0xFA, 0xFC, 0xFE, 0xFA, 0xFC, 
    0xFE, 0xFA, 0xFC, 0xFB, 0xF7, 0xF9, 0xFF, 0xFF, 0xFF, 0xE6, 0xE6, 0xE7, 
    0x79, 0x5D, 0x50, 0x6D, 0x1A, 0x00, 0x74, 0x1F, 0x02, 0x72, 0x1D, 0x00, 
    0x73, 0x1E, 0x01, 0x73, 0x1E, 0x02, 0x73, 0x1D, 0x00, 0x73, 0x1D, 0x00, 
    0x73, 0x1D, 0x00, 0x73, 0x1D, 0x00, 0x73, 0x1D, 0x00, 0x73, 0x1D, 0x00, 
    0x73, 0x1D, 0x00, 0x73, 0x1D, 0x00, 0x74, 0x1E, 0x00, 0x70, 0x1A, 0x00, 
    0x88, 0x32, 0x0A, 0xE0, 0x94, 0x02, 0xF7, 0xB3, 0x00, 0xF3, 0xAE, 0x00, 
    0xF4, 0xB0, 0x00, 0xF1, 0xAA, 0x00, 0xED, 0xA3, 0x00, 0xEC, 0xA3, 0x00, 
    0xEC, 0xA2, 0x00, 0xEB, 0xA1, 0x00, 0xEE, 0xA5, 0x00, 0xF4, 0xC1, 0x00, 
    0xF6, 0xCE, 0x00, 0xF2, 0xB2, 0x03, 0xE4, 0x88, 0x00, 0xD0, 0x9C, 0x61, 
    0xFF, 0xFF, 0xFF, 0xFD, 0xF9, 0xF9, 0xFE, 0xFA, 0xFC, 0xFE, 0xFA, 0xFC, 
    0xFE, 0xFA, 0xFC, 0xFE, 0xFA, 0xFC, 0xFE, 0xFA, 0xFC, 0xFD, 0xF8, 0xF9, 
    0xFF, 0xFF, 0xFF, 0xDA, 0xB4, 0x8C, 0xDC, 0x7A, 0x00, 0xEF, 0xA2, 0x03, 
    0xF5, 0xD1, 0x02, 0xF6, 0xCA, 0x00, 0xF1, 0xB0, 0x00, 0xEB, 0xA0, 0x00, 
    0xEC, 0xA3, 0x00, 0xEC, 0xA2, 0x00, 0xEC, 0xA2, 0x00, 0xEE, 0xA4, 0x00, 
    0xF3, 0xAE, 0x00, 0xF4, 0xAF, 0x00, 0xF4, 0xB0, 0x00, 0xF3, 0xAF, 0x00, 
    0xA7, 0x56, 0x0A, 0x70, 0x1B, 0x05, 0x74, 0x1F, 0x02, 0x73, 0x1D, 0x00, 
    0x73, 0x1D, 0x00, 0x73, 0x1D, 0x00, 0x73, 0x1D, 0x00, 0x73, 0x1D, 0x00, 
    0x73, 0x1D, 0x00, 0x73, 0x1D, 0x00, 0x73, 0x1D, 0x00, 0x73, 0x1D, 0x00, 
    0x73, 0x1D, 0x00, 0x73, 0x1D, 0x00, 0x73, 0x1D, 0x00, 0x76, 0x1F, 0x03, 
    0x69, 0x1D, 0x04, 0x83, 0x62, 0x53, 0xE1, 0xE1, 0xE2, 0xFF, 0xFF, 0xFF, 
    0xFE, 0xF9, 0xFB, 0xFC, 0xF8, 0xFA, 0xFD, 0xF9, 0xFB, 0xFE, 0xFA, 0xFC, 
    0xFE, 0xFA, 0xFC, 0xFE, 0xFA, 0xFC, 0xFE, 0xFA, 0xFC, 0xFE, 0xFA, 0xFC, 
    0xFF, 0xFB, 0xFD, 0xFB, 0xF7, 0xF9, 0xC7, 0xC3, 0xC6, 0xFD, 0xF9, 0xFB, 
    0xFE, 0xFA, 0xFC, 0xFE, 0xFA, 0xFC, 0xFE, 0xFA, 0xFC, 0xFE, 0xFA, 0xFC, 
    0xFE, 0xFA, 0xFC, 0xFE, 0xFA, 0xFC, 0xFD, 0xF9, 0xFB, 0xFC, 0xF8, 0xFA, 
    0xFE, 0xF9, 0xFB, 0xFF, 0xFF, 0xFF, 0xE3, 0xE3, 0xE2, 0x7C, 0x68, 0x59, 
    0x65, 0x1D, 0x03, 0x75, 0x1E, 0x02, 0x73, 0x1D, 0x01, 0x73, 0x1D, 0x00, 
    0x73, 0x1D, 0x00, 0x73, 0x1D, 0x00, 0x73, 0x1D, 0x00, 0x73, 0x1D, 0x00, 
    0x73, 0x1D, 0x00, 0x73, 0x1D, 0x00, 0x73, 0x1D, 0x00, 0x73, 0x1D, 0x00, 
    0x73, 0x1D, 0x00, 0x73, 0x1D, 0x00, 0x74, 0x1E, 0x00, 0x6F, 0x19, 0x02, 
    0xA6, 0x52, 0x09, 0xF1, 0xA9, 0x00, 0xF5, 0xB0, 0x00, 0xF3, 0xAE, 0x00, 
    0xF4, 0xB0, 0x00, 0xF0, 0xA9, 0x00, 0xED, 0xA2, 0x00, 0xEC, 0xA2, 0x00, 
    0xEC, 0xA3, 0x00, 0xEC, 0xA1, 0x00, 0xF1, 0xB0, 0x00, 0xF6, 0xCC, 0x00, 
    0xF4, 0xCF, 0x00, 0xF4, 0xAA, 0x03, 0xDB, 0x83, 0x00, 0xD5, 0xB0, 0x8C, 
    0xFF, 0xFF, 0xFF, 0xFD, 0xF8, 0xF9, 0xFE, 0xFA, 0xFC, 0xFE, 0xFA, 0xFC, 
    0xFE, 0xFA, 0xFC, 0xFE, 0xFA, 0xFC, 0xFE, 0xFA, 0xFC, 0xFD, 0xF8, 0xF9, 
    0xFF, 0xFF, 0xFF, 0xE3, 0xCE, 0xBD, 0xD2, 0x72, 0x01, 0xEF, 0x95, 0x00, 
    0xF4, 0xCE, 0x12, 0xF6, 0xD4, 0x07, 0xF3, 0xBA, 0x00, 0xEE, 0xA2, 0x00, 
    0xEC, 0xA3, 0x00, 0xED, 0xA2, 0x00, 0xED, 0xA3, 0x00, 0xED, 0xA3, 0x00, 
    0xF2, 0xAD, 0x00, 0xF4, 0xAF, 0x00, 0xF3, 0xAD, 0x00, 0xF8, 0xB4, 0x00, 
    0xCC, 0x7E, 0x06, 0x7A, 0x23, 0x0A, 0x73, 0x1F, 0x03, 0x74, 0x1E, 0x00, 
    0x73, 0x1D, 0x00, 0x73, 0x1D, 0x00, 0x73, 0x1D, 0x00, 0x73, 0x1D, 0x00, 
    0x73, 0x1D, 0x00, 0x73, 0x1D, 0x00, 0x73, 0x1D, 0x00, 0x73, 0x1D, 0x00, 
    0x73, 0x1D, 0x00, 0x73, 0x1D, 0x00, 0x73, 0x1D, 0x00, 0x73, 0x1F, 0x03, 
    0x77, 0x20, 0x04, 0x6B, 0x1B, 0x00, 0x76, 0x51, 0x41, 0xC1, 0xBD, 0xBC, 
    0xFC, 0xFB, 0xFE, 0xFF, 0xFF, 0xFF, 0xFF, 0xFC, 0xFE, 0xFD, 0xF8, 0xFA, 
    0xFC, 0xF8, 0xFA, 0xFC, 0xF8, 0xFA, 0xFD, 0xF9, 0xFB, 0xFD, 0xF9, 0xFB, 
    0xFE, 0xFA, 0xFC, 0xFA, 0xF6, 0xF8, 0xC6, 0xC3, 0xC5, 0xFC, 0xF8, 0xFA, 
    0xFD, 0xF9, 0xFB, 0xFD, 0xF9, 0xFB, 0xFD, 0xF9, 0xFB, 0xFC, 0xF8, 0xFA, 
    0xFC, 0xF8, 0xFA, 0xFD, 0xF8, 0xFA, 0xFF, 0xFC, 0xFE, 0xFF, 0xFF, 0xFF, 
    0xFB, 0xFA, 0xFC, 0xC4, 0xBE, 0xB5, 0x74, 0x54, 0x42, 0x65, 0x1C, 0x03, 
    0x75, 0x1D, 0x00, 0x73, 0x1E, 0x01, 0x73, 0x1D, 0x01, 0x73, 0x1E, 0x01, 
    0x73, 0x1E, 0x02, 0x73, 0x1E, 0x02, 0x73, 0x1E, 0x01, 0x73, 0x1D, 0x01, 
    0x73, 0x1D, 0x00, 0x73, 0x1D, 0x00, 0x73, 0x1D, 0x00, 0x73, 0x1D, 0x00, 
    0x73, 0x1D, 0x00, 0x74, 0x1E, 0x00, 0x72, 0x1C, 0x00, 0x79, 0x23, 0x07, 
    0xCA, 0x7B, 0x06, 0xF7, 0xB2, 0x00, 0xF3, 0xAE, 0x00, 0xF4, 0xAF, 0x00, 
    0xF4, 0xB0, 0x00, 0xF0, 0xA9, 0x00, 0xEC, 0xA2, 0x00, 0xEB, 0xA2, 0x00, 
    0xEC, 0xA1, 0x00, 0xED, 0xA1, 0x00, 0xF2, 0xB9, 0x00, 0xF7, 0xD1, 0x01, 
    0xF4, 0xCB, 0x04, 0xF3, 0xA2, 0x01, 0xD3, 0x7D, 0x00, 0xE4, 0xCF, 0xBF, 
    0xFF, 0xFF, 0xFF, 0xFD, 0xF8, 0xF9, 0xFE, 0xFA, 0xFC, 0xFE, 0xFA, 0xFC, 
    0xFE, 0xFA, 0xFC, 0xFE, 0xFA, 0xFC, 0xFE, 0xFA, 0xFC, 0xFE, 0xF9, 0xFB, 
    0xFF, 0xFE, 0xFF, 0xF2, 0xE9, 0xE8, 0xC9, 0x78, 0x16, 0xEB, 0x8D, 0x00, 
    0xF0, 0xC3, 0x10, 0xF7, 0xD8, 0x0D, 0xF5, 0xC6, 0x00, 0xEE, 0xA7, 0x00, 
    0xED, 0xA2, 0x00, 0xED, 0xA3, 0x00, 0xED, 0xA3, 0x00, 0xED, 0xA3, 0x00, 
    0xEE, 0xA5, 0x00, 0xF3, 0xAE, 0x00, 0xF3, 0xAE, 0x00, 0xF6, 0xB2, 0x00, 
    0xE7, 0x9F, 0x02, 0x8F, 0x3D, 0x0C, 0x6F, 0x1A, 0x00, 0x74, 0x1E, 0x00, 
    0x73, 0x1D, 0x00, 0x73, 0x1D, 0x00, 0x73, 0x1D, 0x00, 0x73, 0x1D, 0x00, 
    0x73, 0x1D, 0x00, 0x73, 0x1D, 0x00, 0x73, 0x1D, 0x00, 0x73, 0x1D, 0x00, 
    0x73, 0x1D, 0x00, 0x73, 0x1D, 0x00, 0x73, 0x1D, 0x00, 0x73, 0x1D, 0x01, 
    0x74, 0x1F, 0x03, 0x75, 0x1F, 0x02, 0x6B, 0x1A, 0x00, 0x63, 0x31, 0x1E, 
    0x88, 0x79, 0x74, 0xC4, 0xC2, 0xC1, 0xF1, 0xF0, 0xF0, 0xFF, 0xFF, 0xFF, 
    0xFF, 0xFF, 0xFF, 0xFF, 0xFF, 0xFF, 0xFF, 0xFE, 0xFF, 0xFF, 0xFD, 0xFF, 
    0xFF, 0xFD, 0xFF, 0xFD, 0xF9, 0xFB, 0xC8, 0xC4, 0xC6, 0xFF, 0xFB, 0xFD, 
    0xFF, 0xFB, 0xFE, 0xFF, 0xFC, 0xFF, 0xFF, 0xFE, 0xFF, 0xFF, 0xFF, 0xFF, 
    0xFF, 0xFF, 0xFF, 0xFF, 0xFF, 0xFF, 0xEE, 0xEE, 0xEF, 0xC5, 0xC2, 0xC2, 
    0x8A, 0x75, 0x6B, 0x64, 0x2E, 0x16, 0x6E, 0x18, 0x00, 0x76, 0x1E, 0x00, 
    0x73, 0x1D, 0x00, 0x73, 0x1D, 0x00, 0x73, 0x1D, 0x00, 0x73, 0x1E, 0x02, 
    0x74, 0x1F, 0x03, 0x74, 0x1F, 0x03, 0x73, 0x1E, 0x01, 0x73, 0x1D, 0x00, 
    0x73, 0x1D, 0x00, 0x73, 0x1D, 0x00, 0x73, 0x1D, 0x00, 0x73, 0x1D, 0x00, 
    0x73, 0x1D, 0x00, 0x74, 0x1E, 0x00, 0x6E, 0x19, 0x00, 0x91, 0x3A, 0x0A, 
    0xE8, 0x9E, 0x01, 0xF6, 0xB2, 0x00, 0xF3, 0xAE, 0x00, 0xF4, 0xAF, 0x00, 
    0xF2, 0xAC, 0x00, 0xEF, 0xA6, 0x00, 0xEC, 0xA2, 0x00, 0xEC, 0xA2, 0x00, 
    0xED, 0xA2, 0x00, 0xEE, 0xA6, 0x00, 0xF5, 0xC4, 0x00, 0xF7, 0xD5, 0x06, 
    0xF2, 0xC1, 0x07, 0xF1, 0x9B, 0x00, 0xC9, 0x7A, 0x14, 0xEF, 0xE4, 0xE2, 
    0xFF, 0xFE, 0xFF, 0xFE, 0xF9, 0xFB, 0xFE, 0xFA, 0xFC, 0xFE, 0xFA, 0xFC, 
    0xFE, 0xFA, 0xFC, 0xFE, 0xFA, 0xFC, 0xFE, 0xFA, 0xFC, 0xFE, 0xFA, 0xFC, 
    0xFE, 0xFA, 0xFB, 0xFD, 0xFB, 0xFE, 0xC9, 0x8D, 0x45, 0xE6, 0x83, 0x00, 
    0xF0, 0xB2, 0x08, 0xF6, 0xD7, 0x0C, 0xF6, 0xCD, 0x00, 0xF0, 0xB3, 0x00, 
    0xEC, 0xA1, 0x00, 0xED, 0xA3, 0x00, 0xED, 0xA3, 0x00, 0xED, 0xA3, 0x00, 
    0xEE, 0xA6, 0x00, 0xF3, 0xAE, 0x00, 0xF4, 0xAF, 0x00, 0xF3, 0xAE, 0x00, 
    0xF7, 0xB2, 0x00, 0xBA, 0x69, 0x09, 0x72, 0x1B, 0x05, 0x73, 0x1D, 0x00, 
    0x73, 0x1D, 0x00, 0x73, 0x1D, 0x00, 0x73, 0x1D, 0x00, 0x73, 0x1D, 0x00, 
    0x73, 0x1D, 0x00, 0x73, 0x1D, 0x00, 0x73, 0x1D, 0x00, 0x73, 0x1D, 0x00, 
    0x73, 0x1D, 0x00, 0x73, 0x1D, 0x00, 0x73, 0x1D, 0x00, 0x73, 0x1D, 0x00, 
    0x73, 0x1D, 0x01, 0x73, 0x1E, 0x01, 0x74, 0x1F, 0x02, 0x73, 0x1E, 0x01, 
    0x6A, 0x19, 0x00, 0x6A, 0x29, 0x12, 0x7A, 0x56, 0x44, 0x9A, 0x8B, 0x7F, 
    0xBC, 0xB3, 0xAE, 0xD4, 0xD1, 0xCF, 0xE7, 0xE5, 0xE5, 0xEF, 0xEE, 0xEE, 
    0xF3, 0xF3, 0xF3, 0xF1, 0xF0, 0xF0, 0xC2, 0xC1, 0xC1, 0xF2, 0xF1, 0xF2, 
    0xF2, 0xF2, 0xF3, 0xEF, 0xEF, 0xEE, 0xE7, 0xE6, 0xE6, 0xD4, 0xD0, 0xCE, 
    0xBB, 0xB3, 0xB1, 0x9A, 0x89, 0x84, 0x79, 0x56, 0x46, 0x68, 0x2B, 0x15, 
    0x6B, 0x18, 0x00, 0x74, 0x1B, 0x00, 0x75, 0x1F, 0x02, 0x73, 0x1D, 0x01, 
    0x73, 0x1D, 0x00, 0x73, 0x1D, 0x00, 0x73, 0x1D, 0x01, 0x74, 0x1E, 0x02, 
    0x73, 0x1E, 0x01, 0x73, 0x1D, 0x01, 0x73, 0x1D, 0x00, 0x73, 0x1D, 0x00, 
    0x73, 0x1D, 0x00, 0x73, 0x1D, 0x00, 0x73, 0x1D, 0x00, 0x73, 0x1D, 0x00, 
    0x73, 0x1D, 0x00, 0x73, 0x1D, 0x00, 0x71, 0x1C, 0x05, 0xBA, 0x6C, 0x08, 
    0xF8, 0xB2, 0x00, 0xF3, 0xAE, 0x00, 0xF4, 0xAF, 0x00, 0xF4, 0xAF, 0x00, 
    0xF1, 0xAA, 0x00, 0xED, 0xA3, 0x00, 0xEC, 0xA2, 0x00, 0xEB, 0xA2, 0x00, 
    0xED, 0xA2, 0x00, 0xF1, 0xAF, 0x00, 0xF6, 0xCB, 0x00, 0xF6, 0xD4, 0x02, 
    0xED, 0xB0, 0x03, 0xE6, 0x92, 0x00, 0xC7, 0x8C, 0x41, 0xFB, 0xF8, 0xFB, 
    0xFE, 0xFA, 0xFB, 0xFE, 0xFA, 0xFC, 0xFE, 0xFA, 0xFC, 0xFE, 0xFA, 0xFC, 
    0xFE, 0xFA, 0xFC, 0xFE, 0xFA, 0xFC, 0xFE, 0xFA, 0xFC, 0xFE, 0xFA, 0xFC, 
    0xFD, 0xF8, 0xF9, 0xFF, 0xFF, 0xFF, 0xD3, 0xAD, 0x83, 0xD9, 0x78, 0x00, 
    0xF0, 0x9F, 0x03, 0xF5, 0xD5, 0x16, 0xF7, 0xD1, 0x04, 0xF3, 0xBD, 0x00, 
    0xEC, 0xA1, 0x00, 0xED, 0xA4, 0x00, 0xED, 0xA3, 0x00, 0xED, 0xA2, 0x00, 
    0xF0, 0xA8, 0x00, 0xF2, 0xAC, 0x00, 0xF3, 0xAE, 0x00, 0xF3, 0xAE, 0x00, 
    0xF7, 0xB3, 0x00, 0xE0, 0x96, 0x02, 0x86, 0x31, 0x08, 0x70, 0x1A, 0x00, 
    0x74, 0x1E, 0x00, 0x73, 0x1D, 0x00, 0x73, 0x1D, 0x00, 0x73, 0x1D, 0x00, 
    0x73, 0x1D, 0x00, 0x73, 0x1D, 0x00, 0x73, 0x1D, 0x00, 0x73, 0x1D, 0x00, 
    0x73, 0x1D, 0x00, 0x73, 0x1D, 0x00, 0x73, 0x1D, 0x00, 0x73, 0x1D, 0x00, 
    0x73, 0x1D, 0x00, 0x73, 0x1D, 0x01, 0x73, 0x1D, 0x00, 0x73, 0x1E, 0x00, 
    0x75, 0x1F, 0x02, 0x75, 0x1B, 0x00, 0x6D, 0x17, 0x00, 0x64, 0x19, 0x00, 
    0x6C, 0x22, 0x08, 0x6A, 0x2E, 0x16, 0x6F, 0x3E, 0x28, 0x7B, 0x49, 0x34, 
    0x81, 0x53, 0x3C, 0x7D, 0x54, 0x40, 0x75, 0x4D, 0x3B, 0x79, 0x54, 0x40, 
    0x7B, 0x52, 0x40, 0x75, 0x4A, 0x38, 0x69, 0x40, 0x2C, 0x67, 0x2E, 0x18, 
    0x68, 0x22, 0x0A, 0x6D, 0x1D, 0x03, 0x71, 0x1A, 0x00, 0x75, 0x1C, 0x00, 
    0x75, 0x1E, 0x01, 0x73, 0x1E, 0x01, 0x73, 0x1D, 0x00, 0x73, 0x1D, 0x00, 
    0x73, 0x1D, 0x00, 0x73, 0x1D, 0x00, 0x73, 0x1E, 0x01, 0x73, 0x1E, 0x02, 
    0x73, 0x1D, 0x00, 0x73, 0x1D, 0x00, 0x73, 0x1D, 0x00, 0x73, 0x1D, 0x00, 
    0x73, 0x1D, 0x00, 0x73, 0x1D, 0x00, 0x73, 0x1D, 0x00, 0x73, 0x1D, 0x00, 
    0x74, 0x1E, 0x00, 0x70, 0x19, 0x00, 0x88, 0x33, 0x09, 0xE0, 0x98, 0x02, 
    0xF7, 0xB3, 0x00, 0xF3, 0xAE, 0x00, 0xF2, 0xAC, 0x00, 0xF4, 0xAF, 0x00, 
    0xF1, 0xA9, 0x00, 0xEB, 0xA1, 0x00, 0xEB, 0xA1, 0x00, 0xEB, 0xA2, 0x00, 
    0xED, 0xA1, 0x00, 0xF3, 0xB8, 0x00, 0xF7, 0xD1, 0x00, 0xF4, 0xD0, 0x01, 
    0xED, 0xAB, 0x03, 0xDD, 0x85, 0x00, 0xD2, 0xAA, 0x82, 0xFF, 0xFF, 0xFF, 
    0xFC, 0xF7, 0xF7, 0xFE, 0xFA, 0xFC, 0xFE, 0xFA, 0xFC, 0xFE, 0xFA, 0xFC, 
    0xFE, 0xFA, 0xFC, 0xFE, 0xFA, 0xFC, 0xFE, 0xFA, 0xFC, 0xFE, 0xFA, 0xFC, 
    0xFD, 0xF8, 0xFA, 0xFF, 0xFF, 0xFF, 0xE5, 0xD1, 0xC2, 0xCE, 0x76, 0x05, 
    0xF1, 0x91, 0x00, 0xF1, 0xC3, 0x14, 0xF7, 0xDA, 0x17, 0xF5, 0xC7, 0x00, 
    0xED, 0xA6, 0x01, 0xED, 0xA2, 0x00, 0xED, 0xA3, 0x00, 0xED, 0xA2, 0x00, 
    0xF0, 0xA8, 0x00, 0xF3, 0xAD, 0x00, 0xF3, 0xAE, 0x00, 0xF4, 0xAF, 0x00, 
    0xF4, 0xB0, 0x00, 0xF4, 0xB0, 0x00, 0xB3, 0x61, 0x08, 0x72, 0x1B, 0x03, 
    0x73, 0x1D, 0x00, 0x73, 0x1D, 0x00, 0x73, 0x1D, 0x00, 0x73, 0x1D, 0x00, 
    0x73, 0x1D, 0x00, 0x73, 0x1D, 0x00, 0x73, 0x1D, 0x00, 0x73, 0x1D, 0x00, 
    0x73, 0x1D, 0x00, 0x73, 0x1D, 0x00, 0x73, 0x1D, 0x00, 0x73, 0x1D, 0x00, 
    0x73, 0x1D, 0x00, 0x73, 0x1D, 0x00, 0x73, 0x1D, 0x00, 0x73, 0x1D, 0x00, 
    0x73, 0x1D, 0x00, 0x73, 0x1E, 0x01, 0x74, 0x1F, 0x02, 0x76, 0x1E, 0x01, 
    0x72, 0x1D, 0x00, 0x79, 0x1F, 0x04, 0x78, 0x1E, 0x03, 0x6D, 0x19, 0x00, 
    0x6E, 0x14, 0x00, 0x6F, 0x15, 0x00, 0x71, 0x16, 0x00, 0x70, 0x15, 0x00, 
    0x6F, 0x15, 0x00, 0x6B, 0x17, 0x00, 0x72, 0x1E, 0x04, 0x76, 0x21, 0x06, 
    0x71, 0x1D, 0x00, 0x75, 0x1E, 0x02, 0x74, 0x1F, 0x03, 0x73, 0x1E, 0x02, 
    0x73, 0x1D, 0x00, 0x73, 0x1D, 0x00, 0x73, 0x1D, 0x00, 0x73, 0x1D, 0x00, 
    0x73, 0x1D, 0x00, 0x73, 0x1D, 0x00, 0x73, 0x1D, 0x00, 0x73, 0x1E, 0x03, 
    0x73, 0x1D, 0x01, 0x73, 0x1D, 0x00, 0x73, 0x1D, 0x00, 0x73, 0x1D, 0x00, 
    0x73, 0x1D, 0x00, 0x73, 0x1D, 0x00, 0x73, 0x1D, 0x00, 0x73, 0x1D, 0x00, 
    0x74, 0x1E, 0x00, 0x71, 0x1A, 0x03, 0xB2, 0x64, 0x09, 0xF4, 0xAF, 0x00, 
    0xF4, 0xAF, 0x00, 0xF3, 0xAE, 0x00, 0xF1, 0xAB, 0x00, 0xF4, 0xB0, 0x00, 
    0xF2, 0xAB, 0x00, 0xEC, 0xA1, 0x00, 0xEC, 0xA3, 0x00, 0xEB, 0xA0, 0x00, 
    0xEE, 0xA6, 0x00, 0xF5, 0xC7, 0x00, 0xF7, 0xD7, 0x06, 0xF1, 0xC4, 0x08, 
    0xF1, 0xA2, 0x01, 0xCF, 0x7B, 0x03, 0xE3, 0xCE, 0xBF, 0xFF, 0xFF, 0xFF, 
    0xFB, 0xF6, 0xF7, 0xFE, 0xFA, 0xFC, 0xFE, 0xFA, 0xFC, 0xFE, 0xFA, 0xFC, 
    0xFE, 0xFA, 0xFC, 0xFE, 0xFA, 0xFC, 0xFE, 0xFA, 0xFC, 0xFE, 0xFA, 0xFC, 
    0xFE, 0xF9, 0xFB, 0xFF, 0xFC, 0xFD, 0xF7, 0xF3, 0xF4, 0xC4, 0x83, 0x2E, 
    0xEB, 0x8E, 0x00, 0xF1, 0xB3, 0x06, 0xF8, 0xDD, 0x2E, 0xF6, 0xD2, 0x07, 
    0xF1, 0xB3, 0x00, 0xEC, 0xA1, 0x00, 0xED, 0xA3, 0x00, 0xED, 0xA2, 0x00, 
    0xED, 0xA3, 0x00, 0xF0, 0xA9, 0x00, 0xF3, 0xAE, 0x00, 0xF3, 0xAD, 0x00, 
    0xF3, 0xAE, 0x00, 0xF7, 0xB3, 0x00, 0xE0, 0x96, 0x03, 0x89, 0x36, 0x0B, 
    0x70, 0x1A, 0x01, 0x74, 0x1E, 0x00, 0x73, 0x1D, 0x00, 0x73, 0x1D, 0x00, 
    0x73, 0x1D, 0x00, 0x73, 0x1D, 0x00, 0x73, 0x1D, 0x00, 0x73, 0x1D, 0x00, 
    0x73, 0x1D, 0x00, 0x73, 0x1D, 0x00, 0x73, 0x1D, 0x00, 0x73, 0x1D, 0x00, 
    0x73, 0x1D, 0x00, 0x73, 0x1D, 0x00, 0x73, 0x1D, 0x00, 0x73, 0x1D, 0x00, 
    0x73, 0x1D, 0x00, 0x73, 0x1D, 0x00, 0x74, 0x1D, 0x00, 0x70, 0x1E, 0x01, 
    0x99, 0x2D, 0x15, 0xD3, 0x35, 0x25, 0xD1, 0x36, 0x25, 0xA7, 0x30, 0x1B, 
    0x76, 0x24, 0x09, 0x70, 0x20, 0x03, 0x70, 0x20, 0x04, 0x71, 0x21, 0x05, 
    0x76, 0x25, 0x09, 0xA6, 0x30, 0x1A, 0xCF, 0x35, 0x24, 0xD1, 0x37, 0x27, 
    0x97, 0x2B, 0x14, 0x6F, 0x1C, 0x00, 0x74, 0x1E, 0x01, 0x73, 0x1D, 0x00, 
    0x73, 0x1D, 0x00, 0x73, 0x1D, 0x00, 0x73, 0x1D, 0x00, 0x73, 0x1D, 0x00, 
    0x73, 0x1D, 0x00, 0x73, 0x1D, 0x00, 0x73, 0x1D, 0x00, 0x73, 0x1E, 0x01, 
    0x73, 0x1D, 0x00, 0x73, 0x1D, 0x00, 0x73, 0x1D, 0x00, 0x73, 0x1D, 0x00, 
    0x73, 0x1D, 0x00, 0x73, 0x1D, 0x00, 0x73, 0x1D, 0x00, 0x74, 0x1E, 0x00, 
    0x70, 0x1A, 0x00, 0x85, 0x33, 0x0A, 0xDD, 0x96, 0x03, 0xF7, 0xB3, 0x00, 
    0xF3, 0xAE, 0x00, 0xF3, 0xAD, 0x00, 0xF2, 0xAB, 0x00, 0xF2, 0xAB, 0x00, 
    0xEE, 0xA5, 0x00, 0xEC, 0xA2, 0x00, 0xEC, 0xA3, 0x00, 0xEC, 0xA1, 0x00, 
    0xF0, 0xB2, 0x00, 0xF6, 0xCF, 0x00, 0xF7, 0xD9, 0x14, 0xF0, 0xB6, 0x08, 
    0xED, 0x94, 0x00, 0xC7, 0x83, 0x2B, 0xF8, 0xF3, 0xF5, 0xFF, 0xFB, 0xFD, 
    0xFD, 0xF9, 0xFA, 0xFE, 0xFA, 0xFC, 0xFE, 0xFA, 0xFC, 0xFE, 0xFA, 0xFC, 
    0xFE, 0xFA, 0xFC, 0xFE, 0xFA, 0xFC, 0xFE, 0xFA, 0xFC, 0xFE, 0xFA, 0xFC, 
    0xFE, 0xFA, 0xFC, 0xFD, 0xF8, 0xF8, 0xFF, 0xFF, 0xFF, 0xCE, 0xA5, 0x78, 
    0xDC, 0x7E, 0x00, 0xF3, 0xA6, 0x00, 0xF4, 0xD3, 0x29, 0xF7, 0xD8, 0x13, 
    0xF5, 0xC3, 0x00, 0xEE, 0xA3, 0x01, 0xEC, 0xA2, 0x00, 0xEC, 0xA2, 0x00, 
    0xEC, 0xA1, 0x00, 0xEE, 0xA5, 0x00, 0xF3, 0xAD, 0x00, 0xF3, 0xAE, 0x00, 
    0xF4, 0xAF, 0x00, 0xF3, 0xAE, 0x00, 0xF5, 0xB2, 0x00, 0xB9, 0x69, 0x0D, 
    0x75, 0x20, 0x09, 0x73, 0x1E, 0x00, 0x73, 0x1D, 0x00, 0x73, 0x1D, 0x00, 
    0x73, 0x1D, 0x00, 0x73, 0x1D, 0x00, 0x73, 0x1D, 0x00, 0x73, 0x1D, 0x00, 
    0x73, 0x1D, 0x00, 0x73, 0x1D, 0x00, 0x73, 0x1D, 0x00, 0x73, 0x1D, 0x00, 
    0x73, 0x1D, 0x00, 0x73, 0x1D, 0x00, 0x73, 0x1D, 0x00, 0x73, 0x1D, 0x00, 
    0x73, 0x1D, 0x00, 0x73, 0x1D, 0x00, 0x72, 0x1C, 0x00, 0x75, 0x22, 0x05, 
    0xC9, 0x33, 0x23, 0xE1, 0x35, 0x25, 0xDC, 0x37, 0x22, 0xDF, 0x36, 0x25, 
    0xC8, 0x32, 0x22, 0xB6, 0x31, 0x1D, 0xB4, 0x2F, 0x1C, 0xB9, 0x2F, 0x1E, 
    0xC7, 0x31, 0x22, 0xDF, 0x34, 0x27, 0xDD, 0x37, 0x23, 0xE3, 0x36, 0x25, 
    0xC2, 0x32, 0x21, 0x6F, 0x1E, 0x01, 0x74, 0x1D, 0x00, 0x73, 0x1D, 0x00, 
    0x73, 0x1D, 0x00, 0x73, 0x1D, 0x00, 0x73, 0x1D, 0x00, 0x73, 0x1D, 0x00, 
    0x73, 0x1D, 0x00, 0x73, 0x1D, 0x00, 0x73, 0x1D, 0x00, 0x73, 0x1D, 0x00, 
    0x73, 0x1D, 0x00, 0x73, 0x1D, 0x00, 0x73, 0x1D, 0x00, 0x73, 0x1D, 0x00, 
    0x73, 0x1D, 0x00, 0x73, 0x1D, 0x00, 0x73, 0x1D, 0x00, 0x73, 0x1D, 0x00, 
    0x72, 0x1C, 0x04, 0xB2, 0x67, 0x0A, 0xF4, 0xAF, 0x00, 0xF4, 0xAF, 0x00, 
    0xF4, 0xAF, 0x00, 0xF3, 0xAE, 0x00, 0xF1, 0xAA, 0x00, 0xED, 0xA3, 0x00, 
    0xED, 0xA2, 0x00, 0xED, 0xA3, 0x00, 0xED, 0xA3, 0x00, 0xED, 0xA3, 0x00, 
    0xF4, 0xC3, 0x00, 0xF7, 0xD6, 0x05, 0xF4, 0xD2, 0x13, 0xF0, 0xA9, 0x01, 
    0xDE, 0x82, 0x00, 0xD0, 0xA1, 0x72, 0xFF, 0xFF, 0xFF, 0xFD, 0xF8, 0xF9, 
    0xFE, 0xFA, 0xFC, 0xFE, 0xFA, 0xFC, 0xFE, 0xFA, 0xFC, 0xFE, 0xFA, 0xFC, 
    0xFE, 0xFA, 0xFC, 0xFE, 0xFA, 0xFC, 0xFE, 0xFA, 0xFC, 0xFE, 0xFA, 0xFC, 
    0xFE, 0xFA, 0xFC, 0xFD, 0xF9, 0xFA, 0xFF, 0xFF, 0xFF, 0xE8, 0xD7, 0xCD, 
    0xCB, 0x77, 0x07, 0xF0, 0x95, 0x00, 0xF1, 0xBE, 0x12, 0xF7, 0xDC, 0x1E, 
    0xF6, 0xCD, 0x00, 0xF1, 0xAB, 0x01, 0xEC, 0xA1, 0x00, 0xED, 0xA3, 0x00, 
    0xED, 0xA3, 0x00, 0xEC, 0xA2, 0x00, 0xF2, 0xAC, 0x00, 0xF4, 0xB0, 0x00, 
    0xF4, 0xAF, 0x00, 0xF3, 0xAE, 0x00, 0xF6, 0xB2, 0x00, 0xE6, 0x9A, 0x02, 
    0x92, 0x3C, 0x0C, 0x6F, 0x19, 0x01, 0x74, 0x1E, 0x00, 0x73, 0x1D, 0x00, 
    0x73, 0x1D, 0x00, 0x73, 0x1D, 0x00, 0x73, 0x1D, 0x00, 0x73, 0x1D, 0x00, 
    0x73, 0x1D, 0x00, 0x73, 0x1D, 0x00, 0x73, 0x1D, 0x00, 0x73, 0x1D, 0x00, 
    0x73, 0x1D, 0x00, 0x73, 0x1D, 0x00, 0x73, 0x1D, 0x00, 0x73, 0x1D, 0x00, 
    0x73, 0x1D, 0x00, 0x73, 0x1D, 0x00, 0x72, 0x1C, 0x00, 0x75, 0x20, 0x04, 
    0xC7, 0x2F, 0x21, 0xDC, 0x31, 0x25, 0xD8, 0x33, 0x23, 0xD9, 0x34, 0x23, 
    0xDD, 0x30, 0x24, 0xDA, 0x2B, 0x22, 0xDD, 0x2F, 0x24, 0xDE, 0x30, 0x24, 
    0xDC, 0x2F, 0x24, 0xD7, 0x2F, 0x22, 0xD6, 0x33, 0x21, 0xDC, 0x31, 0x23, 
    0xBF, 0x2E, 0x1F, 0x70, 0x1F, 0x02, 0x74, 0x1D, 0x01, 0x73, 0x1D, 0x01, 
    0x73, 0x1D, 0x00, 0x73, 0x1D, 0x00, 0x73, 0x1D, 0x00, 0x73, 0x1D, 0x00, 
    0x73, 0x1D, 0x00, 0x73, 0x1D, 0x00, 0x73, 0x1D, 0x00, 0x73, 0x1D, 0x00, 
    0x73, 0x1D, 0x00, 0x73, 0x1D, 0x00, 0x73, 0x1D, 0x00, 0x73, 0x1D, 0x00, 
    0x73, 0x1D, 0x00, 0x73, 0x1D, 0x00, 0x74, 0x1E, 0x00, 0x6F, 0x19, 0x01, 
    0x8E, 0x3C, 0x09, 0xE2, 0x9D, 0x01, 0xF7, 0xB3, 0x00, 0xF3, 0xAE, 0x00, 
    0xF4, 0xAF, 0x00, 0xF4, 0xAE, 0x00, 0xEE, 0xA5, 0x00, 0xEC, 0xA2, 0x00, 
    0xEB, 0xA1, 0x00, 0xEC, 0xA2, 0x00, 0xEE, 0xA3, 0x00, 0xF1, 0xAF, 0x01, 
    0xF5, 0xCD, 0x00, 0xF8, 0xDB, 0x1B, 0xF0, 0xC0, 0x0E, 0xF3, 0x9D, 0x00, 
    0xD2, 0x7A, 0x03, 0xE8, 0xD5, 0xC7, 0xFF, 0xFF, 0xFF, 0xFD, 0xF8, 0xF9, 
    0xFE, 0xFA, 0xFC, 0xFE, 0xFA, 0xFC, 0xFE, 0xFA, 0xFC, 0xFE, 0xFA, 0xFC, 
    0xFE, 0xFA, 0xFC, 0xFE, 0xFA, 0xFC, 0xFE, 0xFA, 0xFC, 0xFE, 0xFA, 0xFC, 
    0xFE, 0xFA, 0xFC, 0xFE, 0xFA, 0xFC, 0xFE, 0xFA, 0xFB, 0xFC, 0xFB, 0xFD, 
    0xC9, 0x88, 0x40, 0xE6, 0x80, 0x01, 0xEF, 0xA5, 0x02, 0xF6, 0xD9, 0x29, 
    0xF7, 0xD6, 0x0B, 0xF3, 0xBC, 0x00, 0xEC, 0xA1, 0x01, 0xEC, 0xA3, 0x00, 
    0xEC, 0xA2, 0x00, 0xEC, 0xA2, 0x00, 0xEF, 0xA7, 0x00, 0xF3, 0xAF, 0x00, 
    0xF4, 0xAF, 0x00, 0xF4, 0xAF, 0x00, 0xF3, 0xAE, 0x00, 0xF7, 0xB2, 0x00, 
    0xC7, 0x78, 0x06, 0x79, 0x22, 0x08, 0x72, 0x1C, 0x00, 0x74, 0x1E, 0x00, 
    0x73, 0x1D, 0x00, 0x73, 0x1D, 0x00, 0x73, 0x1D, 0x00, 0x73, 0x1D, 0x00, 
    0x73, 0x1D, 0x00, 0x73, 0x1D, 0x00, 0x73, 0x1D, 0x00, 0x73, 0x1D, 0x00, 
    0x73, 0x1D, 0x00, 0x73, 0x1D, 0x00, 0x73, 0x1D, 0x00, 0x73, 0x1D, 0x00, 
    0x73, 0x1D, 0x00, 0x73, 0x1D, 0x00, 0x74, 0x1D, 0x00, 0x6E, 0x1E, 0x01, 
    0xAC, 0x2A, 0x19, 0xD8, 0x25, 0x20, 0xCB, 0x21, 0x1C, 0xCD, 0x21, 0x1D, 
    0xCD, 0x21, 0x1C, 0xCC, 0x21, 0x1C, 0xCD, 0x22, 0x1D, 0xCB, 0x1F, 0x1B, 
    0xCC, 0x21, 0x1C, 0xCC, 0x20, 0x1C, 0xC9, 0x1E, 0x1B, 0xD4, 0x1E, 0x1D, 
    0xAF, 0x2B, 0x19, 0x6F, 0x1F, 0x00, 0x74, 0x1D, 0x00, 0x73, 0x1D, 0x00, 
    0x73, 0x1D, 0x00, 0x73, 0x1D, 0x00, 0x73, 0x1D, 0x00, 0x73, 0x1D, 0x00, 
    0x73, 0x1D, 0x00, 0x73, 0x1D, 0x00, 0x73, 0x1D, 0x00, 0x73, 0x1D, 0x00, 
    0x73, 0x1D, 0x00, 0x73, 0x1D, 0x00, 0x73, 0x1D, 0x00, 0x73, 0x1D, 0x00, 
    0x73, 0x1D, 0x00, 0x74, 0x1E, 0x00, 0x72, 0x1B, 0x00, 0x7A, 0x25, 0x07, 
    0xC5, 0x7A, 0x05, 0xF3, 0xB2, 0x00, 0xF4, 0xB0, 0x00, 0xF4, 0xAF, 0x00, 
    0xF4, 0xAF, 0x00, 0xF1, 0xAB, 0x00, 0xED, 0xA3, 0x00, 0xEC, 0xA2, 0x00, 
    0xEC, 0xA2, 0x00, 0xEC, 0xA2, 0x00, 0xEE, 0xA4, 0x00, 0xF5, 0xC0, 0x00, 
    0xF6, 0xD3, 0x04, 0xF6, 0xD7, 0x17, 0xEE, 0xAC, 0x03, 0xE9, 0x91, 0x00, 
    0xC7, 0x89, 0x3C, 0xFB, 0xF7, 0xF8, 0xFE, 0xFB, 0xFC, 0xFE, 0xFA, 0xFC, 
    0xFE, 0xFA, 0xFC, 0xFE, 0xFA, 0xFC, 0xFE, 0xFA, 0xFC, 0xFE, 0xFA, 0xFC, 
    0xFE, 0xFA, 0xFC, 0xFE, 0xFA, 0xFC, 0xFE, 0xFA, 0xFC, 0xFE, 0xFA, 0xFC, 
    0xFE, 0xFA, 0xFC, 0xFE, 0xFA, 0xFC, 0xFD, 0xF8, 0xF9, 0xFF, 0xFF, 0xFF, 
    0xDF, 0xBF, 0xA2, 0xD3, 0x72, 0x00, 0xF0, 0x95, 0x00, 0xF1, 0xC6, 0x1B, 
    0xF8, 0xDC, 0x20, 0xF6, 0xCC, 0x00, 0xEF, 0xAA, 0x00, 0xED, 0xA1, 0x00, 
    0xED, 0xA3, 0x00, 0xED, 0xA3, 0x00, 0xED, 0xA2, 0x00, 0xF0, 0xA8, 0x00, 
    0xF3, 0xAE, 0x00, 0xF3, 0xAE, 0x00, 0xF4, 0xAF, 0x00, 0xF5, 0xB1, 0x00, 
    0xF0, 0xA9, 0x01, 0xA8, 0x53, 0x09, 0x70, 0x19, 0x02, 0x73, 0x1E, 0x00, 
    0x73, 0x1D, 0x01, 0x73, 0x1D, 0x00, 0x73, 0x1D, 0x00, 0x73, 0x1D, 0x00, 
    0x73, 0x1D, 0x00, 0x73, 0x1D, 0x00, 0x73, 0x1D, 0x00, 0x73, 0x1D, 0x00, 
    0x73, 0x1D, 0x00, 0x73, 0x1D, 0x00, 0x73, 0x1D, 0x00, 0x73, 0x1D, 0x00, 
    0x73, 0x1D, 0x00, 0x73, 0x1D, 0x00, 0x74, 0x1D, 0x00, 0x71, 0x1C, 0x00, 
    0x7F, 0x26, 0x0A, 0xC4, 0x28, 0x1F, 0xD1, 0x1E, 0x1C, 0xCC, 0x1C, 0x1A, 
    0xCB, 0x1D, 0x1B, 0xCA, 0x1D, 0x1A, 0xCA, 0x1D, 0x1A, 0xCA, 0x1E, 0x1B, 
    0xCB, 0x1D, 0x1B, 0xCC, 0x1D, 0x1B, 0xD1, 0x1C, 0x1C, 0xC1, 0x26, 0x1E, 
    0x83, 0x29, 0x0E, 0x71, 0x1C, 0x00, 0x74, 0x1D, 0x00, 0x73, 0x1D, 0x00, 
    0x73, 0x1D, 0x00, 0x73, 0x1D, 0x00, 0x73, 0x1D, 0x00, 0x73, 0x1D, 0x00, 
    0x73, 0x1D, 0x00, 0x73, 0x1D, 0x00, 0x73, 0x1D, 0x00, 0x73, 0x1D, 0x00, 
    0x73, 0x1D, 0x00, 0x73, 0x1D, 0x00, 0x73, 0x1D, 0x00, 0x73, 0x1D, 0x00, 
    0x73, 0x1D, 0x00, 0x74, 0x1F, 0x01, 0x6F, 0x19, 0x03, 0xA5, 0x53, 0x0A, 
    0xEE, 0xA9, 0x00, 0xF3, 0xB0, 0x00, 0xF3, 0xAE, 0x00, 0xF3, 0xAD, 0x00, 
    0xF4, 0xB0, 0x00, 0xEF, 0xA6, 0x00, 0xED, 0xA3, 0x00, 0xED, 0xA3, 0x00, 
    0xED, 0xA3, 0x00, 0xED, 0xA2, 0x00, 0xEF, 0xA9, 0x01, 0xF5, 0xCA, 0x00, 
    0xF7, 0xD9, 0x14, 0xEF, 0xC4, 0x0D, 0xF2, 0xA0, 0x00, 0xD1, 0x7A, 0x00, 
    0xD7, 0xBD, 0xA7, 0xFF, 0xFF, 0xFF, 0xFD, 0xF8, 0xF8, 0xFE, 0xFA, 0xFC, 
    0xFE, 0xFA, 0xFC, 0xFE, 0xFA, 0xFC, 0xFE, 0xFA, 0xFC, 0xFE, 0xFA, 0xFC, 
    0xFE, 0xFA, 0xFC, 0xFE, 0xFA, 0xFC, 0xFE, 0xFA, 0xFC, 0xFE, 0xFA, 0xFC, 
    0xFE, 0xFA, 0xFC, 0xFE, 0xFA, 0xFC, 0xFE, 0xF9, 0xFB, 0xFF, 0xFC, 0xFD, 
    0xF8, 0xF2, 0xF2, 0xC7, 0x7E, 0x26, 0xEB, 0x87, 0x01, 0xEF, 0xA9, 0x02, 
    0xF7, 0xDB, 0x29, 0xF6, 0xD5, 0x10, 0xF4, 0xBA, 0x00, 0xED, 0xA2, 0x01, 
    0xEC, 0xA2, 0x00, 0xED, 0xA3, 0x00, 0xED, 0xA3, 0x00, 0xED, 0xA3, 0x00, 
    0xF2, 0xAC, 0x00, 0xF4, 0xAF, 0x00, 0xF4, 0xAF, 0x00, 0xF3, 0xAE, 0x00, 
    0xF7, 0xB3, 0x00, 0xE0, 0x97, 0x02, 0x8B, 0x3B, 0x0D, 0x70, 0x19, 0x00, 
    0x75, 0x20, 0x02, 0x73, 0x1D, 0x00, 0x73, 0x1D, 0x00, 0x73, 0x1D, 0x00, 
    0x73, 0x1D, 0x00, 0x73, 0x1D, 0x00, 0x73, 0x1D, 0x00, 0x73, 0x1D, 0x00, 
    0x73, 0x1D, 0x00, 0x73, 0x1D, 0x00, 0x73, 0x1D, 0x00, 0x73, 0x1D, 0x00, 
    0x73, 0x1D, 0x00, 0x73, 0x1D, 0x00, 0x73, 0x1D, 0x00, 0x74, 0x1E, 0x01, 
    0x71, 0x1E, 0x01, 0x7E, 0x27, 0x0C, 0xAA, 0x2C, 0x1B, 0xC4, 0x25, 0x1D, 
    0xCC, 0x20, 0x1D, 0xCE, 0x20, 0x1D, 0xCE, 0x20, 0x1D, 0xCE, 0x1F, 0x1D, 
    0xCD, 0x23, 0x1F, 0xC5, 0x28, 0x1F, 0xA8, 0x2C, 0x19, 0x7F, 0x2A, 0x10, 
    0x71, 0x1F, 0x02, 0x74, 0x1E, 0x01, 0x73, 0x1D, 0x00, 0x73, 0x1D, 0x00, 
    0x73, 0x1D, 0x00, 0x73, 0x1D, 0x00, 0x73, 0x1D, 0x00, 0x73, 0x1D, 0x00, 
    0x73, 0x1D, 0x00, 0x73, 0x1D, 0x00, 0x73, 0x1D, 0x00, 0x73, 0x1D, 0x00, 
    0x73, 0x1D, 0x00, 0x73, 0x1D, 0x00, 0x73, 0x1D, 0x00, 0x73, 0x1D, 0x00, 
    0x75, 0x20, 0x02, 0x70, 0x1B, 0x02, 0x8A, 0x35, 0x0B, 0xDC, 0x93, 0x03, 
    0xF8, 0xB4, 0x00, 0xF3, 0xAF, 0x00, 0xF4, 0xAF, 0x00, 0xF4, 0xAF, 0x00, 
    0xF2, 0xAB, 0x00, 0xED, 0xA3, 0x00, 0xED, 0xA3, 0x00, 0xED, 0xA3, 0x00, 
    0xEC, 0xA3, 0x00, 0xEE, 0xA3, 0x00, 0xF3, 0xBB, 0x00, 0xF6, 0xD2, 0x01, 
    0xF5, 0xD4, 0x08, 0xEB, 0xA9, 0x03, 0xEF, 0x94, 0x01, 0xC6, 0x7E, 0x25, 
    0xF6, 0xF0, 0xF1, 0xFE, 0xFC, 0xFD, 0xFE, 0xF9, 0xFB, 0xFE, 0xFA, 0xFC, 
    0xFE, 0xFA, 0xFC, 0xFE, 0xFA, 0xFC, 0xFE, 0xFA, 0xFC, 0xFE, 0xFA, 0xFC, 
    0xFE, 0xFA, 0xFC, 0xFE, 0xFA, 0xFC, 0xFE, 0xFA, 0xFC, 0xFE, 0xFA, 0xFC, 
    0xFE, 0xFA, 0xFC, 0xFE, 0xFA, 0xFC, 0xFE, 0xFA, 0xFC, 0xFD, 0xF8, 0xF9, 
    0xFF, 0xFF, 0xFF, 0xD6, 0xB4, 0x91, 0xD4, 0x76, 0x00, 0xF1, 0x97, 0x00, 
    0xF0, 0xC3, 0x0E, 0xF8, 0xDB, 0x1D, 0xF5, 0xCB, 0x00, 0xF0, 0xAC, 0x01, 
    0xEC, 0xA1, 0x00, 0xED, 0xA4, 0x00, 0xED, 0xA3, 0x00, 0xED, 0xA3, 0x00, 
    0xF1, 0xA9, 0x00, 0xF4, 0xB0, 0x00, 0xF4, 0xAF, 0x00, 0xF4, 0xAF, 0x00, 
    0xF3, 0xAE, 0x00, 0xF6, 0xB2, 0x00, 0xCA, 0x80, 0x08, 0x7D, 0x29, 0x0A, 
    0x6E, 0x1A, 0x00, 0x75, 0x1E, 0x00, 0x73, 0x1D, 0x00, 0x73, 0x1D, 0x00, 
    0x73, 0x1D, 0x00, 0x73, 0x1D, 0x00, 0x73, 0x1D, 0x00, 0x73, 0x1D, 0x00, 
    0x73, 0x1D, 0x00, 0x73, 0x1D, 0x00, 0x73, 0x1D, 0x00, 0x73, 0x1D, 0x00, 
    0x73, 0x1D, 0x00, 0x73, 0x1D, 0x00, 0x74, 0x1E, 0x01, 0x73, 0x1B, 0x00, 
    0x73, 0x1A, 0x00, 0x71, 0x1A, 0x00, 0x72, 0x20, 0x02, 0x7C, 0x26, 0x0A, 
    0x8D, 0x2B, 0x13, 0x93, 0x2D, 0x18, 0x94, 0x2F, 0x19, 0x94, 0x2E, 0x19, 
    0x8F, 0x2E, 0x15, 0x81, 0x29, 0x0E, 0x70, 0x21, 0x03, 0x72, 0x1B, 0x00, 
    0x73, 0x1A, 0x00, 0x74, 0x1C, 0x00, 0x75, 0x1E, 0x01, 0x73, 0x1D, 0x00, 
    0x73, 0x1D, 0x00, 0x73, 0x1D, 0x00, 0x73, 0x1D, 0x00, 0x73, 0x1D, 0x00, 
    0x73, 0x1D, 0x00, 0x73, 0x1D, 0x00, 0x73, 0x1D, 0x00, 0x73, 0x1D, 0x00, 
    0x73, 0x1D, 0x00, 0x73, 0x1D, 0x00, 0x73, 0x1D, 0x00, 0x74, 0x1F, 0x01, 
    0x70, 0x1B, 0x01, 0x7E, 0x2A, 0x0A, 0xCB, 0x7E, 0x06, 0xF5, 0xB0, 0x00, 
    0xF3, 0xAE, 0x00, 0xF4, 0xAF, 0x00, 0xF4, 0xAF, 0x00, 0xF2, 0xAB, 0x00, 
    0xEE, 0xA4, 0x00, 0xED, 0xA3, 0x00, 0xED, 0xA3, 0x00, 0xED, 0xA3, 0x00, 
    0xEC, 0xA2, 0x00, 0xF1, 0xAB, 0x00, 0xF6, 0xC7, 0x00, 0xF7, 0xD6, 0x03, 
    0xF1, 0xC1, 0x03, 0xF2, 0xA1, 0x01, 0xD7, 0x7C, 0x00, 0xD7, 0xB1, 0x8F, 
    0xFF, 0xFF, 0xFF, 0xFD, 0xF8, 0xF9, 0xFE, 0xFA, 0xFC, 0xFE, 0xFA, 0xFC, 
    0xFE, 0xFA, 0xFC, 0xFE, 0xFA, 0xFC, 0xFE, 0xFA, 0xFC, 0xFE, 0xFA, 0xFC, 
    0xFE, 0xFA, 0xFC, 0xFE, 0xFA, 0xFC, 0xFE, 0xFA, 0xFC, 0xFE, 0xFA, 0xFC, 
    0xFE, 0xFA, 0xFC, 0xFE, 0xFA, 0xFC, 0xFE, 0xFA, 0xFC, 0xFE, 0xF9, 0xFB, 
    0xFE, 0xFC, 0xFD, 0xF4, 0xED, 0xE9, 0xC5, 0x7D, 0x24, 0xEA, 0x88, 0x01, 
    0xEB, 0xA4, 0x00, 0xF6, 0xD6, 0x17, 0xF7, 0xD4, 0x06, 0xF4, 0xBE, 0x00, 
    0xEF, 0xA2, 0x00, 0xEF, 0x9D, 0x00, 0xED, 0xA1, 0x00, 0xEC, 0xA2, 0x00, 
    0xED, 0xA2, 0x00, 0xF2, 0xAB, 0x00, 0xF5, 0xB0, 0x00, 0xF4, 0xAF, 0x00, 
    0xF4, 0xAE, 0x00, 0xF5, 0xAF, 0x00, 0xF3, 0xAF, 0x00, 0xB9, 0x6A, 0x0A, 
    0x77, 0x21, 0x08, 0x72, 0x1C, 0x00, 0x74, 0x1E, 0x00, 0x73, 0x1D, 0x00, 
    0x73, 0x1D, 0x00, 0x73, 0x1D, 0x00, 0x73, 0x1D, 0x00, 0x73, 0x1D, 0x00, 
    0x73, 0x1D, 0x00, 0x73, 0x1D, 0x00, 0x73, 0x1D, 0x00, 0x73, 0x1D, 0x00, 
    0x73, 0x1D, 0x00, 0x74, 0x1D, 0x01, 0x6F, 0x18, 0x00, 0x70, 0x2B, 0x12, 
    0x76, 0x36, 0x1F, 0x6F, 0x2C, 0x15, 0x69, 0x1D, 0x04, 0x68, 0x15, 0x00, 
    0x66, 0x12, 0x00, 0x68, 0x13, 0x00, 0x6B, 0x16, 0x00, 0x68, 0x13, 0x00, 
    0x66, 0x10, 0x00, 0x66, 0x13, 0x00, 0x6B, 0x1C, 0x01, 0x73, 0x28, 0x0B, 
    0x76, 0x33, 0x19, 0x6E, 0x24, 0x09, 0x6B, 0x18, 0x00, 0x71, 0x1E, 0x03, 
    0x73, 0x1D, 0x00, 0x73, 0x1D, 0x00, 0x73, 0x1D, 0x00, 0x73, 0x1D, 0x00, 
    0x73, 0x1D, 0x00, 0x73, 0x1D, 0x00, 0x73, 0x1D, 0x00, 0x73, 0x1D, 0x00, 
    0x73, 0x1D, 0x00, 0x73, 0x1D, 0x00, 0x74, 0x1E, 0x00, 0x71, 0x1C, 0x00, 
    0x7C, 0x25, 0x07, 0xBD, 0x6D, 0x08, 0xF3, 0xAE, 0x00, 0xF5, 0xB0, 0x00, 
    0xF4, 0xAF, 0x00, 0xF4, 0xAF, 0x00, 0xF1, 0xAB, 0x00, 0xED, 0xA3, 0x00, 
    0xEC, 0xA2, 0x00, 0xEC, 0xA2, 0x00, 0xED, 0xA3, 0x00, 0xED, 0xA3, 0x00, 
    0xEE, 0xA3, 0x00, 0xF4, 0xBA, 0x00, 0xF6, 0xD0, 0x01, 0xF4, 0xD1, 0x03, 
    0xEE, 0xA8, 0x01, 0xEE, 0x95, 0x01, 0xC5, 0x7D, 0x21, 0xF4, 0xED, 0xED, 
    0xFF, 0xFC, 0xFD, 0xFE, 0xF9, 0xFB, 0xFE, 0xFA, 0xFC, 0xFE, 0xFA, 0xFC, 
    0xFE, 0xFA, 0xFC, 0xFE, 0xFA, 0xFC, 0xFE, 0xFA, 0xFC, 0xFE, 0xFA, 0xFC, 
    0xFE, 0xFA, 0xFC, 0xFE, 0xFA, 0xFC, 0xFE, 0xFA, 0xFC, 0xFE, 0xFA, 0xFC, 
    0xFE, 0xFA, 0xFC, 0xFE, 0xFA, 0xFC, 0xFE, 0xFA, 0xFC, 0xFE, 0xFA, 0xFC, 
    0xFD, 0xF8, 0xF9, 0xFF, 0xFF, 0xFF, 0xDC, 0xBD, 0x9D, 0xD2, 0x75, 0x00, 
    0xED, 0x94, 0x01, 0xEC, 0xB9, 0x07, 0xF7, 0xD8, 0x0F, 0xF5, 0xC9, 0x00, 
    0xF2, 0xAE, 0x00, 0xEF, 0x9D, 0x00, 0xEE, 0xA0, 0x00, 0xEC, 0xA2, 0x00, 
    0xEC, 0xA1, 0x00, 0xEF, 0xA6, 0x00, 0xF4, 0xAF, 0x00, 0xF4, 0xAF, 0x00, 
    0xF4, 0xAF, 0x00, 0xF3, 0xAE, 0x00, 0xF5, 0xB1, 0x00, 0xF0, 0xA9, 0x00, 
    0xB2, 0x5F, 0x0E, 0x70, 0x1C, 0x06, 0x72, 0x1C, 0x00, 0x74, 0x1E, 0x01, 
    0x73, 0x1D, 0x00, 0x73, 0x1D, 0x00, 0x73, 0x1D, 0x00, 0x73, 0x1D, 0x00, 
    0x73, 0x1D, 0x00, 0x73, 0x1D, 0x00, 0x73, 0x1D, 0x00, 0x73, 0x1D, 0x00, 
    0x74, 0x1E, 0x01, 0x6A, 0x17, 0x00, 0x8C, 0x60, 0x4E, 0xD5, 0xCD, 0xC9, 
    0xE2, 0xDE, 0xDD, 0xD8, 0xD2, 0xCD, 0xC3, 0xB8, 0xB4, 0xB2, 0x9F, 0x99, 
    0xAB, 0x8E, 0x83, 0xA1, 0x7E, 0x72, 0x97, 0x6E, 0x5F, 0xA9, 0x81, 0x71, 
    0xB0, 0x8D, 0x80, 0xBA, 0xA3, 0x99, 0xCA, 0xBA, 0xB1, 0xDB, 0xD0, 0xC9, 
    0xE6, 0xE1, 0xDD, 0xD0, 0xC6, 0xBE, 0x85, 0x56, 0x42, 0x6A, 0x1A, 0x00, 
    0x75, 0x1E, 0x01, 0x73, 0x1D, 0x00, 0x73, 0x1D, 0x00, 0x73, 0x1D, 0x00, 
    0x73, 0x1D, 0x00, 0x73, 0x1D, 0x00, 0x73, 0x1D, 0x00, 0x73, 0x1D, 0x00, 
    0x73, 0x1D, 0x00, 0x74, 0x1E, 0x00, 0x73, 0x1D, 0x00, 0x74, 0x1D, 0x06, 
    0xB1, 0x5D, 0x0A, 0xF0, 0xAA, 0x00, 0xF5, 0xB1, 0x00, 0xF3, 0xAE, 0x00, 
    0xF4, 0xAF, 0x00, 0xF4, 0xAE, 0x00, 0xF1, 0xAA, 0x00, 0xED, 0xA3, 0x00, 
    0xED, 0xA3, 0x00, 0xEC, 0xA2, 0x00, 0xEC, 0xA3, 0x00, 0xEC, 0xA1, 0x00, 
    0xF0, 0xAE, 0x00, 0xF5, 0xC8, 0x00, 0xF7, 0xD6, 0x03, 0xEF, 0xBB, 0x03, 
    0xF2, 0xA2, 0x02, 0xD5, 0x7C, 0x00, 0xD6, 0xB8, 0x98, 0xFF, 0xFF, 0xFF, 
    0xFD, 0xF8, 0xF9, 0xFE, 0xFA, 0xFC, 0xFE, 0xFA, 0xFC, 0xFE, 0xFA, 0xFC, 
    0xFE, 0xFA, 0xFC, 0xFE, 0xFA, 0xFC, 0xFE, 0xFA, 0xFC, 0xFE, 0xFA, 0xFC, 
    0xFE, 0xFA, 0xFC, 0xFE, 0xFA, 0xFC, 0xFE, 0xFA, 0xFC, 0xFE, 0xFA, 0xFC, 
    0xFE, 0xFA, 0xFC, 0xFE, 0xFA, 0xFC, 0xFE, 0xFA, 0xFC, 0xFE, 0xFA, 0xFC, 
    0xFE, 0xFA, 0xFC, 0xFD, 0xFA, 0xFB, 0xFB, 0xF7, 0xF7, 0xC6, 0x86, 0x3D, 
    0xE3, 0x82, 0x00, 0xEE, 0x9F, 0x00, 0xF4, 0xCD, 0x0A, 0xF7, 0xD2, 0x04, 
    0xF5, 0xBE, 0x00, 0xEF, 0xA7, 0x00, 0xED, 0xA2, 0x00, 0xEC, 0xA2, 0x00, 
    0xEC, 0xA2, 0x00, 0xED, 0xA2, 0x00, 0xF0, 0xA8, 0x00, 0xF3, 0xAD, 0x00, 
    0xF4, 0xAF, 0x00, 0xF4, 0xAF, 0x00, 0xF3, 0xAE, 0x00, 0xF5, 0xB1, 0x00, 
    0xED, 0xA6, 0x01, 0xAB, 0x5D, 0x09, 0x71, 0x1F, 0x06, 0x72, 0x1C, 0x00, 
    0x74, 0x1E, 0x01, 0x73, 0x1D, 0x00, 0x73, 0x1D, 0x00, 0x73, 0x1D, 0x00, 
    0x73, 0x1D, 0x00, 0x73, 0x1D, 0x00, 0x73, 0x1D, 0x00, 0x74, 0x1F, 0x02, 
    0x70, 0x17, 0x00, 0x79, 0x44, 0x2F, 0xEB, 0xEA, 0xE9, 0xFF, 0xFF, 0xFF, 
    0xFF, 0xFD, 0xFF, 0xFF, 0xFF, 0xFF, 0xFF, 0xFF, 0xFF, 0xFF, 0xFF, 0xFF, 
    0xFF, 0xFF, 0xFF, 0xFF, 0xFF, 0xFF, 0xDE, 0xDF, 0xE1, 0xFF, 0xFF, 0xFF, 
    0xFF, 0xFF, 0xFF, 0xFF, 0xFF, 0xFF, 0xFF, 0xFF, 0xFF, 0xFF, 0xFF, 0xFF, 
    0xFF, 0xFE, 0xFF, 0xFF, 0xFF, 0xFF, 0xE8, 0xE3, 0xDC, 0x74, 0x38, 0x1E, 
    0x70, 0x19, 0x00, 0x74, 0x1E, 0x01, 0x73, 0x1D, 0x00, 0x73, 0x1D, 0x00, 
    0x73, 0x1D, 0x00, 0x73, 0x1D, 0x00, 0x73, 0x1D, 0x00, 0x73, 0x1D, 0x00, 
    0x74, 0x1E, 0x00, 0x72, 0x1C, 0x00, 0x72, 0x1D, 0x05, 0xAB, 0x5A, 0x0A, 
    0xEC, 0xA3, 0x01, 0xF5, 0xB1, 0x00, 0xF3, 0xAE, 0x00, 0xF4, 0xAF, 0x00, 
    0xF4, 0xAF, 0x00, 0xF4, 0xAF, 0x00, 0xF2, 0xAB, 0x00, 0xED, 0xA3, 0x00, 
    0xED, 0xA3, 0x00, 0xEC, 0xA2, 0x00, 0xED, 0xA2, 0x00, 0xEE, 0xA5, 0x00, 
    0xF3, 0xBF, 0x00, 0xF7, 0xCF, 0x00, 0xF4, 0xCC, 0x00, 0xEF, 0xA4, 0x02, 
    0xE9, 0x90, 0x00, 0xC2, 0x85, 0x39, 0xF7, 0xF5, 0xF9, 0xFE, 0xFB, 0xFB, 
    0xFE, 0xFA, 0xFB, 0xFE, 0xFA, 0xFC, 0xFE, 0xFA, 0xFC, 0xFE, 0xFA, 0xFC, 
    0xFE, 0xFA, 0xFC, 0xFE, 0xFA, 0xFC, 0xFE, 0xFA, 0xFC, 0xFE, 0xFA, 0xFC, 
    0xFE, 0xFA, 0xFC, 0xFE, 0xFA, 0xFC, 0xFE, 0xFA, 0xFC, 0xFE, 0xFA, 0xFC, 
    0xFE, 0xFA, 0xFC, 0xFE, 0xFA, 0xFC, 0xFE, 0xFA, 0xFC, 0xFE, 0xFA, 0xFC, 
    0xFE, 0xFA, 0xFC, 0xFD, 0xF8, 0xF9, 0xFF, 0xFF, 0xFF, 0xE6, 0xD2, 0xC3, 
    0xCB, 0x71, 0x05, 0xF3, 0x96, 0x02, 0xED, 0xAB, 0x02, 0xF4, 0xD0, 0x01, 
    0xF5, 0xC7, 0x00, 0xF4, 0xB2, 0x00, 0xEE, 0xA4, 0x00, 0xED, 0xA2, 0x00, 
    0xEC, 0xA2, 0x00, 0xED, 0xA3, 0x00, 0xED, 0xA3, 0x00, 0xF0, 0xA9, 0x00, 
    0xF4, 0xAF, 0x00, 0xF4, 0xAF, 0x00, 0xF4, 0xAF, 0x00, 0xF3, 0xAE, 0x00, 
    0xF6, 0xB1, 0x00, 0xED, 0xA8, 0x00, 0xAD, 0x5F, 0x09, 0x75, 0x1F, 0x07, 
    0x71, 0x1B, 0x00, 0x75, 0x1E, 0x00, 0x73, 0x1D, 0x00, 0x73, 0x1D, 0x00, 
    0x73, 0x1D, 0x00, 0x73, 0x1D, 0x00, 0x73, 0x1D, 0x00, 0x76, 0x1F, 0x02, 
    0x68, 0x14, 0x00, 0xAD, 0x97, 0x8E, 0xFF, 0xFF, 0xFF, 0xFB, 0xF5, 0xF7, 
    0xFD, 0xF8, 0xFA, 0xFC, 0xF8, 0xFA, 0xFC, 0xF8, 0xF9, 0xFC, 0xF7, 0xF8, 
    0xFD, 0xF8, 0xFA, 0xF8, 0xF3, 0xF5, 0xD8, 0xD3, 0xD4, 0xFD, 0xF8, 0xFA, 
    0xFC, 0xF7, 0xF9, 0xFC, 0xF7, 0xF9, 0xFC, 0xF8, 0xF9, 0xFD, 0xF8, 0xFA, 
    0xFD, 0xF9, 0xFA, 0xFB, 0xF6, 0xF7, 0xFF, 0xFF, 0xFF, 0xA7, 0x85, 0x74, 
    0x68, 0x12, 0x00, 0x76, 0x1F, 0x02, 0x73, 0x1D, 0x00, 0x73, 0x1D, 0x00, 
    0x73, 0x1D, 0x00, 0x73, 0x1D, 0x00, 0x73, 0x1D, 0x00, 0x75, 0x1E, 0x00, 
    0x71, 0x1B, 0x00, 0x73, 0x1E, 0x06, 0xA8, 0x5A, 0x0B, 0xE9, 0xA2, 0x01, 
    0xF6, 0xB3, 0x00, 0xF3, 0xAE, 0x00, 0xF4, 0xAF, 0x00, 0xF4, 0xAF, 0x00, 
    0xF4, 0xAF, 0x00, 0xF4, 0xAF, 0x00, 0xF1, 0xA9, 0x00, 0xED, 0xA2, 0x00, 
    0xEC, 0xA2, 0x00, 0xED, 0xA3, 0x00, 0xEE, 0xA3, 0x00, 0xF2, 0xB2, 0x00, 
    0xF5, 0xC8, 0x00, 0xF6, 0xD1, 0x00, 0xEC, 0xAF, 0x01, 0xF2, 0x9C, 0x02, 
    0xC9, 0x76, 0x07, 0xE5, 0xD0, 0xC6, 0xFF, 0xFF, 0xFF, 0xFD, 0xF8, 0xFA, 
    0xFE, 0xFA, 0xFC, 0xFE, 0xFA, 0xFC, 0xFE, 0xFA, 0xFC, 0xFE, 0xFA, 0xFC, 
    0xFE, 0xFA, 0xFC, 0xFE, 0xFA, 0xFC, 0xFE, 0xFA, 0xFC, 0xFE, 0xFA, 0xFC, 
    0xFE, 0xFA, 0xFC, 0xFE, 0xFA, 0xFC, 0xFE, 0xFA, 0xFC, 0xFE, 0xFA, 0xFC, 
    0xFE, 0xFA, 0xFC, 0xFE, 0xFA, 0xFC, 0xFE, 0xFA, 0xFC, 0xFE, 0xFA, 0xFC, 
    0xFE, 0xFA, 0xFC, 0xFE, 0xFA, 0xFC, 0xFE, 0xF8, 0xFA, 0xFF, 0xFF, 0xFF, 
    0xD2, 0xA2, 0x73, 0xDD, 0x7B, 0x00, 0xEF, 0x99, 0x03, 0xEC, 0xB7, 0x00, 
    0xF7, 0xCD, 0x00, 0xF4, 0xBC, 0x00, 0xF2, 0xAB, 0x00, 0xEC, 0xA2, 0x00, 
    0xEC, 0xA2, 0x00, 0xED, 0xA3, 0x00, 0xED, 0xA3, 0x00, 0xEF, 0xA7, 0x00, 
    0xF4, 0xAF, 0x00, 0xF4, 0xB0, 0x00, 0xF3, 0xAE, 0x00, 0xF4, 0xAF, 0x00, 
    0xF3, 0xAE, 0x00, 0xF6, 0xB1, 0x00, 0xED, 0xA5, 0x00, 0xB4, 0x64, 0x0A, 
    0x78, 0x25, 0x09, 0x6E, 0x19, 0x00, 0x74, 0x1E, 0x00, 0x74, 0x1E, 0x00, 
    0x73, 0x1D, 0x00, 0x73, 0x1D, 0x00, 0x73, 0x1E, 0x01, 0x75, 0x1C, 0x00, 
    0x67, 0x22, 0x06, 0xD0, 0xC8, 0xC1, 0xFE, 0xFE, 0xFE, 0xFB, 0xF8, 0xF8, 
    0xFE, 0xFA, 0xFC, 0xFE, 0xFA, 0xFC, 0xFE, 0xFA, 0xFC, 0xFE, 0xFA, 0xFC, 
    0xFF, 0xFB, 0xFD, 0xFA, 0xF6, 0xF8, 0xD8, 0xD4, 0xD6, 0xFF, 0xFB, 0xFD, 
    0xFE, 0xFA, 0xFC, 0xFE, 0xFA, 0xFC, 0xFE, 0xFA, 0xFC, 0xFE, 0xFA, 0xFC, 
    0xFE, 0xFA, 0xFC, 0xFC, 0xF7, 0xF9, 0xFE, 0xFE, 0xFE, 0xC9, 0xB5, 0xA9, 
    0x6A, 0x18, 0x00, 0x75, 0x1E, 0x01, 0x73, 0x1D, 0x00, 0x73, 0x1D, 0x00, 
    0x73, 0x1D, 0x00, 0x74, 0x1E, 0x01, 0x73, 0x1E, 0x00, 0x6F, 0x1A, 0x00, 
    0x79, 0x24, 0x08, 0xB1, 0x61, 0x0A, 0xED, 0xA8, 0x00, 0xF6, 0xB3, 0x00, 
    0xF3, 0xAE, 0x00, 0xF4, 0xAF, 0x00, 0xF4, 0xAF, 0x00, 0xF4, 0xAF, 0x00, 
    0xF3, 0xAD, 0x00, 0xF1, 0xAA, 0x00, 0xEF, 0xA6, 0x00, 0xED, 0xA3, 0x00, 
    0xEC, 0xA2, 0x00, 0xEC, 0xA2, 0x00, 0xF1, 0xA8, 0x00, 0xF4, 0xBB, 0x00, 
    0xF6, 0xCC, 0x00, 0xF0, 0xB7, 0x00, 0xF3, 0xA2, 0x03, 0xD9, 0x80, 0x00, 
    0xCB, 0x9C, 0x6D, 0xFF, 0xFF, 0xFF, 0xFD, 0xF8, 0xFA, 0xFE, 0xFA, 0xFC, 
    0xFE, 0xFA, 0xFC, 0xFE, 0xFA, 0xFC, 0xFE, 0xFA, 0xFC, 0xFE, 0xFA, 0xFC, 
    0xFE, 0xFA, 0xFC, 0xFE, 0xFA, 0xFC, 0xFE, 0xFA, 0xFC, 0xFE, 0xFA, 0xFC, 
    0xFE, 0xFA, 0xFC, 0xFE, 0xFA, 0xFC, 0xFE, 0xFA, 0xFC, 0xFE, 0xFA, 0xFC, 
    0xFE, 0xFA, 0xFC, 0xFE, 0xFA, 0xFC, 0xFE, 0xFA, 0xFC, 0xFE, 0xFA, 0xFC, 
    0xFE, 0xFA, 0xFC, 0xFE, 0xFA, 0xFC, 0xFE, 0xF9, 0xFB, 0xFE, 0xFB, 0xFC, 
    0xF6, 0xF2, 0xF2, 0xC5, 0x7F, 0x2E, 0xE7, 0x86, 0x00, 0xEF, 0xA4, 0x02, 
    0xF3, 0xC3, 0x00, 0xF6, 0xC9, 0x00, 0xF4, 0xB4, 0x00, 0xED, 0xA4, 0x00, 
    0xEB, 0xA2, 0x00, 0xED, 0xA3, 0x00, 0xED, 0xA3, 0x00, 0xED, 0xA2, 0x00, 
    0xEE, 0xA5, 0x00, 0xF3, 0xAD, 0x00, 0xF4, 0xAF, 0x00, 0xF4, 0xAF, 0x00, 
    0xF4, 0xAF, 0x00, 0xF3, 0xAE, 0x00, 0xF5, 0xB1, 0x00, 0xF1, 0xAC, 0x00, 
    0xC2, 0x75, 0x07, 0x89, 0x36, 0x0C, 0x70, 0x1B, 0x03, 0x72, 0x1C, 0x00, 
    0x74, 0x1E, 0x00, 0x73, 0x1D, 0x00, 0x73, 0x1E, 0x01, 0x73, 0x1A, 0x00, 
    0x72, 0x2F, 0x15, 0xE4, 0xDD, 0xD9, 0xFF, 0xFE, 0xFF, 0xFB, 0xF8, 0xF8, 
    0xFE, 0xFA, 0xFB, 0xFE, 0xFA, 0xFC, 0xFE, 0xFA, 0xFC, 0xFE, 0xFA, 0xFC, 
    0xFF, 0xFB, 0xFD, 0xFA, 0xF6, 0xF8, 0xD8, 0xD4, 0xD5, 0xFF, 0xFB, 0xFD, 
    0xFE, 0xFA, 0xFC, 0xFE, 0xFA, 0xFC, 0xFE, 0xFA, 0xFC, 0xFE, 0xFA, 0xFC, 
    0xFE, 0xFA, 0xFC, 0xFD, 0xF8, 0xFA, 0xFF, 0xFF, 0xFF, 0xD8, 0xCE, 0xC9, 
    0x68, 0x23, 0x0B, 0x75, 0x1D, 0x01, 0x73, 0x1E, 0x01, 0x73, 0x1D, 0x00, 
    0x74, 0x1E, 0x00, 0x72, 0x1C, 0x00, 0x6E, 0x1B, 0x06, 0x83, 0x30, 0x0B, 
    0xC1, 0x72, 0x07, 0xF0, 0xAC, 0x00, 0xF5, 0xB4, 0x00, 0xF3, 0xAE, 0x00, 
    0xF4, 0xAF, 0x00, 0xF4, 0xAF, 0x00, 0xF4, 0xAF, 0x00, 0xF3, 0xAE, 0x00, 
    0xEE, 0xA5, 0x00, 0xED, 0xA3, 0x00, 0xEC, 0xA2, 0x00, 0xEC, 0xA2, 0x00, 
    0xED, 0xA3, 0x00, 0xEF, 0xA6, 0x00, 0xF3, 0xB0, 0x00, 0xF5, 0xC5, 0x00, 
    0xF1, 0xBD, 0x00, 0xEF, 0xA2, 0x02, 0xE8, 0x8E, 0x00, 0xBF, 0x7D, 0x32, 
    0xF6, 0xF1, 0xF1, 0xFE, 0xFB, 0xFB, 0xFE, 0xF9, 0xFB, 0xFE, 0xFA, 0xFC, 
    0xFE, 0xFA, 0xFC, 0xFE, 0xFA, 0xFC, 0xFE, 0xFA, 0xFC, 0xFE, 0xFA, 0xFC, 
    0xFE, 0xFA, 0xFC, 0xFE, 0xFA, 0xFC, 0xFE, 0xFA, 0xFC, 0xFE, 0xFA, 0xFC, 
    0xFE, 0xFA, 0xFC, 0xFE, 0xFA, 0xFC, 0xFE, 0xFA, 0xFC, 0xFE, 0xFA, 0xFC, 
    0xFE, 0xFA, 0xFC, 0xFE, 0xFA, 0xFC, 0xFE, 0xFA, 0xFC, 0xFE, 0xFA, 0xFC, 
    0xFE, 0xFA, 0xFC, 0xFE, 0xFA, 0xFC, 0xFE, 0xFA, 0xFC, 0xFD, 0xF8, 0xF9, 
    0xFF, 0xFF, 0xFF, 0xE9, 0xD5, 0xC4, 0xC5, 0x71, 0x0A, 0xF1, 0x94, 0x02, 
    0xEC, 0xA3, 0x01, 0xF2, 0xC4, 0x00, 0xF5, 0xBE, 0x00, 0xEF, 0xA7, 0x00, 
    0xEC, 0xA2, 0x00, 0xED, 0xA3, 0x00, 0xED, 0xA3, 0x00, 0xED, 0xA3, 0x00, 
    0xED, 0xA2, 0x00, 0xEF, 0xA6, 0x00, 0xF2, 0xAD, 0x00, 0xF4, 0xAF, 0x00, 
    0xF4, 0xAF, 0x00, 0xF4, 0xAF, 0x00, 0xF3, 0xAE, 0x00, 0xF5, 0xB0, 0x00, 
    0xF4, 0xB0, 0x00, 0xD6, 0x8E, 0x05, 0xA0, 0x50, 0x0D, 0x78, 0x22, 0x07, 
    0x6F, 0x19, 0x00, 0x72, 0x1C, 0x00, 0x74, 0x1F, 0x01, 0x73, 0x1A, 0x00, 
    0x78, 0x33, 0x1B, 0xE9, 0xE4, 0xE1, 0xFF, 0xFE, 0xFF, 0xFD, 0xF9, 0xFA, 
    0xFE, 0xFA, 0xFC, 0xFE, 0xFA, 0xFC, 0xFE, 0xFA, 0xFC, 0xFE, 0xFA, 0xFC, 
    0xFF, 0xFB, 0xFD, 0xFA, 0xF6, 0xF8, 0xD8, 0xD4, 0xD5, 0xFF, 0xFB, 0xFD, 
    0xFE, 0xFA, 0xFC, 0xFE, 0xFA, 0xFC, 0xFE, 0xFA, 0xFC, 0xFE, 0xFA, 0xFC, 
    0xFE, 0xFA, 0xFC, 0xFD, 0xF8, 0xFA, 0xFF, 0xFF, 0xFF, 0xDC, 0xD5, 0xD4, 
    0x67, 0x29, 0x13, 0x74, 0x1E, 0x01, 0x74, 0x1F, 0x01, 0x73, 0x1D, 0x00, 
    0x70, 0x19, 0x00, 0x7B, 0x25, 0x08, 0xA1, 0x4F, 0x12, 0xD5, 0x8B, 0x05, 
    0xF4, 0xAE, 0x00, 0xF5, 0xB0, 0x00, 0xF3, 0xAE, 0x00, 0xF4, 0xAF, 0x00, 
    0xF4, 0xAF, 0x00, 0xF4, 0xB0, 0x00, 0xF4, 0xAF, 0x00, 0xEF, 0xA7, 0x00, 
    0xED, 0xA3, 0x00, 0xED, 0xA3, 0x00, 0xEC, 0xA2, 0x00, 0xED, 0xA3, 0x00, 
    0xED, 0xA3, 0x00, 0xF2, 0xAB, 0x00, 0xF5, 0xBC, 0x00, 0xF3, 0xC4, 0x00, 
    0xED, 0xA7, 0x01, 0xF0, 0x9F, 0x02, 0xC4, 0x72, 0x0B, 0xE2, 0xD2, 0xC7, 
    0xFF, 0xFF, 0xFF, 0xFD, 0xF8, 0xF9, 0xFE, 0xFA, 0xFC, 0xFE, 0xFA, 0xFC, 
    0xFE, 0xFA, 0xFC, 0xFE, 0xFA, 0xFC, 0xFE, 0xFA, 0xFC, 0xFE, 0xFA, 0xFC, 
    0xFE, 0xFA, 0xFC, 0xFE, 0xFA, 0xFC, 0xFE, 0xFA, 0xFC, 0xFE, 0xFA, 0xFC, 
    0xFE, 0xFA, 0xFC, 0xFE, 0xFA, 0xFC, 0xFE, 0xFA, 0xFC, 0xFE, 0xFA, 0xFC, 
    0xFE, 0xFA, 0xFC, 0xFE, 0xFA, 0xFC, 0xFE, 0xFA, 0xFC, 0xFE, 0xFA, 0xFC, 
    0xFE, 0xFA, 0xFC, 0xFE, 0xFA, 0xFC, 0xFE, 0xFA, 0xFC, 0xFE, 0xFA, 0xFC, 
    0xFD, 0xF8, 0xF9, 0xFF, 0xFF, 0xFF, 0xDA, 0xBC, 0x9C, 0xD1, 0x70, 0x00, 
    0xF0, 0x92, 0x03, 0xEE, 0xA8, 0x00, 0xF4, 0xBF, 0x00, 0xF4, 0xB5, 0x00, 
    0xEE, 0xA5, 0x00, 0xEC, 0xA2, 0x00, 0xED, 0xA2, 0x00, 0xED, 0xA2, 0x00, 
    0xED, 0xA3, 0x00, 0xED, 0xA3, 0x00, 0xED, 0xA3, 0x00, 0xEF, 0xA7, 0x00, 
    0xF4, 0xAE, 0x00, 0xF4, 0xB0, 0x00, 0xF4, 0xAF, 0x00, 0xF4, 0xAE, 0x00, 
    0xF4, 0xAF, 0x00, 0xF7, 0xB3, 0x00, 0xEA, 0xA2, 0x01, 0xC0, 0x73, 0x09, 
    0x96, 0x41, 0x0D, 0x77, 0x21, 0x07, 0x6F, 0x1A, 0x02, 0x70, 0x18, 0x00, 
    0x75, 0x30, 0x16, 0xE9, 0xE4, 0xE2, 0xFE, 0xFD, 0xFD, 0xFC, 0xF8, 0xFA, 
    0xFE, 0xFA, 0xFC, 0xFE, 0xFA, 0xFC, 0xFE, 0xFA, 0xFC, 0xFE, 0xFA, 0xFC, 
    0xFF, 0xFB, 0xFD, 0xFB, 0xF7, 0xFA, 0xDA, 0xD6, 0xD8, 0xFF, 0xFC, 0xFE, 
    0xFE, 0xF9, 0xFB, 0xFE, 0xFA, 0xFC, 0xFE, 0xFA, 0xFC, 0xFE, 0xFA, 0xFC, 
    0xFE, 0xFA, 0xFC, 0xFC, 0xF7, 0xF9, 0xFE, 0xFD, 0xFC, 0xDB, 0xD2, 0xCF, 
    0x66, 0x2A, 0x15, 0x6E, 0x1C, 0x02, 0x6E, 0x19, 0x01, 0x75, 0x1F, 0x08, 
    0x92, 0x3F, 0x0E, 0xC6, 0x77, 0x06, 0xEA, 0xA3, 0x01, 0xF7, 0xB3, 0x00, 
    0xF4, 0xB0, 0x00, 0xF3, 0xAE, 0x00, 0xF4, 0xAF, 0x00, 0xF4, 0xAF, 0x00, 
    0xF3, 0xAE, 0x00, 0xF0, 0xA8, 0x00, 0xEE, 0xA4, 0x00, 0xED, 0xA3, 0x00, 
    0xED, 0xA3, 0x00, 0xEC, 0xA2, 0x00, 0xEC, 0xA1, 0x00, 0xEC, 0xA1, 0x00, 
    0xEE, 0xA5, 0x00, 0xF4, 0xB2, 0x00, 0xF4, 0xBF, 0x00, 0xEE, 0xAA, 0x00, 
    0xF2, 0xA6, 0x04, 0xCC, 0x79, 0x00, 0xD7, 0xB4, 0x90, 0xFF, 0xFF, 0xFF, 
    0xFD, 0xF8, 0xF9, 0xFE, 0xFA, 0xFC, 0xFE, 0xFA, 0xFC, 0xFE, 0xFA, 0xFC, 
    0xFE, 0xFA, 0xFC, 0xFE, 0xFA, 0xFC, 0xFE, 0xFA, 0xFC, 0xFE, 0xFA, 0xFC, 
    0xFE, 0xFA, 0xFC, 0xFE, 0xFA, 0xFC, 0xFE, 0xFA, 0xFC, 0xFE, 0xFA, 0xFC, 
    0xFE, 0xFA, 0xFC, 0xFE, 0xFA, 0xFC, 0xFE, 0xFA, 0xFC, 0xFE, 0xFA, 0xFC, 
    0xFE, 0xFA, 0xFC, 0xFE, 0xFA, 0xFC, 0xFE, 0xFA, 0xFC, 0xFE, 0xFA, 0xFC, 
    0xFE, 0xFA, 0xFC, 0xFE, 0xFA, 0xFC, 0xFE, 0xFA, 0xFC, 0xFE, 0xFA, 0xFC, 
    0xFE, 0xFA, 0xFC, 0xFD, 0xF9, 0xF9, 0xFF, 0xFF, 0xFF, 0xD1, 0xA2, 0x74, 
    0xD9, 0x77, 0x00, 0xF3, 0x96, 0x04, 0xF0, 0xA9, 0x00, 0xF5, 0xB6, 0x00, 
    0xF2, 0xAB, 0x00, 0xED, 0xA3, 0x00, 0xED, 0xA2, 0x00, 0xED, 0xA3, 0x00, 
    0xED, 0xA3, 0x00, 0xED, 0xA3, 0x00, 0xED, 0xA3, 0x00, 0xED, 0xA3, 0x00, 
    0xEF, 0xA6, 0x00, 0xF2, 0xAC, 0x00, 0xF4, 0xAF, 0x00, 0xF4, 0xAF, 0x00, 
    0xF4, 0xAF, 0x00, 0xF3, 0xAE, 0x00, 0xF6, 0xB2, 0x00, 0xF6, 0xB2, 0x00, 
    0xE8, 0x9E, 0x02, 0xC1, 0x70, 0x07, 0x99, 0x43, 0x0C, 0x76, 0x20, 0x07, 
    0x65, 0x23, 0x11, 0xDF, 0xDB, 0xDA, 0xFF, 0xFF, 0xFF, 0xFE, 0xFB, 0xFC, 
    0xFF, 0xFA, 0xFB, 0xFD, 0xF9, 0xF9, 0xFD, 0xF8, 0xF9, 0xFF, 0xFA, 0xFB, 
    0xFF, 0xFB, 0xFC, 0xF2, 0xED, 0xED, 0xCC, 0xC7, 0xC8, 0xF8, 0xF3, 0xF4, 
    0xFF, 0xFB, 0xFC, 0xFE, 0xF9, 0xFA, 0xFE, 0xF9, 0xFA, 0xFE, 0xF9, 0xFA, 
    0xFF, 0xFA, 0xFC, 0xFF, 0xFC, 0xFE, 0xFF, 0xFF, 0xFF, 0xD0, 0xCB, 0xC9, 
    0x5D, 0x22, 0x11, 0x78, 0x25, 0x0A, 0x95, 0x41, 0x0D, 0xBA, 0x71, 0x0E, 
    0xDD, 0xA0, 0x04, 0xF4, 0xB3, 0x00, 0xF5, 0xB0, 0x00, 0xF3, 0xAE, 0x00, 
    0xF4, 0xAE, 0x00, 0xF4, 0xAF, 0x00, 0xF4, 0xAF, 0x00, 0xF4, 0xAF, 0x00, 
    0xF1, 0xAA, 0x00, 0xED, 0xA3, 0x00, 0xED, 0xA3, 0x00, 0xED, 0xA3, 0x00, 
    0xED, 0xA3, 0x00, 0xED, 0xA3, 0x00, 0xEB, 0xA1, 0x00, 0xED, 0xA2, 0x00, 
    0xF2, 0xAB, 0x00, 0xF5, 0xB4, 0x00, 0xEF, 0xAC, 0x00, 0xF4, 0xA2, 0x04, 
    0xDA, 0x7E, 0x00, 0xC9, 0x97, 0x68, 0xFD, 0xFD, 0xFF, 0xFD, 0xF9, 0xF9, 
    0xFE, 0xFA, 0xFB, 0xFE, 0xFA, 0xFC, 0xFE, 0xFA, 0xFC, 0xFE, 0xFA, 0xFC, 
    0xFE, 0xFA, 0xFC, 0xFE, 0xFA, 0xFC, 0xFE, 0xFA, 0xFC, 0xFE, 0xFA, 0xFC, 
    0xFE, 0xFA, 0xFC, 0xFE, 0xFA, 0xFC, 0xFE, 0xFA, 0xFC, 0xFE, 0xFA, 0xFC, 
    0xFE, 0xFA, 0xFC, 0xFE, 0xFA, 0xFC, 0xFE, 0xFA, 0xFC, 0xFE, 0xFA, 0xFC, 
    0xFE, 0xFA, 0xFC, 0xFE, 0xFA, 0xFC, 0xFE, 0xFA, 0xFC, 0xFE, 0xFA, 0xFC, 
    0xFE, 0xFA, 0xFC, 0xFE, 0xFA, 0xFC, 0xFE, 0xFA, 0xFC, 0xFE, 0xFA, 0xFC, 
    0xFE, 0xFA, 0xFC, 0xFE, 0xF9, 0xFB, 0xFE, 0xFA, 0xFB, 0xFB, 0xF9, 0xFB, 
    0xC7, 0x8B, 0x48, 0xDC, 0x79, 0x00, 0xF2, 0x99, 0x04, 0xF1, 0xA8, 0x00, 
    0xF5, 0xB1, 0x00, 0xF0, 0xA7, 0x00, 0xED, 0xA2, 0x00, 0xED, 0xA3, 0x00, 
    0xED, 0xA3, 0x00, 0xED, 0xA3, 0x00, 0xED, 0xA3, 0x00, 0xED, 0xA3, 0x00, 
    0xED, 0xA2, 0x00, 0xED, 0xA2, 0x00, 0xEF, 0xA6, 0x00, 0xF4, 0xAF, 0x00, 
    0xF4, 0xAF, 0x00, 0xF4, 0xAE, 0x00, 0xF3, 0xAE, 0x00, 0xF4, 0xAF, 0x00, 
    0xF6, 0xB2, 0x00, 0xF6, 0xBC, 0x00, 0xEC, 0xB0, 0x00, 0xCD, 0x87, 0x06, 
    0xA0, 0x59, 0x0B, 0xB7, 0x8E, 0x63, 0xDF, 0xCA, 0xBC, 0xED, 0xE7, 0xE8, 
    0xFB, 0xFA, 0xFF, 0xFF, 0xFF, 0xFF, 0xFF, 0xFF, 0xFF, 0xFB, 0xFC, 0xFF, 
    0xF0, 0xF0, 0xF4, 0xE1, 0xE1, 0xE4, 0xC9, 0xCA, 0xCF, 0xE4, 0xE4, 0xE9, 
    0xF2, 0xF3, 0xF8, 0xFD, 0xFE, 0xFF, 0xFF, 0xFF, 0xFF, 0xFF, 0xFF, 0xFF, 
    0xFB, 0xF9, 0xFE, 0xEB, 0xE4, 0xE4, 0xD8, 0xC6, 0xBC, 0xB4, 0x83, 0x5B, 
    0xA3, 0x5D, 0x0A, 0xCB, 0x8C, 0x12, 0xE6, 0xAF, 0x03, 0xF5, 0xBF, 0x00, 
    0xF5, 0xBC, 0x00, 0xF1, 0xAE, 0x00, 0xF3, 0xAE, 0x00, 0xF4, 0xAF, 0x00, 
    0xF4, 0xAF, 0x00, 0xF4, 0xAF, 0x00, 0xF4, 0xAF, 0x00, 0xF1, 0xA9, 0x00, 
    0xED, 0xA4, 0x00, 0xEC, 0xA2, 0x00, 0xEC, 0xA2, 0x00, 0xEC, 0xA2, 0x00, 
    0xEC, 0xA2, 0x00, 0xEC, 0xA2, 0x00, 0xEB, 0xA1, 0x00, 0xEE, 0xA4, 0x00, 
    0xF5, 0xB1, 0x00, 0xF1, 0xAA, 0x00, 0xF4, 0xA2, 0x03, 0xDD, 0x85, 0x00, 
    0xC4, 0x8A, 0x4A, 0xFA, 0xF5, 0xF6, 0xFE, 0xFB, 0xFC, 0xFD, 0xF9, 0xF9, 
    0xFE, 0xFA, 0xFC, 0xFE, 0xFA, 0xFC, 0xFE, 0xFA, 0xFC, 0xFE, 0xFA, 0xFC, 
    0xFE, 0xFA, 0xFC, 0xFE, 0xFA, 0xFC, 0xFE, 0xFA, 0xFC, 0xFE, 0xFA, 0xFC, 
    0xFE, 0xFA, 0xFC, 0xFE, 0xFA, 0xFC, 0xFE, 0xFA, 0xFC, 0xFE, 0xFA, 0xFC, 
    0xFE, 0xFA, 0xFC, 0xFE, 0xFA, 0xFC, 0xFE, 0xFA, 0xFC, 0xFE, 0xFA, 0xFC, 
    0xFE, 0xFA, 0xFC, 0xFE, 0xFA, 0xFC, 0xFE, 0xFA, 0xFC, 0xFE, 0xFA, 0xFC, 
    0xFE, 0xFA, 0xFC, 0xFE, 0xFA, 0xFC, 0xFE, 0xFA, 0xFC, 0xFE, 0xFA, 0xFC, 
    0xFE, 0xFA, 0xFC, 0xFE, 0xFA, 0xFC, 0xFD, 0xF9, 0xFA, 0xFF, 0xFC, 0xFD, 
    0xF6, 0xEE, 0xE8, 0xC3, 0x80, 0x36, 0xDE, 0x7E, 0x00, 0xF4, 0x9F, 0x03, 
    0xF1, 0xA9, 0x00, 0xEF, 0xA7, 0x00, 0xED, 0xA3, 0x00, 0xED, 0xA4, 0x00, 
    0xED, 0xA4, 0x00, 0xED, 0xA3, 0x00, 0xED, 0xA3, 0x00, 0xED, 0xA3, 0x00, 
    0xED, 0xA3, 0x00, 0xED, 0xA3, 0x00, 0xED, 0xA2, 0x00, 0xEF, 0xA6, 0x00, 
    0xF3, 0xAD, 0x00, 0xF2, 0xAC, 0x00, 0xF2, 0xAC, 0x00, 0xF3, 0xAE, 0x00, 
    0xF3, 0xAE, 0x00, 0xF4, 0xB0, 0x00, 0xF6, 0xBA, 0x00, 0xF6, 0xC6, 0x00, 
    0xF2, 0xC5, 0x07, 0xDB, 0xAB, 0x09, 0xC5, 0x8D, 0x15, 0xBB, 0x83, 0x32, 
    0xC0, 0x8A, 0x4E, 0xC8, 0x97, 0x6B, 0xCB, 0xA4, 0x86, 0xC9, 0xA6, 0x8D, 
    0xCD, 0xAE, 0x9D, 0xCF, 0xB2, 0xA1, 0xBE, 0xA1, 0x90, 0xC9, 0xAE, 0x9E, 
    0xC7, 0xAB, 0x9C, 0xC5, 0xA4, 0x8F, 0xC8, 0xA2, 0x87, 0xC6, 0x99, 0x6F, 
    0xC2, 0x88, 0x4D, 0xBD, 0x84, 0x30, 0xC7, 0x8E, 0x14, 0xDF, 0xA8, 0x0A, 
    0xF1, 0xC6, 0x0D, 0xF3, 0xC5, 0x09, 0xF4, 0xB8, 0x00, 0xF3, 0xAF, 0x00, 
    0xF2, 0xAD, 0x00, 0xF4, 0xAE, 0x00, 0xF4, 0xAF, 0x00, 0xF4, 0xAF, 0x00, 
    0xF3, 0xAE, 0x00, 0xF3, 0xAD, 0x00, 0xF2, 0xAC, 0x00, 0xEE, 0xA5, 0x00, 
    0xED, 0xA2, 0x00, 0xEC, 0xA2, 0x00, 0xEC, 0xA2, 0x00, 0xEC, 0xA2, 0x00, 
    0xED, 0xA3, 0x00, 0xED, 0xA3, 0x00, 0xED, 0xA2, 0x00, 0xEE, 0xA6, 0x00, 
    0xF0, 0xAB, 0x00, 0xF5, 0xA5, 0x04, 0xDF, 0x84, 0x00, 0xC3, 0x80, 0x37, 
    0xF5, 0xEE, 0xEC, 0xFF, 0xFD, 0xFD, 0xFD, 0xF9, 0xFA, 0xFE, 0xFA, 0xFC, 
    0xFE, 0xFA, 0xFC, 0xFE, 0xFA, 0xFC, 0xFE, 0xFA, 0xFC, 0xFE, 0xFA, 0xFC, 
    0xFE, 0xFA, 0xFC, 0xFE, 0xFA, 0xFC, 0xFE, 0xFA, 0xFC, 0xFE, 0xFA, 0xFC, 
    0xFE, 0xFA, 0xFC, 0xFE, 0xFA, 0xFC, 0xFE, 0xFA, 0xFC, 0xFE, 0xFA, 0xFC, 
    0xFE, 0xFA, 0xFC, 0xFE, 0xFA, 0xFC, 0xFE, 0xFA, 0xFC, 0xFE, 0xFA, 0xFC, 
    0xFE, 0xFA, 0xFC, 0xFE, 0xFA, 0xFC, 0xFE, 0xFA, 0xFC, 0xFE, 0xFA, 0xFC, 
    0xFE, 0xFA, 0xFC, 0xFE, 0xFA, 0xFC, 0xFE, 0xFA, 0xFC, 0xFE, 0xFA, 0xFC, 
    0xFE, 0xFA, 0xFC, 0xFE, 0xFA, 0xFC, 0xFE, 0xFA, 0xFC, 0xFD, 0xF8, 0xF9, 
    0xFF, 0xFE, 0xFF, 0xF2, 0xEA, 0xE4, 0xC5, 0x80, 0x32, 0xE2, 0x83, 0x00, 
    0xF4, 0xA0, 0x03, 0xEF, 0xA1, 0x00, 0xEE, 0xA4, 0x00, 0xEE, 0xA4, 0x00, 
    0xEE, 0xA4, 0x00, 0xEE, 0xA4, 0x00, 0xED, 0xA3, 0x00, 0xED, 0xA3, 0x00, 
    0xED, 0xA3, 0x00, 0xED, 0xA3, 0x00, 0xED, 0xA3, 0x00, 0xED, 0xA2, 0x00, 
    0xEF, 0xA7, 0x00, 0xF1, 0xAA, 0x00, 0xF0, 0xA8, 0x00, 0xF0, 0xA8, 0x00, 
    0xF2, 0xAB, 0x00, 0xF3, 0xAE, 0x00, 0xF3, 0xAD, 0x00, 0xF3, 0xAD, 0x00, 
    0xF1, 0xB2, 0x00, 0xF5, 0xC0, 0x05, 0xF8, 0xCA, 0x0E, 0xF2, 0xC7, 0x11, 
    0xE9, 0xBB, 0x15, 0xE2, 0xB4, 0x1B, 0xD9, 0xA6, 0x19, 0xD4, 0x9C, 0x1E, 
    0xD0, 0x98, 0x25, 0xCF, 0x96, 0x22, 0xD0, 0x96, 0x23, 0xCE, 0x93, 0x22, 
    0xD1, 0x9A, 0x28, 0xD3, 0x9C, 0x21, 0xD7, 0xA6, 0x21, 0xDF, 0xAD, 0x19, 
    0xEA, 0xBF, 0x1D, 0xF1, 0xCA, 0x1A, 0xF6, 0xC9, 0x0D, 0xF6, 0xC1, 0x05, 
    0xF1, 0xB3, 0x00, 0xF1, 0xAC, 0x00, 0xF2, 0xAC, 0x00, 0xF4, 0xAF, 0x00, 
    0xF4, 0xAF, 0x00, 0xF4, 0xAF, 0x00, 0xF3, 0xAE, 0x00, 0xF2, 0xAC, 0x00, 
    0xEF, 0xA6, 0x00, 0xED, 0xA4, 0x00, 0xEE, 0xA6, 0x00, 0xED, 0xA4, 0x00, 
    0xED, 0xA2, 0x00, 0xED, 0xA3, 0x00, 0xED, 0xA3, 0x00, 0xED, 0xA3, 0x00, 
    0xED, 0xA3, 0x00, 0xED, 0xA3, 0x00, 0xED, 0xA2, 0x00, 0xED, 0xA0, 0x00, 
    0xF3, 0xA8, 0x03, 0xE0, 0x88, 0x00, 0xC1, 0x79, 0x2B, 0xF1, 0xE7, 0xE0, 
    0xFF, 0xFE, 0xFF, 0xFC, 0xF8, 0xF8, 0xFE, 0xFA, 0xFC, 0xFE, 0xFA, 0xFC, 
    0xFE, 0xFA, 0xFC, 0xFE, 0xFA, 0xFC, 0xFE, 0xFA, 0xFC, 0xFE, 0xFA, 0xFC, 
    0xFE, 0xFA, 0xFC, 0xFE, 0xFA, 0xFC, 0xFE, 0xFA, 0xFC, 0xFE, 0xFA, 0xFC, 
    0xFE, 0xFA, 0xFC, 0xFE, 0xFA, 0xFC, 0xFE, 0xFA, 0xFC, 0xFE, 0xFA, 0xFC, 
    0xFE, 0xFA, 0xFC, 0xFE, 0xFA, 0xFC, 0xFE, 0xFA, 0xFC, 0xFE, 0xFA, 0xFC, 
    0xFE, 0xFA, 0xFC, 0xFE, 0xFA, 0xFC, 0xFE, 0xFA, 0xFC, 0xFE, 0xFA, 0xFC, 
    0xFE, 0xFA, 0xFC, 0xFE, 0xFA, 0xFC, 0xFE, 0xFA, 0xFC, 0xFE, 0xFA, 0xFC, 
    0xFE, 0xFA, 0xFC, 0xFE, 0xFA, 0xFC, 0xFE, 0xFA, 0xFC, 0xFE, 0xFA, 0xFC, 
    0xFD, 0xF8, 0xF9, 0xFF, 0xFE, 0xFF, 0xF4, 0xEB, 0xE6, 0xC7, 0x82, 0x33, 
    0xE0, 0x80, 0x00, 0xF3, 0x9F, 0x03, 0xEF, 0x9E, 0x00, 0xED, 0xA2, 0x00, 
    0xED, 0xA3, 0x00, 0xED, 0xA3, 0x00, 0xED, 0xA3, 0x00, 0xED, 0xA3, 0x00, 
    0xED, 0xA3, 0x00, 0xED, 0xA3, 0x00, 0xED, 0xA3, 0x00, 0xED, 0xA2, 0x00, 
    0xED, 0xA3, 0x00, 0xED, 0xA3, 0x00, 0xEE, 0xA5, 0x00, 0xF2, 0xAC, 0x00, 
    0xF3, 0xAD, 0x00, 0xF3, 0xAE, 0x00, 0xF4, 0xAF, 0x00, 0xF4, 0xAF, 0x00, 
    0xF4, 0xAE, 0x00, 0xF3, 0xAB, 0x00, 0xF3, 0xAB, 0x00, 0xF2, 0xAF, 0x00, 
    0xF4, 0xB6, 0x02, 0xF6, 0xBE, 0x08, 0xF4, 0xC2, 0x0B, 0xF3, 0xC6, 0x10, 
    0xF4, 0xC6, 0x13, 0xF5, 0xC7, 0x18, 0xF5, 0xC6, 0x1A, 0xF5, 0xC7, 0x1A, 
    0xF6, 0xC8, 0x1A, 0xF6, 0xC8, 0x15, 0xF2, 0xC3, 0x0D, 0xF5, 0xBB, 0x07, 
    0xF2, 0xB5, 0x01, 0xEE, 0xAE, 0x00, 0xF0, 0xA9, 0x00, 0xF4, 0xAC, 0x00, 
    0xF4, 0xAD, 0x00, 0xF4, 0xAF, 0x00, 0xF4, 0xAF, 0x00, 0xF4, 0xAF, 0x00, 
    0xF4, 0xAF, 0x00, 0xF4, 0xAF, 0x00, 0xF1, 0xAB, 0x00, 0xEF, 0xA7, 0x00, 
    0xEC, 0xA2, 0x00, 0xEB, 0xA1, 0x00, 0xEB, 0xA0, 0x00, 0xEC, 0xA1, 0x00, 
    0xED, 0xA3, 0x00, 0xEB, 0xA1, 0x00, 0xEC, 0xA2, 0x00, 0xED, 0xA2, 0x00, 
    0xED, 0xA3, 0x00, 0xEE, 0xA1, 0x00, 0xEE, 0x9D, 0x00, 0xF4, 0xA4, 0x04, 
    0xDF, 0x84, 0x00, 0xC3, 0x80, 0x35, 0xF2, 0xE7, 0xE0, 0xFF, 0xFF, 0xFF, 
    0xFC, 0xF7, 0xF7, 0xFE, 0xFA, 0xFC, 0xFD, 0xF9, 0xFB, 0xFE, 0xFA, 0xFC, 
    0xFE, 0xFA, 0xFC, 0xFE, 0xFA, 0xFC, 0xFE, 0xFA, 0xFC, 0xFE, 0xFA, 0xFC, 
    0xFE, 0xFA, 0xFC, 0xFE, 0xFA, 0xFC, 0xFE, 0xFA, 0xFC, 0xFE, 0xFA, 0xFC, 
    0xFE, 0xFA, 0xFC, 0xFE, 0xFA, 0xFC, 0xFE, 0xFA, 0xFC, 0xFE, 0xFA, 0xFC, 
    0xFE, 0xFA, 0xFC, 0xFE, 0xFA, 0xFC, 0xFE, 0xFA, 0xFC, 0xFE, 0xFA, 0xFC, 
    0xFE, 0xFA, 0xFC, 0xFE, 0xFA, 0xFC, 0xFE, 0xFA, 0xFC, 0xFE, 0xFA, 0xFC, 
    0xFE, 0xFA, 0xFC, 0xFE, 0xFA, 0xFC, 0xFE, 0xFA, 0xFC, 0xFE, 0xFA, 0xFC, 
    0xFE, 0xFA, 0xFC, 0xFE, 0xFA, 0xFC, 0xFE, 0xFA, 0xFC, 0xFE, 0xFA, 0xFC, 
    0xFE, 0xFA, 0xFC, 0xFD, 0xF8, 0xF9, 0xFF, 0xFF, 0xFF, 0xF5, 0xED, 0xE8, 
    0xC9, 0x88, 0x43, 0xD9, 0x7A, 0x00, 0xF4, 0x9D, 0x03, 0xEF, 0x9F, 0x01, 
    0xEF, 0x9E, 0x00, 0xEE, 0xA1, 0x00, 0xED, 0xA3, 0x00, 0xED, 0xA2, 0x00, 
    0xEC, 0xA2, 0x00, 0xED, 0xA3, 0x00, 0xED, 0xA4, 0x00, 0xEF, 0xA6, 0x00, 
    0xF1, 0xAA, 0x00, 0xF1, 0xAA, 0x00, 0xF2, 0xAB, 0x00, 0xF3, 0xAE, 0x00, 
    0xF4, 0xAF, 0x00, 0xF5, 0xB0, 0x00, 0xF4, 0xB0, 0x00, 0xF4, 0xB0, 0x00, 
    0xF3, 0xAE, 0x00, 0xF4, 0xAF, 0x00, 0xF4, 0xAF, 0x01, 0xF4, 0xAE, 0x01, 
    0xF4, 0xAD, 0x00, 0xF4, 0xAC, 0x00, 0xF3, 0xAB, 0x00, 0xF0, 0xA9, 0x00, 
    0xEF, 0xA8, 0x00, 0xF0, 0xA7, 0x00, 0xEE, 0xA7, 0x00, 0xEE, 0xA7, 0x00, 
    0xF0, 0xA8, 0x00, 0xF1, 0xA9, 0x00, 0xF2, 0xAA, 0x00, 0xF4, 0xAD, 0x00, 
    0xF4, 0xAE, 0x00, 0xF5, 0xAF, 0x01, 0xF5, 0xAF, 0x00, 0xF4, 0xAF, 0x00, 
    0xF3, 0xAD, 0x00, 0xF2, 0xAC, 0x00, 0xF3, 0xAE, 0x00, 0xF4, 0xB0, 0x00, 
    0xF3, 0xAE, 0x00, 0xF4, 0xB0, 0x00, 0xF4, 0xAF, 0x00, 0xF1, 0xAA, 0x00, 
    0xED, 0xA4, 0x00, 0xED, 0xA4, 0x00, 0xED, 0xA4, 0x00, 0xED, 0xA4, 0x00, 
    0xED, 0xA3, 0x00, 0xEC, 0xA2, 0x00, 0xEC, 0xA2, 0x00, 0xEE, 0xA2, 0x00, 
    0xEE, 0x9F, 0x00, 0xEF, 0x9D, 0x01, 0xF6, 0xA3, 0x03, 0xDD, 0x82, 0x00, 
    0xC5, 0x86, 0x44, 0xF4, 0xED, 0xEA, 0xFF, 0xFE, 0xFF, 0xFD, 0xF8, 0xF9, 
    0xFE, 0xFA, 0xFC, 0xFE, 0xFA, 0xFC, 0xFD, 0xF9, 0xFB, 0xFE, 0xFA, 0xFC, 
    0xFE, 0xFA, 0xFC, 0xFE, 0xFA, 0xFC, 0xFE, 0xFA, 0xFC, 0xFE, 0xFA, 0xFC, 
    0xFE, 0xFA, 0xFC, 0xFE, 0xFA, 0xFC, 0xFE, 0xFA, 0xFC, 0xFE, 0xFA, 0xFC, 
    0xFE, 0xFA, 0xFC, 0xFE, 0xFA, 0xFC, 0xFE, 0xFA, 0xFC, 0xFE, 0xFA, 0xFC, 
    0xFE, 0xFA, 0xFC, 0xFE, 0xFA, 0xFC, 0xFE, 0xFA, 0xFC, 0xFE, 0xFA, 0xFC, 
    0xFE, 0xFA, 0xFC, 0xFE, 0xFA, 0xFC, 0xFE, 0xFA, 0xFC, 0xFE, 0xFA, 0xFC, 
    0xFE, 0xFA, 0xFC, 0xFE, 0xFA, 0xFC, 0xFE, 0xFA, 0xFC, 0xFE, 0xFA, 0xFC, 
    0xFE, 0xFA, 0xFC, 0xFE, 0xFA, 0xFC, 0xFE, 0xFA, 0xFC, 0xFE, 0xFA, 0xFC, 
    0xFE, 0xFA, 0xFC, 0xFE, 0xFA, 0xFC, 0xFD, 0xF8, 0xFA, 0xFF, 0xFD, 0xFE, 
    0xFA, 0xF6, 0xF5, 0xCF, 0x99, 0x5D, 0xD3, 0x71, 0x00, 0xF0, 0x95, 0x00, 
    0xF2, 0x9F, 0x02, 0xEE, 0x9D, 0x00, 0xEE, 0xA5, 0x00, 0xEF, 0xA7, 0x00, 
    0xF0, 0xA9, 0x00, 0xF3, 0xAD, 0x00, 0xF3, 0xAE, 0x00, 0xF4, 0xAF, 0x00, 
    0xF5, 0xB0, 0x00, 0xF4, 0xAF, 0x00, 0xF4, 0xB0, 0x00, 0xF3, 0xAE, 0x00, 
    0xF3, 0xAE, 0x00, 0xF1, 0xA7, 0x00, 0xF2, 0xA8, 0x00, 0xF3, 0xAD, 0x00, 
    0xF3, 0xAE, 0x00, 0xF4, 0xB1, 0x00, 0xF4, 0xB1, 0x00, 0xF4, 0xB0, 0x00, 
    0xF3, 0xAF, 0x00, 0xF4, 0xB0, 0x00, 0xF4, 0xAF, 0x00, 0xF4, 0xAF, 0x01, 
    0xF4, 0xAF, 0x01, 0xF4, 0xB3, 0x01, 0xF5, 0xB3, 0x01, 0xF5, 0xB2, 0x01, 
    0xF4, 0xB2, 0x01, 0xF4, 0xAF, 0x01, 0xF4, 0xAF, 0x00, 0xF4, 0xAF, 0x00, 
    0xF4, 0xB0, 0x00, 0xF4, 0xB0, 0x00, 0xF4, 0xB1, 0x00, 0xF4, 0xB1, 0x00, 
    0xF4, 0xAF, 0x00, 0xF3, 0xAE, 0x00, 0xF2, 0xA9, 0x00, 0xF1, 0xA6, 0x00, 
    0xF4, 0xAE, 0x00, 0xF4, 0xAE, 0x00, 0xF4, 0xAF, 0x00, 0xF3, 0xAE, 0x00, 
    0xF2, 0xAC, 0x00, 0xF2, 0xAD, 0x00, 0xF3, 0xAD, 0x00, 0xF2, 0xAC, 0x00, 
    0xF3, 0xAD, 0x00, 0xEF, 0xA7, 0x00, 0xED, 0xA4, 0x00, 0xED, 0xA2, 0x00, 
    0xF1, 0x9F, 0x02, 0xF3, 0x9E, 0x01, 0xD4, 0x7A, 0x00, 0xC9, 0x94, 0x59, 
    0xF8, 0xF4, 0xF4, 0xFF, 0xFE, 0xFE, 0xFC, 0xF7, 0xF7, 0xFD, 0xFA, 0xFB, 
    0xFE, 0xFA, 0xFB, 0xFE, 0xFA, 0xFC, 0xFE, 0xFA, 0xFC, 0xFE, 0xFA, 0xFC, 
    0xFE, 0xFA, 0xFC, 0xFE, 0xFA, 0xFC, 0xFE, 0xFA, 0xFC, 0xFE, 0xFA, 0xFC, 
    0xFE, 0xFA, 0xFC, 0xFE, 0xFA, 0xFC, 0xFE, 0xFA, 0xFC, 0xFE, 0xFA, 0xFC, 
    0xFE, 0xFA, 0xFC, 0xFE, 0xFA, 0xFC, 0xFE, 0xFA, 0xFC, 0xFE, 0xFA, 0xFC, 
    0xFE, 0xFA, 0xFC, 0xFE, 0xFA, 0xFC, 0xFE, 0xFA, 0xFC, 0xFE, 0xFA, 0xFC, 
    0xFE, 0xFA, 0xFC, 0xFE, 0xFA, 0xFC, 0xFE, 0xFA, 0xFC, 0xFE, 0xFA, 0xFC, 
    0xFE, 0xFA, 0xFC, 0xFE, 0xFA, 0xFC, 0xFE, 0xFA, 0xFC, 0xFE, 0xFA, 0xFC, 
    0xFE, 0xFA, 0xFC, 0xFE, 0xFA, 0xFC, 0xFE, 0xFA, 0xFC, 0xFE, 0xFA, 0xFC, 
    0xFE, 0xFA, 0xFC, 0xFE, 0xFA, 0xFC, 0xFE, 0xFA, 0xFC, 0xFC, 0xF7, 0xF8, 
    0xFD, 0xFA, 0xFA, 0xFE, 0xFD, 0xFE, 0xD9, 0xB2, 0x8A, 0xC4, 0x6D, 0x06, 
    0xE8, 0x8D, 0x00, 0xF4, 0xA1, 0x04, 0xEF, 0xA5, 0x00, 0xF3, 0xAE, 0x00, 
    0xF5, 0xB1, 0x00, 0xF4, 0xB0, 0x00, 0xF4, 0xAF, 0x00, 0xF4, 0xB0, 0x00, 
    0xF4, 0xB1, 0x00, 0xF4, 0xB0, 0x00, 0xF4, 0xAF, 0x00, 0xF4, 0xAE, 0x00, 
    0xF4, 0xB1, 0x00, 0xEE, 0x9F, 0x00, 0xEC, 0x8E, 0x00, 0xED, 0x8F, 0x00, 
    0xEE, 0x98, 0x00, 0xF0, 0x9F, 0x00, 0xF1, 0xA3, 0x00, 0xF2, 0xA9, 0x00, 
    0xF3, 0xB0, 0x00, 0xF4, 0xB4, 0x00, 0xF4, 0xB5, 0x00, 0xF4, 0xB5, 0x00, 
    0xF4, 0xB6, 0x00, 0xF4, 0xBC, 0x00, 0xF4, 0xBB, 0x00, 0xF4, 0xBB, 0x00, 
    0xF4, 0xBA, 0x00, 0xF5, 0xB6, 0x00, 0xF4, 0xB4, 0x00, 0xF4, 0xB1, 0x00, 
    0xF3, 0xAE, 0x00, 0xF2, 0xA9, 0x00, 0xF1, 0xA4, 0x00, 0xF0, 0x9E, 0x00, 
    0xEE, 0x96, 0x00, 0xED, 0x91, 0x00, 0xEC, 0x8B, 0x00, 0xEF, 0x9D, 0x00, 
    0xF4, 0xB5, 0x00, 0xF4, 0xB3, 0x00, 0xF4, 0xAF, 0x00, 0xF4, 0xAF, 0x00, 
    0xF4, 0xAF, 0x00, 0xF4, 0xAF, 0x00, 0xF3, 0xAD, 0x00, 0xF3, 0xAD, 0x00, 
    0xF4, 0xB0, 0x00, 0xF4, 0xAF, 0x00, 0xEE, 0xA6, 0x00, 0xF2, 0xA4, 0x03, 
    0xEC, 0x96, 0x00, 0xC8, 0x71, 0x03, 0xD2, 0xA8, 0x83, 0xFC, 0xFB, 0xFC, 
    0xFD, 0xFB, 0xFB, 0xFC, 0xF8, 0xF8, 0xFD, 0xF9, 0xFB, 0xFD, 0xF9, 0xFA, 
    0xFC, 0xF9, 0xF9, 0xFD, 0xFA, 0xFB, 0xFE, 0xFA, 0xFC, 0xFE, 0xFA, 0xFC, 
    0xFE, 0xFA, 0xFC, 0xFE, 0xFA, 0xFC, 0xFE, 0xFA, 0xFC, 0xFE, 0xFA, 0xFC, 
    0xFE, 0xFA, 0xFC, 0xFE, 0xFA, 0xFC, 0xFE, 0xFA, 0xFC, 0xFE, 0xFA, 0xFC, 
    0xFE, 0xFA, 0xFC, 0xFE, 0xFA, 0xFC, 0xFE, 0xFA, 0xFC, 0xFE, 0xFA, 0xFC, 
    0xFE, 0xFA, 0xFC, 0xFE, 0xFA, 0xFC, 0xFE, 0xFA, 0xFC, 0xFE, 0xFA, 0xFC, 
    0xFE, 0xFA, 0xFC, 0xFE, 0xFA, 0xFC, 0xFE, 0xFA, 0xFC, 0xFE, 0xFA, 0xFC, 
    0xFE, 0xFA, 0xFC, 0xFE, 0xFA, 0xFC, 0xFE, 0xFA, 0xFC, 0xFE, 0xFA, 0xFC, 
    0xFE, 0xFA, 0xFC, 0xFE, 0xFA, 0xFC, 0xFE, 0xFA, 0xFC, 0xFE, 0xFA, 0xFC, 
    0xFE, 0xFA, 0xFC, 0xFE, 0xFA, 0xFC, 0xFE, 0xFA, 0xFC, 0xFE, 0xFA, 0xFC, 
    0xFD, 0xF9, 0xFA, 0xFE, 0xFA, 0xFB, 0xFF, 0xFF, 0xFF, 0xE5, 0xCF, 0xBC, 
    0xC8, 0x7C, 0x28, 0xDB, 0x7D, 0x00, 0xF1, 0x9C, 0x01, 0xF1, 0xA7, 0x02, 
    0xF2, 0xAD, 0x00, 0xF4, 0xB5, 0x00, 0xF4, 0xBA, 0x00, 0xF4, 0xB8, 0x00, 
    0xF4, 0xB5, 0x00, 0xF4, 0xB7, 0x00, 0xF4, 0xBA, 0x00, 0xF4, 0xBB, 0x00, 
    0xF4, 0xBB, 0x00, 0xF4, 0xBA, 0x00, 0xF2, 0xAD, 0x00, 0xEF, 0x9A, 0x00, 
    0xEC, 0x8C, 0x00, 0xEB, 0x87, 0x00, 0xEB, 0x89, 0x00, 0xEC, 0x8E, 0x00, 
    0xED, 0x92, 0x00, 0xEE, 0x98, 0x00, 0xEF, 0x9B, 0x00, 0xF0, 0x9D, 0x00, 
    0xEF, 0xA0, 0x00, 0xF0, 0xA1, 0x00, 0xF0, 0xA1, 0x00, 0xF0, 0xA1, 0x00, 
    0xF0, 0xA1, 0x00, 0xEF, 0x9E, 0x00, 0xEF, 0x9C, 0x00, 0xED, 0x96, 0x00, 
    0xEC, 0x92, 0x00, 0xEC, 0x8E, 0x00, 0xEB, 0x8A, 0x00, 0xEB, 0x87, 0x00, 
    0xEB, 0x8A, 0x00, 0xEE, 0x97, 0x00, 0xF1, 0xAB, 0x00, 0xF3, 0xBD, 0x00, 
    0xF4, 0xBD, 0x00, 0xF4, 0xBC, 0x00, 0xF4, 0xB9, 0x00, 0xF4, 0xB9, 0x00, 
    0xF4, 0xB9, 0x00, 0xF4, 0xB8, 0x00, 0xF4, 0xB7, 0x00, 0xF4, 0xB5, 0x00, 
    0xF3, 0xB0, 0x00, 0xF2, 0xAC, 0x02, 0xF0, 0xA4, 0x02, 0xE0, 0x87, 0x00, 
    0xC4, 0x7C, 0x27, 0xE2, 0xC9, 0xB6, 0xFF, 0xFF, 0xFF, 0xFE, 0xFA, 0xFC, 
    0xFD, 0xF9, 0xFA, 0xFE, 0xFA, 0xFC, 0xFD, 0xFA, 0xFB, 0xFD, 0xF9, 0xFA, 
    0xFC, 0xF8, 0xF9, 0xFC, 0xF9, 0xF9, 0xFE, 0xFA, 0xFC, 0xFE, 0xFA, 0xFC, 
    0xFE, 0xFA, 0xFC, 0xFE, 0xFA, 0xFC, 0xFE, 0xFA, 0xFC, 0xFE, 0xFA, 0xFC, 
    0xFE, 0xFA, 0xFC, 0xFE, 0xFA, 0xFC, 0xFE, 0xFA, 0xFC, 0xFE, 0xFA, 0xFC, 
    0xFE, 0xFA, 0xFC, 0xFE, 0xFA, 0xFC, 0xFE, 0xFA, 0xFC, 0xFE, 0xFA, 0xFC, 
    0xFE, 0xFA, 0xFC, 0xFE, 0xFA, 0xFC, 0xFE, 0xFA, 0xFC, 0xFE, 0xFA, 0xFC, 
    0xFE, 0xFA, 0xFC, 0xFE, 0xFA, 0xFC, 0xFE, 0xFA, 0xFC, 0xFE, 0xFA, 0xFC, 
    0xFE, 0xFA, 0xFC, 0xFE, 0xFA, 0xFC, 0xFE, 0xFA, 0xFC, 0xFE, 0xFA, 0xFC, 
    0xFE, 0xFA, 0xFC, 0xFE, 0xFA, 0xFC, 0xFE, 0xFA, 0xFC, 0xFE, 0xFA, 0xFC, 
    0xFE, 0xFA, 0xFC, 0xFE, 0xFA, 0xFC, 0xFE, 0xFA, 0xFC, 0xFE, 0xFA, 0xFC, 
    0xFE, 0xFA, 0xFC, 0xFE, 0xFA, 0xFC, 0xFD, 0xF8, 0xF8, 0xFF, 0xFF, 0xFF, 
    0xF6, 0xEF, 0xEA, 0xCD, 0x9C, 0x61, 0xCA, 0x6F, 0x00, 0xE9, 0x8C, 0x00, 
    0xF5, 0xA2, 0x03, 0xF2, 0xAE, 0x01, 0xF3, 0xC0, 0x00, 0xF5, 0xC6, 0x00, 
    0xF5, 0xC5, 0x00, 0xF5, 0xC5, 0x00, 0xF5, 0xC8, 0x00, 0xF5, 0xC7, 0x00, 
    0xF5, 0xC7, 0x00, 0xF5, 0xC8, 0x00, 0xF6, 0xC8, 0x00, 0xF5, 0xC6, 0x01, 
    0xF4, 0xBA, 0x00, 0xF1, 0xA7, 0x00, 0xEE, 0x96, 0x00, 0xEC, 0x8B, 0x01, 
    0xEB, 0x88, 0x00, 0xEB, 0x87, 0x00, 0xEB, 0x88, 0x00, 0xEB, 0x88, 0x00, 
    0xEB, 0x89, 0x00, 0xEB, 0x8A, 0x00, 0xEC, 0x8A, 0x00, 0xEB, 0x8A, 0x01, 
    0xEB, 0x8A, 0x01, 0xEB, 0x88, 0x01, 0xEB, 0x87, 0x00, 0xEB, 0x88, 0x00, 
    0xEB, 0x88, 0x01, 0xEC, 0x8B, 0x00, 0xEE, 0x95, 0x00, 0xF0, 0xA4, 0x00, 
    0xF2, 0xB3, 0x00, 0xF5, 0xC3, 0x01, 0xF5, 0xC7, 0x00, 0xF5, 0xC8, 0x00, 
    0xF5, 0xC6, 0x00, 0xF5, 0xC6, 0x00, 0xF5, 0xC6, 0x00, 0xF5, 0xC6, 0x00, 
    0xF6, 0xC8, 0x00, 0xF6, 0xCA, 0x00, 0xF3, 0xC1, 0x00, 0xF1, 0xAE, 0x01, 
    0xF5, 0xA9, 0x03, 0xE9, 0x96, 0x00, 0xCE, 0x76, 0x00, 0xD1, 0x9A, 0x5B, 
    0xF4, 0xED, 0xEA, 0xFF, 0xFF, 0xFF, 0xFC, 0xF8, 0xF8, 0xFE, 0xFA, 0xFB, 
    0xFE, 0xFA, 0xFC, 0xFE, 0xFA, 0xFC, 0xFE, 0xFA, 0xFC, 0xFE, 0xFA, 0xFC, 
    0xFE, 0xFA, 0xFC, 0xFD, 0xF9, 0xFA, 0xFE, 0xFA, 0xFC, 0xFE, 0xFA, 0xFC, 
    0xFE, 0xFA, 0xFC, 0xFE, 0xFA, 0xFC, 0xFE, 0xFA, 0xFC, 0xFE, 0xFA, 0xFC, 
    0xFE, 0xFA, 0xFC, 0xFE, 0xFA, 0xFC, 0xFE, 0xFA, 0xFC, 0xFE, 0xFA, 0xFC, 
    0xFE, 0xFA, 0xFC, 0xFE, 0xFA, 0xFC, 0xFE, 0xFA, 0xFC, 0xFE, 0xFA, 0xFC, 
    0xFE, 0xFA, 0xFC, 0xFE, 0xFA, 0xFC, 0xFE, 0xFA, 0xFC, 0xFE, 0xFA, 0xFC, 
    0xFE, 0xFA, 0xFC, 0xFE, 0xFA, 0xFC, 0xFE, 0xFA, 0xFC, 0xFE, 0xFA, 0xFC, 
    0xFE, 0xFA, 0xFC, 0xFE, 0xFA, 0xFC, 0xFE, 0xFA, 0xFC, 0xFE, 0xFA, 0xFC, 
    0xFE, 0xFA, 0xFC, 0xFE, 0xFA, 0xFC, 0xFE, 0xFA, 0xFC, 0xFE, 0xFA, 0xFC, 
    0xFE, 0xFA, 0xFC, 0xFE, 0xFA, 0xFC, 0xFE, 0xFA, 0xFC, 0xFE, 0xFA, 0xFC, 
    0xFE, 0xFA, 0xFC, 0xFE, 0xFA, 0xFC, 0xFE, 0xFA, 0xFC, 0xFD, 0xF8, 0xF9, 
    0xFF, 0xFD, 0xFF, 0xFF, 0xFF, 0xFF, 0xE3, 0xCB, 0xB4, 0xC9, 0x80, 0x2F, 
    0xD9, 0x79, 0x00, 0xEE, 0x95, 0x00, 0xF2, 0xA5, 0x03, 0xF2, 0xB6, 0x01, 
    0xF4, 0xC8, 0x00, 0xF6, 0xCE, 0x00, 0xF7, 0xCC, 0x00, 0xF6, 0xCB, 0x00, 
    0xF5, 0xCB, 0x00, 0xF6, 0xCC, 0x00, 0xF6, 0xCD, 0x00, 0xF6, 0xCD, 0x00, 
    0xF6, 0xD0, 0x00, 0xF6, 0xD2, 0x00, 0xF5, 0xCA, 0x00, 0xF3, 0xBD, 0x00, 
    0xF2, 0xB3, 0x00, 0xF0, 0xA9, 0x00, 0xEE, 0x9E, 0x00, 0xEE, 0x97, 0x00, 
    0xEC, 0x93, 0x00, 0xED, 0x92, 0x00, 0xEC, 0x91, 0x00, 0xED, 0x91, 0x00, 
    0xED, 0x93, 0x00, 0xEE, 0x96, 0x00, 0xEE, 0x9C, 0x01, 0xEF, 0xA8, 0x00, 
    0xF1, 0xB1, 0x00, 0xF3, 0xBC, 0x00, 0xF5, 0xCB, 0x00, 0xF6, 0xCF, 0x00, 
    0xF6, 0xCD, 0x00, 0xF6, 0xCC, 0x00, 0xF6, 0xCC, 0x00, 0xF6, 0xCD, 0x00, 
    0xF6, 0xCD, 0x00, 0xF6, 0xCD, 0x00, 0xF7, 0xCE, 0x00, 0xF7, 0xD0, 0x00, 
    0xF3, 0xC6, 0x00, 0xEF, 0xB6, 0x01, 0xF3, 0xAB, 0x03, 0xEF, 0x99, 0x00, 
    0xD6, 0x7C, 0x00, 0xC5, 0x7C, 0x2B, 0xE1, 0xC2, 0xA8, 0xFD, 0xFD, 0xFF, 
    0xFF, 0xFD, 0xFE, 0xFC, 0xF8, 0xF8, 0xFD, 0xFA, 0xFB, 0xFE, 0xFA, 0xFC, 
    0xFE, 0xFA, 0xFC, 0xFE, 0xFA, 0xFC, 0xFE, 0xFA, 0xFC, 0xFE, 0xFA, 0xFC, 
    0xFE, 0xFA, 0xFC, 0xFE, 0xFA, 0xFC, 0xFE, 0xFA, 0xFC, 0xFE, 0xFA, 0xFC, 
    0xFE, 0xFA, 0xFC, 0xFE, 0xFA, 0xFC, 0xFE, 0xFA, 0xFC, 0xFE, 0xFA, 0xFC, 
    0xFE, 0xFA, 0xFC, 0xFE, 0xFA, 0xFC, 0xFE, 0xFA, 0xFC, 0xFE, 0xFA, 0xFC, 
    0xFE, 0xFA, 0xFC, 0xFE, 0xFA, 0xFC, 0xFE, 0xFA, 0xFC, 0xFE, 0xFA, 0xFC, 
    0xFE, 0xFA, 0xFC, 0xFE, 0xFA, 0xFC, 0xFE, 0xFA, 0xFC, 0xFE, 0xFA, 0xFC, 
    0xFE, 0xFA, 0xFC, 0xFE, 0xFA, 0xFC, 0xFE, 0xFA, 0xFC, 0xFE, 0xFA, 0xFC, 
    0xFE, 0xFA, 0xFC, 0xFE, 0xFA, 0xFC, 0xFE, 0xFA, 0xFC, 0xFE, 0xFA, 0xFC, 
    0xFE, 0xFA, 0xFC, 0xFE, 0xFA, 0xFC, 0xFE, 0xFA, 0xFC, 0xFE, 0xFA, 0xFC, 
    0xFE, 0xFA, 0xFC, 0xFE, 0xFA, 0xFC, 0xFE, 0xFA, 0xFC, 0xFE, 0xFA, 0xFC, 
    0xFE, 0xFA, 0xFC, 0xFE, 0xFA, 0xFC, 0xFE, 0xFA, 0xFC, 0xFE, 0xFA, 0xFC, 
    0xFE, 0xF9, 0xFB, 0xFE, 0xF9, 0xF9, 0xFF, 0xFF, 0xFF, 0xFA, 0xF4, 0xF3, 
    0xD7, 0xAD, 0x86, 0xCB, 0x74, 0x12, 0xDD, 0x76, 0x00, 0xEE, 0x96, 0x00, 
    0xF2, 0xAA, 0x03, 0xF2, 0xB9, 0x02, 0xF3, 0xCA, 0x00, 0xF6, 0xD4, 0x01, 
    0xF7, 0xD7, 0x0D, 0xF7, 0xD6, 0x0A, 0xF6, 0xD5, 0x0D, 0xF6, 0xD4, 0x10, 
    0xF6, 0xD4, 0x0B, 0xF6, 0xD2, 0x02, 0xF6, 0xD5, 0x08, 0xF7, 0xD7, 0x0C, 
    0xF6, 0xD7, 0x09, 0xF6, 0xD7, 0x08, 0xF6, 0xD4, 0x05, 0xF6, 0xD1, 0x09, 
    0xF5, 0xCE, 0x09, 0xF5, 0xCE, 0x05, 0xF5, 0xCC, 0x0A, 0xF5, 0xCD, 0x0C, 
    0xF6, 0xD0, 0x0D, 0xF6, 0xD2, 0x0B, 0xF6, 0xD3, 0x00, 0xF7, 0xD7, 0x01, 
    0xF7, 0xD8, 0x0B, 0xF7, 0xD6, 0x00, 0xF6, 0xD4, 0x01, 0xF6, 0xD2, 0x07, 
    0xF6, 0xD2, 0x03, 0xF6, 0xD5, 0x0C, 0xF6, 0xD3, 0x02, 0xF7, 0xD5, 0x04, 
    0xF7, 0xD8, 0x0D, 0xF5, 0xD5, 0x02, 0xF2, 0xCB, 0x00, 0xF2, 0xBA, 0x02, 
    0xF3, 0xA8, 0x03, 0xEE, 0x95, 0x00, 0xD9, 0x7F, 0x00, 0xC5, 0x7B, 0x1A, 
    0xD7, 0xAF, 0x89, 0xF7, 0xF1, 0xEE, 0xFF, 0xFF, 0xFF, 0xFA, 0xF6, 0xF7, 
    0xFC, 0xF8, 0xF9, 0xFE, 0xFA, 0xFC, 0xFE, 0xFA, 0xFC, 0xFE, 0xFA, 0xFC, 
    0xFE, 0xFA, 0xFC, 0xFE, 0xFA, 0xFC, 0xFE, 0xFA, 0xFC, 0xFE, 0xFA, 0xFC, 
    0xFE, 0xFA, 0xFC, 0xFE, 0xFA, 0xFC, 0xFE, 0xFA, 0xFC, 0xFE, 0xFA, 0xFC, 
    0xFE, 0xFA, 0xFC, 0xFE, 0xFA, 0xFC, 0xFE, 0xFA, 0xFC, 0xFE, 0xFA, 0xFC, 
    0xFE, 0xFA, 0xFC, 0xFE, 0xFA, 0xFC, 0xFE, 0xFA, 0xFC, 0xFE, 0xFA, 0xFC, 
    0xFE, 0xFA, 0xFC, 0xFE, 0xFA, 0xFC, 0xFE, 0xFA, 0xFC, 0xFE, 0xFA, 0xFC, 
    0xFE, 0xFA, 0xFC, 0xFE, 0xFA, 0xFC, 0xFE, 0xFA, 0xFC, 0xFE, 0xFA, 0xFC, 
    0xFE, 0xFA, 0xFC, 0xFE, 0xFA, 0xFC, 0xFE, 0xFA, 0xFC, 0xFE, 0xFA, 0xFC, 
    0xFE, 0xFA, 0xFC, 0xFE, 0xFA, 0xFC, 0xFE, 0xFA, 0xFC, 0xFE, 0xFA, 0xFC, 
    0xFE, 0xFA, 0xFC, 0xFE, 0xFA, 0xFC, 0xFE, 0xFA, 0xFC, 0xFE, 0xFA, 0xFC, 
    0xFE, 0xFA, 0xFC, 0xFE, 0xFA, 0xFC, 0xFE, 0xFA, 0xFC, 0xFE, 0xFA, 0xFC, 
    0xFE, 0xFA, 0xFC, 0xFE, 0xFA, 0xFC, 0xFE, 0xFA, 0xFC, 0xFE, 0xFA, 0xFC, 
    0xFE, 0xFA, 0xFC, 0xFE, 0xFA, 0xFC, 0xFD, 0xF8, 0xF9, 0xFF, 0xFC, 0xFE, 
    0xFF, 0xFF, 0xFF, 0xF5, 0xE7, 0xDE, 0xD6, 0xAA, 0x7E, 0xC7, 0x79, 0x1B, 
    0xDA, 0x79, 0x00, 0xEB, 0x90, 0x00, 0xF1, 0xA6, 0x01, 0xF2, 0xB5, 0x04, 
    0xF2, 0xC1, 0x0A, 0xF2, 0xCB, 0x08, 0xF6, 0xD9, 0x1D, 0xF8, 0xDD, 0x2C, 
    0xF9, 0xDD, 0x28, 0xF8, 0xDB, 0x23, 0xF7, 0xDB, 0x2E, 0xF7, 0xDA, 0x2E, 
    0xF7, 0xD8, 0x28, 0xF7, 0xD8, 0x29, 0xF7, 0xD9, 0x28, 0xF7, 0xD9, 0x27, 
    0xF7, 0xDA, 0x24, 0xF7, 0xDA, 0x21, 0xF7, 0xDB, 0x29, 0xF7, 0xDB, 0x2A, 
    0xF7, 0xDA, 0x28, 0xF7, 0xDA, 0x27, 0xF7, 0xD7, 0x1B, 0xF7, 0xD8, 0x20, 
    0xF7, 0xD9, 0x2A, 0xF7, 0xD9, 0x22, 0xF8, 0xDA, 0x26, 0xF8, 0xDD, 0x2F, 
    0xF8, 0xDD, 0x2A, 0xF8, 0xDD, 0x2A, 0xF6, 0xD7, 0x0E, 0xF0, 0xCC, 0x03, 
    0xEF, 0xBE, 0x09, 0xF2, 0xB4, 0x04, 0xF1, 0xA6, 0x01, 0xEB, 0x93, 0x00, 
    0xD7, 0x7A, 0x00, 0xCA, 0x78, 0x1A, 0xD3, 0xA4, 0x78, 0xF1, 0xE7, 0xE2, 
    0xFF, 0xFF, 0xFF, 0xFE, 0xFC, 0xFD, 0xFD, 0xF8, 0xF9, 0xFD, 0xF9, 0xFB, 
    0xFD, 0xF9, 0xFB, 0xFE, 0xFA, 0xFC, 0xFE, 0xFA, 0xFC, 0xFE, 0xFA, 0xFC, 
    0xFE, 0xFA, 0xFC, 0xFE, 0xFA, 0xFC, 0xFE, 0xFA, 0xFC, 0xFE, 0xFA, 0xFC, 
    0xFE, 0xFA, 0xFC, 0xFE, 0xFA, 0xFC, 0xFE, 0xFA, 0xFC, 0xFE, 0xFA, 0xFC, 
    0xFE, 0xFA, 0xFC, 0xFE, 0xFA, 0xFC, 0xFE, 0xFA, 0xFC, 0xFE, 0xFA, 0xFC, 
    0xFE, 0xFA, 0xFC, 0xFE, 0xFA, 0xFC, 0xFE, 0xFA, 0xFC, 0xFE, 0xFA, 0xFC, 
    0xFE, 0xFA, 0xFC, 0xFE, 0xFA, 0xFC, 0xFE, 0xFA, 0xFC, 0xFE, 0xFA, 0xFC, 
    0xFE, 0xFA, 0xFC, 0xFE, 0xFA, 0xFC, 0xFE, 0xFA, 0xFC, 0xFE, 0xFA, 0xFC, 
    0xFE, 0xFA, 0xFC, 0xFE, 0xFA, 0xFC, 0xFE, 0xFA, 0xFC, 0xFE, 0xFA, 0xFC, 
    0xFE, 0xFA, 0xFC, 0xFE, 0xFA, 0xFC, 0xFE, 0xFA, 0xFC, 0xFE, 0xFA, 0xFC, 
    0xFE, 0xFA, 0xFC, 0xFE, 0xFA, 0xFC, 0xFE, 0xFA, 0xFC, 0xFE, 0xFA, 0xFC, 
    0xFE, 0xFA, 0xFC, 0xFE, 0xFA, 0xFC, 0xFE, 0xFA, 0xFC, 0xFE, 0xFA, 0xFC, 
    0xFE, 0xFA, 0xFC, 0xFE, 0xFA, 0xFC, 0xFE, 0xFA, 0xFC, 0xFE, 0xFA, 0xFC, 
    0xFE, 0xFA, 0xFC, 0xFE, 0xFA, 0xFC, 0xFE, 0xFA, 0xFC, 0xFE, 0xF9, 0xFB, 
    0xFD, 0xF8, 0xF9, 0xFF, 0xFE, 0xFF, 0xFF, 0xFF, 0xFF, 0xF4, 0xEB, 0xE7, 
    0xD9, 0xB2, 0x8C, 0xC7, 0x81, 0x30, 0xD1, 0x72, 0x00, 0xE3, 0x82, 0x00, 
    0xEE, 0x94, 0x00, 0xF2, 0xA3, 0x00, 0xF1, 0xB1, 0x01, 0xEB, 0xB9, 0x08, 
    0xED, 0xC5, 0x15, 0xF1, 0xCE, 0x28, 0xF5, 0xD8, 0x3D, 0xF6, 0xDD, 0x45, 
    0xF7, 0xDE, 0x47, 0xF9, 0xE2, 0x4B, 0xF9, 0xE2, 0x4E, 0xF9, 0xE2, 0x4C, 
    0xF9, 0xE2, 0x50, 0xF9, 0xE2, 0x54, 0xF9, 0xE2, 0x51, 0xF9, 0xE1, 0x4F, 
    0xF9, 0xE1, 0x4D, 0xF9, 0xE2, 0x4E, 0xF9, 0xE2, 0x52, 0xF8, 0xE1, 0x4C, 
    0xF7, 0xDF, 0x46, 0xF5, 0xDB, 0x40, 0xF3, 0xD8, 0x38, 0xEF, 0xCF, 0x2A, 
    0xEE, 0xC6, 0x21, 0xEB, 0xB8, 0x0A, 0xEE, 0xB0, 0x04, 0xEC, 0xA8, 0x02, 
    0xEC, 0x98, 0x00, 0xE1, 0x84, 0x00, 0xCE, 0x72, 0x00, 0xCB, 0x83, 0x2E, 
    0xD7, 0xB1, 0x8D, 0xF2, 0xE9, 0xE7, 0xFF, 0xFF, 0xFF, 0xFF, 0xFD, 0xFF, 
    0xFD, 0xF8, 0xF9, 0xFE, 0xF9, 0xFB, 0xFE, 0xFA, 0xFC, 0xFD, 0xFA, 0xFB, 
    0xFE, 0xFA, 0xFB, 0xFE, 0xFA, 0xFC, 0xFE, 0xFA, 0xFC, 0xFE, 0xFA, 0xFC, 
    0xFE, 0xFA, 0xFC, 0xFE, 0xFA, 0xFC, 0xFE, 0xFA, 0xFC, 0xFE, 0xFA, 0xFC, 
    0xFE, 0xFA, 0xFC, 0xFE, 0xFA, 0xFC, 0xFE, 0xFA, 0xFC, 0xFE, 0xFA, 0xFC, 
    0xFE, 0xFA, 0xFC, 0xFE, 0xFA, 0xFC, 0xFE, 0xFA, 0xFC, 0xFE, 0xFA, 0xFC, 
    0xFE, 0xFA, 0xFC, 0xFE, 0xFA, 0xFC, 0xFE, 0xFA, 0xFC, 0xFE, 0xFA, 0xFC, 
    0xFE, 0xFA, 0xFC, 0xFE, 0xFA, 0xFC, 0xFE, 0xFA, 0xFC, 0xFE, 0xFA, 0xFC, 
    0xFE, 0xFA, 0xFC, 0xFE, 0xFA, 0xFC, 0xFE, 0xFA, 0xFC, 0xFE, 0xFA, 0xFC, 
    0xFE, 0xFA, 0xFC, 0xFE, 0xFA, 0xFC, 0xFE, 0xFA, 0xFC, 0xFE, 0xFA, 0xFC, 
    0xFE, 0xFA, 0xFC, 0xFE, 0xFA, 0xFC, 0xFE, 0xFA, 0xFC, 0xFE, 0xFA, 0xFC, 
    0xFE, 0xFA, 0xFC, 0xFE, 0xFA, 0xFC, 0xFE, 0xFA, 0xFC, 0xFE, 0xFA, 0xFC, 
    0xFE, 0xFA, 0xFC, 0xFE, 0xFA, 0xFC, 0xFE, 0xFA, 0xFC, 0xFE, 0xFA, 0xFC, 
    0xFE, 0xFA, 0xFC, 0xFE, 0xFA, 0xFC, 0xFE, 0xFA, 0xFC, 0xFE, 0xFA, 0xFC, 
    0xFE, 0xFA, 0xFC, 0xFE, 0xFA, 0xFC, 0xFE, 0xFA, 0xFC, 0xFE, 0xFA, 0xFC, 
    0xFE, 0xFA, 0xFC, 0xFE, 0xF9, 0xFA, 0xFD, 0xF8, 0xF9, 0xFF, 0xFD, 0xFF, 
    0xFF, 0xFF, 0xFF, 0xF9, 0xF4, 0xF6, 0xE4, 0xCB, 0xB5, 0xD2, 0x99, 0x5F, 
    0xCC, 0x7B, 0x1C, 0xD3, 0x77, 0x00, 0xE2, 0x81, 0x00, 0xE9, 0x8C, 0x00, 
    0xEF, 0x9A, 0x00, 0xF1, 0xA1, 0x00, 0xF3, 0xAA, 0x04, 0xED, 0xAD, 0x09, 
    0xEC, 0xB3, 0x10, 0xEC, 0xB8, 0x14, 0xEE, 0xBF, 0x19, 0xEF, 0xC3, 0x22, 
    0xF0, 0xC5, 0x2A, 0xF0, 0xCA, 0x2D, 0xF1, 0xCB, 0x32, 0xEF, 0xCA, 0x34, 
    0xEE, 0xC6, 0x2E, 0xEF, 0xC3, 0x25, 0xEC, 0xBF, 0x23, 0xEE, 0xBC, 0x1B, 
    0xEE, 0xB4, 0x11, 0xEE, 0xAE, 0x07, 0xED, 0xAA, 0x05, 0xED, 0xA6, 0x04, 
    0xEE, 0xA0, 0x00, 0xE8, 0x95, 0x00, 0xDE, 0x85, 0x00, 0xD3, 0x7A, 0x00, 
    0xCB, 0x7D, 0x18, 0xCE, 0x9A, 0x5F, 0xE3, 0xCA, 0xB5, 0xF9, 0xF4, 0xF6, 
    0xFF, 0xFF, 0xFF, 0xFF, 0xFD, 0xFF, 0xFB, 0xF7, 0xF7, 0xFC, 0xF8, 0xF8, 
    0xFE, 0xFA, 0xFC, 0xFD, 0xFA, 0xFB, 0xFD, 0xFA, 0xFB, 0xFE, 0xFA, 0xFC, 
    0xFE, 0xFA, 0xFC, 0xFE, 0xFA, 0xFC, 0xFE, 0xFA, 0xFC, 0xFE, 0xFA, 0xFC, 
    0xFE, 0xFA, 0xFC, 0xFE, 0xFA, 0xFC, 0xFE, 0xFA, 0xFC, 0xFE, 0xFA, 0xFC, 
    0xFE, 0xFA, 0xFC, 0xFE, 0xFA, 0xFC, 0xFE, 0xFA, 0xFC, 0xFE, 0xFA, 0xFC, 
    0xFE, 0xFA, 0xFC, 0xFE, 0xFA, 0xFC, 0xFE, 0xFA, 0xFC, 0xFE, 0xFA, 0xFC, 
    0xFE, 0xFA, 0xFC, 0xFE, 0xFA, 0xFC, 0xFE, 0xFA, 0xFC, 0xFE, 0xFA, 0xFC, 
    0xFE, 0xFA, 0xFC, 0xFE, 0xFA, 0xFC, 0xFE, 0xFA, 0xFC, 0xFE, 0xFA, 0xFC, 
    0xFE, 0xFA, 0xFC, 0xFE, 0xFA, 0xFC, 0xFE, 0xFA, 0xFC, 0xFE, 0xFA, 0xFC, 
    0xFE, 0xFA, 0xFC, 0xFE, 0xFA, 0xFC, 0xFE, 0xFA, 0xFC, 0xFE, 0xFA, 0xFC, 
    0xFE, 0xFA, 0xFC, 0xFE, 0xFA, 0xFC, 0xFE, 0xFA, 0xFC, 0xFE, 0xFA, 0xFC, 
    0xFE, 0xFA, 0xFC, 0xFE, 0xFA, 0xFC, 0xFE, 0xFA, 0xFC, 0xFE, 0xFA, 0xFC, 
    0xFE, 0xFA, 0xFC, 0xFE, 0xFA, 0xFC, 0xFE, 0xFA, 0xFC, 0xFE, 0xFA, 0xFC, 
    0xFE, 0xFA, 0xFC, 0xFE, 0xFA, 0xFC, 0xFE, 0xFA, 0xFC, 0xFE, 0xFA, 0xFC, 
    0xFE, 0xFA, 0xFC, 0xFE, 0xFA, 0xFC, 0xFE, 0xFA, 0xFC, 0xFE, 0xFA, 0xFC, 
    0xFE, 0xFA, 0xFC, 0xFE, 0xFA, 0xFC, 0xFE, 0xFA, 0xFC, 0xFE, 0xF9, 0xFB, 
    0xFD, 0xF8, 0xF9, 0xFF, 0xFB, 0xFD, 0xFF, 0xFF, 0xFF, 0xFF, 0xFF, 0xFF, 
    0xF3, 0xEB, 0xEA, 0xE4, 0xCA, 0xB4, 0xD6, 0xA3, 0x6F, 0xCD, 0x83, 0x33, 
    0xCE, 0x79, 0x0E, 0xD6, 0x7A, 0x00, 0xDC, 0x7F, 0x00, 0xE4, 0x83, 0x00, 
    0xE9, 0x8B, 0x00, 0xEC, 0x92, 0x00, 0xF0, 0x97, 0x00, 0xF0, 0x98, 0x00, 
    0xF1, 0x9B, 0x00, 0xF1, 0x9E, 0x00, 0xF1, 0x9E, 0x00, 0xF1, 0x9E, 0x00, 
    0xF1, 0x9C, 0x00, 0xEF, 0x9B, 0x00, 0xEC, 0x99, 0x00, 0xEC, 0x93, 0x00, 
    0xE9, 0x8E, 0x00, 0xE4, 0x89, 0x00, 0xD9, 0x7D, 0x00, 0xD3, 0x7C, 0x00, 
    0xCF, 0x7C, 0x0D, 0xCD, 0x8C, 0x37, 0xD6, 0xA3, 0x71, 0xE5, 0xC8, 0xB0, 
    0xF3, 0xE9, 0xE6, 0xFF, 0xFF, 0xFF, 0xFF, 0xFF, 0xFF, 0xFE, 0xFB, 0xFD, 
    0xFD, 0xF8, 0xF9, 0xFE, 0xF9, 0xFB, 0xFD, 0xF9, 0xFB, 0xFD, 0xF9, 0xFA, 
    0xFE, 0xFA, 0xFC, 0xFD, 0xFA, 0xFB, 0xFD, 0xFA, 0xFB, 0xFE, 0xFA, 0xFC, 
    0xFE, 0xFA, 0xFC, 0xFE, 0xFA, 0xFC, 0xFE, 0xFA, 0xFC, 0xFE, 0xFA, 0xFC, 
    0xFE, 0xFA, 0xFC, 0xFE, 0xFA, 0xFC, 0xFE, 0xFA, 0xFC, 0xFE, 0xFA, 0xFC, 
    0xFE, 0xFA, 0xFC, 0xFE, 0xFA, 0xFC, 0xFE, 0xFA, 0xFC, 0xFE, 0xFA, 0xFC, 
    0xFE, 0xFA, 0xFC, 0xFE, 0xFA, 0xFC, 0xFE, 0xFA, 0xFC, 0xFE, 0xFA, 0xFC, 
    0xFE, 0xFA, 0xFC, 0xFE, 0xFA, 0xFC, 0xFE, 0xFA, 0xFC, 0xFE, 0xFA, 0xFC, 
    0xFE, 0xFA, 0xFC, 0xFE, 0xFA, 0xFC, 0xFE, 0xFA, 0xFC, 0xFE, 0xFA, 0xFC, 
    0xFE, 0xFA, 0xFC, 0xFE, 0xFA, 0xFC, 0xFE, 0xFA, 0xFC, 0xFE, 0xFA, 0xFC, 
    0xFE, 0xFA, 0xFC, 0xFE, 0xFA, 0xFC, 0xFE, 0xFA, 0xFC, 0xFE, 0xFA, 0xFC, 
    0xFE, 0xFA, 0xFC, 0xFE, 0xFA, 0xFC, 0xFE, 0xFA, 0xFC, 0xFE, 0xFA, 0xFC, 
    0xFE, 0xFA, 0xFC, 0xFE, 0xFA, 0xFC, 0xFE, 0xFA, 0xFC, 0xFE, 0xFA, 0xFC, 
    0xFE, 0xFA, 0xFC, 0xFE, 0xFA, 0xFC, 0xFE, 0xFA, 0xFC, 0xFE, 0xFA, 0xFC, 
    0xFE, 0xFA, 0xFC, 0xFE, 0xFA, 0xFC, 0xFE, 0xFA, 0xFC, 0xFE, 0xFA, 0xFC, 
    0xFE, 0xFA, 0xFC, 0xFE, 0xFA, 0xFC, 0xFE, 0xFA, 0xFC, 0xFE, 0xFA, 0xFC, 
    0xFE, 0xFA, 0xFC, 0xFE, 0xFA, 0xFC, 0xFE, 0xFA, 0xFC, 0xFE, 0xFA, 0xFC, 
    0xFE, 0xFA, 0xFC, 0xFE, 0xFA, 0xFB, 0xFD, 0xF8, 0xF9, 0xFE, 0xF9, 0xF9, 
    0xFF, 0xFD, 0xFF, 0xFF, 0xFF, 0xFF, 0xFF, 0xFF, 0xFF, 0xFB, 0xF8, 0xFC, 
    0xEF, 0xE2, 0xDB, 0xE3, 0xC9, 0xB4, 0xD9, 0xB2, 0x89, 0xCC, 0x94, 0x59, 
    0xCA, 0x89, 0x40, 0xCB, 0x81, 0x25, 0xCF, 0x7D, 0x15, 0xCD, 0x7A, 0x10, 
    0xD0, 0x7A, 0x08, 0xD6, 0x7E, 0x04, 0xD7, 0x7F, 0x03, 0xD5, 0x7E, 0x03, 
    0xCC, 0x75, 0x06, 0xCD, 0x7A, 0x0C, 0xCE, 0x7F, 0x14, 0xCD, 0x7E, 0x21, 
    0xCD, 0x89, 0x3E, 0xCE, 0x96, 0x57, 0xD8, 0xAE, 0x84, 0xE1, 0xC5, 0xAC, 
    0xED, 0xDF, 0xD8, 0xFB, 0xF8, 0xFD, 0xFF, 0xFF, 0xFF, 0xFF, 0xFF, 0xFF, 
    0xFF, 0xFE, 0xFF, 0xFD, 0xF9, 0xF9, 0xFD, 0xF8, 0xF9, 0xFE, 0xFA, 0xFB, 
    0xFE, 0xFA, 0xFC, 0xFE, 0xFA, 0xFC, 0xFE, 0xFA, 0xFC, 0xFE, 0xFA, 0xFC, 
    0xFE, 0xFA, 0xFC, 0xFE, 0xFA, 0xFC, 0xFD, 0xF9, 0xFA, 0xFD, 0xFA, 0xFB, 
    0xFE, 0xFA, 0xFC, 0xFE, 0xFA, 0xFC, 0xFE, 0xFA, 0xFC, 0xFE, 0xFA, 0xFC, 
    0xFE, 0xFA, 0xFC, 0xFE, 0xFA, 0xFC, 0xFE, 0xFA, 0xFC, 0xFE, 0xFA, 0xFC, 
    0xFE, 0xFA, 0xFC, 0xFE, 0xFA, 0xFC, 0xFE, 0xFA, 0xFC, 0xFE, 0xFA, 0xFC, 
    0xFE, 0xFA, 0xFC, 0xFE, 0xFA, 0xFC, 0xFE, 0xFA, 0xFC, 0xFE, 0xFA, 0xFC, 
    0xFE, 0xFA, 0xFC, 0xFE, 0xFA, 0xFC, 0xFE, 0xFA, 0xFC, 0xFE, 0xFA, 0xFC, 
    0xFE, 0xFA, 0xFC, 0xFE, 0xFA, 0xFC, 0xFE, 0xFA, 0xFC, 0xFE, 0xFA, 0xFC, 
    0xFE, 0xFA, 0xFC, 0xFE, 0xFA, 0xFC, 0xFE, 0xFA, 0xFC, 0xFE, 0xFA, 0xFC, 
    0xFE, 0xFA, 0xFC, 0xFE, 0xFA, 0xFC, 0xFE, 0xFA, 0xFC, 0xFE, 0xFA, 0xFC, 
    0xFE, 0xFA, 0xFC, 0xFE, 0xFA, 0xFC, 0xFE, 0xFA, 0xFC, 0xFE, 0xFA, 0xFC, 
    0xFE, 0xFA, 0xFC, 0xFE, 0xFA, 0xFC, 0xFE, 0xFA, 0xFC, 0xFE, 0xFA, 0xFC, 
    0xFE, 0xFA, 0xFC, 0xFE, 0xFA, 0xFC, 0xFE, 0xFA, 0xFC, 0xFE, 0xFA, 0xFC, 
    0xFE, 0xFA, 0xFC, 0xFE, 0xFA, 0xFC, 0xFE, 0xFA, 0xFC, 0xFE, 0xFA, 0xFC, 
    0xFE, 0xFA, 0xFC, 0xFE, 0xFA, 0xFC, 0xFE, 0xFA, 0xFC, 0xFE, 0xFA, 0xFC, 
    0xFE, 0xFA, 0xFC, 0xFE, 0xFA, 0xFC, 0xFE, 0xFA, 0xFC, 0xFE, 0xFA, 0xFC, 
    0xFE, 0xFA, 0xFC, 0xFE, 0xFA, 0xFC, 0xFE, 0xFA, 0xFC, 0xFE, 0xFA, 0xFC, 
    0xFE, 0xF9, 0xFB, 0xFD, 0xF8, 0xF9, 0xFD, 0xF8, 0xF8, 0xFF, 0xFB, 0xFC, 
    0xFF, 0xFF, 0xFF, 0xFF, 0xFF, 0xFF, 0xFF, 0xFF, 0xFF, 0xFF, 0xFF, 0xFF, 
    0xFD, 0xFB, 0xFF, 0xF7, 0xF1, 0xF1, 0xF2, 0xE8, 0xE6, 0xF0, 0xE3, 0xDC, 
    0xEB, 0xDB, 0xD2, 0xEA, 0xD8, 0xCA, 0xE8, 0xD7, 0xC9, 0xE8, 0xD6, 0xCA, 
    0xE7, 0xD5, 0xCC, 0xEC, 0xDF, 0xD8, 0xF5, 0xEA, 0xE4, 0xF7, 0xEF, 0xEE, 
    0xFB, 0xF9, 0xFD, 0xFE, 0xFF, 0xFF, 0xFF, 0xFF, 0xFF, 0xFF, 0xFF, 0xFF, 
    0xFF, 0xFE, 0xFF, 0xFE, 0xFA, 0xFB, 0xFD, 0xF8, 0xF9, 0xFD, 0xF8, 0xF9, 
    0xFE, 0xF9, 0xFB, 0xFE, 0xFA, 0xFC, 0xFE, 0xFA, 0xFC, 0xFE, 0xFA, 0xFC, 
    0xFE, 0xFA, 0xFC, 0xFE, 0xFA, 0xFC, 0xFE, 0xFA, 0xFC, 0xFE, 0xFA, 0xFC, 
    0xFE, 0xFA, 0xFC, 0xFE, 0xFA, 0xFC, 0xFE, 0xFA, 0xFC, 0xFE, 0xFA, 0xFC, 
    0xFE, 0xFA, 0xFC, 0xFE, 0xFA, 0xFC, 0xFE, 0xFA, 0xFC, 0xFE, 0xFA, 0xFC, 
    0xFE, 0xFA, 0xFC, 0xFE, 0xFA, 0xFC, 0xFE, 0xFA, 0xFC, 0xFE, 0xFA, 0xFC, 
    0xFE, 0xFA, 0xFC, 0xFE, 0xFA, 0xFC, 0xFE, 0xFA, 0xFC, 0xFE, 0xFA, 0xFC, 
    0xFE, 0xFA, 0xFC, 0xFE, 0xFA, 0xFC, 0xFE, 0xFA, 0xFC, 0xFE, 0xFA, 0xFC, 
    0xFE, 0xFA, 0xFC, 0xFE, 0xFA, 0xFC, 0xFE, 0xFA, 0xFC, 0xFE, 0xFA, 0xFC, 
    0xFE, 0xFA, 0xFC, 0xFE, 0xFA, 0xFC, 0xFE, 0xFA, 0xFC, 0xFE, 0xFA, 0xFC, 
    0xFE, 0xFA, 0xFC, 0xFE, 0xFA, 0xFC, 0xFE, 0xFA, 0xFC, 0xFE, 0xFA, 0xFC, 
    0xFE, 0xFA, 0xFC, 0xFE, 0xFA, 0xFC, 0xFE, 0xFA, 0xFC, 0xFE, 0xFA, 0xFC, 
    0xFE, 0xFA, 0xFC, 0xFE, 0xFA, 0xFC, 0xFE, 0xFA, 0xFC, 0xFE, 0xFA, 0xFC, 
    0xFE, 0xFA, 0xFC, 0xFE, 0xFA, 0xFC, 0xFE, 0xFA, 0xFC, 0xFE, 0xFA, 0xFC, 
    0xFE, 0xFA, 0xFC, 0xFE, 0xFA, 0xFC, 0xFE, 0xFA, 0xFC, 0xFE, 0xFA, 0xFC, 
    0xFE, 0xFA, 0xFC, 0xFE, 0xFA, 0xFC, 0xFE, 0xFA, 0xFC, 0xFE, 0xFA, 0xFC, 
    0xFE, 0xFA, 0xFC, 0xFE, 0xFA, 0xFC, 0xFE, 0xFA, 0xFC, 0xFE, 0xFA, 0xFC, 
    0xFE, 0xFA, 0xFC, 0xFE, 0xFA, 0xFC, 0xFE, 0xFA, 0xFC, 0xFE, 0xFA, 0xFC, 
    0xFE, 0xFA, 0xFC, 0xFE, 0xFA, 0xFC, 0xFE, 0xFA, 0xFC, 0xFE, 0xFA, 0xFC, 
    0xFE, 0xFA, 0xFC, 0xFE, 0xFA, 0xFC, 0xFE, 0xFA, 0xFC, 0xFE, 0xFA, 0xFB, 
    0xFD, 0xF9, 0xFA, 0xFD, 0xF8, 0xF9, 0xFD, 0xF8, 0xF9, 0xFE, 0xF9, 0xFA, 
    0xFE, 0xFA, 0xFC, 0xFE, 0xFB, 0xFD, 0xFF, 0xFD, 0xFF, 0xFF, 0xFF, 0xFF, 
    0xFF, 0xFF, 0xFF, 0xFF, 0xFF, 0xFF, 0xFF, 0xFF, 0xFF, 0xFF, 0xFF, 0xFF, 
    0xFF, 0xFF, 0xFF, 0xFF, 0xFE, 0xFF, 0xFF, 0xFD, 0xFF, 0xFF, 0xFC, 0xFE, 
    0xFE, 0xF9, 0xFB, 0xFD, 0xF8, 0xF9, 0xFD, 0xF8, 0xF8, 0xFD, 0xF8, 0xF9, 
    0xFD, 0xF9, 0xFA, 0xFD, 0xFA, 0xFB, 0xFE, 0xFA, 0xFB, 0xFE, 0xFA, 0xFC, 
    0xFE, 0xFA, 0xFC, 0xFE, 0xFA, 0xFC, 0xFE, 0xFA, 0xFC, 0xFE, 0xFA, 0xFC, 
    0xFE, 0xFA, 0xFC, 0xFE, 0xFA, 0xFC, 0xFE, 0xFA, 0xFC, 0xFE, 0xFA, 0xFC, 
    0xFE, 0xFA, 0xFC, 0xFE, 0xFA, 0xFC, 0xFE, 0xFA, 0xFC, 0xFE, 0xFA, 0xFC, 
    0xFE, 0xFA, 0xFC, 0xFE, 0xFA, 0xFC, 0xFE, 0xFA, 0xFC, 0xFE, 0xFA, 0xFC, 
    0xFE, 0xFA, 0xFC, 0xFE, 0xFA, 0xFC, 0xFE, 0xFA, 0xFC, 0xFE, 0xFA, 0xFC, 
    0xFE, 0xFA, 0xFC, 0xFE, 0xFA, 0xFC, 0xFE, 0xFA, 0xFC, 0xFE, 0xFA, 0xFC, 
    0xFE, 0xFA, 0xFC, 0xFE, 0xFA, 0xFC, 0xFE, 0xFA, 0xFC, 0xFE, 0xFA, 0xFC, 
    0xFE, 0xFA, 0xFC, 0xFE, 0xFA, 0xFC, 0xFE, 0xFA, 0xFC, 0xFE, 0xFA, 0xFC, 
    0xFE, 0xFA, 0xFC, 0xFE, 0xFA, 0xFC, 0xFE, 0xFA, 0xFC, 0xFE, 0xFA, 0xFC, 
    0xFE, 0xFA, 0xFC, 0xFE, 0xFA, 0xFC, 0xFE, 0xFA, 0xFC, 0xFE, 0xFA, 0xFC, 
    0xFE, 0xFA, 0xFC, 0xFE, 0xFA, 0xFC, 0xFE, 0xFA, 0xFC, 0xFE, 0xFA, 0xFC, 
    0xFE, 0xFA, 0xFC, 0xFE, 0xFA, 0xFC, 0xFE, 0xFA, 0xFC, 0xFE, 0xFA, 0xFC, 
    0xFE, 0xFA, 0xFC, 0xFE, 0xFA, 0xFC, 0xFE, 0xFA, 0xFC, 0xFE, 0xFA, 0xFC, 
    0xFE, 0xFA, 0xFC, 0xFE, 0xFA, 0xFC, 0xFE, 0xFA, 0xFC, 0xFE, 0xFA, 0xFC, 
    0xFE, 0xFA, 0xFC, 0xFE, 0xFA, 0xFC, 0xFE, 0xFA, 0xFC, 0xFE, 0xFA, 0xFC, 
    0xFE, 0xFA, 0xFC, 0xFE, 0xFA, 0xFC, 0xFE, 0xFA, 0xFC, 0xFE, 0xFA, 0xFC, 
    0xFE, 0xFA, 0xFC, 0xFE, 0xFA, 0xFC, 0xFE, 0xFA, 0xFC, 0xFE, 0xFA, 0xFC, 
    0xFE, 0xFA, 0xFC, 0xFE, 0xFA, 0xFC, 0xFE, 0xFA, 0xFC, 0xFE, 0xFA, 0xFC, 
    0xFE, 0xFA, 0xFC, 0xFE, 0xFA, 0xFC, 0xFE, 0xFA, 0xFC, 0xFE, 0xFA, 0xFC, 
    0xFE, 0xFA, 0xFC, 0xFE, 0xFA, 0xFC, 0xFE, 0xFA, 0xFC, 0xFE, 0xFA, 0xFC, 
    0xFE, 0xFA, 0xFC, 0xFE, 0xFA, 0xFB, 0xFD, 0xF9, 0xFB, 0xFE, 0xF9, 0xFA, 
    0xFD, 0xF9, 0xFA, 0xFD, 0xF9, 0xFA, 0xFD, 0xF8, 0xFA, 0xFD, 0xF9, 0xFA, 
    0xFD, 0xF9, 0xFA, 0xFE, 0xF9, 0xFA, 0xFE, 0xF9, 0xFB, 0xFE, 0xF9, 0xFB, 
    0xFE, 0xFA, 0xFC, 0xFE, 0xFA, 0xFC, 0xFE, 0xFA, 0xFC, 0xFE, 0xFA, 0xFC, 
    0xFE, 0xFA, 0xFC, 0xFE, 0xFA, 0xFC, 0xFE, 0xFA, 0xFB, 0xFE, 0xFA, 0xFC, 
    0xFE, 0xFA, 0xFC, 0xFE, 0xFA, 0xFC, 0xFE, 0xFA, 0xFC, 0xFE, 0xFA, 0xFC, 
    0xFE, 0xFA, 0xFC, 0xFE, 0xFA, 0xFC, 0xFE, 0xFA, 0xFC, 0xFE, 0xFA, 0xFC, 
    0xFE, 0xFA, 0xFC, 0xFE, 0xFA, 0xFC, 0xFE, 0xFA, 0xFC, 0xFE, 0xFA, 0xFC, 
    0xFE, 0xFA, 0xFC, 0xFE, 0xFA, 0xFC, 0xFE, 0xFA, 0xFC, 0xFE, 0xFA, 0xFC, 
    0xFE, 0xFA, 0xFC, 0xFE, 0xFA, 0xFC, 0xFE, 0xFA, 0xFC, 0xFE, 0xFA, 0xFC, 
    0xFE, 0xFA, 0xFC, 0xFE, 0xFA, 0xFC, 0xFE, 0xFA, 0xFC, 0xFE, 0xFA, 0xFC, 
    0xFE, 0xFA, 0xFC, 0xFE, 0xFA, 0xFC, 0xFE, 0xFA, 0xFC, 0xFE, 0xFA, 0xFC, 
    0xFE, 0xFA, 0xFC, 0xFE, 0xFA, 0xFC, 0xFE, 0xFA, 0xFC, 0xFE, 0xFA, 0xFC, 
    0xFE, 0xFA, 0xFC, 0xFE, 0xFA, 0xFC, 0xFE, 0xFA, 0xFC, 0xFE, 0xFA, 0xFC, 
};
