2026-04-04 16:41:35,054 [INFO] Activator:176 - 


2026-04-04 16:41:35,054 [INFO] Activator:177 - !SESSION log4j initialized
2026-04-04 16:41:37,254 [INFO] LogOutputStream:77 - [STDOUT_REDIRECT] 
2026-04-04 16:41:38,998 [INFO] ApplicationProperties:184 - Using Application install path: C:\ST\STM32CubeIDE_1.19.0\STM32CubeIDE\plugins\com.st.stm32cube.common.mx_6.15.0.202507011659
2026-04-04 16:41:39,011 [INFO] DbMcusXml:78 - Set database path to: C:\ST\STM32CubeIDE_1.19.0\STM32CubeIDE\plugins\com.st.stm32cube.common.mx_6.15.0.202507011659\\db\/mcu/
2026-04-04 16:41:39,011 [INFO] ApiDb:274 - Set plugin database path to: C:\ST\STM32CubeIDE_1.19.0\STM32CubeIDE\plugins\com.st.stm32cube.common.mx_6.15.0.202507011659\\db\/plugins/boardmanager/
2026-04-04 16:41:39,011 [WARN] ApiDb:259 - Overriding images path with different value:  => C:\ST\STM32CubeIDE_1.19.0\STM32CubeIDE\plugins\com.st.stm32cube.common.mx_6.15.0.202507011659\\db\/plugins/mcufinder/images/
2026-04-04 16:41:39,016 [INFO] ApiDb:250 - Set database path to: C:\Users\salehir\.stmcufinder\plugins\mcufinder//mcu/
2026-04-04 16:41:39,017 [INFO] DbMcusAds:125 - Set database path to: C:\Users\salehir\.stmcufinder\plugins\mcufinder//mcu/
2026-04-04 16:41:39,020 [INFO] CrossReferenceDbSqlite:203 - Set database path to: C:\Users\salehir\.stmcufinder\plugins\mcufinder//mcu/cs/
2026-04-04 16:41:39,129 [INFO] RulesReader:64 - Compatibility file has been processed (317 Rules)
2026-04-04 16:41:39,231 [INFO] DbMcusXml:78 - Set database path to: C:\ST\STM32CubeIDE_1.19.0\STM32CubeIDE\plugins\com.st.stm32cube.common.mx_6.15.0.202507011659\\db\/mcu/
2026-04-04 16:41:39,231 [INFO] ApiDb:274 - Set plugin database path to: C:\ST\STM32CubeIDE_1.19.0\STM32CubeIDE\plugins\com.st.stm32cube.common.mx_6.15.0.202507011659\\db\/plugins/boardmanager/
2026-04-04 16:41:39,231 [INFO] ApiDb:261 - Set plugin images path to: C:\ST\STM32CubeIDE_1.19.0\STM32CubeIDE\plugins\com.st.stm32cube.common.mx_6.15.0.202507011659\\db\/plugins/mcufinder/images/
2026-04-04 16:41:39,232 [WARN] DbFile:41 - Overriding database path with different value: C:\Users\salehir\.stmcufinder\plugins\mcufinder/ => C:\Users\salehir\.stmcufinder\plugins\mcufinder
2026-04-04 16:41:39,232 [INFO] ApiDb:250 - Set database path to: C:\Users\salehir\.stmcufinder\plugins\mcufinder//mcu/
2026-04-04 16:41:39,232 [WARN] DbFile:41 - Overriding database path with different value: C:\Users\salehir\.stmcufinder\plugins\mcufinder/ => C:\Users\salehir\.stmcufinder\plugins\mcufinder
2026-04-04 16:41:39,232 [INFO] DbMcusAds:125 - Set database path to: C:\Users\salehir\.stmcufinder\plugins\mcufinder//mcu/
2026-04-04 16:41:39,232 [WARN] DbFile:41 - Overriding database path with different value: C:\Users\salehir\.stmcufinder\plugins\mcufinder/ => C:\Users\salehir\.stmcufinder\plugins\mcufinder
2026-04-04 16:41:39,232 [WARN] DbFile:41 - Overriding database path with different value: C:\Users\salehir\.stmcufinder\plugins\mcufinder/ => C:\Users\salehir\.stmcufinder\plugins\mcufinder
2026-04-04 16:41:39,232 [INFO] CrossReferenceDbSqlite:203 - Set database path to: C:\Users\salehir\.stmcufinder\plugins\mcufinder//mcu/cs/
2026-04-04 16:41:39,317 [INFO] MainPanel:274 - HeapMemory: 268435456
2026-04-04 16:41:39,394 [INFO] DbMcusXml:78 - Set database path to: C:\ST\STM32CubeIDE_1.19.0\STM32CubeIDE\plugins\com.st.stm32cube.common.mx_6.15.0.202507011659\\db\/mcu/
2026-04-04 16:41:39,395 [INFO] ApiDb:274 - Set plugin database path to: C:\ST\STM32CubeIDE_1.19.0\STM32CubeIDE\plugins\com.st.stm32cube.common.mx_6.15.0.202507011659\\db\/plugins/boardmanager/
2026-04-04 16:41:39,395 [INFO] ApiDb:261 - Set plugin images path to: C:\ST\STM32CubeIDE_1.19.0\STM32CubeIDE\plugins\com.st.stm32cube.common.mx_6.15.0.202507011659\\db\/plugins/mcufinder/images/
2026-04-04 16:41:39,395 [WARN] DbFile:41 - Overriding database path with different value: C:\Users\salehir\.stmcufinder\plugins\mcufinder/ => C:\Users\salehir\.stmcufinder\plugins\mcufinder
2026-04-04 16:41:39,395 [INFO] ApiDb:250 - Set database path to: C:\Users\salehir\.stmcufinder\plugins\mcufinder//mcu/
2026-04-04 16:41:39,395 [WARN] DbFile:41 - Overriding database path with different value: C:\Users\salehir\.stmcufinder\plugins\mcufinder/ => C:\Users\salehir\.stmcufinder\plugins\mcufinder
2026-04-04 16:41:39,395 [INFO] DbMcusAds:125 - Set database path to: C:\Users\salehir\.stmcufinder\plugins\mcufinder//mcu/
2026-04-04 16:41:39,395 [WARN] DbFile:41 - Overriding database path with different value: C:\Users\salehir\.stmcufinder\plugins\mcufinder/ => C:\Users\salehir\.stmcufinder\plugins\mcufinder
2026-04-04 16:41:39,395 [WARN] DbFile:41 - Overriding database path with different value: C:\Users\salehir\.stmcufinder\plugins\mcufinder/ => C:\Users\salehir\.stmcufinder\plugins\mcufinder
2026-04-04 16:41:39,396 [INFO] CrossReferenceDbSqlite:203 - Set database path to: C:\Users\salehir\.stmcufinder\plugins\mcufinder//mcu/cs/
2026-04-04 16:41:39,413 [INFO] ApplicationProperties:184 - Using Application install path: C:\ST\STM32CubeIDE_1.19.0\STM32CubeIDE\plugins\com.st.stm32cube.common.mx_6.15.0.202507011659
2026-04-04 16:41:39,414 [INFO] PluginManage:196 - Search for loadable plugins [exclusion list=, ]
2026-04-04 16:41:39,415 [INFO] PluginManage:310 - Check plugin analytics
2026-04-04 16:41:39,623 [INFO] AnalyticsPlugin:253 - Accepted Software Licenses: 
2026-04-04 16:41:39,623 [INFO] AnalyticsPlugin:255 - Accepted CMSIS Pack Licenses: 
2026-04-04 16:41:39,624 [INFO] AnalyticsPlugin:257 - Accepted Firmware Licenses: 
2026-04-04 16:41:39,627 [INFO] PluginManage:359 - Loaded plugin analytics (category:tool,tabindex:-1)
2026-04-04 16:41:39,627 [INFO] PluginManage:310 - Check plugin cadmodel
2026-04-04 16:41:39,630 [INFO] CADModel:105 - Init CAD model plugin
2026-04-04 16:41:39,631 [INFO] PluginManage:359 - Loaded plugin cadmodel (category:power,tabindex:5)
2026-04-04 16:41:39,631 [INFO] PluginManage:310 - Check plugin clock
2026-04-04 16:41:39,639 [INFO] PluginManage:359 - Loaded plugin clock (category:base,tabindex:2)
2026-04-04 16:41:39,640 [INFO] PluginManage:310 - Check plugin ddr
2026-04-04 16:41:39,642 [INFO] PluginManage:359 - Loaded plugin ddr (category:tool,tabindex:6)
2026-04-04 16:41:39,642 [INFO] PluginManage:310 - Check plugin filemanager
2026-04-04 16:41:39,820 [INFO] PluginManage:359 - Loaded plugin filemanager (category:base,tabindex:10)
2026-04-04 16:41:39,820 [INFO] PluginManage:310 - Check plugin ipmanager
2026-04-04 16:41:39,829 [INFO] PluginManage:359 - Loaded plugin ipmanager (category:base,tabindex:5)
2026-04-04 16:41:39,830 [INFO] PluginManage:310 - Check plugin lpbam
2026-04-04 16:41:39,835 [INFO] PluginManage:359 - Loaded plugin lpbam (category:base,tabindex:0)
2026-04-04 16:41:39,836 [INFO] PluginManage:310 - Check plugin memorymap
2026-04-04 16:41:39,845 [INFO] PluginManage:359 - Loaded plugin memorymap (category:base,tabindex:4)
2026-04-04 16:41:39,845 [INFO] PluginManage:310 - Check plugin pinoutandconfiguration
2026-04-04 16:41:39,850 [INFO] PluginManage:359 - Loaded plugin pinoutandconfiguration (category:base,tabindex:1)
2026-04-04 16:41:39,851 [INFO] PluginManage:310 - Check plugin pinoutconfig
2026-04-04 16:41:39,921 [WARN] SupportedApi:132 - Cannot load RTOS API schema: s4s-elt-must-match.1: The content of 'definitions' must match (annotation?, (simpleType | complexType)?, (unique | key | keyref)*)). A problem was found starting at: attribute.
2026-04-04 16:41:40,060 [INFO] PluginManage:359 - Loaded plugin pinoutconfig (category:base,tabindex:0)
2026-04-04 16:41:40,060 [INFO] PluginManage:310 - Check plugin power
2026-04-04 16:41:40,073 [INFO] PluginManage:359 - Loaded plugin power (category:power,tabindex:4)
2026-04-04 16:41:40,073 [INFO] PluginManage:310 - Check plugin projectmanager
2026-04-04 16:41:40,087 [INFO] PluginManage:359 - Loaded plugin projectmanager (category:projectmanager,tabindex:4)
2026-04-04 16:41:40,087 [INFO] PluginManage:310 - Check plugin rif
2026-04-04 16:41:40,095 [INFO] PluginManage:359 - Loaded plugin rif (category:base,tabindex:3)
2026-04-04 16:41:40,095 [INFO] PluginManage:310 - Check plugin thirdparty
2026-04-04 16:41:40,222 [WARN] IntegrityCheckThread:84 - waiting for thirdparty lock release [integrity check]
2026-04-04 16:41:40,222 [INFO] IntegrityCheckThread:86 - entering critical section [integrity check]
2026-04-04 16:41:40,223 [INFO] PluginManage:359 - Loaded plugin thirdparty (category:base,tabindex:-1)
2026-04-04 16:41:40,223 [INFO] PluginManage:310 - Check plugin tools
2026-04-04 16:41:40,223 [INFO] ThirdPartyUpdaterWithRetryManager:70 - Updater plugin not ready yet. [1/15]
2026-04-04 16:41:40,227 [INFO] PluginManage:359 - Loaded plugin tools (category:base,tabindex:7)
2026-04-04 16:41:40,227 [INFO] PluginManage:310 - Check plugin tutovideos
2026-04-04 16:41:40,447 [INFO] PluginManage:359 - Loaded plugin tutovideos (category:base,tabindex:-1)
2026-04-04 16:41:40,448 [INFO] PluginManage:310 - Check plugin updater
2026-04-04 16:41:40,468 [INFO] PluginManage:359 - Loaded plugin updater (category:base,tabindex:12)
2026-04-04 16:41:40,468 [INFO] PluginManage:310 - Check plugin userauth
2026-04-04 16:41:40,473 [INFO] UserAuth:118 - Init User Auth plugin
2026-04-04 16:41:40,474 [INFO] PluginManage:359 - Loaded plugin userauth (category:base,tabindex:14)
2026-04-04 16:41:40,474 [INFO] PluginManage:283 - PluginManage : Loaded plugins [18]
2026-04-04 16:41:40,724 [INFO] PinOutPanel:1589 - setPackage(No Configuration,No Configuration)
2026-04-04 16:41:40,817 [INFO] CADModel:165 - CPN selected for project level
2026-04-04 16:41:40,817 [INFO] CADModel:114 - Register for checkConnection events
2026-04-04 16:41:40,828 [INFO] IPUIPlugin:80 - create IPUIPlugin
2026-04-04 16:41:40,828 [INFO] PluginManager:220 - loadIPPluginJar : add adc
2026-04-04 16:41:40,830 [INFO] IPUIPlugin:80 - create IPUIPlugin
2026-04-04 16:41:40,830 [INFO] PluginManager:220 - loadIPPluginJar : add aes
2026-04-04 16:41:40,832 [INFO] IPUIPlugin:80 - create IPUIPlugin
2026-04-04 16:41:40,832 [INFO] PluginManager:220 - loadIPPluginJar : add can
2026-04-04 16:41:40,833 [INFO] IPUIPlugin:80 - create IPUIPlugin
2026-04-04 16:41:40,833 [INFO] PluginManager:220 - loadIPPluginJar : add comp
2026-04-04 16:41:40,835 [INFO] IPUIPlugin:80 - create IPUIPlugin
2026-04-04 16:41:40,835 [INFO] PluginManager:220 - loadIPPluginJar : add cryp
2026-04-04 16:41:40,837 [INFO] IPUIPlugin:80 - create IPUIPlugin
2026-04-04 16:41:40,837 [INFO] PluginManager:220 - loadIPPluginJar : add ddr_ctrl_phy
2026-04-04 16:41:40,839 [INFO] IPUIPlugin:80 - create IPUIPlugin
2026-04-04 16:41:40,839 [INFO] PluginManager:220 - loadIPPluginJar : add dfsdm
2026-04-04 16:41:40,844 [INFO] IPUIPlugin:80 - create IPUIPlugin
2026-04-04 16:41:40,844 [INFO] PluginManager:220 - loadIPPluginJar : add dma
2026-04-04 16:41:40,847 [INFO] IPUIPlugin:80 - create IPUIPlugin
2026-04-04 16:41:40,847 [INFO] PluginManager:220 - loadIPPluginJar : add dma3
2026-04-04 16:41:40,849 [INFO] IPUIPlugin:80 - create IPUIPlugin
2026-04-04 16:41:40,849 [INFO] PluginManager:220 - loadIPPluginJar : add extmemmanager
2026-04-04 16:41:40,851 [INFO] IPUIPlugin:80 - create IPUIPlugin
2026-04-04 16:41:40,851 [INFO] PluginManager:220 - loadIPPluginJar : add fatfs
2026-04-04 16:41:40,855 [INFO] IPUIPlugin:80 - create IPUIPlugin
2026-04-04 16:41:40,855 [INFO] PluginManager:220 - loadIPPluginJar : add fmc
2026-04-04 16:41:40,863 [INFO] IPUIPlugin:80 - create IPUIPlugin
2026-04-04 16:41:40,863 [INFO] PluginManager:220 - loadIPPluginJar : add freertos
2026-04-04 16:41:40,865 [INFO] IPUIPlugin:80 - create IPUIPlugin
2026-04-04 16:41:40,866 [INFO] PluginManager:220 - loadIPPluginJar : add genericplugin
2026-04-04 16:41:40,867 [INFO] IPUIPlugin:80 - create IPUIPlugin
2026-04-04 16:41:40,867 [INFO] PluginManager:220 - loadIPPluginJar : add gfxmmu
2026-04-04 16:41:40,873 [INFO] IPUIPlugin:80 - create IPUIPlugin
2026-04-04 16:41:40,873 [INFO] PluginManager:220 - loadIPPluginJar : add gic
2026-04-04 16:41:40,878 [INFO] IPUIPlugin:80 - create IPUIPlugin
2026-04-04 16:41:40,878 [INFO] PluginManager:220 - loadIPPluginJar : add gpio
2026-04-04 16:41:40,880 [INFO] IPUIPlugin:80 - create IPUIPlugin
2026-04-04 16:41:40,880 [INFO] PluginManager:220 - loadIPPluginJar : add gtzc
2026-04-04 16:41:40,882 [INFO] IPUIPlugin:80 - create IPUIPlugin
2026-04-04 16:41:40,882 [INFO] PluginManager:220 - loadIPPluginJar : add hash
2026-04-04 16:41:40,884 [INFO] IPUIPlugin:80 - create IPUIPlugin
2026-04-04 16:41:40,884 [INFO] PluginManager:220 - loadIPPluginJar : add i2c
2026-04-04 16:41:40,886 [INFO] IPUIPlugin:80 - create IPUIPlugin
2026-04-04 16:41:40,886 [INFO] PluginManager:220 - loadIPPluginJar : add i2s
2026-04-04 16:41:40,888 [INFO] IPUIPlugin:80 - create IPUIPlugin
2026-04-04 16:41:40,888 [INFO] PluginManager:220 - loadIPPluginJar : add i3c
2026-04-04 16:41:40,891 [INFO] IPUIPlugin:80 - create IPUIPlugin
2026-04-04 16:41:40,891 [INFO] PluginManager:220 - loadIPPluginJar : add ipddr
2026-04-04 16:41:40,896 [INFO] IPUIPlugin:80 - create IPUIPlugin
2026-04-04 16:41:40,896 [INFO] PluginManager:220 - loadIPPluginJar : add linkedlist
2026-04-04 16:41:40,900 [INFO] IPUIPlugin:80 - create IPUIPlugin
2026-04-04 16:41:40,900 [INFO] PluginManager:220 - loadIPPluginJar : add lorawan
2026-04-04 16:41:40,901 [INFO] IPUIPlugin:80 - create IPUIPlugin
2026-04-04 16:41:40,901 [INFO] PluginManager:220 - loadIPPluginJar : add ltdc
2026-04-04 16:41:40,905 [INFO] IPUIPlugin:80 - create IPUIPlugin
2026-04-04 16:41:40,905 [INFO] PluginManager:220 - loadIPPluginJar : add mdma
2026-04-04 16:41:40,908 [INFO] IPUIPlugin:80 - create IPUIPlugin
2026-04-04 16:41:40,908 [INFO] PluginManager:220 - loadIPPluginJar : add nvic
2026-04-04 16:41:40,912 [INFO] IPUIPlugin:80 - create IPUIPlugin
2026-04-04 16:41:40,912 [INFO] PluginManager:220 - loadIPPluginJar : add opamp
2026-04-04 16:41:40,915 [INFO] IPUIPlugin:80 - create IPUIPlugin
2026-04-04 16:41:40,915 [INFO] PluginManager:220 - loadIPPluginJar : add openamp
2026-04-04 16:41:40,917 [INFO] IPUIPlugin:80 - create IPUIPlugin
2026-04-04 16:41:40,917 [INFO] PluginManager:220 - loadIPPluginJar : add pdm2pcm
2026-04-04 16:41:40,921 [INFO] IPUIPlugin:80 - create IPUIPlugin
2026-04-04 16:41:40,923 [INFO] PluginManager:220 - loadIPPluginJar : add plateformsettings
2026-04-04 16:41:40,925 [INFO] IPUIPlugin:80 - create IPUIPlugin
2026-04-04 16:41:40,925 [INFO] PluginManager:220 - loadIPPluginJar : add quadspi
2026-04-04 16:41:40,928 [INFO] IPUIPlugin:80 - create IPUIPlugin
2026-04-04 16:41:40,928 [INFO] PluginManager:220 - loadIPPluginJar : add radio
2026-04-04 16:41:40,930 [INFO] IPUIPlugin:80 - create IPUIPlugin
2026-04-04 16:41:40,931 [INFO] PluginManager:220 - loadIPPluginJar : add resmgrutility
2026-04-04 16:41:40,933 [INFO] IPUIPlugin:80 - create IPUIPlugin
2026-04-04 16:41:40,933 [INFO] PluginManager:220 - loadIPPluginJar : add sai
2026-04-04 16:41:40,934 [INFO] IPUIPlugin:80 - create IPUIPlugin
2026-04-04 16:41:40,935 [INFO] PluginManager:220 - loadIPPluginJar : add spi
2026-04-04 16:41:40,939 [INFO] IPUIPlugin:80 - create IPUIPlugin
2026-04-04 16:41:40,939 [INFO] PluginManager:220 - loadIPPluginJar : add stm32_wpan
2026-04-04 16:41:40,941 [INFO] IPUIPlugin:80 - create IPUIPlugin
2026-04-04 16:41:40,941 [INFO] PluginManager:220 - loadIPPluginJar : add tim
2026-04-04 16:41:40,943 [INFO] IPUIPlugin:80 - create IPUIPlugin
2026-04-04 16:41:40,943 [INFO] PluginManager:220 - loadIPPluginJar : add touchsensing
2026-04-04 16:41:40,945 [INFO] IPUIPlugin:80 - create IPUIPlugin
2026-04-04 16:41:40,945 [INFO] PluginManager:220 - loadIPPluginJar : add tracer_emb
2026-04-04 16:41:40,946 [INFO] IPUIPlugin:80 - create IPUIPlugin
2026-04-04 16:41:40,947 [INFO] PluginManager:220 - loadIPPluginJar : add ts
2026-04-04 16:41:40,948 [INFO] IPUIPlugin:80 - create IPUIPlugin
2026-04-04 16:41:40,948 [INFO] PluginManager:220 - loadIPPluginJar : add tsc
2026-04-04 16:41:40,949 [INFO] IPUIPlugin:80 - create IPUIPlugin
2026-04-04 16:41:40,950 [INFO] PluginManager:220 - loadIPPluginJar : add ucpd
2026-04-04 16:41:40,951 [INFO] IPUIPlugin:80 - create IPUIPlugin
2026-04-04 16:41:40,951 [INFO] PluginManager:220 - loadIPPluginJar : add usart
2026-04-04 16:41:40,954 [INFO] IPUIPlugin:80 - create IPUIPlugin
2026-04-04 16:41:40,954 [INFO] PluginManager:220 - loadIPPluginJar : add usbx
2026-04-04 16:41:41,082 [FATAL] Updater:351 - Updater called before beeing initialized
2026-04-04 16:41:41,116 [INFO] RulesReader:64 - Compatibility file has been processed (317 Rules)
2026-04-04 16:41:41,126 [INFO] RulesReader:64 - Compatibility file has been processed (317 Rules)
2026-04-04 16:41:41,135 [INFO] CADModel:165 - CPN selected for project level
2026-04-04 16:41:41,135 [INFO] CADModel:114 - Register for checkConnection events
2026-04-04 16:41:41,135 [FATAL] Updater:351 - Updater called before beeing initialized
2026-04-04 16:41:41,135 [ERROR] CADModel:125 - Updater not yet initialized, retry later 
2026-04-04 16:41:41,270 [FATAL] Updater:351 - Updater called before beeing initialized
2026-04-04 16:41:41,271 [INFO] CADModel:165 - CPN selected for project level
2026-04-04 16:41:41,271 [INFO] CADModel:114 - Register for checkConnection events
2026-04-04 16:41:41,271 [FATAL] Updater:351 - Updater called before beeing initialized
2026-04-04 16:41:41,271 [ERROR] CADModel:125 - Updater not yet initialized, retry later 
2026-04-04 16:41:41,273 [FATAL] Updater:351 - Updater called before beeing initialized
2026-04-04 16:41:41,399 [FATAL] Updater:351 - Updater called before beeing initialized
2026-04-04 16:41:41,405 [INFO] DbMcusAds:53 - JSON generation date=Thu Mar 05 09:32:52 EST 2026 (1772721172890)
2026-04-04 16:41:41,406 [FATAL] Updater:351 - Updater called before beeing initialized
2026-04-04 16:41:41,441 [WARN] DetailPanel:346 - Failed to get advertising image, set to default
2026-04-04 16:41:41,566 [FATAL] Updater:351 - Updater called before beeing initialized
2026-04-04 16:41:41,567 [FATAL] Updater:351 - Updater called before beeing initialized
2026-04-04 16:41:41,568 [FATAL] Updater:351 - Updater called before beeing initialized
2026-04-04 16:41:41,568 [WARN] DetailPanel:346 - Failed to get advertising image, set to default
2026-04-04 16:41:41,568 [FATAL] Updater:351 - Updater called before beeing initialized
2026-04-04 16:41:41,618 [ERROR] Updater:1198 - MainUpdater not yet initialized. External WinMGr cannot be set.
2026-04-04 16:41:41,620 [INFO] Updater:1134 - Updater Version found : 6.15.0
2026-04-04 16:41:41,632 [INFO] ApplicationProperties:184 - Using Application install path: C:\ST\STM32CubeIDE_1.19.0\STM32CubeIDE\plugins\com.st.stm32cube.common.mx_6.15.0.202507011659
2026-04-04 16:41:43,202 [ERROR] LogOutputStream:75 - [STDERR_REDIRECT] Apr 04, 2026 4:41:43 PM java.util.prefs.WindowsPreferences <init>
2026-04-04 16:41:43,204 [ERROR] LogOutputStream:75 - [STDERR_REDIRECT] WARNING: Could not open/create prefs root node Software\JavaSoft\Prefs at root 0xffffffff80000002. Windows RegCreateKeyEx(...) returned error code 5.
2026-04-04 16:41:43,204 [ERROR] LogOutputStream:75 - [STDERR_REDIRECT] 
2026-04-04 16:41:43,224 [INFO] ThirdPartyUpdaterWithRetryManager:70 - Updater plugin not ready yet. [2/15]
2026-04-04 16:41:43,505 [INFO] MainUpdater:2872 - connection check result : 10
2026-04-04 16:41:43,506 [INFO] MainUpdater:289 - Updater Check For Update Now.
2026-04-04 16:41:43,506 [INFO] MicroXplorer:498 - Change Database Version : DB.6.0.150
2026-04-04 16:41:43,520 [INFO] McuFinderGlobals:63 - Set McuFinder mode to 2 (CubeIDE integrated)
2026-04-04 16:41:43,520 [INFO] UserAuth:171 - activating auth plugin
2026-04-04 16:41:43,522 [INFO] UserAuth:487 - Internet connection configuration mode: 1
2026-04-04 16:41:43,542 [INFO] JxBrowserEngine:152 - Initiate JxBrowser Engine with user profile folder
2026-04-04 16:41:43,689 [INFO] CheckServerUpdateThread:120 - End of CheckServer Thread
2026-04-04 16:41:44,371 [INFO] WebApp:169 - Instantiating new browser for Auth
2026-04-04 16:41:45,176 [INFO] WebApp:463 - Apply proxy settings
2026-04-04 16:41:45,177 [INFO] WebApp:548 - Chromium requires no authentication
2026-04-04 16:41:45,183 [INFO] WebApp:491 - Direct internet connection detected
2026-04-04 16:41:45,202 [INFO] WebApp:900 - Register for checkConnection events
2026-04-04 16:41:45,202 [INFO] WebApp:463 - Apply proxy settings
2026-04-04 16:41:45,202 [INFO] WebApp:548 - Chromium requires no authentication
2026-04-04 16:41:45,204 [INFO] WebApp:491 - Direct internet connection detected
2026-04-04 16:41:45,382 [INFO] WebApp:191 - Connection restablished
2026-04-04 16:41:45,395 [INFO] WebApp:225 - Starting web application
2026-04-04 16:41:45,395 [INFO] WebApp:593 - Web application path used C:\ST\STM32CubeIDE_1.19.0\STM32CubeIDE\plugins\com.st.stm32cube.common.mx_6.15.0.202507011659\db\plugins\mcufinder\reactClient1\index.html
2026-04-04 16:41:46,622 [WARN] PackLoader:240 - Cannot read IP mode file for STMicroelectronics.X-CUBE-AZRTOS-H7.3.5.0
2026-04-04 16:41:46,636 [WARN] PackLoader:240 - Cannot read IP mode file for STMicroelectronics.FP-ATR-ASTRA1.2.0.2
2026-04-04 16:41:46,652 [WARN] PackLoader:240 - Cannot read IP mode file for STMicroelectronics.X-CUBE-SMBUS.2.1.0
2026-04-04 16:41:46,671 [WARN] PackLoader:240 - Cannot read IP mode file for STMicroelectronics.X-CUBE-AZRTOS-F7.1.1.0
2026-04-04 16:41:46,680 [WARN] PackLoader:240 - Cannot read IP mode file for STMicroelectronics.FP-SNS-MOTENV1.5.1.0
2026-04-04 16:41:46,691 [WARN] PackLoader:240 - Cannot read IP mode file for WES.I-CUBE-Cesium.1.4.0
2026-04-04 16:41:46,700 [WARN] PackLoader:240 - Cannot read IP mode file for STMicroelectronics.X-CUBE-DISPLAY.3.0.0
2026-04-04 16:41:46,707 [WARN] PackLoader:240 - Cannot read IP mode file for STMicroelectronics.FP-SNS-MOTENVWB1.1.5.0
2026-04-04 16:41:46,717 [WARN] PackLoader:240 - Cannot read IP mode file for STMicroelectronics.X-CUBE-NFC10.1.0.0
2026-04-04 16:41:46,723 [WARN] PackLoader:240 - Cannot read IP mode file for STMicroelectronics.X-CUBE-ST60.1.1.0
2026-04-04 16:41:46,731 [WARN] PackLoader:240 - Cannot read IP mode file for emotas.I-CUBE-CANOPEN.1.3.0
2026-04-04 16:41:46,736 [WARN] PackLoader:240 - Cannot read IP mode file for STMicroelectronics.X-CUBE-GNSS1.7.1.0
2026-04-04 16:41:46,745 [WARN] PackLoader:240 - Cannot read IP mode file for STMicroelectronics.FP-SNS-STBOX1.2.1.0
2026-04-04 16:41:46,751 [WARN] PackLoader:240 - Cannot read IP mode file for STMicroelectronics.FP-SNS-SMARTAG2.1.2.0
2026-04-04 16:41:46,756 [WARN] PackLoader:240 - Cannot read IP mode file for STMicroelectronics.FP-SNS-FLIGHT1.5.1.0
2026-04-04 16:41:46,765 [INFO] LogOutputStream:77 - [STDOUT_REDIRECT] 1 : Invalid condition id : UX_CORESTACK_Condition cause : null
2026-04-04 16:41:46,765 [INFO] LogOutputStream:77 - [STDOUT_REDIRECT] 1 : Invalid condition id : UX_CORESTACK_Condition cause : null
2026-04-04 16:41:46,766 [INFO] LogOutputStream:77 - [STDOUT_REDIRECT] 1 : Invalid condition id : UX_CORESTACK_Condition cause : null
2026-04-04 16:41:46,767 [INFO] LogOutputStream:77 - [STDOUT_REDIRECT] 1 : Invalid condition id : UX_CORESTACK_Condition cause : null
2026-04-04 16:41:46,768 [INFO] LogOutputStream:77 - [STDOUT_REDIRECT] 1 : Invalid condition id : UX_CORESTACK_Condition cause : null
2026-04-04 16:41:46,771 [WARN] PackLoader:240 - Cannot read IP mode file for STMicroelectronics.X-CUBE-AZRTOS-WL.2.0.0
2026-04-04 16:41:46,788 [WARN] PackLoader:240 - Cannot read IP mode file for STMicroelectronics.X-CUBE-AZRTOS-H7RS.1.2.0
2026-04-04 16:41:46,797 [WARN] PackLoader:240 - Cannot read IP mode file for STMicroelectronics.X-CUBE-BLE2.3.3.0
2026-04-04 16:41:46,837 [WARN] PackLoader:240 - Cannot read IP mode file for Infineon.AIROC-Wi-Fi-Bluetooth-STM32.1.8.0
2026-04-04 16:41:46,847 [WARN] PackLoader:240 - Cannot read IP mode file for STMicroelectronics.X-CUBE-NFC9.1.0.0
2026-04-04 16:41:46,852 [WARN] PackLoader:240 - Cannot read IP mode file for STMicroelectronics.X-CUBE-BLE1.7.1.0
2026-04-04 16:41:46,856 [WARN] PackLoader:240 - Cannot read IP mode file for wolfSSL.I-CUBE-wolfMQTT.1.19.2
2026-04-04 16:41:46,862 [WARN] PackLoader:240 - Cannot read IP mode file for STMicroelectronics.X-CUBE-EEPRMA1.5.2.0
2026-04-04 16:41:46,866 [WARN] PackLoader:240 - Cannot read IP mode file for wolfSSL.I-CUBE-wolfSSL.5.8.4
2026-04-04 16:41:46,870 [WARN] PackLoader:240 - Cannot read IP mode file for Cesanta.I-CUBE-Mongoose.7.20.0
2026-04-04 16:41:46,900 [WARN] PackLoader:240 - Cannot read IP mode file for STMicroelectronics.X-CUBE-MEMS1.12.0.0
2026-04-04 16:41:46,979 [WARN] PackLoader:240 - Cannot read IP mode file for STMicroelectronics.X-CUBE-AZRTOS-G0.1.1.0
2026-04-04 16:41:46,984 [WARN] PackLoader:240 - Cannot read IP mode file for STMicroelectronics.X-CUBE-NFC4.3.0.0
2026-04-04 16:41:46,992 [WARN] PackLoader:240 - Cannot read IP mode file for EmbeddedOffice.I-CUBE-FS-RTOS.1.0.1
2026-04-04 16:41:46,998 [WARN] PackLoader:240 - Cannot read IP mode file for STMicroelectronics.X-CUBE-WB05N.2.0.0
2026-04-04 16:41:47,002 [WARN] PackLoader:240 - Cannot read IP mode file for wolfSSL.I-CUBE-wolfTPM.3.8.0
2026-04-04 16:41:47,006 [WARN] PackLoader:240 - Cannot read IP mode file for STMicroelectronics.X-CUBE-TCPP.4.2.0
2026-04-04 16:41:47,013 [WARN] PackLoader:240 - Cannot read IP mode file for RealThread.X-CUBE-RT-Thread_Nano.4.1.1
2026-04-04 16:41:47,017 [WARN] PackLoader:240 - Cannot read IP mode file for STMicroelectronics.FP-ATR-SIGFOX1.3.2.0
2026-04-04 16:41:47,025 [WARN] PackLoader:240 - Cannot read IP mode file for STMicroelectronics.X-CUBE-FREERTOS.1.5.0
2026-04-04 16:41:47,034 [WARN] PackLoader:240 - Cannot read IP mode file for ITTIA_DB.I-CUBE-ITTIADB.8.9.0
2026-04-04 16:41:47,040 [WARN] PackLoader:240 - Cannot read IP mode file for STMicroelectronics.X-CUBE-NFC6.3.2.0
2026-04-04 16:41:47,048 [WARN] PackLoader:240 - Cannot read IP mode file for STMicroelectronics.X-CUBE-AI.10.2.0
2026-04-04 16:41:47,095 [WARN] PackLoader:240 - Cannot read IP mode file for SEGGER.I-CUBE-embOS.1.3.1
2026-04-04 16:41:47,145 [WARN] PackLoader:240 - Cannot read IP mode file for STMicroelectronics.X-CUBE-ALGOBUILD.1.4.0
2026-04-04 16:41:47,150 [WARN] PackLoader:240 - Cannot read IP mode file for STMicroelectronics.X-CUBE-PM33A1.1.0.0
2026-04-04 16:41:47,169 [WARN] PackLoader:240 - Cannot read IP mode file for STMicroelectronics.X-CUBE-AZRTOS-F4.1.1.0
2026-04-04 16:41:47,178 [WARN] PackLoader:240 - Cannot read IP mode file for STMicroelectronics.X-CUBE-ISPU.2.1.0
2026-04-04 16:41:47,196 [WARN] PackLoader:240 - Cannot read IP mode file for STMicroelectronics.X-CUBE-IPS.3.2.0
2026-04-04 16:41:47,210 [WARN] PackLoader:240 - Cannot read IP mode file for STMicroelectronics.eDS-WB_DPC_TT-BIDIR.2.1.1
2026-04-04 16:41:47,219 [WARN] PackLoader:240 - Cannot read IP mode file for STMicroelectronics.X-CUBE-NFC12.1.0.0
2026-04-04 16:41:47,240 [WARN] PackLoader:240 - Cannot read IP mode file for STMicroelectronics.X-CUBE-AZRTOS-L5.2.0.0
2026-04-04 16:41:47,247 [WARN] PackLoader:240 - Cannot read IP mode file for STMicroelectronics.eDS-WB_DPC_VIENNA.1.2.0
2026-04-04 16:41:47,251 [WARN] PackLoader:240 - Cannot read IP mode file for STMicroelectronics.eDS-WB_DPC_3PH2L-BIDIR.1.1.1
2026-04-04 16:41:47,257 [WARN] PackLoader:240 - Cannot read IP mode file for STMicroelectronics.X-CUBE-TOUCHGFX.4.26.1
2026-04-04 16:41:47,263 [WARN] PackLoader:240 - Cannot read IP mode file for STMicroelectronics.FP-SNS-STAIOTCFT.1.0.0
2026-04-04 16:41:47,267 [WARN] PackLoader:240 - Cannot read IP mode file for STMicroelectronics.X-CUBE-DPower.1.3.0
2026-04-04 16:41:47,284 [WARN] ConditionMgr:438 - getConditionDescription Invalid condition id : LAN8742 Phy interface Condition cause : null
2026-04-04 16:41:47,285 [WARN] PackLoader:240 - Cannot read IP mode file for STMicroelectronics.X-CUBE-AZRTOS-L4.2.0.0
2026-04-04 16:41:47,286 [WARN] ConditionMgr:1044 - genDependencies : Invalid condition id : LAN8742 Phy interface Condition cause : null
2026-04-04 16:41:47,287 [WARN] ConditionMgr:1044 - genDependencies : Invalid condition id : LAN8742 Phy interface Condition cause : null
2026-04-04 16:41:47,288 [WARN] ConditionMgr:1044 - genDependencies : Invalid condition id : LAN8742 Phy interface Condition cause : null
2026-04-04 16:41:47,297 [WARN] PackLoader:240 - Cannot read IP mode file for STMicroelectronics.X-CUBE-SFXS2LP1.4.0.0
2026-04-04 16:41:47,308 [WARN] PackLoader:240 - Cannot read IP mode file for STMicroelectronics.X-CUBE-ST67W61.1.2.0
2026-04-04 16:41:47,327 [WARN] PackLoader:240 - Cannot read IP mode file for STMicroelectronics.X-CUBE-BLEMGR.4.1.0
2026-04-04 16:41:47,349 [WARN] ConditionMgr:438 - getConditionDescription Invalid condition id : UX DEVICE CLASS RTOS Condition cause : null
2026-04-04 16:41:47,349 [WARN] ConditionMgr:438 - getConditionDescription Invalid condition id : UX DEVICE CLASS RTOS Condition cause : null
2026-04-04 16:41:47,351 [WARN] PackLoader:240 - Cannot read IP mode file for STMicroelectronics.X-CUBE-AZRTOS-WB.2.0.0
2026-04-04 16:41:47,352 [WARN] ConditionMgr:1044 - genDependencies : Invalid condition id : UX DEVICE CLASS RTOS Condition cause : null
2026-04-04 16:41:47,352 [WARN] ConditionMgr:1044 - genDependencies : Invalid condition id : UX DEVICE CLASS RTOS Condition cause : null
2026-04-04 16:41:47,353 [WARN] ConditionMgr:1044 - genDependencies : Invalid condition id : UX DEVICE CLASS RTOS Condition cause : null
2026-04-04 16:41:47,353 [WARN] ConditionMgr:1044 - genDependencies : Invalid condition id : UX DEVICE CLASS RTOS Condition cause : null
2026-04-04 16:41:47,353 [WARN] ConditionMgr:1044 - genDependencies : Invalid condition id : UX DEVICE CLASS RTOS Condition cause : null
2026-04-04 16:41:47,361 [WARN] ConditionMgr:438 - getConditionDescription Invalid condition id : Cortex-A Device cause : null
2026-04-04 16:41:47,374 [WARN] ConditionMgr:1044 - genDependencies : Invalid condition id : Cortex-A Device cause : null
2026-04-04 16:41:47,374 [WARN] ConditionMgr:1044 - genDependencies : Invalid condition id : Cortex-A Device cause : null
2026-04-04 16:41:47,375 [WARN] ConditionMgr:1044 - genDependencies : Invalid condition id : Cortex-A Device cause : null
2026-04-04 16:41:47,383 [WARN] PackLoader:240 - Cannot read IP mode file for STMicroelectronics.X-CUBE-STSE01.2.0.0
2026-04-04 16:41:47,397 [WARN] PackLoader:240 - Cannot read IP mode file for STMicroelectronics.X-CUBE-SUBG2.5.0.0
2026-04-04 16:41:47,420 [WARN] PackLoader:240 - Cannot read IP mode file for STMicroelectronics.X-CUBE-AZRTOS-G4.2.0.0
2026-04-04 16:41:47,425 [WARN] PackLoader:240 - Cannot read IP mode file for wolfSSL.I-CUBE-wolfSSH.1.4.20
2026-04-04 16:41:47,430 [WARN] PackLoader:240 - Cannot read IP mode file for STMicroelectronics.X-CUBE-NFC7.2.0.0
2026-04-04 16:41:47,435 [WARN] PackLoader:240 - Cannot read IP mode file for STMicroelectronics.X-CUBE-ALS.1.0.2
2026-04-04 16:41:47,445 [WARN] PackLoader:240 - Cannot read IP mode file for STMicroelectronics.X-CUBE-TOF1.3.4.3
2026-04-04 16:41:47,452 [INFO] ThirdParty:978 - Integrity check success = true
2026-04-04 16:41:47,452 [INFO] IntegrityCheckThread:100 - exiting critical section [integrity check]
2026-04-04 16:41:47,452 [INFO] IntegrityCheckThread:103 - End integrity checks thread
2026-04-04 16:42:22,589 [INFO] McuFinderGlobals:63 - Set McuFinder mode to 2 (CubeIDE integrated)
2026-04-04 16:42:22,590 [INFO] UserAuth:171 - activating auth plugin
2026-04-04 16:42:22,593 [INFO] UserAuth:487 - Internet connection configuration mode: 1
2026-04-04 16:42:35,910 [INFO] WebApp:652 - userauth.ini deleted or not created
2026-04-04 16:42:41,811 [INFO] McuFinderGlobals:63 - Set McuFinder mode to 2 (CubeIDE integrated)
2026-04-04 16:42:41,811 [INFO] UserAuth:171 - activating auth plugin
2026-04-04 16:42:41,813 [INFO] UserAuth:487 - Internet connection configuration mode: 1
2026-04-04 16:42:46,178 [INFO] MainUpdater:2872 - connection check result : 10
2026-04-04 16:42:46,853 [INFO] CheckServerUpdateThread:120 - End of CheckServer Thread
2026-04-04 16:43:20,502 [INFO] McuFinderGlobals:63 - Set McuFinder mode to 2 (CubeIDE integrated)
2026-04-04 16:43:21,645 [INFO] MainUpdater:2872 - connection check result : 10
2026-04-04 16:43:21,646 [INFO] MainUpdater:2872 - connection check result : 10
2026-04-04 16:43:21,693 [INFO] MicroXplorer:468 - Change Database Path : 
2026-04-04 16:43:21,694 [INFO] MicroXplorer:498 - Change Database Version : DB.6.0.150
2026-04-04 16:43:21,700 [WARN] ThirdParty:871 - waiting for thirdparty lock release [close project]
2026-04-04 16:43:21,700 [INFO] ThirdParty:873 - entering critical section [close project]
2026-04-04 16:43:21,701 [INFO] ThirdParty:883 - exiting critical section [close project]
2026-04-04 16:43:21,703 [INFO] PinOutPanel:1589 - setPackage(No Configuration,No Configuration)
2026-04-04 16:43:21,704 [INFO] UtilMem:75 - Begin LoadConfig() Used Memory: 297703416 Bytes (360710144)
2026-04-04 16:43:21,706 [INFO] MicroXplorer:468 - Change Database Path : 
2026-04-04 16:43:21,706 [INFO] MicroXplorer:498 - Change Database Version : DB.6.0.150
2026-04-04 16:43:21,706 [INFO] OpenFileManager:355 - Change cursor
2026-04-04 16:43:21,745 [INFO] Mcu:2029 - Initializing MCU STM32F446Z(C-E)Tx STM32F446ZETx STM32F446ZET6
2026-04-04 16:43:24,133 [INFO] Context:786 - Trying to add GPIOservice into a context  which must be forbidden
2026-04-04 16:43:24,643 [INFO] ImportTextPane:234 - (OptionalMessage_ERROR) Pin29 (VP_RIF_VS_RIF1) cannot be retrieved for this MCU
2026-04-04 16:43:24,810 [INFO] RtosManager:558 - Registered RTOS mode: class=CMSIS, group=RTOS, mode=CMSIS_V1, owner=FREERTOS
2026-04-04 16:43:24,811 [INFO] RtosManager:558 - Registered RTOS mode: class=CMSIS, group=RTOS2, mode=CMSIS_V2, owner=FREERTOS
2026-04-04 16:43:24,811 [INFO] RtosManager:558 - Registered RTOS mode: class=RTOS, group=Core, mode=CMSIS_V1, owner=FREERTOS
2026-04-04 16:43:24,811 [INFO] RtosManager:558 - Registered RTOS mode: class=RTOS, group=Core, mode=CMSIS_V2, owner=FREERTOS
2026-04-04 16:43:24,811 [WARN] ModelIntegratedComponent:184 - Missing modes for component STMicroelectronics:FreeRTOS:0.0.1:STMicroelectronics:RTOS:FreeRTOS:Core:::10.2.0:
2026-04-04 16:43:24,840 [WARN] ModelIntegratedComponent:63 - No mode defined for component null
2026-04-04 16:43:24,840 [WARN] ModelIntegratedComponent:63 - No mode defined for component null
2026-04-04 16:43:24,840 [WARN] ModelIntegratedComponent:63 - No mode defined for component null
2026-04-04 16:43:24,840 [WARN] ModelIntegratedComponent:63 - No mode defined for component null
2026-04-04 16:43:24,840 [WARN] ModelIntegratedComponent:63 - No mode defined for component null
2026-04-04 16:43:24,840 [WARN] ModelIntegratedComponent:63 - No mode defined for component null
2026-04-04 16:43:24,840 [WARN] ModelIntegratedComponent:63 - No mode defined for component null
2026-04-04 16:43:24,840 [WARN] ModelIntegratedComponent:63 - No mode defined for component null
2026-04-04 16:43:24,841 [WARN] ModelIntegratedComponent:63 - No mode defined for component null
2026-04-04 16:43:24,841 [WARN] ModelIntegratedComponent:63 - No mode defined for component null
2026-04-04 16:43:24,841 [WARN] ModelIntegratedComponent:63 - No mode defined for component null
2026-04-04 16:43:24,841 [WARN] ModelIntegratedComponent:63 - No mode defined for component null
2026-04-04 16:43:24,841 [WARN] ModelIntegratedComponent:63 - No mode defined for component null
2026-04-04 16:43:24,841 [WARN] ModelIntegratedComponent:63 - No mode defined for component null
2026-04-04 16:43:24,841 [WARN] ModelIntegratedComponent:63 - No mode defined for component null
2026-04-04 16:43:24,841 [WARN] ModelIntegratedComponent:63 - No mode defined for component null
2026-04-04 16:43:24,841 [WARN] ModelIntegratedComponent:63 - No mode defined for component null
2026-04-04 16:43:24,841 [WARN] ModelIntegratedComponent:63 - No mode defined for component null
2026-04-04 16:43:24,841 [WARN] ModelIntegratedComponent:63 - No mode defined for component null
2026-04-04 16:43:24,841 [WARN] ModelIntegratedComponent:63 - No mode defined for component null
2026-04-04 16:43:24,841 [WARN] ModelIntegratedComponent:63 - No mode defined for component null
2026-04-04 16:43:24,841 [WARN] ModelIntegratedComponent:63 - No mode defined for component null
2026-04-04 16:43:24,841 [WARN] ModelIntegratedComponent:63 - No mode defined for component null
2026-04-04 16:43:24,841 [WARN] ModelIntegratedComponent:63 - No mode defined for component null
2026-04-04 16:43:24,841 [WARN] ModelIntegratedComponent:63 - No mode defined for component null
2026-04-04 16:43:24,842 [WARN] ModelIntegratedComponent:63 - No mode defined for component null
2026-04-04 16:43:24,842 [WARN] ModelIntegratedComponent:63 - No mode defined for component null
2026-04-04 16:43:24,842 [WARN] ModelIntegratedComponent:63 - No mode defined for component null
2026-04-04 16:43:24,842 [WARN] ModelIntegratedComponent:63 - No mode defined for component null
2026-04-04 16:43:24,842 [WARN] ModelIntegratedComponent:63 - No mode defined for component null
2026-04-04 16:43:24,842 [WARN] ModelIntegratedComponent:63 - No mode defined for component null
2026-04-04 16:43:24,842 [WARN] ModelIntegratedComponent:63 - No mode defined for component null
2026-04-04 16:43:24,842 [WARN] ModelIntegratedComponent:63 - No mode defined for component null
2026-04-04 16:43:24,842 [WARN] ModelIntegratedComponent:63 - No mode defined for component null
2026-04-04 16:43:24,842 [WARN] ModelIntegratedComponent:63 - No mode defined for component null
2026-04-04 16:43:24,842 [WARN] ModelPack:524 - Component already loaded: STMicroelectronics:HAL Drivers:0.0.0:STMicroelectronics:Device:STMicro_Driver:XSPI:HAL::0.0.1:HAL_XSPI
2026-04-04 16:43:24,873 [INFO] ThirdPartyModel:298 - Start build external matchings
2026-04-04 16:43:25,141 [INFO] ThirdPartyModel:316 - End build external matchings
2026-04-04 16:43:25,154 [INFO] RtosManager:1018 - Current active RTOS is FREERTOS [Cortex-M4NS]
2026-04-04 16:43:25,801 [INFO] ApiDb:581 - Connected to CubeFinder SQLite database (C:\Users\salehir\.stmcufinder\plugins\mcufinder\mcu\cube-finder-db.db)
2026-04-04 16:43:25,892 [INFO] ApiDb:668 - CubeFinder database Data Model version=2.1
2026-04-04 16:43:25,892 [INFO] ApiDb:669 - CubeFinder database Configuration version=3.0.42
2026-04-04 16:43:25,892 [INFO] ApiDb:670 - CubeFinder database generation date=2026-03-11 (1773229989)
2026-04-04 16:43:25,892 [INFO] ApiDb:671 - CubeFinder database FW Pack versions=[FP-ATR-ASTRA1_V2.0.0, FP-SNS-FLIGHT1_V5.1.0, FP-SNS-MOTENV1_V5.1.0, FP-SNS-MOTENVWB1_V1.5.0, FP-SNS-SMARTAG2_V1.2.0, FP-SNS-STBOX1_V2.1.0, STM32Cube_FW_C0_V1.4.0, STM32Cube_FW_F4_V1.28.3, STM32Cube_FW_F7_V1.17.4, STM32Cube_FW_G0_V1.6.3, STM32Cube_FW_G4_V1.6.2, STM32Cube_FW_H5_V1.6.0, STM32Cube_FW_H7RS_V1.3.0, STM32Cube_FW_H7_V1.13.0, STM32Cube_FW_L0_V1.12.2, STM32Cube_FW_L4_V1.18.2, STM32Cube_FW_L5_V1.6.0, STM32Cube_FW_N6_V1.3.0, STM32Cube_FW_U0_V1.3.0, STM32Cube_FW_U3_V1.3.0, STM32Cube_FW_U5_V1.8.0, STM32Cube_FW_WB0_V1.4.0, STM32Cube_FW_WBA_V1.9.0, STM32Cube_FW_WB_V1.24.0, STM32Cube_FW_WL3_V1.4.0, STM32Cube_FW_WL_V1.5.0, X-CUBE-ALGOBUILD_V1.4.0, X-CUBE-ALS_V1.0.2, X-CUBE-AZRTOS-F4_V1.1.0, X-CUBE-AZRTOS-F7_V1.1.0, X-CUBE-AZRTOS-G0_V1.1.0, X-CUBE-AZRTOS-G4_V2.0.0, X-CUBE-AZRTOS-H7RS_V1.1.0, X-CUBE-AZRTOS-H7_V3.4.0, X-CUBE-AZRTOS-L4_V2.0.0, X-CUBE-AZRTOS-L5_V2.0.0, X-CUBE-AZRTOS-WB_V2.0.0, X-CUBE-AZRTOS-WL_V2.0.0, X-CUBE-BLE1_V7.1.0, X-CUBE-BLE2_V3.3.0, X-CUBE-BLEMGR_V4.1.0, X-CUBE-EEPRMA1_V5.2.0, X-CUBE-FREERTOS_V1.5.0, X-CUBE-GNSS1_V6.0.0, X-CUBE-MEMS1_V12.0.0, X-CUBE-NFC4_V3.0.0, X-CUBE-NFC7_V2.0.0, X-CUBE-SFXS2LP1_V4.0.0, X-CUBE-ST67W61_V1.2.0, X-CUBE-SUBG2_V5.0.0, X-CUBE-TOF1_V3.4.3]
2026-04-04 16:43:26,002 [INFO] DbBoardsSqlite:226 - include board P-NUCLEO-WB55-NUCLEO as a kit item of type 'Nucleo-64'
2026-04-04 16:43:26,002 [INFO] DbBoardsSqlite:226 - include board P-NUCLEO-WB55-USBDONGLE as a kit item of type 'Nucleo USB Dongle'
2026-04-04 16:43:26,003 [INFO] DbBoardsSqlite:226 - include board STEVAL-IDP005V1 as a kit item of type 'Evaluation Board'
2026-04-04 16:43:26,003 [INFO] DbBoardsSqlite:226 - include board STEVAL-IDP005V2 as a kit item of type 'Evaluation Board'
2026-04-04 16:43:26,433 [INFO] ApiDb:240 - Found 880 in-development CPN: [B-G473E-ZEST1S, B-WB1M-WPAN1, B-WBA5M-WPAN, B-WL5M-SUBG1, NUCLEO-C031C6, NUCLEO-C051C8, NUCLEO-C071RB, NUCLEO-C092RC, NUCLEO-H503RB, NUCLEO-H533RE, NUCLEO-H563ZI, NUCLEO-H7S3L8, NUCLEO-N657X0-Q, NUCLEO-U031R8, NUCLEO-U083RC, NUCLEO-U385RG-Q, NUCLEO-U545RE-Q, NUCLEO-U5A5ZJ-Q, NUCLEO-WB05KZ, NUCLEO-WB07CC, NUCLEO-WB09KE, NUCLEO-WBA52CG, NUCLEO-WBA55CG, NUCLEO-WL33CC1, NUCLEO-WL33CC2, STEVAL-PROTEUS1, STEVAL-SMARTAG2, STEVAL-STWINBX1, STM320518-EVAL, STM32C0116-DK, STM32C011D6Y3TR, STM32C011D6Y6TR, STM32C011F4P3, STM32C011F4P6, STM32C011F4U3, STM32C011F4U6TR, STM32C011F6P3, STM32C011F6P6, STM32C011F6U3, STM32C011F6U6TR, STM32C011J4M3, STM32C011J4M6, STM32C011J6M3, STM32C011J6M6, STM32C0316-DK, STM32C031C4T3, STM32C031C4T6, STM32C031C4U3, STM32C031C4U6, STM32C031C6T3, STM32C031C6T6, STM32C031C6U3, STM32C031C6U6, STM32C031F4P3, STM32C031F4P6, STM32C031F6P3, STM32C031F6P6, STM32C031G4U3, STM32C031G4U6, STM32C031G6U3, STM32C031G6U6, STM32C031K4T3, STM32C031K4T6, STM32C031K4U3, STM32C031K4U6, STM32C031K6T3, STM32C031K6T6, STM32C031K6U3, STM32C031K6U6, STM32C051C6T6, STM32C051C6U6, STM32C051C8T6, STM32C051C8U6, STM32C051D8Y6TR, STM32C051F6P6, STM32C051F8P6, STM32C051G6U6, STM32C051G8U6, STM32C051K6T6, STM32C051K6U6, STM32C051K8T6, STM32C071C8T6, STM32C071C8T6N, STM32C071C8U6, STM32C071C8U6N, STM32C071CBT6, STM32C071CBT6N, STM32C071CBU6, STM32C071CBU6N, STM32C071F8P6, STM32C071F8P6N, STM32C071FBP6, STM32C071FBP6N, STM32C071FBY6TR, STM32C071G8U6, STM32C071G8U6N, STM32C071GBU6, STM32C071GBU6N, STM32C071K8T6, STM32C071K8T6N, STM32C071K8U6, STM32C071K8U6N, STM32C071KBT6, STM32C071KBT6N, STM32C071KBU6, STM32C071KBU6N, STM32C071R8T6, STM32C071R8T6N, STM32C071RBI6N, STM32C071RBT6, STM32C071RBT6N, STM32C091CBT6, STM32C091CBU6, STM32C091CCT6, STM32C091CCU6, STM32C091ECY6TR, STM32C091FBP6, STM32C091FCP6, STM32C091GBU6, STM32C091GCU6, STM32C091KBT6, STM32C091KBU6, STM32C091KCT6, STM32C091KCU6, STM32C091RBT6, STM32C091RCI6, STM32C091RCT6, STM32C092CBT6, STM32C092CBU6, STM32C092CCT6, STM32C092CCU6, STM32C092ECY6TR, STM32C092FBP6, STM32C092FCP6, STM32C092GBU6, STM32C092GCU6, STM32C092KBT6, STM32C092KBU6, STM32C092KCT6, STM32C092KCU6, STM32C092RBT6, STM32C092RCI6, STM32C092RCT6, STM32G071K8TXN, STM32G071K8UXN, STM32G081GBU6N, STM32G081KBT6N, STM32G081KBUXN, STM32G0B1CCT6N, STM32G0B1KCT6, STM32G0B1NEY6TR, STM32G0B1RCT6N, STM32G0C1CCT6, STM32G0C1CCT6N, STM32G0C1CCU6N, STM32G0C1CET6N, STM32G0C1CEU6N, STM32G0C1KCT6, STM32G0C1NEY6TR, STM32G0C1RCI6N, STM32G0C1RCT6N, STM32G0C1REI6N, STM32G0C1RET6N, STM32G0C1VCI6, STM32G0C1VEI6, STM32G411C6T3, STM32G411C6T6, STM32G411C6U3, STM32G411C6U6, STM32G411C8T3, STM32G411C8T6, STM32G411C8U3, STM32G411C8U6, STM32G411CBT3, STM32G411CBT6, STM32G411CBU3, STM32G411CBU6, STM32G411K6T3, STM32G411K6T6, STM32G411K6U3, STM32G411K6U6, STM32G411K8T3, STM32G411K8T6, STM32G411K8U3, STM32G411K8U6, STM32G411KBT3, STM32G411KBT6, STM32G411KBU3, STM32G411KBU6, STM32G411M6T3, STM32G411M6T6, STM32G411M8T3, STM32G411M8T6, STM32G411MBT3, STM32G411MBT6, STM32G411R6T3, STM32G411R6T6, STM32G411R8T3, STM32G411R8T6, STM32G411RBT3, STM32G411RBT6, STM32G414CBT3, STM32G414CBT6, STM32G414CBU3, STM32G414CBU6, STM32G414CCT3, STM32G414CCT6, STM32G414CCU3, STM32G414CCU6, STM32G414MBT3, STM32G414MBT6, STM32G414MCT3, STM32G414MCT6, STM32G414RBT3, STM32G414RBT6, STM32G414RCT3, STM32G414RCT6, STM32G414VBT3, STM32G414VBT6, STM32G414VCT3, STM32G414VCT6, STM32G431CBT3Z, STM32G431RBT3Z, STM32G471CCT6, STM32G471CCU6, STM32G471CET3, STM32G471CET6, STM32G471CEU3, STM32G471CEU6, STM32G471MCT6, STM32G471MET3, STM32G471MET6, STM32G471MEY6TR, STM32G471QCT6, STM32G471QET3, STM32G471RCT6, STM32G471RET3, STM32G471RET6, STM32G471VCH6, STM32G471VCI6, STM32G471VCT6, STM32G471VEH3, STM32G471VEH6, STM32G471VEI3, STM32G471VEI6, STM32G471VET3, STM32G471VET6, STM32G473QET3Z, STM32G473RET3Z, STM32G474CCT6, STM32G491RET3Z, STM32H503CBT6, STM32H503CBU6, STM32H503EBY6TR, STM32H503KBU6, STM32H503RBT6, STM32H523CCT6, STM32H523CCU6, STM32H523CET6, STM32H523CEU6, STM32H523HEY6TR, STM32H523RCT6, STM32H523RET6, STM32H523VCI6, STM32H523VCT6, STM32H523VEI6, STM32H523VET6, STM32H523ZCJ6, STM32H523ZCT6, STM32H523ZEJ6, STM32H523ZET6, STM32H533CET6, STM32H533CEU6, STM32H533HEY6TR, STM32H533RET6, STM32H533VEI6, STM32H533VET6, STM32H533ZEJ6, STM32H533ZET6, STM32H562AGI6, STM32H562AII6, STM32H562IGK6, STM32H562IGT6, STM32H562IIK6, STM32H562IIT6, STM32H562RGT6, STM32H562RGV6, STM32H562RIT6, STM32H562RIV6, STM32H562VGT6, STM32H562VIT6, STM32H562ZGT6, STM32H562ZIT6, STM32H563AGI6, STM32H563AII3Q, STM32H563AII6, STM32H563IGK6, STM32H563IGT6, STM32H563IIK3Q, STM32H563IIK6, STM32H563IIT3Q, STM32H563IIT6, STM32H563MIY3QTR, STM32H563RGT6, STM32H563RGV6, STM32H563RIT6, STM32H563RIV6, STM32H563VGT6, STM32H563VIT3Q, STM32H563VIT6, STM32H563ZGT6, STM32H563ZIT3Q, STM32H563ZIT6, STM32H573AII3Q, STM32H573AII6, STM32H573I-DK, STM32H573IIK3Q, STM32H573IIK6, STM32H573IIT3Q, STM32H573IIT6, STM32H573MIY3QTR, STM32H573RIT6, STM32H573RIV6, STM32H573VIT3Q, STM32H573VIT6, STM32H573ZIT3Q, STM32H573ZIT6, STM32H7R3A8I6, STM32H7R3I8K6, STM32H7R3I8T6, STM32H7R3L8H6, STM32H7R3L8H6H, STM32H7R3R8V6, STM32H7R3V8H6, STM32H7R3V8T6, STM32H7R3V8Y6TR, STM32H7R3Z8J6, STM32H7R3Z8T6, STM32H7R7A8I6, STM32H7R7I8K6, STM32H7R7I8T6, STM32H7R7L8H6, STM32H7R7L8H6H, STM32H7R7Z8J6, STM32H7S3A8I6, STM32H7S3I8K6, STM32H7S3I8T6, STM32H7S3L8H6, STM32H7S3L8H6H, STM32H7S3R8V6, STM32H7S3V8H6, STM32H7S3V8T6, STM32H7S3V8Y6TR, STM32H7S3Z8J6, STM32H7S3Z8T6, STM32H7S78-DK, STM32H7S7A8I6, STM32H7S7I8K6, STM32H7S7I8T6, STM32H7S7L8H6, STM32H7S7L8H6H, STM32H7S7Z8J6, STM32L4R5QGI6STR, STM32MP131AAE3, STM32MP131AAF3, STM32MP131AAG3, STM32MP131CAE3, STM32MP131CAF3, STM32MP131CAG3, STM32MP131DAE7, STM32MP131DAF7, STM32MP131DAG7, STM32MP131FAE7, STM32MP131FAF7, STM32MP131FAG7, STM32MP133AAE3, STM32MP133AAF3, STM32MP133AAG3, STM32MP133CAE3, STM32MP133CAF3, STM32MP133CAG3, STM32MP133DAE7, STM32MP133DAF7, STM32MP133DAG7, STM32MP133FAE7, STM32MP133FAF7, STM32MP133FAG7, STM32MP135AAE3, STM32MP135AAF3, STM32MP135AAG3, STM32MP135CAE3, STM32MP135CAF3, STM32MP135CAG3, STM32MP135DAE7, STM32MP135DAF7, STM32MP135DAG7, STM32MP135F-DK, STM32MP135FAE7, STM32MP135FAF7, STM32MP135FAF7T, STM32MP135FAF7U, STM32MP135FAG7, STM32MP211AAL3, STM32MP211AAM3, STM32MP211AAN3, STM32MP211AAO3, STM32MP211CAL3, STM32MP211CAM3, STM32MP211CAN3, STM32MP211CAO3, STM32MP211DAL3, STM32MP211DAM3, STM32MP211DAN3, STM32MP211DAO3, STM32MP211FAL3, STM32MP211FAM3, STM32MP211FAN3, STM32MP211FAO3, STM32MP213AAL3, STM32MP213AAM3, STM32MP213AAN3, STM32MP213AAO3, STM32MP213CAL3, STM32MP213CAM3, STM32MP213CAN3, STM32MP213CAO3, STM32MP213DAL3, STM32MP213DAM3, STM32MP213DAN3, STM32MP213DAO3, STM32MP213FAL3, STM32MP213FAM3, STM32MP213FAN3, STM32MP213FAO3, STM32MP215AAL3, STM32MP215AAM3, STM32MP215AAN3, STM32MP215AAO3, STM32MP215CAL3, STM32MP215CAM3, STM32MP215CAN3, STM32MP215CAO3, STM32MP215DAL3, STM32MP215DAM3, STM32MP215DAN3, STM32MP215DAO3, STM32MP215F-DK, STM32MP215FAL3, STM32MP215FAM3, STM32MP215FAN3, STM32MP215FAO3, STM32MP231AAJ3, STM32MP231AAK3, STM32MP231AAL3, STM32MP231CAJ3, STM32MP231CAK3, STM32MP231CAL3, STM32MP231DAJ3, STM32MP231DAK3, STM32MP231DAL3, STM32MP231FAJ3, STM32MP231FAK3, STM32MP231FAL3, STM32MP233AAJ3, STM32MP233AAK3, STM32MP233AAL3, STM32MP233CAJ3, STM32MP233CAK3, STM32MP233CAL3, STM32MP233DAJ3, STM32MP233DAK3, STM32MP233DAL3, STM32MP233FAJ3, STM32MP233FAK3, STM32MP233FAL3, STM32MP235AAJ3, STM32MP235AAK3, STM32MP235AAL3, STM32MP235CAJ3, STM32MP235CAK3, STM32MP235CAL3, STM32MP235DAJ3, STM32MP235DAK3, STM32MP235DAL3, STM32MP235FAJ3, STM32MP235FAK3, STM32MP235FAL3, STM32MP251AAI3, STM32MP251AAK3, STM32MP251AAL3, STM32MP251CAI3, STM32MP251CAK3, STM32MP251CAL3, STM32MP251DAI3, STM32MP251DAK3, STM32MP251DAL3, STM32MP251FAI3, STM32MP251FAK3, STM32MP251FAL3, STM32MP253AAI3, STM32MP253AAK3, STM32MP253AAL3, STM32MP253CAI3, STM32MP253CAK3, STM32MP253CAL3, STM32MP253DAI3, STM32MP253DAK3, STM32MP253DAL3, STM32MP253FAI3, STM32MP253FAK3, STM32MP253FAL3, STM32MP255AAI3, STM32MP255AAK3, STM32MP255AAL3, STM32MP255CAI3, STM32MP255CAK3, STM32MP255CAL3, STM32MP255DAI3, STM32MP255DAK3, STM32MP255DAL3, STM32MP255FAI3, STM32MP255FAK3, STM32MP255FAL3, STM32MP257AAI3, STM32MP257AAK3, STM32MP257AAL3, STM32MP257CAI3, STM32MP257CAK3, STM32MP257CAL3, STM32MP257DAI3, STM32MP257DAK3, STM32MP257DAL3, STM32MP257F-DK, STM32MP257F-EV1, STM32MP257FAI3, STM32MP257FAK3, STM32MP257FAL3, STM32N645A0H3Q, STM32N645B0H3Q, STM32N645I0H3Q, STM32N645L0H3Q, STM32N645X0H3Q, STM32N645Z0H3Q, STM32N647A0H3Q, STM32N647B0H3Q, STM32N647I0H3Q, STM32N647L0H3Q, STM32N647X0H3Q, STM32N647Z0H3Q, STM32N655A0H3Q, STM32N655B0H3Q, STM32N655I0H3Q, STM32N655L0H3Q, STM32N655X0H3Q, STM32N655Z0H3Q, STM32N6570-DK, STM32N657A0H3Q, STM32N657B0H3Q, STM32N657I0H3Q, STM32N657L0H3Q, STM32N657X0H3Q, STM32N657Z0H3Q, STM32U031C6T6, STM32U031C6U6, STM32U031C8T6, STM32U031C8U6, STM32U031F4P6, STM32U031F6P6, STM32U031F8P6, STM32U031G6Y6TR, STM32U031G8Y6TR, STM32U031K4U6, STM32U031K6U6, STM32U031K8U6, STM32U031R6I6, STM32U031R6T6, STM32U031R8I6, STM32U031R8T6, STM32U073C8T6, STM32U073C8U6, STM32U073CBT6, STM32U073CBU6, STM32U073CCT6, STM32U073CCU6, STM32U073H8Y6TR, STM32U073HBY6TR, STM32U073HCY6TR, STM32U073K8U6, STM32U073KBU6, STM32U073KCU6, STM32U073M8I6, STM32U073M8T6, STM32U073MBI6, STM32U073MBT6, STM32U073MCI6, STM32U073MCT6, STM32U073R8I6, STM32U073R8T6, STM32U073RBI6, STM32U073RBT6, STM32U073RCI6, STM32U073RCT6, STM32U083C-DK, STM32U083CCT6, STM32U083CCU6, STM32U083HCY6TR, STM32U083KCU6, STM32U083MCI6, STM32U083MCT6, STM32U083RCI6, STM32U083RCT6, STM32U375CET6, STM32U375CET6Q, STM32U375CEU6, STM32U375CEU6Q, STM32U375CEY6QTR, STM32U375CGT6, STM32U375CGT6Q, STM32U375CGU6, STM32U375CGU6Q, STM32U375CGY6QTR, STM32U375KEU6, STM32U375KGU6, STM32U375REI6, STM32U375REI6Q, STM32U375RET6, STM32U375RET6Q, STM32U375REY6GTR, STM32U375REY6QTR, STM32U375RGI6, STM32U375RGI6Q, STM32U375RGT6, STM32U375RGT6Q, STM32U375RGY6GTR, STM32U375RGY6QTR, STM32U375VEI6, STM32U375VEI6Q, STM32U375VET6, STM32U375VET6Q, STM32U375VGI6, STM32U375VGI6Q, STM32U375VGT6, STM32U375VGT6Q, STM32U385CGT6, STM32U385CGT6Q, STM32U385CGU6, STM32U385CGU6Q, STM32U385CGY6QTR, STM32U385KGU6, STM32U385RGI6, STM32U385RGI6Q, STM32U385RGT6, STM32U385RGT6Q, STM32U385RGY6GTR, STM32U385RGY6QTR, STM32U385VGI6, STM32U385VGI6Q, STM32U385VGT6, STM32U385VGT6Q, STM32U535CBT6, STM32U535CBT6Q, STM32U535CBU6, STM32U535CBU6Q, STM32U535CCT6, STM32U535CCT6Q, STM32U535CCU6, STM32U535CCU6Q, STM32U535CET6, STM32U535CET6Q, STM32U535CEU6, STM32U535CEU6Q, STM32U535JEY6QTR, STM32U535NCY6QTR, STM32U535NEY6QTR, STM32U535RBI6, STM32U535RBI6Q, STM32U535RBT6, STM32U535RBT6Q, STM32U535RCI6, STM32U535RCI6Q, STM32U535RCT6, STM32U535RCT6Q, STM32U535REI6, STM32U535REI6Q, STM32U535RET6, STM32U535RET6Q, STM32U535VCI6, STM32U535VCI6Q, STM32U535VCT6, STM32U535VCT6Q, STM32U535VEI6, STM32U535VEI6Q, STM32U535VET6, STM32U535VET6Q, STM32U545CET6, STM32U545CET6Q, STM32U545CEU6, STM32U545CEU6Q, STM32U545JEY6QTR, STM32U545NEY6QTR, STM32U545REI6, STM32U545REI6Q, STM32U545RET6, STM32U545RET6Q, STM32U545VEI6, STM32U545VEI6Q, STM32U545VET6, STM32U545VET6Q, STM32U595AIH6, STM32U595AIH6Q, STM32U595AJH6, STM32U595AJH6Q, STM32U595QII6, STM32U595QII6Q, STM32U595QJI6, STM32U595QJI6Q, STM32U595RIT6, STM32U595RIT6Q, STM32U595RJT6, STM32U595RJT6Q, STM32U595VIT6, STM32U595VIT6Q, STM32U595VJT6, STM32U595VJT6Q, STM32U595ZIT6, STM32U595ZIT6Q, STM32U595ZIY6QTR, STM32U595ZJT6, STM32U595ZJT6Q, STM32U595ZJY6QTR, STM32U599BJY6QTR, STM32U599NIH6Q, STM32U599NJH6Q, STM32U599VIT6Q, STM32U599VJT6, STM32U599VJT6Q, STM32U599ZIT6Q, STM32U599ZIY6QTR, STM32U599ZJT6Q, STM32U599ZJY6QTR, STM32U5A5AJH6, STM32U5A5AJH6Q, STM32U5A5QII3Q , STM32U5A5QJI6, STM32U5A5QJI6Q, STM32U5A5RJT6, STM32U5A5RJT6Q, STM32U5A5VJT6, STM32U5A5VJT6Q, STM32U5A5ZJT6, STM32U5A5ZJT6Q, STM32U5A5ZJY6QTR, STM32U5A9BJY6QTR, STM32U5A9J-DK, STM32U5A9NJH6Q, STM32U5A9VJT6Q, STM32U5A9ZJT6Q, STM32U5A9ZJY6QTR, STM32U5F7VIT6, STM32U5F7VIT6Q, STM32U5F7VJT6, STM32U5F7VJT6Q, STM32U5F9BJY6QTR, STM32U5F9NJH6Q, STM32U5F9VIT6Q, STM32U5F9VJT6Q, STM32U5F9ZIJ6QTR, STM32U5F9ZIT6Q, STM32U5F9ZJJ6QTR, STM32U5F9ZJT6Q, STM32U5G7VJT6, STM32U5G7VJT6Q, STM32U5G9BJY6QTR, STM32U5G9J-DK1, STM32U5G9J-DK2, STM32U5G9NJH6Q, STM32U5G9VJT6Q, STM32U5G9ZJJ6QTR, STM32U5G9ZJT6Q, STM32WB05KZV6TR, STM32WB05KZV7TR, STM32WB05TZF6TR, STM32WB05TZF7TR, STM32WB06CCF6TR, STM32WB06CCF7TR, STM32WB06CCV6TR, STM32WB06CCV7TR, STM32WB06KCV6TR, STM32WB06KCV7TR, STM32WB07CCF6TR, STM32WB07CCF7TR, STM32WB07CCV6TR, STM32WB07CCV7TR, STM32WB07KCV6TR, STM32WB07KCV7TR, STM32WB09KEV6TR, STM32WB09KEV7TR, STM32WB09TEF6TR, STM32WB09TEF7TR, STM32WB1MMCH6, STM32WBA50KGU6, STM32WBA50KGU6TR, STM32WBA52CEU6, STM32WBA52CEU6TR, STM32WBA52CEU7, STM32WBA52CEU7TR, STM32WBA52CGU6, STM32WBA52CGU6TR, STM32WBA52CGU6U, STM32WBA52CGU7, STM32WBA52CGU7TR, STM32WBA52KEU6, STM32WBA52KEU6TR, STM32WBA52KGU6, STM32WBA52KGU6TR, STM32WBA54CEU6, STM32WBA54CEU6TR, STM32WBA54CEU7, STM32WBA54CEU7TR, STM32WBA54CGU6, STM32WBA54CGU6TR, STM32WBA54CGU7, STM32WBA54CGU7TR, STM32WBA54KEU6, STM32WBA54KEU6TR, STM32WBA54KEU7, STM32WBA54KEU7TR, STM32WBA54KGU6, STM32WBA54KGU6TR, STM32WBA54KGU7, STM32WBA54KGU7TR, STM32WBA55CEU6, STM32WBA55CEU6TR, STM32WBA55CEU7, STM32WBA55CEU7TR, STM32WBA55CGU6, STM32WBA55CGU6TR, STM32WBA55CGU6U, STM32WBA55CGU7, STM32WBA55CGU7TR, STM32WBA55G-DK1, STM32WBA55HEF6, STM32WBA55HEF7, STM32WBA55HGF6, STM32WBA55HGF7, STM32WBA55UEI6, STM32WBA55UEI6TR, STM32WBA55UEI7, STM32WBA55UEI7TR, STM32WBA55UGI6, STM32WBA55UGI6TR, STM32WBA55UGI7, STM32WBA55UGI7TR, STM32WBA5MMGH6TR, STM32WBA62MGF6, STM32WBA62MIF6, STM32WBA65MGF7, STM32WBA65MIF6, STM32WBA65MIF7, STM32WL30K8V6, STM32WL30KBV6, STM32WL31C8V6, STM32WL31CBV6, STM32WL31K8V6, STM32WL31KBV6, STM32WL33C8V6, STM32WL33C8V6X, STM32WL33CBV6, STM32WL33CBV6X, STM32WL33CCV6, STM32WL33CCV6A, STM32WL33CCV6X, STM32WL33K8V7, STM32WL33K8V7X, STM32WL33KBV7 , STM32WL33KBV7X, STM32WL33KCV7, STM32WL33KCV7X, STM32WL5MOCH6, STM32WL5MOCH6TR]
2026-04-04 16:43:26,437 [INFO] ApiDb:668 - CubeFinder database Data Model version=2.1
2026-04-04 16:43:26,437 [INFO] ApiDb:669 - CubeFinder database Configuration version=3.0.42
2026-04-04 16:43:26,437 [INFO] ApiDb:670 - CubeFinder database generation date=2026-03-11 (1773229989)
2026-04-04 16:43:26,437 [INFO] ApiDb:671 - CubeFinder database FW Pack versions=[FP-ATR-ASTRA1_V2.0.0, FP-SNS-FLIGHT1_V5.1.0, FP-SNS-MOTENV1_V5.1.0, FP-SNS-MOTENVWB1_V1.5.0, FP-SNS-SMARTAG2_V1.2.0, FP-SNS-STBOX1_V2.1.0, STM32Cube_FW_C0_V1.4.0, STM32Cube_FW_F4_V1.28.3, STM32Cube_FW_F7_V1.17.4, STM32Cube_FW_G0_V1.6.3, STM32Cube_FW_G4_V1.6.2, STM32Cube_FW_H5_V1.6.0, STM32Cube_FW_H7RS_V1.3.0, STM32Cube_FW_H7_V1.13.0, STM32Cube_FW_L0_V1.12.2, STM32Cube_FW_L4_V1.18.2, STM32Cube_FW_L5_V1.6.0, STM32Cube_FW_N6_V1.3.0, STM32Cube_FW_U0_V1.3.0, STM32Cube_FW_U3_V1.3.0, STM32Cube_FW_U5_V1.8.0, STM32Cube_FW_WB0_V1.4.0, STM32Cube_FW_WBA_V1.9.0, STM32Cube_FW_WB_V1.24.0, STM32Cube_FW_WL3_V1.4.0, STM32Cube_FW_WL_V1.5.0, X-CUBE-ALGOBUILD_V1.4.0, X-CUBE-ALS_V1.0.2, X-CUBE-AZRTOS-F4_V1.1.0, X-CUBE-AZRTOS-F7_V1.1.0, X-CUBE-AZRTOS-G0_V1.1.0, X-CUBE-AZRTOS-G4_V2.0.0, X-CUBE-AZRTOS-H7RS_V1.1.0, X-CUBE-AZRTOS-H7_V3.4.0, X-CUBE-AZRTOS-L4_V2.0.0, X-CUBE-AZRTOS-L5_V2.0.0, X-CUBE-AZRTOS-WB_V2.0.0, X-CUBE-AZRTOS-WL_V2.0.0, X-CUBE-BLE1_V7.1.0, X-CUBE-BLE2_V3.3.0, X-CUBE-BLEMGR_V4.1.0, X-CUBE-EEPRMA1_V5.2.0, X-CUBE-FREERTOS_V1.5.0, X-CUBE-GNSS1_V6.0.0, X-CUBE-MEMS1_V12.0.0, X-CUBE-NFC4_V3.0.0, X-CUBE-NFC7_V2.0.0, X-CUBE-SFXS2LP1_V4.0.0, X-CUBE-ST67W61_V1.2.0, X-CUBE-SUBG2_V5.0.0, X-CUBE-TOF1_V3.4.3]
2026-04-04 16:43:28,674 [INFO] ApiDb:240 - Found 880 in-development CPN: [B-G473E-ZEST1S, B-WB1M-WPAN1, B-WBA5M-WPAN, B-WL5M-SUBG1, NUCLEO-C031C6, NUCLEO-C051C8, NUCLEO-C071RB, NUCLEO-C092RC, NUCLEO-H503RB, NUCLEO-H533RE, NUCLEO-H563ZI, NUCLEO-H7S3L8, NUCLEO-N657X0-Q, NUCLEO-U031R8, NUCLEO-U083RC, NUCLEO-U385RG-Q, NUCLEO-U545RE-Q, NUCLEO-U5A5ZJ-Q, NUCLEO-WB05KZ, NUCLEO-WB07CC, NUCLEO-WB09KE, NUCLEO-WBA52CG, NUCLEO-WBA55CG, NUCLEO-WL33CC1, NUCLEO-WL33CC2, STEVAL-PROTEUS1, STEVAL-SMARTAG2, STEVAL-STWINBX1, STM320518-EVAL, STM32C0116-DK, STM32C011D6Y3TR, STM32C011D6Y6TR, STM32C011F4P3, STM32C011F4P6, STM32C011F4U3, STM32C011F4U6TR, STM32C011F6P3, STM32C011F6P6, STM32C011F6U3, STM32C011F6U6TR, STM32C011J4M3, STM32C011J4M6, STM32C011J6M3, STM32C011J6M6, STM32C0316-DK, STM32C031C4T3, STM32C031C4T6, STM32C031C4U3, STM32C031C4U6, STM32C031C6T3, STM32C031C6T6, STM32C031C6U3, STM32C031C6U6, STM32C031F4P3, STM32C031F4P6, STM32C031F6P3, STM32C031F6P6, STM32C031G4U3, STM32C031G4U6, STM32C031G6U3, STM32C031G6U6, STM32C031K4T3, STM32C031K4T6, STM32C031K4U3, STM32C031K4U6, STM32C031K6T3, STM32C031K6T6, STM32C031K6U3, STM32C031K6U6, STM32C051C6T6, STM32C051C6U6, STM32C051C8T6, STM32C051C8U6, STM32C051D8Y6TR, STM32C051F6P6, STM32C051F8P6, STM32C051G6U6, STM32C051G8U6, STM32C051K6T6, STM32C051K6U6, STM32C051K8T6, STM32C071C8T6, STM32C071C8T6N, STM32C071C8U6, STM32C071C8U6N, STM32C071CBT6, STM32C071CBT6N, STM32C071CBU6, STM32C071CBU6N, STM32C071F8P6, STM32C071F8P6N, STM32C071FBP6, STM32C071FBP6N, STM32C071FBY6TR, STM32C071G8U6, STM32C071G8U6N, STM32C071GBU6, STM32C071GBU6N, STM32C071K8T6, STM32C071K8T6N, STM32C071K8U6, STM32C071K8U6N, STM32C071KBT6, STM32C071KBT6N, STM32C071KBU6, STM32C071KBU6N, STM32C071R8T6, STM32C071R8T6N, STM32C071RBI6N, STM32C071RBT6, STM32C071RBT6N, STM32C091CBT6, STM32C091CBU6, STM32C091CCT6, STM32C091CCU6, STM32C091ECY6TR, STM32C091FBP6, STM32C091FCP6, STM32C091GBU6, STM32C091GCU6, STM32C091KBT6, STM32C091KBU6, STM32C091KCT6, STM32C091KCU6, STM32C091RBT6, STM32C091RCI6, STM32C091RCT6, STM32C092CBT6, STM32C092CBU6, STM32C092CCT6, STM32C092CCU6, STM32C092ECY6TR, STM32C092FBP6, STM32C092FCP6, STM32C092GBU6, STM32C092GCU6, STM32C092KBT6, STM32C092KBU6, STM32C092KCT6, STM32C092KCU6, STM32C092RBT6, STM32C092RCI6, STM32C092RCT6, STM32G071K8TXN, STM32G071K8UXN, STM32G081GBU6N, STM32G081KBT6N, STM32G081KBUXN, STM32G0B1CCT6N, STM32G0B1KCT6, STM32G0B1NEY6TR, STM32G0B1RCT6N, STM32G0C1CCT6, STM32G0C1CCT6N, STM32G0C1CCU6N, STM32G0C1CET6N, STM32G0C1CEU6N, STM32G0C1KCT6, STM32G0C1NEY6TR, STM32G0C1RCI6N, STM32G0C1RCT6N, STM32G0C1REI6N, STM32G0C1RET6N, STM32G0C1VCI6, STM32G0C1VEI6, STM32G411C6T3, STM32G411C6T6, STM32G411C6U3, STM32G411C6U6, STM32G411C8T3, STM32G411C8T6, STM32G411C8U3, STM32G411C8U6, STM32G411CBT3, STM32G411CBT6, STM32G411CBU3, STM32G411CBU6, STM32G411K6T3, STM32G411K6T6, STM32G411K6U3, STM32G411K6U6, STM32G411K8T3, STM32G411K8T6, STM32G411K8U3, STM32G411K8U6, STM32G411KBT3, STM32G411KBT6, STM32G411KBU3, STM32G411KBU6, STM32G411M6T3, STM32G411M6T6, STM32G411M8T3, STM32G411M8T6, STM32G411MBT3, STM32G411MBT6, STM32G411R6T3, STM32G411R6T6, STM32G411R8T3, STM32G411R8T6, STM32G411RBT3, STM32G411RBT6, STM32G414CBT3, STM32G414CBT6, STM32G414CBU3, STM32G414CBU6, STM32G414CCT3, STM32G414CCT6, STM32G414CCU3, STM32G414CCU6, STM32G414MBT3, STM32G414MBT6, STM32G414MCT3, STM32G414MCT6, STM32G414RBT3, STM32G414RBT6, STM32G414RCT3, STM32G414RCT6, STM32G414VBT3, STM32G414VBT6, STM32G414VCT3, STM32G414VCT6, STM32G431CBT3Z, STM32G431RBT3Z, STM32G471CCT6, STM32G471CCU6, STM32G471CET3, STM32G471CET6, STM32G471CEU3, STM32G471CEU6, STM32G471MCT6, STM32G471MET3, STM32G471MET6, STM32G471MEY6TR, STM32G471QCT6, STM32G471QET3, STM32G471RCT6, STM32G471RET3, STM32G471RET6, STM32G471VCH6, STM32G471VCI6, STM32G471VCT6, STM32G471VEH3, STM32G471VEH6, STM32G471VEI3, STM32G471VEI6, STM32G471VET3, STM32G471VET6, STM32G473QET3Z, STM32G473RET3Z, STM32G474CCT6, STM32G491RET3Z, STM32H503CBT6, STM32H503CBU6, STM32H503EBY6TR, STM32H503KBU6, STM32H503RBT6, STM32H523CCT6, STM32H523CCU6, STM32H523CET6, STM32H523CEU6, STM32H523HEY6TR, STM32H523RCT6, STM32H523RET6, STM32H523VCI6, STM32H523VCT6, STM32H523VEI6, STM32H523VET6, STM32H523ZCJ6, STM32H523ZCT6, STM32H523ZEJ6, STM32H523ZET6, STM32H533CET6, STM32H533CEU6, STM32H533HEY6TR, STM32H533RET6, STM32H533VEI6, STM32H533VET6, STM32H533ZEJ6, STM32H533ZET6, STM32H562AGI6, STM32H562AII6, STM32H562IGK6, STM32H562IGT6, STM32H562IIK6, STM32H562IIT6, STM32H562RGT6, STM32H562RGV6, STM32H562RIT6, STM32H562RIV6, STM32H562VGT6, STM32H562VIT6, STM32H562ZGT6, STM32H562ZIT6, STM32H563AGI6, STM32H563AII3Q, STM32H563AII6, STM32H563IGK6, STM32H563IGT6, STM32H563IIK3Q, STM32H563IIK6, STM32H563IIT3Q, STM32H563IIT6, STM32H563MIY3QTR, STM32H563RGT6, STM32H563RGV6, STM32H563RIT6, STM32H563RIV6, STM32H563VGT6, STM32H563VIT3Q, STM32H563VIT6, STM32H563ZGT6, STM32H563ZIT3Q, STM32H563ZIT6, STM32H573AII3Q, STM32H573AII6, STM32H573I-DK, STM32H573IIK3Q, STM32H573IIK6, STM32H573IIT3Q, STM32H573IIT6, STM32H573MIY3QTR, STM32H573RIT6, STM32H573RIV6, STM32H573VIT3Q, STM32H573VIT6, STM32H573ZIT3Q, STM32H573ZIT6, STM32H7R3A8I6, STM32H7R3I8K6, STM32H7R3I8T6, STM32H7R3L8H6, STM32H7R3L8H6H, STM32H7R3R8V6, STM32H7R3V8H6, STM32H7R3V8T6, STM32H7R3V8Y6TR, STM32H7R3Z8J6, STM32H7R3Z8T6, STM32H7R7A8I6, STM32H7R7I8K6, STM32H7R7I8T6, STM32H7R7L8H6, STM32H7R7L8H6H, STM32H7R7Z8J6, STM32H7S3A8I6, STM32H7S3I8K6, STM32H7S3I8T6, STM32H7S3L8H6, STM32H7S3L8H6H, STM32H7S3R8V6, STM32H7S3V8H6, STM32H7S3V8T6, STM32H7S3V8Y6TR, STM32H7S3Z8J6, STM32H7S3Z8T6, STM32H7S78-DK, STM32H7S7A8I6, STM32H7S7I8K6, STM32H7S7I8T6, STM32H7S7L8H6, STM32H7S7L8H6H, STM32H7S7Z8J6, STM32L4R5QGI6STR, STM32MP131AAE3, STM32MP131AAF3, STM32MP131AAG3, STM32MP131CAE3, STM32MP131CAF3, STM32MP131CAG3, STM32MP131DAE7, STM32MP131DAF7, STM32MP131DAG7, STM32MP131FAE7, STM32MP131FAF7, STM32MP131FAG7, STM32MP133AAE3, STM32MP133AAF3, STM32MP133AAG3, STM32MP133CAE3, STM32MP133CAF3, STM32MP133CAG3, STM32MP133DAE7, STM32MP133DAF7, STM32MP133DAG7, STM32MP133FAE7, STM32MP133FAF7, STM32MP133FAG7, STM32MP135AAE3, STM32MP135AAF3, STM32MP135AAG3, STM32MP135CAE3, STM32MP135CAF3, STM32MP135CAG3, STM32MP135DAE7, STM32MP135DAF7, STM32MP135DAG7, STM32MP135F-DK, STM32MP135FAE7, STM32MP135FAF7, STM32MP135FAF7T, STM32MP135FAF7U, STM32MP135FAG7, STM32MP211AAL3, STM32MP211AAM3, STM32MP211AAN3, STM32MP211AAO3, STM32MP211CAL3, STM32MP211CAM3, STM32MP211CAN3, STM32MP211CAO3, STM32MP211DAL3, STM32MP211DAM3, STM32MP211DAN3, STM32MP211DAO3, STM32MP211FAL3, STM32MP211FAM3, STM32MP211FAN3, STM32MP211FAO3, STM32MP213AAL3, STM32MP213AAM3, STM32MP213AAN3, STM32MP213AAO3, STM32MP213CAL3, STM32MP213CAM3, STM32MP213CAN3, STM32MP213CAO3, STM32MP213DAL3, STM32MP213DAM3, STM32MP213DAN3, STM32MP213DAO3, STM32MP213FAL3, STM32MP213FAM3, STM32MP213FAN3, STM32MP213FAO3, STM32MP215AAL3, STM32MP215AAM3, STM32MP215AAN3, STM32MP215AAO3, STM32MP215CAL3, STM32MP215CAM3, STM32MP215CAN3, STM32MP215CAO3, STM32MP215DAL3, STM32MP215DAM3, STM32MP215DAN3, STM32MP215DAO3, STM32MP215F-DK, STM32MP215FAL3, STM32MP215FAM3, STM32MP215FAN3, STM32MP215FAO3, STM32MP231AAJ3, STM32MP231AAK3, STM32MP231AAL3, STM32MP231CAJ3, STM32MP231CAK3, STM32MP231CAL3, STM32MP231DAJ3, STM32MP231DAK3, STM32MP231DAL3, STM32MP231FAJ3, STM32MP231FAK3, STM32MP231FAL3, STM32MP233AAJ3, STM32MP233AAK3, STM32MP233AAL3, STM32MP233CAJ3, STM32MP233CAK3, STM32MP233CAL3, STM32MP233DAJ3, STM32MP233DAK3, STM32MP233DAL3, STM32MP233FAJ3, STM32MP233FAK3, STM32MP233FAL3, STM32MP235AAJ3, STM32MP235AAK3, STM32MP235AAL3, STM32MP235CAJ3, STM32MP235CAK3, STM32MP235CAL3, STM32MP235DAJ3, STM32MP235DAK3, STM32MP235DAL3, STM32MP235FAJ3, STM32MP235FAK3, STM32MP235FAL3, STM32MP251AAI3, STM32MP251AAK3, STM32MP251AAL3, STM32MP251CAI3, STM32MP251CAK3, STM32MP251CAL3, STM32MP251DAI3, STM32MP251DAK3, STM32MP251DAL3, STM32MP251FAI3, STM32MP251FAK3, STM32MP251FAL3, STM32MP253AAI3, STM32MP253AAK3, STM32MP253AAL3, STM32MP253CAI3, STM32MP253CAK3, STM32MP253CAL3, STM32MP253DAI3, STM32MP253DAK3, STM32MP253DAL3, STM32MP253FAI3, STM32MP253FAK3, STM32MP253FAL3, STM32MP255AAI3, STM32MP255AAK3, STM32MP255AAL3, STM32MP255CAI3, STM32MP255CAK3, STM32MP255CAL3, STM32MP255DAI3, STM32MP255DAK3, STM32MP255DAL3, STM32MP255FAI3, STM32MP255FAK3, STM32MP255FAL3, STM32MP257AAI3, STM32MP257AAK3, STM32MP257AAL3, STM32MP257CAI3, STM32MP257CAK3, STM32MP257CAL3, STM32MP257DAI3, STM32MP257DAK3, STM32MP257DAL3, STM32MP257F-DK, STM32MP257F-EV1, STM32MP257FAI3, STM32MP257FAK3, STM32MP257FAL3, STM32N645A0H3Q, STM32N645B0H3Q, STM32N645I0H3Q, STM32N645L0H3Q, STM32N645X0H3Q, STM32N645Z0H3Q, STM32N647A0H3Q, STM32N647B0H3Q, STM32N647I0H3Q, STM32N647L0H3Q, STM32N647X0H3Q, STM32N647Z0H3Q, STM32N655A0H3Q, STM32N655B0H3Q, STM32N655I0H3Q, STM32N655L0H3Q, STM32N655X0H3Q, STM32N655Z0H3Q, STM32N6570-DK, STM32N657A0H3Q, STM32N657B0H3Q, STM32N657I0H3Q, STM32N657L0H3Q, STM32N657X0H3Q, STM32N657Z0H3Q, STM32U031C6T6, STM32U031C6U6, STM32U031C8T6, STM32U031C8U6, STM32U031F4P6, STM32U031F6P6, STM32U031F8P6, STM32U031G6Y6TR, STM32U031G8Y6TR, STM32U031K4U6, STM32U031K6U6, STM32U031K8U6, STM32U031R6I6, STM32U031R6T6, STM32U031R8I6, STM32U031R8T6, STM32U073C8T6, STM32U073C8U6, STM32U073CBT6, STM32U073CBU6, STM32U073CCT6, STM32U073CCU6, STM32U073H8Y6TR, STM32U073HBY6TR, STM32U073HCY6TR, STM32U073K8U6, STM32U073KBU6, STM32U073KCU6, STM32U073M8I6, STM32U073M8T6, STM32U073MBI6, STM32U073MBT6, STM32U073MCI6, STM32U073MCT6, STM32U073R8I6, STM32U073R8T6, STM32U073RBI6, STM32U073RBT6, STM32U073RCI6, STM32U073RCT6, STM32U083C-DK, STM32U083CCT6, STM32U083CCU6, STM32U083HCY6TR, STM32U083KCU6, STM32U083MCI6, STM32U083MCT6, STM32U083RCI6, STM32U083RCT6, STM32U375CET6, STM32U375CET6Q, STM32U375CEU6, STM32U375CEU6Q, STM32U375CEY6QTR, STM32U375CGT6, STM32U375CGT6Q, STM32U375CGU6, STM32U375CGU6Q, STM32U375CGY6QTR, STM32U375KEU6, STM32U375KGU6, STM32U375REI6, STM32U375REI6Q, STM32U375RET6, STM32U375RET6Q, STM32U375REY6GTR, STM32U375REY6QTR, STM32U375RGI6, STM32U375RGI6Q, STM32U375RGT6, STM32U375RGT6Q, STM32U375RGY6GTR, STM32U375RGY6QTR, STM32U375VEI6, STM32U375VEI6Q, STM32U375VET6, STM32U375VET6Q, STM32U375VGI6, STM32U375VGI6Q, STM32U375VGT6, STM32U375VGT6Q, STM32U385CGT6, STM32U385CGT6Q, STM32U385CGU6, STM32U385CGU6Q, STM32U385CGY6QTR, STM32U385KGU6, STM32U385RGI6, STM32U385RGI6Q, STM32U385RGT6, STM32U385RGT6Q, STM32U385RGY6GTR, STM32U385RGY6QTR, STM32U385VGI6, STM32U385VGI6Q, STM32U385VGT6, STM32U385VGT6Q, STM32U535CBT6, STM32U535CBT6Q, STM32U535CBU6, STM32U535CBU6Q, STM32U535CCT6, STM32U535CCT6Q, STM32U535CCU6, STM32U535CCU6Q, STM32U535CET6, STM32U535CET6Q, STM32U535CEU6, STM32U535CEU6Q, STM32U535JEY6QTR, STM32U535NCY6QTR, STM32U535NEY6QTR, STM32U535RBI6, STM32U535RBI6Q, STM32U535RBT6, STM32U535RBT6Q, STM32U535RCI6, STM32U535RCI6Q, STM32U535RCT6, STM32U535RCT6Q, STM32U535REI6, STM32U535REI6Q, STM32U535RET6, STM32U535RET6Q, STM32U535VCI6, STM32U535VCI6Q, STM32U535VCT6, STM32U535VCT6Q, STM32U535VEI6, STM32U535VEI6Q, STM32U535VET6, STM32U535VET6Q, STM32U545CET6, STM32U545CET6Q, STM32U545CEU6, STM32U545CEU6Q, STM32U545JEY6QTR, STM32U545NEY6QTR, STM32U545REI6, STM32U545REI6Q, STM32U545RET6, STM32U545RET6Q, STM32U545VEI6, STM32U545VEI6Q, STM32U545VET6, STM32U545VET6Q, STM32U595AIH6, STM32U595AIH6Q, STM32U595AJH6, STM32U595AJH6Q, STM32U595QII6, STM32U595QII6Q, STM32U595QJI6, STM32U595QJI6Q, STM32U595RIT6, STM32U595RIT6Q, STM32U595RJT6, STM32U595RJT6Q, STM32U595VIT6, STM32U595VIT6Q, STM32U595VJT6, STM32U595VJT6Q, STM32U595ZIT6, STM32U595ZIT6Q, STM32U595ZIY6QTR, STM32U595ZJT6, STM32U595ZJT6Q, STM32U595ZJY6QTR, STM32U599BJY6QTR, STM32U599NIH6Q, STM32U599NJH6Q, STM32U599VIT6Q, STM32U599VJT6, STM32U599VJT6Q, STM32U599ZIT6Q, STM32U599ZIY6QTR, STM32U599ZJT6Q, STM32U599ZJY6QTR, STM32U5A5AJH6, STM32U5A5AJH6Q, STM32U5A5QII3Q , STM32U5A5QJI6, STM32U5A5QJI6Q, STM32U5A5RJT6, STM32U5A5RJT6Q, STM32U5A5VJT6, STM32U5A5VJT6Q, STM32U5A5ZJT6, STM32U5A5ZJT6Q, STM32U5A5ZJY6QTR, STM32U5A9BJY6QTR, STM32U5A9J-DK, STM32U5A9NJH6Q, STM32U5A9VJT6Q, STM32U5A9ZJT6Q, STM32U5A9ZJY6QTR, STM32U5F7VIT6, STM32U5F7VIT6Q, STM32U5F7VJT6, STM32U5F7VJT6Q, STM32U5F9BJY6QTR, STM32U5F9NJH6Q, STM32U5F9VIT6Q, STM32U5F9VJT6Q, STM32U5F9ZIJ6QTR, STM32U5F9ZIT6Q, STM32U5F9ZJJ6QTR, STM32U5F9ZJT6Q, STM32U5G7VJT6, STM32U5G7VJT6Q, STM32U5G9BJY6QTR, STM32U5G9J-DK1, STM32U5G9J-DK2, STM32U5G9NJH6Q, STM32U5G9VJT6Q, STM32U5G9ZJJ6QTR, STM32U5G9ZJT6Q, STM32WB05KZV6TR, STM32WB05KZV7TR, STM32WB05TZF6TR, STM32WB05TZF7TR, STM32WB06CCF6TR, STM32WB06CCF7TR, STM32WB06CCV6TR, STM32WB06CCV7TR, STM32WB06KCV6TR, STM32WB06KCV7TR, STM32WB07CCF6TR, STM32WB07CCF7TR, STM32WB07CCV6TR, STM32WB07CCV7TR, STM32WB07KCV6TR, STM32WB07KCV7TR, STM32WB09KEV6TR, STM32WB09KEV7TR, STM32WB09TEF6TR, STM32WB09TEF7TR, STM32WB1MMCH6, STM32WBA50KGU6, STM32WBA50KGU6TR, STM32WBA52CEU6, STM32WBA52CEU6TR, STM32WBA52CEU7, STM32WBA52CEU7TR, STM32WBA52CGU6, STM32WBA52CGU6TR, STM32WBA52CGU6U, STM32WBA52CGU7, STM32WBA52CGU7TR, STM32WBA52KEU6, STM32WBA52KEU6TR, STM32WBA52KGU6, STM32WBA52KGU6TR, STM32WBA54CEU6, STM32WBA54CEU6TR, STM32WBA54CEU7, STM32WBA54CEU7TR, STM32WBA54CGU6, STM32WBA54CGU6TR, STM32WBA54CGU7, STM32WBA54CGU7TR, STM32WBA54KEU6, STM32WBA54KEU6TR, STM32WBA54KEU7, STM32WBA54KEU7TR, STM32WBA54KGU6, STM32WBA54KGU6TR, STM32WBA54KGU7, STM32WBA54KGU7TR, STM32WBA55CEU6, STM32WBA55CEU6TR, STM32WBA55CEU7, STM32WBA55CEU7TR, STM32WBA55CGU6, STM32WBA55CGU6TR, STM32WBA55CGU6U, STM32WBA55CGU7, STM32WBA55CGU7TR, STM32WBA55G-DK1, STM32WBA55HEF6, STM32WBA55HEF7, STM32WBA55HGF6, STM32WBA55HGF7, STM32WBA55UEI6, STM32WBA55UEI6TR, STM32WBA55UEI7, STM32WBA55UEI7TR, STM32WBA55UGI6, STM32WBA55UGI6TR, STM32WBA55UGI7, STM32WBA55UGI7TR, STM32WBA5MMGH6TR, STM32WBA62MGF6, STM32WBA62MIF6, STM32WBA65MGF7, STM32WBA65MIF6, STM32WBA65MIF7, STM32WL30K8V6, STM32WL30KBV6, STM32WL31C8V6, STM32WL31CBV6, STM32WL31K8V6, STM32WL31KBV6, STM32WL33C8V6, STM32WL33C8V6X, STM32WL33CBV6, STM32WL33CBV6X, STM32WL33CCV6, STM32WL33CCV6A, STM32WL33CCV6X, STM32WL33K8V7, STM32WL33K8V7X, STM32WL33KBV7 , STM32WL33KBV7X, STM32WL33KCV7, STM32WL33KCV7X, STM32WL5MOCH6, STM32WL5MOCH6TR]
2026-04-04 16:43:28,679 [INFO] DbMcus:218 - Found 5055 MCUs, 4968 are supported
2026-04-04 16:43:28,681 [INFO] ApiDb:423 - Load user favorites file C:\Users\salehir/.stm32cubeide/favorites.mcus.txt: 0 item(s)
2026-04-04 16:43:28,681 [INFO] ApiDb:427 - User favorites MCUs=[]
2026-04-04 16:43:28,681 [INFO] DbMcus:224 - Set 0 / 0 favorites MCUs
2026-04-04 16:43:29,182 [INFO] BoardInfo:889 - No configuration file found for board NUCLEO-H5E5ZJ
2026-04-04 16:43:29,184 [INFO] DbBoards:161 - Board is not supported: NUCLEO-H5E5ZJ
2026-04-04 16:43:29,266 [INFO] BoardInfo:889 - No configuration file found for board NUCLEO-U3C5ZI-Q
2026-04-04 16:43:29,267 [INFO] DbBoards:161 - Board is not supported: NUCLEO-U3C5ZI-Q
2026-04-04 16:43:29,288 [INFO] BoardInfo:889 - No configuration file found for board NUCLEO-WBA25CE1
2026-04-04 16:43:29,289 [INFO] DbBoards:161 - Board is not supported: NUCLEO-WBA25CE1
2026-04-04 16:43:29,302 [INFO] BoardInfo:889 - No configuration file found for board NUCLEO-WL3RKB1
2026-04-04 16:43:29,304 [INFO] DbBoards:161 - Board is not supported: NUCLEO-WL3RKB1
2026-04-04 16:43:29,305 [INFO] BoardInfo:889 - No configuration file found for board NUCLEO-WL3RKB2
2026-04-04 16:43:29,306 [INFO] DbBoards:161 - Board is not supported: NUCLEO-WL3RKB2
2026-04-04 16:43:29,317 [INFO] BoardInfo:889 - No configuration file found for board P-NUCLEO-WB55
2026-04-04 16:43:29,319 [INFO] DbBoards:161 - Kit is not supported: P-NUCLEO-WB55
2026-04-04 16:43:29,327 [INFO] BoardInfo:889 - No configuration file found for board STEVAL-BFA001V1B
2026-04-04 16:43:29,328 [INFO] DbBoards:161 - Kit is not supported: STEVAL-BFA001V1B
2026-04-04 16:43:29,330 [INFO] BoardInfo:889 - No configuration file found for board STEVAL-BFA001V2B
2026-04-04 16:43:29,331 [INFO] DbBoards:161 - Kit is not supported: STEVAL-BFA001V2B
2026-04-04 16:43:29,485 [INFO] BoardInfo:889 - No configuration file found for board STM32H5F5J-DK
2026-04-04 16:43:29,487 [INFO] DbBoards:161 - Board is not supported: STM32H5F5J-DK
2026-04-04 16:43:29,598 [INFO] DbBoards:168 - Found 218 boards, 209 are supported
2026-04-04 16:43:29,598 [INFO] DbBoards:169 - Found 218 boards, 43 of them is supported for  Bsp
2026-04-04 16:43:29,610 [INFO] ApiDb:423 - Load user favorites file C:\Users\salehir/.stm32cubeide/favorites.boards.txt: 0 item(s)
2026-04-04 16:43:29,610 [INFO] ApiDb:427 - User favorites Boards=[]
2026-04-04 16:43:29,610 [INFO] DbBoards:198 - Set 0 / 0 favorites Boards
2026-04-04 16:43:29,675 [INFO] UtilMem:75 - End LoadConfig() Used Memory: 295678000 Bytes (360710144)
2026-04-04 16:43:29,830 [WARN] ThirdParty:833 - waiting for thirdparty lock release [change project]
2026-04-04 16:43:29,830 [INFO] ThirdParty:835 - entering critical section [change project]
2026-04-04 16:43:29,831 [INFO] ThirdParty:1030 - CMSIS Pack Vendor :STMicroelectronics X-CUBE-AZRTOS-H7 3.5.0
2026-04-04 16:43:29,831 [INFO] ThirdParty:1030 - CMSIS Pack Vendor :STMicroelectronics X-CUBE-PM33A1 1.0.0
2026-04-04 16:43:29,831 [INFO] ThirdParty:1030 - CMSIS Pack Vendor :STMicroelectronics USBPD 4.1
2026-04-04 16:43:29,831 [INFO] ThirdParty:1030 - CMSIS Pack Vendor :STMicroelectronics X-CUBE-NFC9 1.0.0
2026-04-04 16:43:29,831 [INFO] ThirdParty:1030 - CMSIS Pack Vendor :STMicroelectronics USB_HOST 2.0.0
2026-04-04 16:43:29,831 [INFO] ThirdParty:1030 - CMSIS Pack Vendor :STMicroelectronics X-CUBE-AZRTOS-F4 1.1.0
2026-04-04 16:43:29,831 [INFO] ThirdParty:1030 - CMSIS Pack Vendor :STMicroelectronics LIBJPEG 8.0.0
2026-04-04 16:43:29,831 [INFO] ThirdParty:1030 - CMSIS Pack Vendor :STMicroelectronics FP-ATR-ASTRA1 2.0.2
2026-04-04 16:43:29,831 [INFO] ThirdParty:1030 - CMSIS Pack Vendor :STMicroelectronics X-CUBE-BLE1 7.1.0
2026-04-04 16:43:29,831 [INFO] ThirdParty:1030 - CMSIS Pack Vendor :STMicroelectronics X-CUBE-SMBUS 2.1.0
2026-04-04 16:43:29,831 [INFO] ThirdParty:1030 - CMSIS Pack Vendor :wolfSSL I-CUBE-wolfMQTT 1.19.2
2026-04-04 16:43:29,831 [INFO] ThirdParty:1030 - CMSIS Pack Vendor :STMicroelectronics USB_DEVICE 3.0.0
2026-04-04 16:43:29,831 [INFO] ThirdParty:1030 - CMSIS Pack Vendor :STMicroelectronics X-CUBE-ISPU 2.1.0
2026-04-04 16:43:29,831 [INFO] ThirdParty:1030 - CMSIS Pack Vendor :STMicroelectronics X-CUBE-EEPRMA1 5.2.0
2026-04-04 16:43:29,832 [INFO] ThirdParty:1030 - CMSIS Pack Vendor :STMicroelectronics X-CUBE-IPS 3.2.0
2026-04-04 16:43:29,832 [INFO] ThirdParty:1030 - CMSIS Pack Vendor :STMicroelectronics X-CUBE-BLEMGR 4.1.0
2026-04-04 16:43:29,832 [INFO] ThirdParty:1030 - CMSIS Pack Vendor :STMicroelectronics eDS-WB_DPC_TT-BIDIR 2.1.1
2026-04-04 16:43:29,832 [INFO] ThirdParty:1030 - CMSIS Pack Vendor :STMicroelectronics X-CUBE-AZRTOS-WB 2.0.0
2026-04-04 16:43:29,832 [INFO] ThirdParty:1030 - CMSIS Pack Vendor :wolfSSL I-CUBE-wolfSSL 5.8.4
2026-04-04 16:43:29,832 [INFO] ThirdParty:1030 - CMSIS Pack Vendor :Cesanta I-CUBE-Mongoose 7.20.0
2026-04-04 16:43:29,832 [INFO] ThirdParty:1030 - CMSIS Pack Vendor :STMicroelectronics X-CUBE-NFC12 1.0.0
2026-04-04 16:43:29,832 [INFO] ThirdParty:1030 - CMSIS Pack Vendor :STMicroelectronics X-CUBE-AZRTOS-F7 1.1.0
2026-04-04 16:43:29,832 [INFO] ThirdParty:1030 - CMSIS Pack Vendor :STMicroelectronics X-CUBE-AZRTOS-L5 2.0.0
2026-04-04 16:43:29,832 [INFO] ThirdParty:1030 - CMSIS Pack Vendor :STMicroelectronics USB_DEVICE 2.0.0
2026-04-04 16:43:29,832 [INFO] ThirdParty:1030 - CMSIS Pack Vendor :quantropi X-CUBE-qispace-sdk-base 2.1.0
2026-04-04 16:43:29,832 [INFO] ThirdParty:1030 - CMSIS Pack Vendor :STMicroelectronics X-CUBE-MEMS1 12.0.0
2026-04-04 16:43:29,832 [INFO] ThirdParty:1030 - CMSIS Pack Vendor :STMicroelectronics X-CUBE-STSE01 2.0.0
2026-04-04 16:43:29,832 [INFO] ThirdParty:1030 - CMSIS Pack Vendor :STMicroelectronics FP-SNS-MOTENV1 5.1.0
2026-04-04 16:43:29,832 [INFO] ThirdParty:1030 - CMSIS Pack Vendor :STMicroelectronics FreeRTOS 0.0.1
2026-04-04 16:43:29,832 [INFO] ThirdParty:1030 - CMSIS Pack Vendor :STMicroelectronics X-CUBE-AZRTOS-G0 1.1.0
2026-04-04 16:43:29,832 [INFO] ThirdParty:1030 - CMSIS Pack Vendor :STMicroelectronics X-CUBE-NFC4 3.0.0
2026-04-04 16:43:29,833 [INFO] ThirdParty:1030 - CMSIS Pack Vendor :STMicroelectronics X-CUBE-SUBG2 5.0.0
2026-04-04 16:43:29,833 [INFO] ThirdParty:1030 - CMSIS Pack Vendor :STMicroelectronics STM32_WPAN 1.0.0
2026-04-04 16:43:29,833 [INFO] ThirdParty:1030 - CMSIS Pack Vendor :STMicroelectronics eDS-WB_DPC_VIENNA 1.2.0
2026-04-04 16:43:29,833 [INFO] ThirdParty:1030 - CMSIS Pack Vendor :EmbeddedOffice I-CUBE-FS-RTOS 1.0.1
2026-04-04 16:43:29,833 [INFO] ThirdParty:1030 - CMSIS Pack Vendor :STMicroelectronics lwIP 2.0.3
2026-04-04 16:43:29,833 [INFO] ThirdParty:1030 - CMSIS Pack Vendor :WES I-CUBE-Cesium 1.4.0
2026-04-04 16:43:29,833 [INFO] ThirdParty:1030 - CMSIS Pack Vendor :STMicroelectronics eDS-WB_DPC_3PH2L-BIDIR 1.1.1
2026-04-04 16:43:29,833 [INFO] ThirdParty:1030 - CMSIS Pack Vendor :STMicroelectronics USB_HOST 1.0.0
2026-04-04 16:43:29,833 [INFO] ThirdParty:1030 - CMSIS Pack Vendor :STMicroelectronics X-CUBE-AZRTOS-G4 2.0.0
2026-04-04 16:43:29,833 [INFO] ThirdParty:1030 - CMSIS Pack Vendor :STMicroelectronics X-CUBE-WB05N 2.0.0
2026-04-04 16:43:29,833 [INFO] ThirdParty:1030 - CMSIS Pack Vendor :STMicroelectronics PDM2PCM 3.1.0
2026-04-04 16:43:29,833 [INFO] ThirdParty:1030 - CMSIS Pack Vendor :STMicroelectronics PDM2PCM 3.3.0
2026-04-04 16:43:29,833 [INFO] ThirdParty:1030 - CMSIS Pack Vendor :wolfSSL I-CUBE-wolfTPM 3.8.0
2026-04-04 16:43:29,833 [INFO] ThirdParty:1030 - CMSIS Pack Vendor :STMicroelectronics X-CUBE-DISPLAY 3.0.0
2026-04-04 16:43:29,833 [INFO] ThirdParty:1030 - CMSIS Pack Vendor :wolfSSL I-CUBE-wolfSSH 1.4.20
2026-04-04 16:43:29,833 [INFO] ThirdParty:1030 - CMSIS Pack Vendor :STMicroelectronics X-CUBE-NFC7 2.0.0
2026-04-04 16:43:29,833 [INFO] ThirdParty:1030 - CMSIS Pack Vendor :STMicroelectronics FP-SNS-MOTENVWB1 1.5.0
2026-04-04 16:43:29,833 [INFO] ThirdParty:1030 - CMSIS Pack Vendor :STMicroelectronics X-CUBE-TCPP 4.2.0
2026-04-04 16:43:29,834 [INFO] ThirdParty:1030 - CMSIS Pack Vendor :RealThread X-CUBE-RT-Thread_Nano 4.1.1
2026-04-04 16:43:29,834 [INFO] ThirdParty:1030 - CMSIS Pack Vendor :STMicroelectronics FP-ATR-SIGFOX1 3.2.0
2026-04-04 16:43:29,834 [INFO] ThirdParty:1030 - CMSIS Pack Vendor :STMicroelectronics X-CUBE-NFC10 1.0.0
2026-04-04 16:43:29,834 [INFO] ThirdParty:1030 - CMSIS Pack Vendor :STMicroelectronics HAL Drivers 0.0.0
2026-04-04 16:43:29,834 [INFO] ThirdParty:1030 - CMSIS Pack Vendor :STMicroelectronics X-CUBE-FREERTOS 1.5.0
2026-04-04 16:43:29,834 [INFO] ThirdParty:1030 - CMSIS Pack Vendor :STMicroelectronics MBEDTLS 2.16.2
2026-04-04 16:43:29,834 [INFO] ThirdParty:1030 - CMSIS Pack Vendor :STMicroelectronics X-CUBE-ST60 1.1.0
2026-04-04 16:43:29,834 [INFO] ThirdParty:1030 - CMSIS Pack Vendor :STMicroelectronics X-CUBE-ALS 1.0.2
2026-04-04 16:43:29,834 [INFO] ThirdParty:1030 - CMSIS Pack Vendor :emotas I-CUBE-CANOPEN 1.3.0
2026-04-04 16:43:29,834 [INFO] ThirdParty:1030 - CMSIS Pack Vendor :STMicroelectronics MBEDTLS 2.14.1
2026-04-04 16:43:29,834 [INFO] ThirdParty:1030 - CMSIS Pack Vendor :STMicroelectronics X-CUBE-GNSS1 7.1.0
2026-04-04 16:43:29,834 [INFO] ThirdParty:1030 - CMSIS Pack Vendor :ITTIA_DB I-CUBE-ITTIADB 8.9.0
2026-04-04 16:43:29,834 [INFO] ThirdParty:1030 - CMSIS Pack Vendor :STMicroelectronics X-CUBE-TOUCHGFX 4.26.1
2026-04-04 16:43:29,834 [INFO] ThirdParty:1030 - CMSIS Pack Vendor :STMicroelectronics X-CUBE-NFC6 3.2.0
2026-04-04 16:43:29,834 [INFO] ThirdParty:1030 - CMSIS Pack Vendor :STMicroelectronics FP-SNS-STBOX1 2.1.0
2026-04-04 16:43:29,834 [INFO] ThirdParty:1030 - CMSIS Pack Vendor :STMicroelectronics X-CUBE-AI 10.2.0
2026-04-04 16:43:29,834 [INFO] ThirdParty:1030 - CMSIS Pack Vendor :STMicroelectronics FP-SNS-STAIOTCFT 1.0.0
2026-04-04 16:43:29,834 [INFO] ThirdParty:1030 - CMSIS Pack Vendor :STMicroelectronics ThreadX 1.0.0
2026-04-04 16:43:29,835 [INFO] ThirdParty:1030 - CMSIS Pack Vendor :STMicroelectronics FP-SNS-SMARTAG2 1.2.0
2026-04-04 16:43:29,835 [INFO] ThirdParty:1030 - CMSIS Pack Vendor :STMicroelectronics FP-SNS-FLIGHT1 5.1.0
2026-04-04 16:43:29,835 [INFO] ThirdParty:1030 - CMSIS Pack Vendor :STMicroelectronics X-CUBE-AZRTOS-WL 2.0.0
2026-04-04 16:43:29,835 [INFO] ThirdParty:1030 - CMSIS Pack Vendor :SEGGER I-CUBE-embOS 1.3.1
2026-04-04 16:43:29,835 [INFO] ThirdParty:1030 - CMSIS Pack Vendor :STMicroelectronics X-CUBE-ALGOBUILD 1.4.0
2026-04-04 16:43:29,835 [INFO] ThirdParty:1030 - CMSIS Pack Vendor :STMicroelectronics X-CUBE-DPower 1.3.0
2026-04-04 16:43:29,835 [INFO] ThirdParty:1030 - CMSIS Pack Vendor :STMicroelectronics USB_DEVICE 1.0.0
2026-04-04 16:43:29,835 [INFO] ThirdParty:1030 - CMSIS Pack Vendor :STMicroelectronics X-CUBE-AZRTOS-H7RS 1.2.0
2026-04-04 16:43:29,835 [INFO] ThirdParty:1030 - CMSIS Pack Vendor :STMicroelectronics X-CUBE-AZRTOS-L4 2.0.0
2026-04-04 16:43:29,835 [INFO] ThirdParty:1030 - CMSIS Pack Vendor :STMicroelectronics ThreadX 0.0.2
2026-04-04 16:43:29,835 [INFO] ThirdParty:1030 - CMSIS Pack Vendor :STMicroelectronics lwIP 2.1.2
2026-04-04 16:43:29,835 [INFO] ThirdParty:1030 - CMSIS Pack Vendor :STMicroelectronics X-CUBE-SFXS2LP1 4.0.0
2026-04-04 16:43:29,835 [INFO] ThirdParty:1030 - CMSIS Pack Vendor :STMicroelectronics X-CUBE-BLE2 3.3.0
2026-04-04 16:43:29,835 [INFO] ThirdParty:1030 - CMSIS Pack Vendor :Avnet-IOTCONNECT X-CUBE-iotc-st67-sdk 1.0.0
2026-04-04 16:43:29,835 [INFO] ThirdParty:1030 - CMSIS Pack Vendor :STMicroelectronics X-CUBE-TOF1 3.4.3
2026-04-04 16:43:29,835 [INFO] ThirdParty:1030 - CMSIS Pack Vendor :Infineon AIROC-Wi-Fi-Bluetooth-STM32 1.8.0
2026-04-04 16:43:29,835 [INFO] ThirdParty:1030 - CMSIS Pack Vendor :STMicroelectronics PDM2PCM 3.2.0
2026-04-04 16:43:29,836 [INFO] ThirdParty:1030 - CMSIS Pack Vendor :STMicroelectronics X-CUBE-ST67W61 1.2.0
2026-04-04 16:43:29,836 [INFO] ThirdParty:841 - exiting critical section [change project]
2026-04-04 16:43:30,279 [INFO] PinOutPanel:1589 - setPackage(No Configuration,No Configuration)
2026-04-04 16:43:30,280 [INFO] PinOutPanel:1589 - setPackage(STM32F446ZETx,LQFP144)
2026-04-04 16:43:30,851 [INFO] UtilMem:75 - Before build in PCC Used Memory: 275346656 Bytes (371195904)
2026-04-04 16:43:31,679 [INFO] UtilMem:75 - After build in PCC Used Memory: 214436952 Bytes (371195904)
2026-04-04 16:43:31,884 [INFO] ApiDbMcu:532 - Load IP Config File for FREERTOS
2026-04-04 16:43:31,917 [INFO] IPUIPlugin:80 - create IPUIPlugin
2026-04-04 16:43:31,918 [INFO] IPUIPlugin:80 - create IPUIPlugin
2026-04-04 16:43:31,918 [INFO] IPUIPlugin:80 - create IPUIPlugin
2026-04-04 16:43:31,918 [INFO] IPUIPlugin:80 - create IPUIPlugin
2026-04-04 16:43:31,918 [INFO] IPUIPlugin:80 - create IPUIPlugin
2026-04-04 16:43:31,918 [INFO] IPUIPlugin:80 - create IPUIPlugin
2026-04-04 16:43:31,918 [INFO] IPUIPlugin:80 - create IPUIPlugin
2026-04-04 16:43:31,918 [INFO] IPUIPlugin:80 - create IPUIPlugin
2026-04-04 16:43:31,918 [INFO] IPUIPlugin:80 - create IPUIPlugin
2026-04-04 16:43:31,919 [INFO] IPUIPlugin:80 - create IPUIPlugin
2026-04-04 16:43:31,919 [INFO] IPUIPlugin:80 - create IPUIPlugin
2026-04-04 16:43:31,919 [INFO] IPUIPlugin:80 - create IPUIPlugin
2026-04-04 16:43:31,919 [INFO] IPUIPlugin:80 - create IPUIPlugin
2026-04-04 16:43:31,919 [INFO] IPUIPlugin:80 - create IPUIPlugin
2026-04-04 16:43:31,919 [INFO] IPUIPlugin:80 - create IPUIPlugin
2026-04-04 16:43:31,919 [INFO] IPUIPlugin:80 - create IPUIPlugin
2026-04-04 16:43:31,919 [INFO] IPUIPlugin:80 - create IPUIPlugin
2026-04-04 16:43:31,919 [INFO] IPUIPlugin:80 - create IPUIPlugin
2026-04-04 16:43:31,920 [INFO] IPUIPlugin:80 - create IPUIPlugin
2026-04-04 16:43:31,920 [INFO] IPUIPlugin:80 - create IPUIPlugin
2026-04-04 16:43:31,920 [INFO] IPUIPlugin:80 - create IPUIPlugin
2026-04-04 16:43:31,920 [INFO] IPUIPlugin:80 - create IPUIPlugin
2026-04-04 16:43:31,920 [INFO] IPUIPlugin:80 - create IPUIPlugin
2026-04-04 16:43:31,920 [INFO] IPUIPlugin:80 - create IPUIPlugin
2026-04-04 16:43:31,920 [INFO] IPUIPlugin:80 - create IPUIPlugin
2026-04-04 16:43:31,921 [INFO] IPUIPlugin:80 - create IPUIPlugin
2026-04-04 16:43:31,921 [INFO] IPUIPlugin:80 - create IPUIPlugin
2026-04-04 16:43:31,921 [INFO] IPUIPlugin:80 - create IPUIPlugin
2026-04-04 16:43:31,921 [INFO] IPUIPlugin:80 - create IPUIPlugin
2026-04-04 16:43:31,921 [INFO] IPUIPlugin:80 - create IPUIPlugin
2026-04-04 16:43:31,921 [INFO] IPUIPlugin:80 - create IPUIPlugin
2026-04-04 16:43:31,922 [INFO] IPUIPlugin:80 - create IPUIPlugin
2026-04-04 16:43:31,922 [INFO] IPUIPlugin:80 - create IPUIPlugin
2026-04-04 16:43:31,922 [INFO] IPUIPlugin:80 - create IPUIPlugin
2026-04-04 16:43:31,922 [INFO] IPUIPlugin:80 - create IPUIPlugin
2026-04-04 16:43:31,922 [INFO] IPUIPlugin:80 - create IPUIPlugin
2026-04-04 16:43:31,922 [INFO] IPUIPlugin:80 - create IPUIPlugin
2026-04-04 16:43:31,923 [INFO] IPUIPlugin:80 - create IPUIPlugin
2026-04-04 16:43:31,923 [INFO] IPUIPlugin:80 - create IPUIPlugin
2026-04-04 16:43:31,923 [INFO] IPUIPlugin:80 - create IPUIPlugin
2026-04-04 16:43:31,923 [INFO] IPUIPlugin:80 - create IPUIPlugin
2026-04-04 16:43:31,923 [INFO] IPUIPlugin:80 - create IPUIPlugin
2026-04-04 16:43:31,924 [INFO] IPUIPlugin:80 - create IPUIPlugin
2026-04-04 16:43:31,924 [INFO] IPUIPlugin:80 - create IPUIPlugin
2026-04-04 16:43:31,924 [INFO] IPUIPlugin:80 - create IPUIPlugin
2026-04-04 16:43:31,924 [INFO] IPUIPlugin:80 - create IPUIPlugin
2026-04-04 16:43:31,924 [INFO] IPUIPlugin:80 - create IPUIPlugin
2026-04-04 16:43:31,925 [INFO] IPUIPlugin:80 - create IPUIPlugin
2026-04-04 16:43:31,925 [INFO] IPUIPlugin:80 - create IPUIPlugin
2026-04-04 16:43:31,925 [INFO] IPUIPlugin:80 - create IPUIPlugin
2026-04-04 16:43:31,925 [INFO] IPUIPlugin:80 - create IPUIPlugin
2026-04-04 16:43:31,925 [INFO] IPUIPlugin:80 - create IPUIPlugin
2026-04-04 16:43:31,926 [INFO] IPUIPlugin:80 - create IPUIPlugin
2026-04-04 16:43:31,926 [INFO] IPUIPlugin:80 - create IPUIPlugin
2026-04-04 16:43:31,926 [INFO] IPUIPlugin:80 - create IPUIPlugin
2026-04-04 16:43:31,926 [INFO] IPUIPlugin:80 - create IPUIPlugin
2026-04-04 16:43:31,927 [INFO] IPUIPlugin:80 - create IPUIPlugin
2026-04-04 16:43:31,927 [INFO] IPUIPlugin:80 - create IPUIPlugin
2026-04-04 16:43:31,927 [INFO] IPUIPlugin:80 - create IPUIPlugin
2026-04-04 16:43:31,928 [INFO] IPUIPlugin:80 - create IPUIPlugin
2026-04-04 16:43:31,928 [INFO] IPUIPlugin:80 - create IPUIPlugin
2026-04-04 16:43:31,928 [INFO] IPUIPlugin:80 - create IPUIPlugin
2026-04-04 16:43:31,928 [INFO] IPUIPlugin:80 - create IPUIPlugin
2026-04-04 16:43:31,949 [INFO] ApiDbMcu:532 - Load IP Config File for PDM2PCM
2026-04-04 16:43:31,958 [WARN] IP:2250 - I2C_Coeff_DF not found: check if there is a RefParameter without a condition.
2026-04-04 16:43:31,959 [WARN] IP:2250 - Analog_Filter not found: check if there is a RefParameter without a condition.
2026-04-04 16:43:31,999 [WARN] FreeRTOS:1023 - Null or empty value: should not occur! (nothing added to the table)
2026-04-04 16:43:32,235 [INFO] CADModel:165 - CPN selected for project levelSTM32F446ZET6
2026-04-04 16:43:32,235 [INFO] CADModel:114 - Register for checkConnection events
2026-04-04 16:43:32,237 [INFO] RtosManager:728 - Active RTOS found at IOC load: FREERTOS [Cortex-M4NS]
2026-04-04 16:43:32,289 [INFO] OpenFileManager:386 - Restore cursor
2026-04-04 16:43:32,500 [WARN] IP:2250 - I2C_Coeff_DF not found: check if there is a RefParameter without a condition.
2026-04-04 16:43:32,500 [WARN] IP:2250 - Analog_Filter not found: check if there is a RefParameter without a condition.
2026-04-04 16:43:32,501 [WARN] IP:2250 - I2C_Coeff_DF not found: check if there is a RefParameter without a condition.
2026-04-04 16:43:32,501 [WARN] IP:2250 - Analog_Filter not found: check if there is a RefParameter without a condition.
2026-04-04 16:45:52,911 [INFO] Gpio:278 - dependency for GPIO [I2C1, SPI1]
2026-04-04 16:46:10,274 [INFO] UtilMem:75 - End SaveConfig() Used Memory: 414354352 Bytes (494927872)
2026-04-04 16:46:11,542 [INFO] UtilMem:75 - End SaveConfig() Used Memory: 265467816 Bytes (494927872)
2026-04-04 16:46:13,741 [INFO] UtilMem:75 - End SaveConfig() Used Memory: 362659768 Bytes (494927872)
2026-04-04 16:46:15,743 [INFO] BlockDiagram:2775 - set Specific Code input for plugin: SPI
2026-04-04 16:46:15,743 [INFO] BlockDiagram:2775 - set Specific Code input for plugin: FREERTOS
2026-04-04 16:46:15,743 [INFO] BlockDiagram:2775 - set Specific Code input for plugin: SYS
2026-04-04 16:46:15,743 [INFO] BlockDiagram:2775 - set Specific Code input for plugin: RCC
2026-04-04 16:46:15,743 [INFO] BlockDiagram:2775 - set Specific Code input for plugin: I2C
2026-04-04 16:46:15,743 [INFO] BlockDiagram:2775 - set Specific Code input for plugin: NVIC
2026-04-04 16:46:15,744 [INFO] BlockDiagram:2775 - set Specific Code input for plugin: GPIO
2026-04-04 16:46:15,746 [INFO] CodeGenerator:892 - code generatio: config db path: C:\ST\STM32CubeIDE_1.19.0\STM32CubeIDE\plugins\com.st.stm32cube.common.mx_6.15.0.202507011659\\db\
2026-04-04 16:46:15,757 [WARN] IP:2250 - I2C_Coeff_DF not found: check if there is a RefParameter without a condition.
2026-04-04 16:46:15,757 [WARN] IP:2250 - Analog_Filter not found: check if there is a RefParameter without a condition.
2026-04-04 16:46:15,932 [INFO] CodeEngine:265 - oldGeneratedFile, C:\Users\salehir\Documents\eecs_vending_machine\MCU_A_v1_3\MXTmpFiles\license.tmp_save
2026-04-04 16:46:16,298 [INFO] CodeEngine:289 - Generated code: C:\Users\salehir\Documents\eecs_vending_machine\MCU_A_v1_3\MXTmpFiles\license.tmp
2026-04-04 16:46:16,421 [INFO] CodeEngine:265 - oldGeneratedFile, C:\Users\salehir\Documents\eecs_vending_machine\MCU_A_v1_3\MXTmpFiles\gpio.tmp_save
2026-04-04 16:46:16,550 [INFO] CodeEngine:289 - Generated code: C:\Users\salehir\Documents\eecs_vending_machine\MCU_A_v1_3\MXTmpFiles\gpio.tmp
2026-04-04 16:46:16,744 [INFO] Middleware:1452 - No code input for Bsp Dependency
2026-04-04 16:46:16,761 [INFO] CodeEngine:265 - oldGeneratedFile, C:\Users\salehir\Documents\eecs_vending_machine\MCU_A_v1_3\MXTmpFiles\rtos_inc.tmp_save
2026-04-04 16:46:16,823 [INFO] CodeEngine:289 - Generated code: C:\Users\salehir\Documents\eecs_vending_machine\MCU_A_v1_3\MXTmpFiles\rtos_inc.tmp
2026-04-04 16:46:16,834 [INFO] CodeEngine:265 - oldGeneratedFile, C:\Users\salehir\Documents\eecs_vending_machine\MCU_A_v1_3\MXTmpFiles\rtos_kernelInit.tmp_save
2026-04-04 16:46:16,902 [INFO] CodeEngine:289 - Generated code: C:\Users\salehir\Documents\eecs_vending_machine\MCU_A_v1_3\MXTmpFiles\rtos_kernelInit.tmp
2026-04-04 16:46:16,912 [INFO] CodeEngine:265 - oldGeneratedFile, C:\Users\salehir\Documents\eecs_vending_machine\MCU_A_v1_3\MXTmpFiles\rtos_kernelStart.tmp_save
2026-04-04 16:46:16,974 [INFO] CodeEngine:289 - Generated code: C:\Users\salehir\Documents\eecs_vending_machine\MCU_A_v1_3\MXTmpFiles\rtos_kernelStart.tmp
2026-04-04 16:46:16,984 [INFO] CodeEngine:265 - oldGeneratedFile, C:\Users\salehir\Documents\eecs_vending_machine\MCU_A_v1_3\MXTmpFiles\rtos_typedefs.tmp_save
2026-04-04 16:46:17,065 [INFO] CodeEngine:289 - Generated code: C:\Users\salehir\Documents\eecs_vending_machine\MCU_A_v1_3\MXTmpFiles\rtos_typedefs.tmp
2026-04-04 16:46:17,077 [INFO] CodeEngine:265 - oldGeneratedFile, C:\Users\salehir\Documents\eecs_vending_machine\MCU_A_v1_3\MXTmpFiles\rtos_vars.tmp_save
2026-04-04 16:46:17,179 [INFO] CodeEngine:289 - Generated code: C:\Users\salehir\Documents\eecs_vending_machine\MCU_A_v1_3\MXTmpFiles\rtos_vars.tmp
2026-04-04 16:46:17,192 [INFO] CodeEngine:265 - oldGeneratedFile, C:\Users\salehir\Documents\eecs_vending_machine\MCU_A_v1_3\MXTmpFiles\rtos_pfp.tmp_save
2026-04-04 16:46:17,302 [INFO] CodeEngine:289 - Generated code: C:\Users\salehir\Documents\eecs_vending_machine\MCU_A_v1_3\MXTmpFiles\rtos_pfp.tmp
2026-04-04 16:46:17,312 [INFO] CodeEngine:265 - oldGeneratedFile, C:\Users\salehir\Documents\eecs_vending_machine\MCU_A_v1_3\MXTmpFiles\rtos_obj_creat.tmp_save
2026-04-04 16:46:17,372 [INFO] CodeEngine:289 - Generated code: C:\Users\salehir\Documents\eecs_vending_machine\MCU_A_v1_3\MXTmpFiles\rtos_obj_creat.tmp
2026-04-04 16:46:17,384 [INFO] CodeEngine:265 - oldGeneratedFile, C:\Users\salehir\Documents\eecs_vending_machine\MCU_A_v1_3\MXTmpFiles\rtos_default_thread.tmp_save
2026-04-04 16:46:17,445 [INFO] CodeEngine:289 - Generated code: C:\Users\salehir\Documents\eecs_vending_machine\MCU_A_v1_3\MXTmpFiles\rtos_default_thread.tmp
2026-04-04 16:46:17,455 [INFO] CodeEngine:265 - oldGeneratedFile, C:\Users\salehir\Documents\eecs_vending_machine\MCU_A_v1_3\MXTmpFiles\rtos_threads.tmp_save
2026-04-04 16:46:17,515 [INFO] CodeEngine:289 - Generated code: C:\Users\salehir\Documents\eecs_vending_machine\MCU_A_v1_3\MXTmpFiles\rtos_threads.tmp
2026-04-04 16:46:17,536 [INFO] Middleware:1452 - No code input for Bsp Dependency
2026-04-04 16:46:17,556 [INFO] CodeEngine:265 - oldGeneratedFile, C:\Users\salehir\Documents\eecs_vending_machine\MCU_A_v1_3\MXTmpFiles\rtos_inc.tmp_save
2026-04-04 16:46:17,613 [INFO] CodeEngine:289 - Generated code: C:\Users\salehir\Documents\eecs_vending_machine\MCU_A_v1_3\MXTmpFiles\rtos_inc.tmp
2026-04-04 16:46:17,628 [INFO] CodeEngine:265 - oldGeneratedFile, C:\Users\salehir\Documents\eecs_vending_machine\MCU_A_v1_3\MXTmpFiles\rtos_kernelInit.tmp_save
2026-04-04 16:46:17,683 [INFO] CodeEngine:289 - Generated code: C:\Users\salehir\Documents\eecs_vending_machine\MCU_A_v1_3\MXTmpFiles\rtos_kernelInit.tmp
2026-04-04 16:46:17,697 [INFO] CodeEngine:265 - oldGeneratedFile, C:\Users\salehir\Documents\eecs_vending_machine\MCU_A_v1_3\MXTmpFiles\rtos_kernelStart.tmp_save
2026-04-04 16:46:17,759 [INFO] CodeEngine:289 - Generated code: C:\Users\salehir\Documents\eecs_vending_machine\MCU_A_v1_3\MXTmpFiles\rtos_kernelStart.tmp
2026-04-04 16:46:17,777 [INFO] CodeEngine:265 - oldGeneratedFile, C:\Users\salehir\Documents\eecs_vending_machine\MCU_A_v1_3\MXTmpFiles\rtos_typedefs.tmp_save
2026-04-04 16:46:17,844 [INFO] CodeEngine:289 - Generated code: C:\Users\salehir\Documents\eecs_vending_machine\MCU_A_v1_3\MXTmpFiles\rtos_typedefs.tmp
2026-04-04 16:46:17,861 [INFO] CodeEngine:265 - oldGeneratedFile, C:\Users\salehir\Documents\eecs_vending_machine\MCU_A_v1_3\MXTmpFiles\rtos_vars.tmp_save
2026-04-04 16:46:17,921 [INFO] CodeEngine:289 - Generated code: C:\Users\salehir\Documents\eecs_vending_machine\MCU_A_v1_3\MXTmpFiles\rtos_vars.tmp
2026-04-04 16:46:17,935 [INFO] CodeEngine:265 - oldGeneratedFile, C:\Users\salehir\Documents\eecs_vending_machine\MCU_A_v1_3\MXTmpFiles\rtos_pfp.tmp_save
2026-04-04 16:46:17,987 [INFO] CodeEngine:289 - Generated code: C:\Users\salehir\Documents\eecs_vending_machine\MCU_A_v1_3\MXTmpFiles\rtos_pfp.tmp
2026-04-04 16:46:18,001 [INFO] CodeEngine:265 - oldGeneratedFile, C:\Users\salehir\Documents\eecs_vending_machine\MCU_A_v1_3\MXTmpFiles\rtos_obj_creat.tmp_save
2026-04-04 16:46:18,059 [INFO] CodeEngine:289 - Generated code: C:\Users\salehir\Documents\eecs_vending_machine\MCU_A_v1_3\MXTmpFiles\rtos_obj_creat.tmp
2026-04-04 16:46:18,072 [INFO] CodeEngine:265 - oldGeneratedFile, C:\Users\salehir\Documents\eecs_vending_machine\MCU_A_v1_3\MXTmpFiles\rtos_default_thread.tmp_save
2026-04-04 16:46:18,124 [INFO] CodeEngine:289 - Generated code: C:\Users\salehir\Documents\eecs_vending_machine\MCU_A_v1_3\MXTmpFiles\rtos_default_thread.tmp
2026-04-04 16:46:18,137 [INFO] CodeEngine:265 - oldGeneratedFile, C:\Users\salehir\Documents\eecs_vending_machine\MCU_A_v1_3\MXTmpFiles\rtos_threads.tmp_save
2026-04-04 16:46:18,189 [INFO] CodeEngine:289 - Generated code: C:\Users\salehir\Documents\eecs_vending_machine\MCU_A_v1_3\MXTmpFiles\rtos_threads.tmp
2026-04-04 16:46:18,204 [INFO] CodeEngine:265 - oldGeneratedFile, C:\Users\salehir\Documents\eecs_vending_machine\MCU_A_v1_3\Core\Inc\FreeRTOSConfig.h_save
2026-04-04 16:46:18,293 [INFO] CodeEngine:289 - Generated code: C:\Users\salehir\Documents\eecs_vending_machine\MCU_A_v1_3\Core\Inc\FreeRTOSConfig.h
2026-04-04 16:46:18,311 [INFO] CodeEngine:265 - oldGeneratedFile, C:\Users\salehir\Documents\eecs_vending_machine\MCU_A_v1_3\Core\Src\freertos.c_save
2026-04-04 16:46:18,385 [INFO] CodeEngine:289 - Generated code: C:\Users\salehir\Documents\eecs_vending_machine\MCU_A_v1_3\Core\Src\freertos.c
2026-04-04 16:46:18,417 [INFO] CodeEngine:265 - oldGeneratedFile, C:\Users\salehir\Documents\eecs_vending_machine\MCU_A_v1_3\Core\Src\stm32f4xx_it.c_save
2026-04-04 16:46:18,520 [INFO] CodeEngine:289 - Generated code: C:\Users\salehir\Documents\eecs_vending_machine\MCU_A_v1_3\Core\Src\stm32f4xx_it.c
2026-04-04 16:46:18,535 [INFO] CodeEngine:265 - oldGeneratedFile, C:\Users\salehir\Documents\eecs_vending_machine\MCU_A_v1_3\Core\Inc\stm32f4xx_it.h_save
2026-04-04 16:46:18,597 [INFO] CodeEngine:289 - Generated code: C:\Users\salehir\Documents\eecs_vending_machine\MCU_A_v1_3\Core\Inc\stm32f4xx_it.h
2026-04-04 16:46:18,630 [INFO] CodeEngine:265 - oldGeneratedFile, C:\Users\salehir\Documents\eecs_vending_machine\MCU_A_v1_3\Core\Src\stm32f4xx_hal_msp.c_save
2026-04-04 16:46:18,734 [INFO] CodeEngine:289 - Generated code: C:\Users\salehir\Documents\eecs_vending_machine\MCU_A_v1_3\Core\Src\stm32f4xx_hal_msp.c
2026-04-04 16:46:18,745 [INFO] CodeEngine:265 - oldGeneratedFile, C:\Users\salehir\Documents\eecs_vending_machine\MCU_A_v1_3\MXTmpFiles\system.tmp_save
2026-04-04 16:46:18,794 [INFO] CodeEngine:289 - Generated code: C:\Users\salehir\Documents\eecs_vending_machine\MCU_A_v1_3\MXTmpFiles\system.tmp
2026-04-04 16:46:18,808 [INFO] CodeEngine:265 - oldGeneratedFile, C:\Users\salehir\Documents\eecs_vending_machine\MCU_A_v1_3\Core\Src\stm32f4xx_hal_timebase_tim.c_save
2026-04-04 16:46:18,870 [INFO] CodeEngine:289 - Generated code: C:\Users\salehir\Documents\eecs_vending_machine\MCU_A_v1_3\Core\Src\stm32f4xx_hal_timebase_tim.c
2026-04-04 16:46:18,908 [INFO] CodeEngine:321 - oldGeneratedFile, C:\Users\salehir\Documents\eecs_vending_machine\MCU_A_v1_3\Core\Inc\stm32f4xx_hal_conf.h_save
2026-04-04 16:46:18,972 [INFO] CodeEngine:345 - Generated code: C:\Users\salehir\Documents\eecs_vending_machine\MCU_A_v1_3\Core\Inc\stm32f4xx_hal_conf.h
2026-04-04 16:46:19,006 [WARN] IPConfigManager:3238 - Warning: the RefConfig PLL2P_FOR_MCO is not available in your config.xml file
2026-04-04 16:46:19,016 [INFO] ApiDbMcu:532 - Load IP Config File for I2C1
2026-04-04 16:46:19,019 [INFO] ApiDbMcu:532 - Load IP Config File for SPI1
2026-04-04 16:46:19,023 [INFO] ApiDbMcu:532 - Load IP Config File for RCC
2026-04-04 16:46:19,049 [INFO] CodeEngine:265 - oldGeneratedFile, C:\Users\salehir\Documents\eecs_vending_machine\MCU_A_v1_3\Core\Inc\main.h_save
2026-04-04 16:46:19,137 [INFO] CodeEngine:289 - Generated code: C:\Users\salehir\Documents\eecs_vending_machine\MCU_A_v1_3\Core\Inc\main.h
2026-04-04 16:46:19,154 [INFO] CodeEngine:265 - oldGeneratedFile, C:\Users\salehir\Documents\eecs_vending_machine\MCU_A_v1_3\Core\Src\main.c_save
2026-04-04 16:46:19,320 [INFO] CodeEngine:289 - Generated code: C:\Users\salehir\Documents\eecs_vending_machine\MCU_A_v1_3\Core\Src\main.c
2026-04-04 16:46:20,188 [INFO] ProjectBuilder:3606 - Time for Copy HAL[1] : 619mS.
2026-04-04 16:46:20,196 [INFO] ProjectBuilder:5216 - Project Generator version: 4.7.0-B52
2026-04-04 16:46:20,295 [INFO] ConfigFileManager:1595 - The Die is : DIE421
2026-04-04 16:46:20,305 [INFO] ApiDbMcu:532 - Load IP Config File for FATFS
2026-04-04 16:46:20,308 [INFO] ApiDbMcu:532 - Load IP Config File for LIBJPEG
2026-04-04 16:46:20,316 [INFO] ApiDbMcu:532 - Load IP Config File for MBEDTLS
2026-04-04 16:46:20,327 [INFO] ApiDbMcu:532 - Load IP Config File for USB_DEVICE
2026-04-04 16:46:20,332 [INFO] ApiDbMcu:532 - Load IP Config File for USB_HOST
2026-04-04 16:46:20,762 [INFO] LogOutputStream:77 - [STDOUT_REDIRECT] 
2026-04-04 16:46:22,151 [INFO] ProjectBuilder:5496 - Time for Generating toolchain IDE Files: 1955mS.
2026-04-04 16:46:22,153 [INFO] ProjectBuilder:3463 - Time for Copy CMSIS : 1mS.
2026-04-04 16:46:22,165 [INFO] ProjectBuilder:3463 - Time for Copy CMSIS : 0mS.
2026-04-14 12:59:40,053 [INFO] Activator:176 - 


2026-04-14 12:59:40,055 [INFO] Activator:177 - !SESSION log4j initialized
2026-04-14 12:59:43,120 [INFO] LogOutputStream:77 - [STDOUT_REDIRECT] 
2026-04-14 12:59:44,872 [INFO] ApplicationProperties:184 - Using Application install path: C:\ST\STM32CubeIDE_1.19.0\STM32CubeIDE\plugins\com.st.stm32cube.common.mx_6.15.0.202507011659
2026-04-14 12:59:44,888 [INFO] DbMcusXml:78 - Set database path to: C:\ST\STM32CubeIDE_1.19.0\STM32CubeIDE\plugins\com.st.stm32cube.common.mx_6.15.0.202507011659\\db\/mcu/
2026-04-14 12:59:44,888 [INFO] ApiDb:274 - Set plugin database path to: C:\ST\STM32CubeIDE_1.19.0\STM32CubeIDE\plugins\com.st.stm32cube.common.mx_6.15.0.202507011659\\db\/plugins/boardmanager/
2026-04-14 12:59:44,888 [WARN] ApiDb:259 - Overriding images path with different value:  => C:\ST\STM32CubeIDE_1.19.0\STM32CubeIDE\plugins\com.st.stm32cube.common.mx_6.15.0.202507011659\\db\/plugins/mcufinder/images/
2026-04-14 12:59:44,893 [INFO] ApiDb:250 - Set database path to: C:\Users\salehir\.stmcufinder\plugins\mcufinder//mcu/
2026-04-14 12:59:44,894 [INFO] DbMcusAds:125 - Set database path to: C:\Users\salehir\.stmcufinder\plugins\mcufinder//mcu/
2026-04-14 12:59:44,896 [INFO] CrossReferenceDbSqlite:203 - Set database path to: C:\Users\salehir\.stmcufinder\plugins\mcufinder//mcu/cs/
2026-04-14 12:59:45,032 [INFO] RulesReader:64 - Compatibility file has been processed (317 Rules)
2026-04-14 12:59:45,142 [INFO] DbMcusXml:78 - Set database path to: C:\ST\STM32CubeIDE_1.19.0\STM32CubeIDE\plugins\com.st.stm32cube.common.mx_6.15.0.202507011659\\db\/mcu/
2026-04-14 12:59:45,142 [INFO] ApiDb:274 - Set plugin database path to: C:\ST\STM32CubeIDE_1.19.0\STM32CubeIDE\plugins\com.st.stm32cube.common.mx_6.15.0.202507011659\\db\/plugins/boardmanager/
2026-04-14 12:59:45,142 [INFO] ApiDb:261 - Set plugin images path to: C:\ST\STM32CubeIDE_1.19.0\STM32CubeIDE\plugins\com.st.stm32cube.common.mx_6.15.0.202507011659\\db\/plugins/mcufinder/images/
2026-04-14 12:59:45,142 [WARN] DbFile:41 - Overriding database path with different value: C:\Users\salehir\.stmcufinder\plugins\mcufinder/ => C:\Users\salehir\.stmcufinder\plugins\mcufinder
2026-04-14 12:59:45,142 [INFO] ApiDb:250 - Set database path to: C:\Users\salehir\.stmcufinder\plugins\mcufinder//mcu/
2026-04-14 12:59:45,142 [WARN] DbFile:41 - Overriding database path with different value: C:\Users\salehir\.stmcufinder\plugins\mcufinder/ => C:\Users\salehir\.stmcufinder\plugins\mcufinder
2026-04-14 12:59:45,142 [INFO] DbMcusAds:125 - Set database path to: C:\Users\salehir\.stmcufinder\plugins\mcufinder//mcu/
2026-04-14 12:59:45,143 [WARN] DbFile:41 - Overriding database path with different value: C:\Users\salehir\.stmcufinder\plugins\mcufinder/ => C:\Users\salehir\.stmcufinder\plugins\mcufinder
2026-04-14 12:59:45,143 [WARN] DbFile:41 - Overriding database path with different value: C:\Users\salehir\.stmcufinder\plugins\mcufinder/ => C:\Users\salehir\.stmcufinder\plugins\mcufinder
2026-04-14 12:59:45,143 [INFO] CrossReferenceDbSqlite:203 - Set database path to: C:\Users\salehir\.stmcufinder\plugins\mcufinder//mcu/cs/
2026-04-14 12:59:45,214 [INFO] MainPanel:274 - HeapMemory: 268435456
2026-04-14 12:59:45,282 [INFO] DbMcusXml:78 - Set database path to: C:\ST\STM32CubeIDE_1.19.0\STM32CubeIDE\plugins\com.st.stm32cube.common.mx_6.15.0.202507011659\\db\/mcu/
2026-04-14 12:59:45,282 [INFO] ApiDb:274 - Set plugin database path to: C:\ST\STM32CubeIDE_1.19.0\STM32CubeIDE\plugins\com.st.stm32cube.common.mx_6.15.0.202507011659\\db\/plugins/boardmanager/
2026-04-14 12:59:45,282 [INFO] ApiDb:261 - Set plugin images path to: C:\ST\STM32CubeIDE_1.19.0\STM32CubeIDE\plugins\com.st.stm32cube.common.mx_6.15.0.202507011659\\db\/plugins/mcufinder/images/
2026-04-14 12:59:45,283 [WARN] DbFile:41 - Overriding database path with different value: C:\Users\salehir\.stmcufinder\plugins\mcufinder/ => C:\Users\salehir\.stmcufinder\plugins\mcufinder
2026-04-14 12:59:45,283 [INFO] ApiDb:250 - Set database path to: C:\Users\salehir\.stmcufinder\plugins\mcufinder//mcu/
2026-04-14 12:59:45,283 [WARN] DbFile:41 - Overriding database path with different value: C:\Users\salehir\.stmcufinder\plugins\mcufinder/ => C:\Users\salehir\.stmcufinder\plugins\mcufinder
2026-04-14 12:59:45,283 [INFO] DbMcusAds:125 - Set database path to: C:\Users\salehir\.stmcufinder\plugins\mcufinder//mcu/
2026-04-14 12:59:45,283 [WARN] DbFile:41 - Overriding database path with different value: C:\Users\salehir\.stmcufinder\plugins\mcufinder/ => C:\Users\salehir\.stmcufinder\plugins\mcufinder
2026-04-14 12:59:45,283 [WARN] DbFile:41 - Overriding database path with different value: C:\Users\salehir\.stmcufinder\plugins\mcufinder/ => C:\Users\salehir\.stmcufinder\plugins\mcufinder
2026-04-14 12:59:45,283 [INFO] CrossReferenceDbSqlite:203 - Set database path to: C:\Users\salehir\.stmcufinder\plugins\mcufinder//mcu/cs/
2026-04-14 12:59:45,302 [INFO] ApplicationProperties:184 - Using Application install path: C:\ST\STM32CubeIDE_1.19.0\STM32CubeIDE\plugins\com.st.stm32cube.common.mx_6.15.0.202507011659
2026-04-14 12:59:45,303 [INFO] PluginManage:196 - Search for loadable plugins [exclusion list=, ]
2026-04-14 12:59:45,305 [INFO] PluginManage:310 - Check plugin analytics
2026-04-14 12:59:45,474 [INFO] AnalyticsPlugin:253 - Accepted Software Licenses: 
2026-04-14 12:59:45,474 [INFO] AnalyticsPlugin:255 - Accepted CMSIS Pack Licenses: 
2026-04-14 12:59:45,475 [INFO] AnalyticsPlugin:257 - Accepted Firmware Licenses: 
2026-04-14 12:59:45,476 [INFO] PluginManage:359 - Loaded plugin analytics (category:tool,tabindex:-1)
2026-04-14 12:59:45,476 [INFO] PluginManage:310 - Check plugin cadmodel
2026-04-14 12:59:45,480 [INFO] CADModel:105 - Init CAD model plugin
2026-04-14 12:59:45,481 [INFO] PluginManage:359 - Loaded plugin cadmodel (category:power,tabindex:5)
2026-04-14 12:59:45,481 [INFO] PluginManage:310 - Check plugin clock
2026-04-14 12:59:45,488 [INFO] PluginManage:359 - Loaded plugin clock (category:base,tabindex:2)
2026-04-14 12:59:45,488 [INFO] PluginManage:310 - Check plugin ddr
2026-04-14 12:59:45,489 [INFO] PluginManage:359 - Loaded plugin ddr (category:tool,tabindex:6)
2026-04-14 12:59:45,489 [INFO] PluginManage:310 - Check plugin filemanager
2026-04-14 12:59:45,602 [INFO] PluginManage:359 - Loaded plugin filemanager (category:base,tabindex:10)
2026-04-14 12:59:45,602 [INFO] PluginManage:310 - Check plugin ipmanager
2026-04-14 12:59:45,611 [INFO] PluginManage:359 - Loaded plugin ipmanager (category:base,tabindex:5)
2026-04-14 12:59:45,611 [INFO] PluginManage:310 - Check plugin lpbam
2026-04-14 12:59:45,618 [INFO] PluginManage:359 - Loaded plugin lpbam (category:base,tabindex:0)
2026-04-14 12:59:45,618 [INFO] PluginManage:310 - Check plugin memorymap
2026-04-14 12:59:45,627 [INFO] PluginManage:359 - Loaded plugin memorymap (category:base,tabindex:4)
2026-04-14 12:59:45,627 [INFO] PluginManage:310 - Check plugin pinoutandconfiguration
2026-04-14 12:59:45,633 [INFO] PluginManage:359 - Loaded plugin pinoutandconfiguration (category:base,tabindex:1)
2026-04-14 12:59:45,633 [INFO] PluginManage:310 - Check plugin pinoutconfig
2026-04-14 12:59:45,708 [WARN] SupportedApi:132 - Cannot load RTOS API schema: s4s-elt-must-match.1: The content of 'definitions' must match (annotation?, (simpleType | complexType)?, (unique | key | keyref)*)). A problem was found starting at: attribute.
2026-04-14 12:59:45,864 [INFO] PluginManage:359 - Loaded plugin pinoutconfig (category:base,tabindex:0)
2026-04-14 12:59:45,864 [INFO] PluginManage:310 - Check plugin power
2026-04-14 12:59:45,876 [INFO] PluginManage:359 - Loaded plugin power (category:power,tabindex:4)
2026-04-14 12:59:45,876 [INFO] PluginManage:310 - Check plugin projectmanager
2026-04-14 12:59:45,891 [INFO] PluginManage:359 - Loaded plugin projectmanager (category:projectmanager,tabindex:4)
2026-04-14 12:59:45,891 [INFO] PluginManage:310 - Check plugin rif
2026-04-14 12:59:45,898 [INFO] PluginManage:359 - Loaded plugin rif (category:base,tabindex:3)
2026-04-14 12:59:45,898 [INFO] PluginManage:310 - Check plugin thirdparty
2026-04-14 12:59:46,011 [WARN] IntegrityCheckThread:84 - waiting for thirdparty lock release [integrity check]
2026-04-14 12:59:46,011 [INFO] IntegrityCheckThread:86 - entering critical section [integrity check]
2026-04-14 12:59:46,011 [INFO] PluginManage:359 - Loaded plugin thirdparty (category:base,tabindex:-1)
2026-04-14 12:59:46,011 [INFO] PluginManage:310 - Check plugin tools
2026-04-14 12:59:46,011 [INFO] ThirdPartyUpdaterWithRetryManager:70 - Updater plugin not ready yet. [1/15]
2026-04-14 12:59:46,015 [INFO] PluginManage:359 - Loaded plugin tools (category:base,tabindex:7)
2026-04-14 12:59:46,016 [INFO] PluginManage:310 - Check plugin tutovideos
2026-04-14 12:59:46,305 [INFO] PluginManage:359 - Loaded plugin tutovideos (category:base,tabindex:-1)
2026-04-14 12:59:46,305 [INFO] PluginManage:310 - Check plugin updater
2026-04-14 12:59:46,330 [INFO] PluginManage:359 - Loaded plugin updater (category:base,tabindex:12)
2026-04-14 12:59:46,330 [INFO] PluginManage:310 - Check plugin userauth
2026-04-14 12:59:46,336 [INFO] UserAuth:118 - Init User Auth plugin
2026-04-14 12:59:46,340 [INFO] PluginManage:359 - Loaded plugin userauth (category:base,tabindex:14)
2026-04-14 12:59:46,341 [INFO] PluginManage:283 - PluginManage : Loaded plugins [18]
2026-04-14 12:59:46,596 [INFO] PinOutPanel:1589 - setPackage(No Configuration,No Configuration)
2026-04-14 12:59:46,707 [INFO] CADModel:165 - CPN selected for project level
2026-04-14 12:59:46,707 [INFO] CADModel:114 - Register for checkConnection events
2026-04-14 12:59:46,726 [INFO] IPUIPlugin:80 - create IPUIPlugin
2026-04-14 12:59:46,726 [INFO] PluginManager:220 - loadIPPluginJar : add adc
2026-04-14 12:59:46,729 [INFO] IPUIPlugin:80 - create IPUIPlugin
2026-04-14 12:59:46,729 [INFO] PluginManager:220 - loadIPPluginJar : add aes
2026-04-14 12:59:46,732 [INFO] IPUIPlugin:80 - create IPUIPlugin
2026-04-14 12:59:46,733 [INFO] PluginManager:220 - loadIPPluginJar : add can
2026-04-14 12:59:46,735 [INFO] IPUIPlugin:80 - create IPUIPlugin
2026-04-14 12:59:46,735 [INFO] PluginManager:220 - loadIPPluginJar : add comp
2026-04-14 12:59:46,737 [INFO] IPUIPlugin:80 - create IPUIPlugin
2026-04-14 12:59:46,737 [INFO] PluginManager:220 - loadIPPluginJar : add cryp
2026-04-14 12:59:46,739 [INFO] IPUIPlugin:80 - create IPUIPlugin
2026-04-14 12:59:46,739 [INFO] PluginManager:220 - loadIPPluginJar : add ddr_ctrl_phy
2026-04-14 12:59:46,742 [INFO] IPUIPlugin:80 - create IPUIPlugin
2026-04-14 12:59:46,742 [INFO] PluginManager:220 - loadIPPluginJar : add dfsdm
2026-04-14 12:59:46,748 [INFO] IPUIPlugin:80 - create IPUIPlugin
2026-04-14 12:59:46,750 [INFO] PluginManager:220 - loadIPPluginJar : add dma
2026-04-14 12:59:46,753 [INFO] IPUIPlugin:80 - create IPUIPlugin
2026-04-14 12:59:46,753 [INFO] PluginManager:220 - loadIPPluginJar : add dma3
2026-04-14 12:59:46,756 [INFO] IPUIPlugin:80 - create IPUIPlugin
2026-04-14 12:59:46,756 [INFO] PluginManager:220 - loadIPPluginJar : add extmemmanager
2026-04-14 12:59:46,760 [INFO] IPUIPlugin:80 - create IPUIPlugin
2026-04-14 12:59:46,760 [INFO] PluginManager:220 - loadIPPluginJar : add fatfs
2026-04-14 12:59:46,765 [INFO] IPUIPlugin:80 - create IPUIPlugin
2026-04-14 12:59:46,765 [INFO] PluginManager:220 - loadIPPluginJar : add fmc
2026-04-14 12:59:46,772 [INFO] IPUIPlugin:80 - create IPUIPlugin
2026-04-14 12:59:46,772 [INFO] PluginManager:220 - loadIPPluginJar : add freertos
2026-04-14 12:59:46,773 [INFO] IPUIPlugin:80 - create IPUIPlugin
2026-04-14 12:59:46,774 [INFO] PluginManager:220 - loadIPPluginJar : add genericplugin
2026-04-14 12:59:46,775 [INFO] IPUIPlugin:80 - create IPUIPlugin
2026-04-14 12:59:46,776 [INFO] PluginManager:220 - loadIPPluginJar : add gfxmmu
2026-04-14 12:59:46,782 [INFO] IPUIPlugin:80 - create IPUIPlugin
2026-04-14 12:59:46,782 [INFO] PluginManager:220 - loadIPPluginJar : add gic
2026-04-14 12:59:46,787 [INFO] IPUIPlugin:80 - create IPUIPlugin
2026-04-14 12:59:46,787 [INFO] PluginManager:220 - loadIPPluginJar : add gpio
2026-04-14 12:59:46,790 [INFO] IPUIPlugin:80 - create IPUIPlugin
2026-04-14 12:59:46,790 [INFO] PluginManager:220 - loadIPPluginJar : add gtzc
2026-04-14 12:59:46,792 [INFO] IPUIPlugin:80 - create IPUIPlugin
2026-04-14 12:59:46,792 [INFO] PluginManager:220 - loadIPPluginJar : add hash
2026-04-14 12:59:46,795 [INFO] IPUIPlugin:80 - create IPUIPlugin
2026-04-14 12:59:46,795 [INFO] PluginManager:220 - loadIPPluginJar : add i2c
2026-04-14 12:59:46,797 [INFO] IPUIPlugin:80 - create IPUIPlugin
2026-04-14 12:59:46,798 [INFO] PluginManager:220 - loadIPPluginJar : add i2s
2026-04-14 12:59:46,801 [INFO] IPUIPlugin:80 - create IPUIPlugin
2026-04-14 12:59:46,801 [INFO] PluginManager:220 - loadIPPluginJar : add i3c
2026-04-14 12:59:46,804 [INFO] IPUIPlugin:80 - create IPUIPlugin
2026-04-14 12:59:46,805 [INFO] PluginManager:220 - loadIPPluginJar : add ipddr
2026-04-14 12:59:46,810 [INFO] IPUIPlugin:80 - create IPUIPlugin
2026-04-14 12:59:46,811 [INFO] PluginManager:220 - loadIPPluginJar : add linkedlist
2026-04-14 12:59:46,813 [INFO] IPUIPlugin:80 - create IPUIPlugin
2026-04-14 12:59:46,813 [INFO] PluginManager:220 - loadIPPluginJar : add lorawan
2026-04-14 12:59:46,815 [INFO] IPUIPlugin:80 - create IPUIPlugin
2026-04-14 12:59:46,815 [INFO] PluginManager:220 - loadIPPluginJar : add ltdc
2026-04-14 12:59:46,830 [INFO] IPUIPlugin:80 - create IPUIPlugin
2026-04-14 12:59:46,831 [INFO] PluginManager:220 - loadIPPluginJar : add mdma
2026-04-14 12:59:46,835 [INFO] IPUIPlugin:80 - create IPUIPlugin
2026-04-14 12:59:46,835 [INFO] PluginManager:220 - loadIPPluginJar : add nvic
2026-04-14 12:59:46,838 [INFO] IPUIPlugin:80 - create IPUIPlugin
2026-04-14 12:59:46,838 [INFO] PluginManager:220 - loadIPPluginJar : add opamp
2026-04-14 12:59:46,841 [INFO] IPUIPlugin:80 - create IPUIPlugin
2026-04-14 12:59:46,841 [INFO] PluginManager:220 - loadIPPluginJar : add openamp
2026-04-14 12:59:46,844 [INFO] IPUIPlugin:80 - create IPUIPlugin
2026-04-14 12:59:46,844 [INFO] PluginManager:220 - loadIPPluginJar : add pdm2pcm
2026-04-14 12:59:46,851 [INFO] IPUIPlugin:80 - create IPUIPlugin
2026-04-14 12:59:46,854 [INFO] PluginManager:220 - loadIPPluginJar : add plateformsettings
2026-04-14 12:59:46,856 [INFO] IPUIPlugin:80 - create IPUIPlugin
2026-04-14 12:59:46,856 [INFO] PluginManager:220 - loadIPPluginJar : add quadspi
2026-04-14 12:59:46,858 [INFO] IPUIPlugin:80 - create IPUIPlugin
2026-04-14 12:59:46,858 [INFO] PluginManager:220 - loadIPPluginJar : add radio
2026-04-14 12:59:46,862 [INFO] IPUIPlugin:80 - create IPUIPlugin
2026-04-14 12:59:46,863 [INFO] PluginManager:220 - loadIPPluginJar : add resmgrutility
2026-04-14 12:59:46,866 [INFO] IPUIPlugin:80 - create IPUIPlugin
2026-04-14 12:59:46,866 [INFO] PluginManager:220 - loadIPPluginJar : add sai
2026-04-14 12:59:46,869 [INFO] IPUIPlugin:80 - create IPUIPlugin
2026-04-14 12:59:46,869 [INFO] PluginManager:220 - loadIPPluginJar : add spi
2026-04-14 12:59:46,875 [INFO] IPUIPlugin:80 - create IPUIPlugin
2026-04-14 12:59:46,875 [INFO] PluginManager:220 - loadIPPluginJar : add stm32_wpan
2026-04-14 12:59:46,876 [INFO] IPUIPlugin:80 - create IPUIPlugin
2026-04-14 12:59:46,877 [INFO] PluginManager:220 - loadIPPluginJar : add tim
2026-04-14 12:59:46,879 [INFO] IPUIPlugin:80 - create IPUIPlugin
2026-04-14 12:59:46,879 [INFO] PluginManager:220 - loadIPPluginJar : add touchsensing
2026-04-14 12:59:46,881 [INFO] IPUIPlugin:80 - create IPUIPlugin
2026-04-14 12:59:46,881 [INFO] PluginManager:220 - loadIPPluginJar : add tracer_emb
2026-04-14 12:59:46,883 [INFO] IPUIPlugin:80 - create IPUIPlugin
2026-04-14 12:59:46,883 [INFO] PluginManager:220 - loadIPPluginJar : add ts
2026-04-14 12:59:46,884 [INFO] IPUIPlugin:80 - create IPUIPlugin
2026-04-14 12:59:46,884 [INFO] PluginManager:220 - loadIPPluginJar : add tsc
2026-04-14 12:59:46,887 [INFO] IPUIPlugin:80 - create IPUIPlugin
2026-04-14 12:59:46,888 [INFO] PluginManager:220 - loadIPPluginJar : add ucpd
2026-04-14 12:59:46,891 [INFO] IPUIPlugin:80 - create IPUIPlugin
2026-04-14 12:59:46,891 [INFO] PluginManager:220 - loadIPPluginJar : add usart
2026-04-14 12:59:46,894 [INFO] IPUIPlugin:80 - create IPUIPlugin
2026-04-14 12:59:46,894 [INFO] PluginManager:220 - loadIPPluginJar : add usbx
2026-04-14 12:59:47,034 [FATAL] Updater:351 - Updater called before beeing initialized
2026-04-14 12:59:47,085 [INFO] RulesReader:64 - Compatibility file has been processed (317 Rules)
2026-04-14 12:59:47,095 [INFO] RulesReader:64 - Compatibility file has been processed (317 Rules)
2026-04-14 12:59:47,103 [INFO] CADModel:165 - CPN selected for project level
2026-04-14 12:59:47,103 [INFO] CADModel:114 - Register for checkConnection events
2026-04-14 12:59:47,103 [FATAL] Updater:351 - Updater called before beeing initialized
2026-04-14 12:59:47,103 [ERROR] CADModel:125 - Updater not yet initialized, retry later 
2026-04-14 12:59:47,259 [FATAL] Updater:351 - Updater called before beeing initialized
2026-04-14 12:59:47,261 [INFO] CADModel:165 - CPN selected for project level
2026-04-14 12:59:47,261 [INFO] CADModel:114 - Register for checkConnection events
2026-04-14 12:59:47,261 [FATAL] Updater:351 - Updater called before beeing initialized
2026-04-14 12:59:47,261 [ERROR] CADModel:125 - Updater not yet initialized, retry later 
2026-04-14 12:59:47,264 [FATAL] Updater:351 - Updater called before beeing initialized
2026-04-14 12:59:47,383 [FATAL] Updater:351 - Updater called before beeing initialized
2026-04-14 12:59:47,387 [INFO] DbMcusAds:53 - JSON generation date=Thu Jan 08 10:56:59 EST 2026 (1767887819573)
2026-04-14 12:59:47,387 [FATAL] Updater:351 - Updater called before beeing initialized
2026-04-14 12:59:47,423 [WARN] DetailPanel:346 - Failed to get advertising image, set to default
2026-04-14 12:59:47,545 [FATAL] Updater:351 - Updater called before beeing initialized
2026-04-14 12:59:47,547 [FATAL] Updater:351 - Updater called before beeing initialized
2026-04-14 12:59:47,547 [FATAL] Updater:351 - Updater called before beeing initialized
2026-04-14 12:59:47,547 [WARN] DetailPanel:346 - Failed to get advertising image, set to default
2026-04-14 12:59:47,548 [FATAL] Updater:351 - Updater called before beeing initialized
2026-04-14 12:59:47,592 [ERROR] Updater:1198 - MainUpdater not yet initialized. External WinMGr cannot be set.
2026-04-14 12:59:47,593 [INFO] Updater:1134 - Updater Version found : 6.15.0
2026-04-14 12:59:47,606 [INFO] ApplicationProperties:184 - Using Application install path: C:\ST\STM32CubeIDE_1.19.0\STM32CubeIDE\plugins\com.st.stm32cube.common.mx_6.15.0.202507011659
2026-04-14 12:59:49,012 [INFO] ThirdPartyUpdaterWithRetryManager:70 - Updater plugin not ready yet. [2/15]
2026-04-14 12:59:49,188 [ERROR] LogOutputStream:75 - [STDERR_REDIRECT] Apr 14, 2026 12:59:49 PM java.util.prefs.WindowsPreferences <init>
2026-04-14 12:59:49,192 [ERROR] LogOutputStream:75 - [STDERR_REDIRECT] WARNING: Could not open/create prefs root node Software\JavaSoft\Prefs at root 0xffffffff80000002. Windows RegCreateKeyEx(...) returned error code 5.
2026-04-14 12:59:49,192 [ERROR] LogOutputStream:75 - [STDERR_REDIRECT] 
2026-04-14 12:59:49,484 [INFO] MainUpdater:2872 - connection check result : 10
2026-04-14 12:59:49,484 [INFO] MainUpdater:3604 - Updater definition file requires update
2026-04-14 12:59:49,486 [INFO] MainUpdater:289 - Updater Check For Update Now.
2026-04-14 12:59:49,486 [INFO] MicroXplorer:498 - Change Database Version : DB.6.0.150
2026-04-14 12:59:49,492 [INFO] McuFinderGlobals:63 - Set McuFinder mode to 2 (CubeIDE integrated)
2026-04-14 12:59:49,493 [INFO] UserAuth:171 - activating auth plugin
2026-04-14 12:59:49,494 [INFO] UserAuth:487 - Internet connection configuration mode: 1
2026-04-14 12:59:49,509 [INFO] JxBrowserEngine:152 - Initiate JxBrowser Engine with user profile folder
2026-04-14 12:59:49,533 [INFO] ServerAccessManage:452 - Complete download http(s) 200
2026-04-14 12:59:49,540 [INFO] ServerAccessManage:509 - Download File updaters.zip
2026-04-14 12:59:49,604 [INFO] FileExtend:248 - Unzip File : updaters.zip
2026-04-14 12:59:49,604 [INFO] FileExtend:263 - Standard Zip Deflate
2026-04-14 12:59:50,373 [INFO] ServerAccessManage:452 - Complete download http(s) 200
2026-04-14 12:59:50,373 [INFO] ServerAccessManage:509 - Download File PacksControlFlags.xml
2026-04-14 12:59:50,428 [INFO] ServerAccessManage:452 - Complete download http(s) 200
2026-04-14 12:59:50,428 [INFO] ServerAccessManage:509 - Download File cubemx.pidx
2026-04-14 12:59:50,560 [INFO] WebApp:169 - Instantiating new browser for Auth
2026-04-14 12:59:50,577 [INFO] ServerAccessManage:452 - Complete download http(s) 200
2026-04-14 12:59:50,577 [INFO] ServerAccessManage:509 - Download File STMicroelectronics.FP-ATR-ASTRA1.pdsc
2026-04-14 12:59:50,869 [INFO] ServerAccessManage:452 - Complete download http(s) 200
2026-04-14 12:59:50,869 [INFO] ServerAccessManage:509 - Download File STMicroelectronics.FP-ATR-SIGFOX1.pdsc
2026-04-14 12:59:50,966 [INFO] ServerAccessManage:452 - Complete download http(s) 200
2026-04-14 12:59:50,966 [INFO] ServerAccessManage:509 - Download File STMicroelectronics.FP-SNS-STBOX1.pdsc
2026-04-14 12:59:51,111 [INFO] ServerAccessManage:452 - Complete download http(s) 200
2026-04-14 12:59:51,111 [INFO] ServerAccessManage:509 - Download File STMicroelectronics.FP-SNS-FLIGHT1.pdsc
2026-04-14 12:59:51,416 [INFO] ServerAccessManage:452 - Complete download http(s) 200
2026-04-14 12:59:51,416 [INFO] ServerAccessManage:509 - Download File STMicroelectronics.FP-SNS-MOTENV1.pdsc
2026-04-14 12:59:51,497 [INFO] WebApp:463 - Apply proxy settings
2026-04-14 12:59:51,497 [INFO] WebApp:548 - Chromium requires no authentication
2026-04-14 12:59:51,508 [INFO] WebApp:491 - Direct internet connection detected
2026-04-14 12:59:51,533 [INFO] WebApp:900 - Register for checkConnection events
2026-04-14 12:59:51,534 [INFO] WebApp:463 - Apply proxy settings
2026-04-14 12:59:51,534 [INFO] WebApp:548 - Chromium requires no authentication
2026-04-14 12:59:51,534 [INFO] WebApp:491 - Direct internet connection detected
2026-04-14 12:59:51,681 [INFO] ServerAccessManage:452 - Complete download http(s) 200
2026-04-14 12:59:51,681 [INFO] ServerAccessManage:509 - Download File STMicroelectronics.FP-SNS-MOTENVWB1.pdsc
2026-04-14 12:59:51,691 [INFO] WebApp:191 - Connection restablished
2026-04-14 12:59:51,701 [INFO] WebApp:225 - Starting web application
2026-04-14 12:59:51,701 [INFO] WebApp:593 - Web application path used C:\ST\STM32CubeIDE_1.19.0\STM32CubeIDE\plugins\com.st.stm32cube.common.mx_6.15.0.202507011659\db\plugins\mcufinder\reactClient1\index.html
2026-04-14 12:59:51,883 [INFO] ServerAccessManage:452 - Complete download http(s) 200
2026-04-14 12:59:51,883 [INFO] ServerAccessManage:509 - Download File STMicroelectronics.FP-SNS-SMARTAG2.pdsc
2026-04-14 12:59:51,958 [INFO] ServerAccessManage:452 - Complete download http(s) 200
2026-04-14 12:59:51,959 [INFO] ServerAccessManage:509 - Download File STMicroelectronics.FP-SNS-STAIOTCFT.pdsc
2026-04-14 12:59:52,015 [WARN] MainUpdater:1193 - Updater busy. Cannot search thirdparties
2026-04-14 12:59:52,015 [INFO] ThirdPartyUpdaterWithRetryManager:96 - Updater plugin is busy. [1/15]
2026-04-14 12:59:52,053 [INFO] ServerAccessManage:452 - Complete download http(s) 200
2026-04-14 12:59:52,053 [INFO] ServerAccessManage:509 - Download File STMicroelectronics.X-CUBE-AI.pdsc
2026-04-14 12:59:53,201 [INFO] ServerAccessManage:452 - Complete download http(s) 200
2026-04-14 12:59:53,201 [INFO] ServerAccessManage:509 - Download File STMicroelectronics.X-CUBE-ALS.pdsc
2026-04-14 12:59:53,426 [INFO] ServerAccessManage:452 - Complete download http(s) 200
2026-04-14 12:59:53,427 [INFO] ServerAccessManage:509 - Download File STMicroelectronics.X-CUBE-BLE1.pdsc
2026-04-14 12:59:54,141 [ERROR] ServerAccessManage:1212 - Problem, file not found on Server
2026-04-14 12:59:54,182 [INFO] ServerAccessManage:452 - Complete download http(s) 200
2026-04-14 12:59:54,182 [INFO] ServerAccessManage:509 - Download File STMicroelectronics.X-CUBE-BLE2.pdsc
2026-04-14 12:59:54,572 [INFO] ServerAccessManage:452 - Complete download http(s) 200
2026-04-14 12:59:54,573 [INFO] ServerAccessManage:509 - Download File STMicroelectronics.X-CUBE-BLEMGR.pdsc
2026-04-14 12:59:54,960 [ERROR] ServerAccessManage:1212 - Problem, file not found on Server
2026-04-14 12:59:55,017 [WARN] MainUpdater:1193 - Updater busy. Cannot search thirdparties
2026-04-14 12:59:55,018 [INFO] ThirdPartyUpdaterWithRetryManager:96 - Updater plugin is busy. [2/15]
2026-04-14 12:59:55,552 [INFO] ServerAccessManage:452 - Complete download http(s) 200
2026-04-14 12:59:55,552 [INFO] ServerAccessManage:509 - Download File STMicroelectronics.X-CUBE-DISPLAY.pdsc
2026-04-14 12:59:55,865 [INFO] ServerAccessManage:452 - Complete download http(s) 200
2026-04-14 12:59:55,865 [INFO] ServerAccessManage:509 - Download File STMicroelectronics.X-CUBE-DPOWER.pdsc
2026-04-14 12:59:56,140 [ERROR] ServerAccessManage:1212 - Problem, file not found on Server
2026-04-14 12:59:56,337 [ERROR] ServerAccessManage:1212 - Problem, file not found on Server
2026-04-14 12:59:56,635 [ERROR] ServerAccessManage:1212 - Problem, file not found on Server
2026-04-14 12:59:56,770 [ERROR] ServerAccessManage:1212 - Problem, file not found on Server
2026-04-14 12:59:57,136 [ERROR] ServerAccessManage:1212 - Problem, file not found on Server
2026-04-14 12:59:57,270 [ERROR] ServerAccessManage:1212 - Problem, file not found on Server
2026-04-14 12:59:57,471 [ERROR] ServerAccessManage:1212 - Problem, file not found on Server
2026-04-14 12:59:57,833 [ERROR] ServerAccessManage:1212 - Problem, file not found on Server
2026-04-14 12:59:58,019 [WARN] MainUpdater:1193 - Updater busy. Cannot search thirdparties
2026-04-14 12:59:58,019 [INFO] ThirdPartyUpdaterWithRetryManager:96 - Updater plugin is busy. [3/15]
2026-04-14 12:59:58,143 [ERROR] ServerAccessManage:1212 - Problem, file not found on Server
2026-04-14 12:59:58,451 [ERROR] ServerAccessManage:1212 - Problem, file not found on Server
2026-04-14 12:59:58,770 [ERROR] ServerAccessManage:1212 - Problem, file not found on Server
2026-04-14 12:59:58,815 [INFO] ServerAccessManage:452 - Complete download http(s) 200
2026-04-14 12:59:58,815 [INFO] ServerAccessManage:509 - Download File STMicroelectronics.X-CUBE-EEPRMA1.pdsc
2026-04-14 12:59:59,264 [ERROR] ServerAccessManage:1212 - Problem, file not found on Server
2026-04-14 12:59:59,446 [ERROR] ServerAccessManage:1212 - Problem, file not found on Server
2026-04-14 12:59:59,621 [INFO] ServerAccessManage:452 - Complete download http(s) 200
2026-04-14 12:59:59,622 [INFO] ServerAccessManage:509 - Download File STMicroelectronics.X-CUBE-FREERTOS.pdsc
2026-04-14 13:00:00,039 [INFO] ServerAccessManage:452 - Complete download http(s) 200
2026-04-14 13:00:00,039 [INFO] ServerAccessManage:509 - Download File STMicroelectronics.X-CUBE-GNSS1.pdsc
2026-04-14 13:00:00,884 [ERROR] ServerAccessManage:1212 - Problem, file not found on Server
2026-04-14 13:00:01,020 [WARN] MainUpdater:1193 - Updater busy. Cannot search thirdparties
2026-04-14 13:00:01,020 [INFO] ThirdPartyUpdaterWithRetryManager:96 - Updater plugin is busy. [4/15]
2026-04-14 13:00:01,047 [ERROR] ServerAccessManage:1212 - Problem, file not found on Server
2026-04-14 13:00:01,318 [ERROR] ServerAccessManage:1212 - Problem, file not found on Server
2026-04-14 13:00:01,638 [ERROR] ServerAccessManage:1212 - Problem, file not found on Server
2026-04-14 13:00:01,968 [ERROR] ServerAccessManage:1212 - Problem, file not found on Server
2026-04-14 13:00:02,158 [ERROR] ServerAccessManage:1212 - Problem, file not found on Server
2026-04-14 13:00:02,182 [INFO] ServerAccessManage:452 - Complete download http(s) 200
2026-04-14 13:00:02,182 [INFO] ServerAccessManage:509 - Download File STMicroelectronics.X-CUBE-ISPU.pdsc
2026-04-14 13:00:02,419 [INFO] ServerAccessManage:452 - Complete download http(s) 200
2026-04-14 13:00:02,420 [INFO] ServerAccessManage:509 - Download File STMicroelectronics.X-CUBE-IPS.pdsc
2026-04-14 13:00:02,601 [INFO] ServerAccessManage:452 - Complete download http(s) 200
2026-04-14 13:00:02,601 [INFO] ServerAccessManage:509 - Download File STMicroelectronics.X-CUBE-MEMS1.pdsc
2026-04-14 13:00:03,939 [INFO] ServerAccessManage:452 - Complete download http(s) 200
2026-04-14 13:00:03,939 [INFO] ServerAccessManage:509 - Download File STMicroelectronics.X-CUBE-NFC4.pdsc
2026-04-14 13:00:04,022 [WARN] MainUpdater:1193 - Updater busy. Cannot search thirdparties
2026-04-14 13:00:04,022 [INFO] ThirdPartyUpdaterWithRetryManager:96 - Updater plugin is busy. [5/15]
2026-04-14 13:00:04,576 [INFO] ServerAccessManage:452 - Complete download http(s) 200
2026-04-14 13:00:04,577 [INFO] ServerAccessManage:509 - Download File STMicroelectronics.X-CUBE-NFC6.pdsc
2026-04-14 13:00:04,758 [INFO] ServerAccessManage:452 - Complete download http(s) 200
2026-04-14 13:00:04,758 [INFO] ServerAccessManage:509 - Download File STMicroelectronics.X-CUBE-NFC7.pdsc
2026-04-14 13:00:04,942 [INFO] ServerAccessManage:452 - Complete download http(s) 200
2026-04-14 13:00:04,942 [INFO] ServerAccessManage:509 - Download File STMicroelectronics.X-CUBE-NFC9.pdsc
2026-04-14 13:00:05,044 [INFO] ServerAccessManage:452 - Complete download http(s) 200
2026-04-14 13:00:05,044 [INFO] ServerAccessManage:509 - Download File STMicroelectronics.X-CUBE-NFC10.pdsc
2026-04-14 13:00:05,129 [INFO] ServerAccessManage:452 - Complete download http(s) 200
2026-04-14 13:00:05,129 [INFO] ServerAccessManage:509 - Download File STMicroelectronics.X-CUBE-NFC12.pdsc
2026-04-14 13:00:05,236 [INFO] ServerAccessManage:452 - Complete download http(s) 200
2026-04-14 13:00:05,236 [INFO] ServerAccessManage:509 - Download File STMicroelectronics.X-CUBE-SFXS2LP1.pdsc
2026-04-14 13:00:05,439 [INFO] ServerAccessManage:452 - Complete download http(s) 200
2026-04-14 13:00:05,439 [INFO] ServerAccessManage:509 - Download File STMicroelectronics.X-CUBE-SUBG2.pdsc
2026-04-14 13:00:05,865 [INFO] ServerAccessManage:452 - Complete download http(s) 200
2026-04-14 13:00:05,865 [INFO] ServerAccessManage:509 - Download File STMicroelectronics.X-CUBE-SMBUS.pdsc
2026-04-14 13:00:06,222 [ERROR] ServerAccessManage:1212 - Problem, file not found on Server
2026-04-14 13:00:06,271 [INFO] ServerAccessManage:452 - Complete download http(s) 200
2026-04-14 13:00:06,271 [INFO] ServerAccessManage:509 - Download File STMicroelectronics.X-CUBE-ST60.pdsc
2026-04-14 13:00:06,413 [INFO] ServerAccessManage:452 - Complete download http(s) 200
2026-04-14 13:00:06,413 [INFO] ServerAccessManage:509 - Download File STMicroelectronics.X-CUBE-ST67W61.pdsc
2026-04-14 13:00:06,593 [INFO] ServerAccessManage:452 - Complete download http(s) 200
2026-04-14 13:00:06,593 [INFO] ServerAccessManage:509 - Download File STMicroelectronics.X-CUBE-STSE01.pdsc
2026-04-14 13:00:06,749 [INFO] ServerAccessManage:452 - Complete download http(s) 200
2026-04-14 13:00:06,749 [INFO] ServerAccessManage:509 - Download File STMicroelectronics.X-CUBE-PM33A1.pdsc
2026-04-14 13:00:06,866 [INFO] ServerAccessManage:452 - Complete download http(s) 200
2026-04-14 13:00:06,866 [INFO] ServerAccessManage:509 - Download File STMicroelectronics.X-CUBE-TCPP.pdsc
2026-04-14 13:00:06,975 [INFO] ServerAccessManage:452 - Complete download http(s) 200
2026-04-14 13:00:06,975 [INFO] ServerAccessManage:509 - Download File STMicroelectronics.X-CUBE-TOF1.pdsc
2026-04-14 13:00:07,023 [WARN] MainUpdater:1193 - Updater busy. Cannot search thirdparties
2026-04-14 13:00:07,023 [INFO] ThirdPartyUpdaterWithRetryManager:96 - Updater plugin is busy. [6/15]
2026-04-14 13:00:07,654 [ERROR] ServerAccessManage:1212 - Problem, file not found on Server
2026-04-14 13:00:07,754 [INFO] ServerAccessManage:452 - Complete download http(s) 200
2026-04-14 13:00:07,755 [INFO] ServerAccessManage:509 - Download File STMicroelectronics.X-CUBE-TOUCHGFX.pdsc
2026-04-14 13:00:09,054 [INFO] ServerAccessManage:452 - Complete download http(s) 200
2026-04-14 13:00:09,054 [INFO] ServerAccessManage:509 - Download File STMicroelectronics.X-CUBE-ALGOBUILD.pdsc
2026-04-14 13:00:09,404 [INFO] ServerAccessManage:452 - Complete download http(s) 200
2026-04-14 13:00:09,404 [INFO] ServerAccessManage:509 - Download File STMicroelectronics.X-CUBE-AZRTOS-H7.pdsc
2026-04-14 13:00:10,002 [INFO] ServerAccessManage:452 - Complete download http(s) 200
2026-04-14 13:00:10,002 [INFO] ServerAccessManage:509 - Download File STMicroelectronics.X-CUBE-AZRTOS-H7RS.pdsc
2026-04-14 13:00:10,024 [WARN] MainUpdater:1193 - Updater busy. Cannot search thirdparties
2026-04-14 13:00:10,024 [INFO] ThirdPartyUpdaterWithRetryManager:96 - Updater plugin is busy. [7/15]
2026-04-14 13:00:10,229 [INFO] ServerAccessManage:452 - Complete download http(s) 200
2026-04-14 13:00:10,230 [INFO] ServerAccessManage:509 - Download File STMicroelectronics.X-CUBE-AZRTOS-F4.pdsc
2026-04-14 13:00:10,422 [INFO] ServerAccessManage:452 - Complete download http(s) 200
2026-04-14 13:00:10,423 [INFO] ServerAccessManage:509 - Download File STMicroelectronics.X-CUBE-AZRTOS-F7.pdsc
2026-04-14 13:00:10,637 [INFO] ServerAccessManage:452 - Complete download http(s) 200
2026-04-14 13:00:10,637 [INFO] ServerAccessManage:509 - Download File STMicroelectronics.X-CUBE-AZRTOS-L4.pdsc
2026-04-14 13:00:10,800 [INFO] ServerAccessManage:452 - Complete download http(s) 200
2026-04-14 13:00:10,800 [INFO] ServerAccessManage:509 - Download File STMicroelectronics.X-CUBE-AZRTOS-L5.pdsc
2026-04-14 13:00:13,025 [WARN] MainUpdater:1193 - Updater busy. Cannot search thirdparties
2026-04-14 13:00:13,025 [INFO] ThirdPartyUpdaterWithRetryManager:96 - Updater plugin is busy. [8/15]
2026-04-14 13:00:16,026 [WARN] MainUpdater:1193 - Updater busy. Cannot search thirdparties
2026-04-14 13:00:16,026 [INFO] ThirdPartyUpdaterWithRetryManager:96 - Updater plugin is busy. [9/15]
2026-04-14 13:00:16,746 [INFO] ServerAccessManage:452 - Complete download http(s) 200
2026-04-14 13:00:16,746 [INFO] ServerAccessManage:509 - Download File STMicroelectronics.X-CUBE-AZRTOS-G0.pdsc
2026-04-14 13:00:16,890 [INFO] ServerAccessManage:452 - Complete download http(s) 200
2026-04-14 13:00:16,890 [INFO] ServerAccessManage:509 - Download File STMicroelectronics.X-CUBE-AZRTOS-G4.pdsc
2026-04-14 13:00:17,047 [INFO] ServerAccessManage:452 - Complete download http(s) 200
2026-04-14 13:00:17,047 [INFO] ServerAccessManage:509 - Download File STMicroelectronics.X-CUBE-AZRTOS-WB.pdsc
2026-04-14 13:00:17,218 [INFO] ServerAccessManage:452 - Complete download http(s) 200
2026-04-14 13:00:17,218 [INFO] ServerAccessManage:509 - Download File STMicroelectronics.X-CUBE-AZRTOS-WL.pdsc
2026-04-14 13:00:17,335 [INFO] ServerAccessManage:452 - Complete download http(s) 200
2026-04-14 13:00:17,335 [INFO] ServerAccessManage:509 - Download File STMicroelectronics.X-CUBE-WB05N.pdsc
2026-04-14 13:00:17,402 [INFO] ServerAccessManage:452 - Complete download http(s) 200
2026-04-14 13:00:17,402 [INFO] ServerAccessManage:509 - Download File STMicroelectronics.eDS-WB_DPC_VIENNA.pdsc
2026-04-14 13:00:17,894 [ERROR] ServerAccessManage:1212 - Problem, file not found on Server
2026-04-14 13:00:18,185 [ERROR] ServerAccessManage:1212 - Problem, file not found on Server
2026-04-14 13:00:18,637 [ERROR] ServerAccessManage:1212 - Problem, file not found on Server
2026-04-14 13:00:19,007 [ERROR] ServerAccessManage:1212 - Problem, file not found on Server
2026-04-14 13:00:19,028 [WARN] MainUpdater:1193 - Updater busy. Cannot search thirdparties
2026-04-14 13:00:19,028 [INFO] ThirdPartyUpdaterWithRetryManager:96 - Updater plugin is busy. [10/15]
2026-04-14 13:00:19,258 [ERROR] ServerAccessManage:1212 - Problem, file not found on Server
2026-04-14 13:00:19,331 [INFO] ServerAccessManage:452 - Complete download http(s) 200
2026-04-14 13:00:19,331 [INFO] ServerAccessManage:509 - Download File STMicroelectronics.eDS-WB_DPC_TT-BIDIR.pdsc
2026-04-14 13:00:19,525 [ERROR] ServerAccessManage:1212 - Problem, file not found on Server
2026-04-14 13:00:19,829 [ERROR] ServerAccessManage:1212 - Problem, file not found on Server
2026-04-14 13:00:20,109 [ERROR] ServerAccessManage:1212 - Problem, file not found on Server
2026-04-14 13:00:20,266 [ERROR] ServerAccessManage:1212 - Problem, file not found on Server
2026-04-14 13:00:20,328 [INFO] ServerAccessManage:452 - Complete download http(s) 200
2026-04-14 13:00:20,329 [INFO] ServerAccessManage:509 - Download File STMicroelectronics.eDS-WB_DPC_3PH2L-BIDIR.pdsc
2026-04-14 13:00:20,680 [ERROR] ServerAccessManage:1212 - Problem, file not found on Server
2026-04-14 13:00:20,926 [INFO] ServerAccessManage:452 - Complete download http(s) 200
2026-04-14 13:00:20,927 [INFO] ServerAccessManage:509 - Download File wolfSSL.I-CUBE-wolfSSL.pdsc
2026-04-14 13:00:22,030 [WARN] MainUpdater:1193 - Updater busy. Cannot search thirdparties
2026-04-14 13:00:22,031 [INFO] ThirdPartyUpdaterWithRetryManager:96 - Updater plugin is busy. [11/15]
2026-04-14 13:00:22,115 [ERROR] ServerAccessManage:1212 - Problem, file not found on Server
2026-04-14 13:00:22,180 [ERROR] ServerAccessManage:1212 - Problem, file not found on Server
2026-04-14 13:00:22,245 [ERROR] ServerAccessManage:1212 - Problem, file not found on Server
2026-04-14 13:00:22,273 [INFO] ServerAccessManage:452 - Complete download http(s) 200
2026-04-14 13:00:22,273 [INFO] ServerAccessManage:509 - Download File wolfSSL.I-CUBE-wolfMQTT.pdsc
2026-04-14 13:00:22,481 [ERROR] ServerAccessManage:1212 - Problem, file not found on Server
2026-04-14 13:00:22,504 [INFO] ServerAccessManage:452 - Complete download http(s) 200
2026-04-14 13:00:22,504 [INFO] ServerAccessManage:509 - Download File wolfSSL.I-CUBE-wolfTPM.pdsc
2026-04-14 13:00:22,757 [INFO] ServerAccessManage:452 - Complete download http(s) 200
2026-04-14 13:00:22,757 [INFO] ServerAccessManage:509 - Download File wolfSSL.I-CUBE-wolfSSH.pdsc
2026-04-14 13:00:24,254 [INFO] ServerAccessManage:452 - Complete download http(s) 200
2026-04-14 13:00:24,254 [INFO] ServerAccessManage:509 - Download File RealThread.X-CUBE-RT-Thread_Nano.pdsc
2026-04-14 13:00:24,866 [INFO] ServerAccessManage:452 - Complete download http(s) 200
2026-04-14 13:00:24,867 [INFO] ServerAccessManage:509 - Download File SEGGER.I-CUBE-embOS.pdsc
2026-04-14 13:00:25,031 [WARN] MainUpdater:1193 - Updater busy. Cannot search thirdparties
2026-04-14 13:00:25,031 [INFO] ThirdPartyUpdaterWithRetryManager:96 - Updater plugin is busy. [12/15]
2026-04-14 13:00:26,235 [INFO] ServerAccessManage:452 - Complete download http(s) 200
2026-04-14 13:00:26,235 [INFO] ServerAccessManage:509 - Download File emotas.I-CUBE-CANOPEN.pdsc
2026-04-14 13:00:26,793 [INFO] ServerAccessManage:452 - Complete download http(s) 200
2026-04-14 13:00:26,794 [INFO] ServerAccessManage:509 - Download File WES.I-CUBE-Cesium.pdsc
2026-04-14 13:00:27,061 [ERROR] ServerAccessManage:1212 - Problem, file not found on Server
2026-04-14 13:00:27,217 [ERROR] ServerAccessManage:1212 - Problem, file not found on Server
2026-04-14 13:00:27,549 [INFO] ServerAccessManage:452 - Complete download http(s) 200
2026-04-14 13:00:27,549 [INFO] ServerAccessManage:509 - Download File ITTIA_DB.I-CUBE-ITTIADB.pdsc
2026-04-14 13:00:28,033 [WARN] MainUpdater:1193 - Updater busy. Cannot search thirdparties
2026-04-14 13:00:28,033 [INFO] ThirdPartyUpdaterWithRetryManager:96 - Updater plugin is busy. [13/15]
2026-04-14 13:00:28,818 [INFO] ServerAccessManage:452 - Complete download http(s) 200
2026-04-14 13:00:28,818 [INFO] ServerAccessManage:509 - Download File Infineon.AIROC-Wi-Fi-Bluetooth-STM32.pdsc
2026-04-14 13:00:31,035 [WARN] MainUpdater:1193 - Updater busy. Cannot search thirdparties
2026-04-14 13:00:31,035 [INFO] ThirdPartyUpdaterWithRetryManager:96 - Updater plugin is busy. [14/15]
2026-04-14 13:00:31,285 [INFO] ServerAccessManage:452 - Complete download http(s) 200
2026-04-14 13:00:31,285 [INFO] ServerAccessManage:509 - Download File Cesanta.I-CUBE-Mongoose.pdsc
2026-04-14 13:00:33,118 [INFO] ServerAccessManage:452 - Complete download http(s) 200
2026-04-14 13:00:33,118 [INFO] ServerAccessManage:509 - Download File EmbeddedOffice.I-CUBE-FS-RTOS.pdsc
2026-04-14 13:00:33,595 [INFO] ServerAccessManage:452 - Complete download http(s) 200
2026-04-14 13:00:33,595 [INFO] ServerAccessManage:509 - Download File quantropi.X-CUBE-qispace-sdk-base.pdsc
2026-04-14 13:00:33,821 [INFO] ServerAccessManage:452 - Complete download http(s) 200
2026-04-14 13:00:33,821 [INFO] ServerAccessManage:509 - Download File Avnet-IOTCONNECT.X-CUBE-iotc-st67-sdk.pdsc
2026-04-14 13:00:33,964 [WARN] PackLoader:240 - Cannot read IP mode file for STMicroelectronics.FP-ATR-ASTRA1.2.0.2
2026-04-14 13:00:33,975 [WARN] PackLoader:240 - Cannot read IP mode file for STMicroelectronics.FP-ATR-SIGFOX1.3.2.0
2026-04-14 13:00:33,983 [WARN] PackLoader:240 - Cannot read IP mode file for STMicroelectronics.FP-SNS-STBOX1.2.1.0
2026-04-14 13:00:33,991 [WARN] PackLoader:240 - Cannot read IP mode file for STMicroelectronics.FP-SNS-FLIGHT1.5.1.0
2026-04-14 13:00:33,996 [WARN] PackLoader:240 - Cannot read IP mode file for STMicroelectronics.FP-SNS-MOTENV1.5.1.0
2026-04-14 13:00:34,001 [WARN] PackLoader:240 - Cannot read IP mode file for STMicroelectronics.FP-SNS-MOTENVWB1.1.5.0
2026-04-14 13:00:34,005 [WARN] PackLoader:240 - Cannot read IP mode file for STMicroelectronics.FP-SNS-SMARTAG2.1.2.0
2026-04-14 13:00:34,016 [WARN] PackLoader:240 - Cannot read IP mode file for STMicroelectronics.FP-SNS-STAIOTCFT.1.0.0
2026-04-14 13:00:34,021 [WARN] PackLoader:240 - Cannot read IP mode file for STMicroelectronics.X-CUBE-AI.10.2.0
2026-04-14 13:00:34,025 [WARN] PackLoader:240 - Cannot read IP mode file for STMicroelectronics.X-CUBE-ALS.1.0.2
2026-04-14 13:00:34,034 [WARN] PackLoader:240 - Cannot read IP mode file for STMicroelectronics.X-CUBE-BLE1.7.1.0
2026-04-14 13:00:34,038 [WARN] MainUpdater:1193 - Updater busy. Cannot search thirdparties
2026-04-14 13:00:34,038 [INFO] ThirdPartyUpdaterWithRetryManager:96 - Updater plugin is busy. [15/15]
2026-04-14 13:00:34,038 [ERROR] IntegrityCheckThread:130 - Cannot retrieve database content from updater: error -1
2026-04-14 13:00:34,038 [INFO] ThirdParty:978 - Integrity check success = false
2026-04-14 13:00:34,038 [INFO] IntegrityCheckThread:100 - exiting critical section [integrity check]
2026-04-14 13:00:34,038 [INFO] IntegrityCheckThread:103 - End integrity checks thread
2026-04-14 13:00:34,040 [WARN] PackLoader:240 - Cannot read IP mode file for STMicroelectronics.X-CUBE-BLE2.3.3.0
2026-04-14 13:00:34,051 [WARN] PackLoader:240 - Cannot read IP mode file for STMicroelectronics.X-CUBE-BLEMGR.4.1.0
2026-04-14 13:00:34,066 [INFO] CheckServerUpdateThread:120 - End of CheckServer Thread
2026-04-14 13:00:34,072 [WARN] PackLoader:240 - Cannot read IP mode file for STMicroelectronics.X-CUBE-DISPLAY.3.0.0
2026-04-14 13:00:34,082 [WARN] PackLoader:240 - Cannot read IP mode file for STMicroelectronics.X-CUBE-DPower.1.3.0
2026-04-14 13:00:34,088 [WARN] PackLoader:240 - Cannot read IP mode file for STMicroelectronics.X-CUBE-EEPRMA1.5.2.0
2026-04-14 13:00:34,094 [WARN] PackLoader:240 - Cannot read IP mode file for STMicroelectronics.X-CUBE-FREERTOS.1.5.0
2026-04-14 13:00:34,100 [WARN] PackLoader:240 - Cannot read IP mode file for STMicroelectronics.X-CUBE-GNSS1.7.1.0
2026-04-14 13:00:34,105 [WARN] PackLoader:240 - Cannot read IP mode file for STMicroelectronics.X-CUBE-ISPU.2.1.0
2026-04-14 13:00:34,116 [WARN] PackLoader:240 - Cannot read IP mode file for STMicroelectronics.X-CUBE-IPS.3.2.0
2026-04-14 13:00:34,160 [WARN] PackLoader:240 - Cannot read IP mode file for STMicroelectronics.X-CUBE-MEMS1.12.0.0
2026-04-14 13:00:34,248 [WARN] PackLoader:240 - Cannot read IP mode file for STMicroelectronics.X-CUBE-NFC4.3.0.0
2026-04-14 13:00:34,255 [WARN] PackLoader:240 - Cannot read IP mode file for STMicroelectronics.X-CUBE-NFC6.3.2.0
2026-04-14 13:00:34,261 [WARN] PackLoader:240 - Cannot read IP mode file for STMicroelectronics.X-CUBE-NFC7.2.0.0
2026-04-14 13:00:34,267 [WARN] PackLoader:240 - Cannot read IP mode file for STMicroelectronics.X-CUBE-NFC9.1.0.0
2026-04-14 13:00:34,273 [WARN] PackLoader:240 - Cannot read IP mode file for STMicroelectronics.X-CUBE-NFC10.1.0.0
2026-04-14 13:00:34,279 [WARN] PackLoader:240 - Cannot read IP mode file for STMicroelectronics.X-CUBE-NFC12.1.0.0
2026-04-14 13:00:34,285 [WARN] PackLoader:240 - Cannot read IP mode file for STMicroelectronics.X-CUBE-SFXS2LP1.4.0.0
2026-04-14 13:00:34,293 [WARN] PackLoader:240 - Cannot read IP mode file for STMicroelectronics.X-CUBE-SUBG2.5.0.0
2026-04-14 13:00:34,300 [WARN] PackLoader:240 - Cannot read IP mode file for STMicroelectronics.X-CUBE-SMBUS.2.1.0
2026-04-14 13:00:34,304 [WARN] PackLoader:240 - Cannot read IP mode file for STMicroelectronics.X-CUBE-ST60.1.1.0
2026-04-14 13:00:34,309 [WARN] PackLoader:240 - Cannot read IP mode file for STMicroelectronics.X-CUBE-ST67W61.1.2.0
2026-04-14 13:00:34,315 [WARN] PackLoader:240 - Cannot read IP mode file for STMicroelectronics.X-CUBE-STSE01.2.0.0
2026-04-14 13:00:34,320 [WARN] PackLoader:240 - Cannot read IP mode file for STMicroelectronics.X-CUBE-PM33A1.1.0.0
2026-04-14 13:00:34,325 [WARN] PackLoader:240 - Cannot read IP mode file for STMicroelectronics.X-CUBE-TCPP.4.2.0
2026-04-14 13:00:34,335 [WARN] PackLoader:240 - Cannot read IP mode file for STMicroelectronics.X-CUBE-TOF1.3.4.3
2026-04-14 13:00:34,346 [WARN] PackLoader:240 - Cannot read IP mode file for STMicroelectronics.X-CUBE-TOUCHGFX.4.26.1
2026-04-14 13:00:34,352 [WARN] PackLoader:240 - Cannot read IP mode file for STMicroelectronics.X-CUBE-ALGOBUILD.1.4.0
2026-04-14 13:00:34,369 [WARN] PackLoader:240 - Cannot read IP mode file for STMicroelectronics.X-CUBE-AZRTOS-H7.3.5.0
2026-04-14 13:00:34,384 [WARN] PackLoader:240 - Cannot read IP mode file for STMicroelectronics.X-CUBE-AZRTOS-H7RS.1.2.0
2026-04-14 13:00:34,399 [WARN] PackLoader:240 - Cannot read IP mode file for STMicroelectronics.X-CUBE-AZRTOS-F4.1.1.0
2026-04-14 13:00:34,411 [WARN] PackLoader:240 - Cannot read IP mode file for STMicroelectronics.X-CUBE-AZRTOS-F7.1.1.0
2026-04-14 13:00:34,424 [WARN] ConditionMgr:438 - getConditionDescription Invalid condition id : LAN8742 Phy interface Condition cause : null
2026-04-14 13:00:34,425 [WARN] PackLoader:240 - Cannot read IP mode file for STMicroelectronics.X-CUBE-AZRTOS-L4.2.0.0
2026-04-14 13:00:34,426 [WARN] ConditionMgr:1044 - genDependencies : Invalid condition id : LAN8742 Phy interface Condition cause : null
2026-04-14 13:00:34,426 [WARN] ConditionMgr:1044 - genDependencies : Invalid condition id : LAN8742 Phy interface Condition cause : null
2026-04-14 13:00:34,426 [WARN] ConditionMgr:1044 - genDependencies : Invalid condition id : LAN8742 Phy interface Condition cause : null
2026-04-14 13:00:34,447 [WARN] PackLoader:240 - Cannot read IP mode file for STMicroelectronics.X-CUBE-AZRTOS-L5.2.0.0
2026-04-14 13:00:34,461 [WARN] PackLoader:240 - Cannot read IP mode file for STMicroelectronics.X-CUBE-AZRTOS-G0.1.1.0
2026-04-14 13:00:34,474 [WARN] PackLoader:240 - Cannot read IP mode file for STMicroelectronics.X-CUBE-AZRTOS-G4.2.0.0
2026-04-14 13:00:34,484 [WARN] ConditionMgr:438 - getConditionDescription Invalid condition id : UX DEVICE CLASS RTOS Condition cause : null
2026-04-14 13:00:34,484 [WARN] ConditionMgr:438 - getConditionDescription Invalid condition id : UX DEVICE CLASS RTOS Condition cause : null
2026-04-14 13:00:34,485 [WARN] PackLoader:240 - Cannot read IP mode file for STMicroelectronics.X-CUBE-AZRTOS-WB.2.0.0
2026-04-14 13:00:34,486 [WARN] ConditionMgr:1044 - genDependencies : Invalid condition id : UX DEVICE CLASS RTOS Condition cause : null
2026-04-14 13:00:34,486 [WARN] ConditionMgr:1044 - genDependencies : Invalid condition id : UX DEVICE CLASS RTOS Condition cause : null
2026-04-14 13:00:34,486 [WARN] ConditionMgr:1044 - genDependencies : Invalid condition id : UX DEVICE CLASS RTOS Condition cause : null
2026-04-14 13:00:34,486 [WARN] ConditionMgr:1044 - genDependencies : Invalid condition id : UX DEVICE CLASS RTOS Condition cause : null
2026-04-14 13:00:34,487 [WARN] ConditionMgr:1044 - genDependencies : Invalid condition id : UX DEVICE CLASS RTOS Condition cause : null
2026-04-14 13:00:34,494 [INFO] LogOutputStream:77 - [STDOUT_REDIRECT] 1 : Invalid condition id : UX_CORESTACK_Condition cause : null
2026-04-14 13:00:34,494 [INFO] LogOutputStream:77 - [STDOUT_REDIRECT] 1 : Invalid condition id : UX_CORESTACK_Condition cause : null
2026-04-14 13:00:34,497 [INFO] LogOutputStream:77 - [STDOUT_REDIRECT] 1 : Invalid condition id : UX_CORESTACK_Condition cause : null
2026-04-14 13:00:34,498 [INFO] LogOutputStream:77 - [STDOUT_REDIRECT] 1 : Invalid condition id : UX_CORESTACK_Condition cause : null
2026-04-14 13:00:34,500 [INFO] LogOutputStream:77 - [STDOUT_REDIRECT] 1 : Invalid condition id : UX_CORESTACK_Condition cause : null
2026-04-14 13:00:34,502 [WARN] PackLoader:240 - Cannot read IP mode file for STMicroelectronics.X-CUBE-AZRTOS-WL.2.0.0
2026-04-14 13:00:34,508 [WARN] PackLoader:240 - Cannot read IP mode file for STMicroelectronics.X-CUBE-WB05N.2.1.0
2026-04-14 13:00:34,513 [WARN] PackLoader:240 - Cannot read IP mode file for STMicroelectronics.eDS-WB_DPC_VIENNA.1.2.0
2026-04-14 13:00:34,516 [WARN] PackLoader:240 - Cannot read IP mode file for STMicroelectronics.eDS-WB_DPC_TT-BIDIR.2.1.1
2026-04-14 13:00:34,520 [WARN] PackLoader:240 - Cannot read IP mode file for STMicroelectronics.eDS-WB_DPC_3PH2L-BIDIR.1.1.1
2026-04-14 13:00:34,524 [WARN] PackLoader:240 - Cannot read IP mode file for wolfSSL.I-CUBE-wolfSSL.5.8.4
2026-04-14 13:00:34,528 [WARN] PackLoader:240 - Cannot read IP mode file for wolfSSL.I-CUBE-wolfMQTT.1.19.2
2026-04-14 13:00:34,532 [WARN] PackLoader:240 - Cannot read IP mode file for wolfSSL.I-CUBE-wolfTPM.3.8.0
2026-04-14 13:00:34,537 [WARN] PackLoader:240 - Cannot read IP mode file for wolfSSL.I-CUBE-wolfSSH.1.4.20
2026-04-14 13:00:34,541 [WARN] PackLoader:240 - Cannot read IP mode file for RealThread.X-CUBE-RT-Thread_Nano.4.1.1
2026-04-14 13:00:34,565 [WARN] PackLoader:240 - Cannot read IP mode file for SEGGER.I-CUBE-embOS.1.3.1
2026-04-14 13:00:34,602 [WARN] PackLoader:240 - Cannot read IP mode file for emotas.I-CUBE-CANOPEN.1.3.0
2026-04-14 13:00:34,608 [WARN] PackLoader:240 - Cannot read IP mode file for WES.I-CUBE-Cesium.1.4.0
2026-04-14 13:00:34,613 [WARN] PackLoader:240 - Cannot read IP mode file for ITTIA_DB.I-CUBE-ITTIADB.8.9.0
2026-04-14 13:00:34,626 [WARN] PackLoader:240 - Cannot read IP mode file for Infineon.AIROC-Wi-Fi-Bluetooth-STM32.1.8.0
2026-04-14 13:00:34,633 [WARN] PackLoader:240 - Cannot read IP mode file for Cesanta.I-CUBE-Mongoose.7.21.0
2026-04-14 13:00:34,640 [WARN] PackLoader:240 - Cannot read IP mode file for EmbeddedOffice.I-CUBE-FS-RTOS.1.0.1
2026-04-14 13:00:34,644 [WARN] ConditionMgr:438 - getConditionDescription Invalid condition id : Cortex-A Device cause : null
2026-04-14 13:00:34,658 [WARN] ConditionMgr:1044 - genDependencies : Invalid condition id : Cortex-A Device cause : null
2026-04-14 13:00:34,658 [WARN] ConditionMgr:1044 - genDependencies : Invalid condition id : Cortex-A Device cause : null
2026-04-14 13:00:34,658 [WARN] ConditionMgr:1044 - genDependencies : Invalid condition id : Cortex-A Device cause : null
2026-04-14 13:00:34,671 [INFO] PopulateThirdPartyThread:66 - Ending populate Thread
2026-04-14 13:00:34,674 [INFO] ThirdParty:1030 - CMSIS Pack Vendor :STMicroelectronics X-CUBE-AZRTOS-H7 3.5.0
2026-04-14 13:00:34,675 [INFO] ThirdParty:1030 - CMSIS Pack Vendor :STMicroelectronics X-CUBE-PM33A1 1.0.0
2026-04-14 13:00:34,675 [INFO] ThirdParty:1030 - CMSIS Pack Vendor :STMicroelectronics X-CUBE-NFC9 1.0.0
2026-04-14 13:00:34,675 [INFO] ThirdParty:1030 - CMSIS Pack Vendor :STMicroelectronics X-CUBE-AZRTOS-F4 1.1.0
2026-04-14 13:00:34,675 [INFO] ThirdParty:1030 - CMSIS Pack Vendor :STMicroelectronics FP-ATR-ASTRA1 2.0.2
2026-04-14 13:00:34,675 [INFO] ThirdParty:1030 - CMSIS Pack Vendor :STMicroelectronics X-CUBE-BLE1 7.1.0
2026-04-14 13:00:34,676 [INFO] ThirdParty:1030 - CMSIS Pack Vendor :STMicroelectronics X-CUBE-SMBUS 2.1.0
2026-04-14 13:00:34,676 [INFO] ThirdParty:1030 - CMSIS Pack Vendor :wolfSSL I-CUBE-wolfMQTT 1.19.2
2026-04-14 13:00:34,676 [INFO] ThirdParty:1030 - CMSIS Pack Vendor :STMicroelectronics X-CUBE-ISPU 2.1.0
2026-04-14 13:00:34,676 [INFO] ThirdParty:1030 - CMSIS Pack Vendor :STMicroelectronics X-CUBE-BLEMGR 4.1.0
2026-04-14 13:00:34,676 [INFO] ThirdParty:1030 - CMSIS Pack Vendor :STMicroelectronics X-CUBE-EEPRMA1 5.2.0
2026-04-14 13:00:34,676 [INFO] ThirdParty:1030 - CMSIS Pack Vendor :STMicroelectronics X-CUBE-IPS 3.2.0
2026-04-14 13:00:34,676 [INFO] ThirdParty:1030 - CMSIS Pack Vendor :STMicroelectronics eDS-WB_DPC_TT-BIDIR 2.1.1
2026-04-14 13:00:34,676 [INFO] ThirdParty:1030 - CMSIS Pack Vendor :STMicroelectronics X-CUBE-AZRTOS-WB 2.0.0
2026-04-14 13:00:34,676 [INFO] ThirdParty:1030 - CMSIS Pack Vendor :wolfSSL I-CUBE-wolfSSL 5.8.4
2026-04-14 13:00:34,676 [INFO] ThirdParty:1030 - CMSIS Pack Vendor :STMicroelectronics X-CUBE-NFC12 1.0.0
2026-04-14 13:00:34,676 [INFO] ThirdParty:1030 - CMSIS Pack Vendor :STMicroelectronics X-CUBE-AZRTOS-F7 1.1.0
2026-04-14 13:00:34,676 [INFO] ThirdParty:1030 - CMSIS Pack Vendor :STMicroelectronics X-CUBE-AZRTOS-L5 2.0.0
2026-04-14 13:00:34,676 [INFO] ThirdParty:1030 - CMSIS Pack Vendor :quantropi X-CUBE-qispace-sdk-base 2.1.0
2026-04-14 13:00:34,677 [INFO] ThirdParty:1030 - CMSIS Pack Vendor :STMicroelectronics X-CUBE-MEMS1 12.0.0
2026-04-14 13:00:34,677 [INFO] ThirdParty:1030 - CMSIS Pack Vendor :STMicroelectronics X-CUBE-STSE01 2.0.0
2026-04-14 13:00:34,677 [INFO] ThirdParty:1030 - CMSIS Pack Vendor :STMicroelectronics FP-SNS-MOTENV1 5.1.0
2026-04-14 13:00:34,677 [INFO] ThirdParty:1030 - CMSIS Pack Vendor :STMicroelectronics X-CUBE-AZRTOS-G0 1.1.0
2026-04-14 13:00:34,677 [INFO] ThirdParty:1030 - CMSIS Pack Vendor :STMicroelectronics X-CUBE-NFC4 3.0.0
2026-04-14 13:00:34,677 [INFO] ThirdParty:1030 - CMSIS Pack Vendor :STMicroelectronics X-CUBE-SUBG2 5.0.0
2026-04-14 13:00:34,677 [INFO] ThirdParty:1030 - CMSIS Pack Vendor :STMicroelectronics eDS-WB_DPC_VIENNA 1.2.0
2026-04-14 13:00:34,677 [INFO] ThirdParty:1030 - CMSIS Pack Vendor :EmbeddedOffice I-CUBE-FS-RTOS 1.0.1
2026-04-14 13:00:34,677 [INFO] ThirdParty:1030 - CMSIS Pack Vendor :WES I-CUBE-Cesium 1.4.0
2026-04-14 13:00:34,677 [INFO] ThirdParty:1030 - CMSIS Pack Vendor :STMicroelectronics eDS-WB_DPC_3PH2L-BIDIR 1.1.1
2026-04-14 13:00:34,677 [INFO] ThirdParty:1030 - CMSIS Pack Vendor :STMicroelectronics X-CUBE-AZRTOS-G4 2.0.0
2026-04-14 13:00:34,677 [INFO] ThirdParty:1030 - CMSIS Pack Vendor :wolfSSL I-CUBE-wolfTPM 3.8.0
2026-04-14 13:00:34,677 [INFO] ThirdParty:1030 - CMSIS Pack Vendor :STMicroelectronics X-CUBE-DISPLAY 3.0.0
2026-04-14 13:00:34,677 [INFO] ThirdParty:1030 - CMSIS Pack Vendor :wolfSSL I-CUBE-wolfSSH 1.4.20
2026-04-14 13:00:34,678 [INFO] ThirdParty:1030 - CMSIS Pack Vendor :STMicroelectronics X-CUBE-NFC7 2.0.0
2026-04-14 13:00:34,678 [INFO] ThirdParty:1030 - CMSIS Pack Vendor :STMicroelectronics FP-SNS-MOTENVWB1 1.5.0
2026-04-14 13:00:34,678 [INFO] ThirdParty:1030 - CMSIS Pack Vendor :STMicroelectronics X-CUBE-TCPP 4.2.0
2026-04-14 13:00:34,678 [INFO] ThirdParty:1030 - CMSIS Pack Vendor :RealThread X-CUBE-RT-Thread_Nano 4.1.1
2026-04-14 13:00:34,678 [INFO] ThirdParty:1030 - CMSIS Pack Vendor :STMicroelectronics FP-ATR-SIGFOX1 3.2.0
2026-04-14 13:00:34,678 [INFO] ThirdParty:1030 - CMSIS Pack Vendor :STMicroelectronics X-CUBE-NFC10 1.0.0
2026-04-14 13:00:34,678 [INFO] ThirdParty:1030 - CMSIS Pack Vendor :STMicroelectronics X-CUBE-FREERTOS 1.5.0
2026-04-14 13:00:34,678 [INFO] ThirdParty:1030 - CMSIS Pack Vendor :STMicroelectronics X-CUBE-ALS 1.0.2
2026-04-14 13:00:34,678 [INFO] ThirdParty:1030 - CMSIS Pack Vendor :STMicroelectronics X-CUBE-ST60 1.1.0
2026-04-14 13:00:34,678 [INFO] ThirdParty:1030 - CMSIS Pack Vendor :emotas I-CUBE-CANOPEN 1.3.0
2026-04-14 13:00:34,678 [INFO] ThirdParty:1030 - CMSIS Pack Vendor :STMicroelectronics X-CUBE-GNSS1 7.1.0
2026-04-14 13:00:34,678 [INFO] ThirdParty:1030 - CMSIS Pack Vendor :ITTIA_DB I-CUBE-ITTIADB 8.9.0
2026-04-14 13:00:34,678 [INFO] ThirdParty:1030 - CMSIS Pack Vendor :Cesanta I-CUBE-Mongoose 7.21.0
2026-04-14 13:00:34,678 [INFO] ThirdParty:1030 - CMSIS Pack Vendor :STMicroelectronics X-CUBE-TOUCHGFX 4.26.1
2026-04-14 13:00:34,678 [INFO] ThirdParty:1030 - CMSIS Pack Vendor :STMicroelectronics X-CUBE-NFC6 3.2.0
2026-04-14 13:00:34,679 [INFO] ThirdParty:1030 - CMSIS Pack Vendor :STMicroelectronics FP-SNS-STBOX1 2.1.0
2026-04-14 13:00:34,679 [INFO] ThirdParty:1030 - CMSIS Pack Vendor :STMicroelectronics FP-SNS-STAIOTCFT 1.0.0
2026-04-14 13:00:34,679 [INFO] ThirdParty:1030 - CMSIS Pack Vendor :STMicroelectronics X-CUBE-AI 10.2.0
2026-04-14 13:00:34,679 [INFO] ThirdParty:1030 - CMSIS Pack Vendor :STMicroelectronics FP-SNS-SMARTAG2 1.2.0
2026-04-14 13:00:34,679 [INFO] ThirdParty:1030 - CMSIS Pack Vendor :STMicroelectronics FP-SNS-FLIGHT1 5.1.0
2026-04-14 13:00:34,679 [INFO] ThirdParty:1030 - CMSIS Pack Vendor :STMicroelectronics X-CUBE-AZRTOS-WL 2.0.0
2026-04-14 13:00:34,679 [INFO] ThirdParty:1030 - CMSIS Pack Vendor :SEGGER I-CUBE-embOS 1.3.1
2026-04-14 13:00:34,679 [INFO] ThirdParty:1030 - CMSIS Pack Vendor :STMicroelectronics X-CUBE-DPower 1.3.0
2026-04-14 13:00:34,679 [INFO] ThirdParty:1030 - CMSIS Pack Vendor :STMicroelectronics X-CUBE-ALGOBUILD 1.4.0
2026-04-14 13:00:34,679 [INFO] ThirdParty:1030 - CMSIS Pack Vendor :STMicroelectronics X-CUBE-AZRTOS-H7RS 1.2.0
2026-04-14 13:00:34,679 [INFO] ThirdParty:1030 - CMSIS Pack Vendor :STMicroelectronics X-CUBE-AZRTOS-L4 2.0.0
2026-04-14 13:00:34,679 [INFO] ThirdParty:1030 - CMSIS Pack Vendor :STMicroelectronics X-CUBE-SFXS2LP1 4.0.0
2026-04-14 13:00:34,679 [INFO] ThirdParty:1030 - CMSIS Pack Vendor :STMicroelectronics X-CUBE-BLE2 3.3.0
2026-04-14 13:00:34,679 [INFO] ThirdParty:1030 - CMSIS Pack Vendor :Avnet-IOTCONNECT X-CUBE-iotc-st67-sdk 1.0.0
2026-04-14 13:00:34,679 [INFO] ThirdParty:1030 - CMSIS Pack Vendor :STMicroelectronics X-CUBE-TOF1 3.4.3
2026-04-14 13:00:34,679 [INFO] ThirdParty:1030 - CMSIS Pack Vendor :Infineon AIROC-Wi-Fi-Bluetooth-STM32 1.8.0
2026-04-14 13:00:34,679 [INFO] ThirdParty:1030 - CMSIS Pack Vendor :STMicroelectronics X-CUBE-ST67W61 1.2.0
2026-04-14 13:00:34,680 [INFO] ThirdParty:1030 - CMSIS Pack Vendor :STMicroelectronics X-CUBE-WB05N 2.1.0
2026-04-14 13:00:34,680 [INFO] LoadServerUpdatesThread:375 - End of LoadServerUpdate Thread
2026-04-14 13:01:56,566 [INFO] Activator:176 - 


2026-04-14 13:01:56,568 [INFO] Activator:177 - !SESSION log4j initialized
2026-04-14 13:01:59,726 [INFO] LogOutputStream:77 - [STDOUT_REDIRECT] 
2026-04-14 13:02:01,536 [INFO] ApplicationProperties:184 - Using Application install path: C:\ST\STM32CubeIDE_1.19.0\STM32CubeIDE\plugins\com.st.stm32cube.common.mx_6.15.0.202507011659
2026-04-14 13:02:01,549 [INFO] DbMcusXml:78 - Set database path to: C:\ST\STM32CubeIDE_1.19.0\STM32CubeIDE\plugins\com.st.stm32cube.common.mx_6.15.0.202507011659\\db\/mcu/
2026-04-14 13:02:01,550 [INFO] ApiDb:274 - Set plugin database path to: C:\ST\STM32CubeIDE_1.19.0\STM32CubeIDE\plugins\com.st.stm32cube.common.mx_6.15.0.202507011659\\db\/plugins/boardmanager/
2026-04-14 13:02:01,550 [WARN] ApiDb:259 - Overriding images path with different value:  => C:\ST\STM32CubeIDE_1.19.0\STM32CubeIDE\plugins\com.st.stm32cube.common.mx_6.15.0.202507011659\\db\/plugins/mcufinder/images/
2026-04-14 13:02:01,559 [INFO] ApiDb:250 - Set database path to: C:\Users\salehir\.stmcufinder\plugins\mcufinder//mcu/
2026-04-14 13:02:01,560 [INFO] DbMcusAds:125 - Set database path to: C:\Users\salehir\.stmcufinder\plugins\mcufinder//mcu/
2026-04-14 13:02:01,561 [INFO] CrossReferenceDbSqlite:203 - Set database path to: C:\Users\salehir\.stmcufinder\plugins\mcufinder//mcu/cs/
2026-04-14 13:02:01,707 [INFO] RulesReader:64 - Compatibility file has been processed (317 Rules)
2026-04-14 13:02:01,803 [INFO] DbMcusXml:78 - Set database path to: C:\ST\STM32CubeIDE_1.19.0\STM32CubeIDE\plugins\com.st.stm32cube.common.mx_6.15.0.202507011659\\db\/mcu/
2026-04-14 13:02:01,803 [INFO] ApiDb:274 - Set plugin database path to: C:\ST\STM32CubeIDE_1.19.0\STM32CubeIDE\plugins\com.st.stm32cube.common.mx_6.15.0.202507011659\\db\/plugins/boardmanager/
2026-04-14 13:02:01,804 [INFO] ApiDb:261 - Set plugin images path to: C:\ST\STM32CubeIDE_1.19.0\STM32CubeIDE\plugins\com.st.stm32cube.common.mx_6.15.0.202507011659\\db\/plugins/mcufinder/images/
2026-04-14 13:02:01,804 [WARN] DbFile:41 - Overriding database path with different value: C:\Users\salehir\.stmcufinder\plugins\mcufinder/ => C:\Users\salehir\.stmcufinder\plugins\mcufinder
2026-04-14 13:02:01,804 [INFO] ApiDb:250 - Set database path to: C:\Users\salehir\.stmcufinder\plugins\mcufinder//mcu/
2026-04-14 13:02:01,804 [WARN] DbFile:41 - Overriding database path with different value: C:\Users\salehir\.stmcufinder\plugins\mcufinder/ => C:\Users\salehir\.stmcufinder\plugins\mcufinder
2026-04-14 13:02:01,804 [INFO] DbMcusAds:125 - Set database path to: C:\Users\salehir\.stmcufinder\plugins\mcufinder//mcu/
2026-04-14 13:02:01,804 [WARN] DbFile:41 - Overriding database path with different value: C:\Users\salehir\.stmcufinder\plugins\mcufinder/ => C:\Users\salehir\.stmcufinder\plugins\mcufinder
2026-04-14 13:02:01,804 [WARN] DbFile:41 - Overriding database path with different value: C:\Users\salehir\.stmcufinder\plugins\mcufinder/ => C:\Users\salehir\.stmcufinder\plugins\mcufinder
2026-04-14 13:02:01,805 [INFO] CrossReferenceDbSqlite:203 - Set database path to: C:\Users\salehir\.stmcufinder\plugins\mcufinder//mcu/cs/
2026-04-14 13:02:01,875 [INFO] MainPanel:274 - HeapMemory: 268435456
2026-04-14 13:02:01,948 [INFO] DbMcusXml:78 - Set database path to: C:\ST\STM32CubeIDE_1.19.0\STM32CubeIDE\plugins\com.st.stm32cube.common.mx_6.15.0.202507011659\\db\/mcu/
2026-04-14 13:02:01,948 [INFO] ApiDb:274 - Set plugin database path to: C:\ST\STM32CubeIDE_1.19.0\STM32CubeIDE\plugins\com.st.stm32cube.common.mx_6.15.0.202507011659\\db\/plugins/boardmanager/
2026-04-14 13:02:01,949 [INFO] ApiDb:261 - Set plugin images path to: C:\ST\STM32CubeIDE_1.19.0\STM32CubeIDE\plugins\com.st.stm32cube.common.mx_6.15.0.202507011659\\db\/plugins/mcufinder/images/
2026-04-14 13:02:01,949 [WARN] DbFile:41 - Overriding database path with different value: C:\Users\salehir\.stmcufinder\plugins\mcufinder/ => C:\Users\salehir\.stmcufinder\plugins\mcufinder
2026-04-14 13:02:01,949 [INFO] ApiDb:250 - Set database path to: C:\Users\salehir\.stmcufinder\plugins\mcufinder//mcu/
2026-04-14 13:02:01,949 [WARN] DbFile:41 - Overriding database path with different value: C:\Users\salehir\.stmcufinder\plugins\mcufinder/ => C:\Users\salehir\.stmcufinder\plugins\mcufinder
2026-04-14 13:02:01,949 [INFO] DbMcusAds:125 - Set database path to: C:\Users\salehir\.stmcufinder\plugins\mcufinder//mcu/
2026-04-14 13:02:01,949 [WARN] DbFile:41 - Overriding database path with different value: C:\Users\salehir\.stmcufinder\plugins\mcufinder/ => C:\Users\salehir\.stmcufinder\plugins\mcufinder
2026-04-14 13:02:01,949 [WARN] DbFile:41 - Overriding database path with different value: C:\Users\salehir\.stmcufinder\plugins\mcufinder/ => C:\Users\salehir\.stmcufinder\plugins\mcufinder
2026-04-14 13:02:01,949 [INFO] CrossReferenceDbSqlite:203 - Set database path to: C:\Users\salehir\.stmcufinder\plugins\mcufinder//mcu/cs/
2026-04-14 13:02:01,967 [INFO] ApplicationProperties:184 - Using Application install path: C:\ST\STM32CubeIDE_1.19.0\STM32CubeIDE\plugins\com.st.stm32cube.common.mx_6.15.0.202507011659
2026-04-14 13:02:01,968 [INFO] PluginManage:196 - Search for loadable plugins [exclusion list=, ]
2026-04-14 13:02:01,969 [INFO] PluginManage:310 - Check plugin analytics
2026-04-14 13:02:02,133 [INFO] AnalyticsPlugin:253 - Accepted Software Licenses: 
2026-04-14 13:02:02,133 [INFO] AnalyticsPlugin:255 - Accepted CMSIS Pack Licenses: 
2026-04-14 13:02:02,133 [INFO] AnalyticsPlugin:257 - Accepted Firmware Licenses: 
2026-04-14 13:02:02,137 [INFO] PluginManage:359 - Loaded plugin analytics (category:tool,tabindex:-1)
2026-04-14 13:02:02,138 [INFO] PluginManage:310 - Check plugin cadmodel
2026-04-14 13:02:02,140 [INFO] CADModel:105 - Init CAD model plugin
2026-04-14 13:02:02,140 [INFO] PluginManage:359 - Loaded plugin cadmodel (category:power,tabindex:5)
2026-04-14 13:02:02,141 [INFO] PluginManage:310 - Check plugin clock
2026-04-14 13:02:02,150 [INFO] PluginManage:359 - Loaded plugin clock (category:base,tabindex:2)
2026-04-14 13:02:02,150 [INFO] PluginManage:310 - Check plugin ddr
2026-04-14 13:02:02,152 [INFO] PluginManage:359 - Loaded plugin ddr (category:tool,tabindex:6)
2026-04-14 13:02:02,152 [INFO] PluginManage:310 - Check plugin filemanager
2026-04-14 13:02:02,265 [INFO] PluginManage:359 - Loaded plugin filemanager (category:base,tabindex:10)
2026-04-14 13:02:02,265 [INFO] PluginManage:310 - Check plugin ipmanager
2026-04-14 13:02:02,274 [INFO] PluginManage:359 - Loaded plugin ipmanager (category:base,tabindex:5)
2026-04-14 13:02:02,274 [INFO] PluginManage:310 - Check plugin lpbam
2026-04-14 13:02:02,280 [INFO] PluginManage:359 - Loaded plugin lpbam (category:base,tabindex:0)
2026-04-14 13:02:02,280 [INFO] PluginManage:310 - Check plugin memorymap
2026-04-14 13:02:02,290 [INFO] PluginManage:359 - Loaded plugin memorymap (category:base,tabindex:4)
2026-04-14 13:02:02,290 [INFO] PluginManage:310 - Check plugin pinoutandconfiguration
2026-04-14 13:02:02,296 [INFO] PluginManage:359 - Loaded plugin pinoutandconfiguration (category:base,tabindex:1)
2026-04-14 13:02:02,296 [INFO] PluginManage:310 - Check plugin pinoutconfig
2026-04-14 13:02:02,386 [WARN] SupportedApi:132 - Cannot load RTOS API schema: s4s-elt-must-match.1: The content of 'definitions' must match (annotation?, (simpleType | complexType)?, (unique | key | keyref)*)). A problem was found starting at: attribute.
2026-04-14 13:02:02,524 [INFO] PluginManage:359 - Loaded plugin pinoutconfig (category:base,tabindex:0)
2026-04-14 13:02:02,525 [INFO] PluginManage:310 - Check plugin power
2026-04-14 13:02:02,534 [INFO] PluginManage:359 - Loaded plugin power (category:power,tabindex:4)
2026-04-14 13:02:02,534 [INFO] PluginManage:310 - Check plugin projectmanager
2026-04-14 13:02:02,550 [INFO] PluginManage:359 - Loaded plugin projectmanager (category:projectmanager,tabindex:4)
2026-04-14 13:02:02,550 [INFO] PluginManage:310 - Check plugin rif
2026-04-14 13:02:02,559 [INFO] PluginManage:359 - Loaded plugin rif (category:base,tabindex:3)
2026-04-14 13:02:02,559 [INFO] PluginManage:310 - Check plugin thirdparty
2026-04-14 13:02:02,674 [WARN] IntegrityCheckThread:84 - waiting for thirdparty lock release [integrity check]
2026-04-14 13:02:02,674 [INFO] IntegrityCheckThread:86 - entering critical section [integrity check]
2026-04-14 13:02:02,675 [INFO] ThirdPartyUpdaterWithRetryManager:70 - Updater plugin not ready yet. [1/15]
2026-04-14 13:02:02,675 [INFO] PluginManage:359 - Loaded plugin thirdparty (category:base,tabindex:-1)
2026-04-14 13:02:02,675 [INFO] PluginManage:310 - Check plugin tools
2026-04-14 13:02:02,679 [INFO] PluginManage:359 - Loaded plugin tools (category:base,tabindex:7)
2026-04-14 13:02:02,679 [INFO] PluginManage:310 - Check plugin tutovideos
2026-04-14 13:02:02,826 [INFO] PluginManage:359 - Loaded plugin tutovideos (category:base,tabindex:-1)
2026-04-14 13:02:02,826 [INFO] PluginManage:310 - Check plugin updater
2026-04-14 13:02:02,846 [INFO] PluginManage:359 - Loaded plugin updater (category:base,tabindex:12)
2026-04-14 13:02:02,846 [INFO] PluginManage:310 - Check plugin userauth
2026-04-14 13:02:02,853 [INFO] UserAuth:118 - Init User Auth plugin
2026-04-14 13:02:02,854 [INFO] PluginManage:359 - Loaded plugin userauth (category:base,tabindex:14)
2026-04-14 13:02:02,854 [INFO] PluginManage:283 - PluginManage : Loaded plugins [18]
2026-04-14 13:02:03,093 [INFO] PinOutPanel:1589 - setPackage(No Configuration,No Configuration)
2026-04-14 13:02:03,188 [INFO] CADModel:165 - CPN selected for project level
2026-04-14 13:02:03,188 [INFO] CADModel:114 - Register for checkConnection events
2026-04-14 13:02:03,199 [INFO] IPUIPlugin:80 - create IPUIPlugin
2026-04-14 13:02:03,199 [INFO] PluginManager:220 - loadIPPluginJar : add adc
2026-04-14 13:02:03,201 [INFO] IPUIPlugin:80 - create IPUIPlugin
2026-04-14 13:02:03,201 [INFO] PluginManager:220 - loadIPPluginJar : add aes
2026-04-14 13:02:03,203 [INFO] IPUIPlugin:80 - create IPUIPlugin
2026-04-14 13:02:03,203 [INFO] PluginManager:220 - loadIPPluginJar : add can
2026-04-14 13:02:03,204 [INFO] IPUIPlugin:80 - create IPUIPlugin
2026-04-14 13:02:03,204 [INFO] PluginManager:220 - loadIPPluginJar : add comp
2026-04-14 13:02:03,206 [INFO] IPUIPlugin:80 - create IPUIPlugin
2026-04-14 13:02:03,206 [INFO] PluginManager:220 - loadIPPluginJar : add cryp
2026-04-14 13:02:03,208 [INFO] IPUIPlugin:80 - create IPUIPlugin
2026-04-14 13:02:03,208 [INFO] PluginManager:220 - loadIPPluginJar : add ddr_ctrl_phy
2026-04-14 13:02:03,210 [INFO] IPUIPlugin:80 - create IPUIPlugin
2026-04-14 13:02:03,210 [INFO] PluginManager:220 - loadIPPluginJar : add dfsdm
2026-04-14 13:02:03,214 [INFO] IPUIPlugin:80 - create IPUIPlugin
2026-04-14 13:02:03,215 [INFO] PluginManager:220 - loadIPPluginJar : add dma
2026-04-14 13:02:03,217 [INFO] IPUIPlugin:80 - create IPUIPlugin
2026-04-14 13:02:03,217 [INFO] PluginManager:220 - loadIPPluginJar : add dma3
2026-04-14 13:02:03,219 [INFO] IPUIPlugin:80 - create IPUIPlugin
2026-04-14 13:02:03,219 [INFO] PluginManager:220 - loadIPPluginJar : add extmemmanager
2026-04-14 13:02:03,220 [INFO] IPUIPlugin:80 - create IPUIPlugin
2026-04-14 13:02:03,221 [INFO] PluginManager:220 - loadIPPluginJar : add fatfs
2026-04-14 13:02:03,224 [INFO] IPUIPlugin:80 - create IPUIPlugin
2026-04-14 13:02:03,224 [INFO] PluginManager:220 - loadIPPluginJar : add fmc
2026-04-14 13:02:03,227 [INFO] IPUIPlugin:80 - create IPUIPlugin
2026-04-14 13:02:03,228 [INFO] PluginManager:220 - loadIPPluginJar : add freertos
2026-04-14 13:02:03,229 [INFO] IPUIPlugin:80 - create IPUIPlugin
2026-04-14 13:02:03,229 [INFO] PluginManager:220 - loadIPPluginJar : add genericplugin
2026-04-14 13:02:03,230 [INFO] IPUIPlugin:80 - create IPUIPlugin
2026-04-14 13:02:03,231 [INFO] PluginManager:220 - loadIPPluginJar : add gfxmmu
2026-04-14 13:02:03,234 [INFO] IPUIPlugin:80 - create IPUIPlugin
2026-04-14 13:02:03,234 [INFO] PluginManager:220 - loadIPPluginJar : add gic
2026-04-14 13:02:03,236 [INFO] IPUIPlugin:80 - create IPUIPlugin
2026-04-14 13:02:03,237 [INFO] PluginManager:220 - loadIPPluginJar : add gpio
2026-04-14 13:02:03,239 [INFO] IPUIPlugin:80 - create IPUIPlugin
2026-04-14 13:02:03,239 [INFO] PluginManager:220 - loadIPPluginJar : add gtzc
2026-04-14 13:02:03,242 [INFO] IPUIPlugin:80 - create IPUIPlugin
2026-04-14 13:02:03,242 [INFO] PluginManager:220 - loadIPPluginJar : add hash
2026-04-14 13:02:03,245 [INFO] IPUIPlugin:80 - create IPUIPlugin
2026-04-14 13:02:03,245 [INFO] PluginManager:220 - loadIPPluginJar : add i2c
2026-04-14 13:02:03,247 [INFO] IPUIPlugin:80 - create IPUIPlugin
2026-04-14 13:02:03,247 [INFO] PluginManager:220 - loadIPPluginJar : add i2s
2026-04-14 13:02:03,250 [INFO] IPUIPlugin:80 - create IPUIPlugin
2026-04-14 13:02:03,250 [INFO] PluginManager:220 - loadIPPluginJar : add i3c
2026-04-14 13:02:03,252 [INFO] IPUIPlugin:80 - create IPUIPlugin
2026-04-14 13:02:03,252 [INFO] PluginManager:220 - loadIPPluginJar : add ipddr
2026-04-14 13:02:03,256 [INFO] IPUIPlugin:80 - create IPUIPlugin
2026-04-14 13:02:03,256 [INFO] PluginManager:220 - loadIPPluginJar : add linkedlist
2026-04-14 13:02:03,259 [INFO] IPUIPlugin:80 - create IPUIPlugin
2026-04-14 13:02:03,259 [INFO] PluginManager:220 - loadIPPluginJar : add lorawan
2026-04-14 13:02:03,260 [INFO] IPUIPlugin:80 - create IPUIPlugin
2026-04-14 13:02:03,260 [INFO] PluginManager:220 - loadIPPluginJar : add ltdc
2026-04-14 13:02:03,264 [INFO] IPUIPlugin:80 - create IPUIPlugin
2026-04-14 13:02:03,264 [INFO] PluginManager:220 - loadIPPluginJar : add mdma
2026-04-14 13:02:03,266 [INFO] IPUIPlugin:80 - create IPUIPlugin
2026-04-14 13:02:03,266 [INFO] PluginManager:220 - loadIPPluginJar : add nvic
2026-04-14 13:02:03,268 [INFO] IPUIPlugin:80 - create IPUIPlugin
2026-04-14 13:02:03,269 [INFO] PluginManager:220 - loadIPPluginJar : add opamp
2026-04-14 13:02:03,273 [INFO] IPUIPlugin:80 - create IPUIPlugin
2026-04-14 13:02:03,273 [INFO] PluginManager:220 - loadIPPluginJar : add openamp
2026-04-14 13:02:03,276 [INFO] IPUIPlugin:80 - create IPUIPlugin
2026-04-14 13:02:03,276 [INFO] PluginManager:220 - loadIPPluginJar : add pdm2pcm
2026-04-14 13:02:03,280 [INFO] IPUIPlugin:80 - create IPUIPlugin
2026-04-14 13:02:03,281 [INFO] PluginManager:220 - loadIPPluginJar : add plateformsettings
2026-04-14 13:02:03,283 [INFO] IPUIPlugin:80 - create IPUIPlugin
2026-04-14 13:02:03,283 [INFO] PluginManager:220 - loadIPPluginJar : add quadspi
2026-04-14 13:02:03,284 [INFO] IPUIPlugin:80 - create IPUIPlugin
2026-04-14 13:02:03,285 [INFO] PluginManager:220 - loadIPPluginJar : add radio
2026-04-14 13:02:03,287 [INFO] IPUIPlugin:80 - create IPUIPlugin
2026-04-14 13:02:03,287 [INFO] PluginManager:220 - loadIPPluginJar : add resmgrutility
2026-04-14 13:02:03,289 [INFO] IPUIPlugin:80 - create IPUIPlugin
2026-04-14 13:02:03,289 [INFO] PluginManager:220 - loadIPPluginJar : add sai
2026-04-14 13:02:03,290 [INFO] IPUIPlugin:80 - create IPUIPlugin
2026-04-14 13:02:03,290 [INFO] PluginManager:220 - loadIPPluginJar : add spi
2026-04-14 13:02:03,294 [INFO] IPUIPlugin:80 - create IPUIPlugin
2026-04-14 13:02:03,294 [INFO] PluginManager:220 - loadIPPluginJar : add stm32_wpan
2026-04-14 13:02:03,296 [INFO] IPUIPlugin:80 - create IPUIPlugin
2026-04-14 13:02:03,296 [INFO] PluginManager:220 - loadIPPluginJar : add tim
2026-04-14 13:02:03,298 [INFO] IPUIPlugin:80 - create IPUIPlugin
2026-04-14 13:02:03,298 [INFO] PluginManager:220 - loadIPPluginJar : add touchsensing
2026-04-14 13:02:03,300 [INFO] IPUIPlugin:80 - create IPUIPlugin
2026-04-14 13:02:03,300 [INFO] PluginManager:220 - loadIPPluginJar : add tracer_emb
2026-04-14 13:02:03,301 [INFO] IPUIPlugin:80 - create IPUIPlugin
2026-04-14 13:02:03,301 [INFO] PluginManager:220 - loadIPPluginJar : add ts
2026-04-14 13:02:03,302 [INFO] IPUIPlugin:80 - create IPUIPlugin
2026-04-14 13:02:03,302 [INFO] PluginManager:220 - loadIPPluginJar : add tsc
2026-04-14 13:02:03,303 [INFO] IPUIPlugin:80 - create IPUIPlugin
2026-04-14 13:02:03,304 [INFO] PluginManager:220 - loadIPPluginJar : add ucpd
2026-04-14 13:02:03,305 [INFO] IPUIPlugin:80 - create IPUIPlugin
2026-04-14 13:02:03,305 [INFO] PluginManager:220 - loadIPPluginJar : add usart
2026-04-14 13:02:03,308 [INFO] IPUIPlugin:80 - create IPUIPlugin
2026-04-14 13:02:03,308 [INFO] PluginManager:220 - loadIPPluginJar : add usbx
2026-04-14 13:02:03,437 [FATAL] Updater:351 - Updater called before beeing initialized
2026-04-14 13:02:03,457 [INFO] RulesReader:64 - Compatibility file has been processed (317 Rules)
2026-04-14 13:02:03,466 [INFO] RulesReader:64 - Compatibility file has been processed (317 Rules)
2026-04-14 13:02:03,473 [INFO] CADModel:165 - CPN selected for project level
2026-04-14 13:02:03,473 [INFO] CADModel:114 - Register for checkConnection events
2026-04-14 13:02:03,473 [FATAL] Updater:351 - Updater called before beeing initialized
2026-04-14 13:02:03,473 [ERROR] CADModel:125 - Updater not yet initialized, retry later 
2026-04-14 13:02:03,603 [FATAL] Updater:351 - Updater called before beeing initialized
2026-04-14 13:02:03,605 [INFO] CADModel:165 - CPN selected for project level
2026-04-14 13:02:03,605 [INFO] CADModel:114 - Register for checkConnection events
2026-04-14 13:02:03,605 [FATAL] Updater:351 - Updater called before beeing initialized
2026-04-14 13:02:03,605 [ERROR] CADModel:125 - Updater not yet initialized, retry later 
2026-04-14 13:02:03,607 [FATAL] Updater:351 - Updater called before beeing initialized
2026-04-14 13:02:03,727 [FATAL] Updater:351 - Updater called before beeing initialized
2026-04-14 13:02:03,730 [INFO] DbMcusAds:53 - JSON generation date=Thu Jan 08 10:56:59 EST 2026 (1767887819573)
2026-04-14 13:02:03,730 [FATAL] Updater:351 - Updater called before beeing initialized
2026-04-14 13:02:03,765 [WARN] DetailPanel:346 - Failed to get advertising image, set to default
2026-04-14 13:02:03,888 [FATAL] Updater:351 - Updater called before beeing initialized
2026-04-14 13:02:03,890 [FATAL] Updater:351 - Updater called before beeing initialized
2026-04-14 13:02:03,890 [FATAL] Updater:351 - Updater called before beeing initialized
2026-04-14 13:02:03,890 [WARN] DetailPanel:346 - Failed to get advertising image, set to default
2026-04-14 13:02:03,891 [FATAL] Updater:351 - Updater called before beeing initialized
2026-04-14 13:02:03,951 [ERROR] Updater:1198 - MainUpdater not yet initialized. External WinMGr cannot be set.
2026-04-14 13:02:03,955 [INFO] Updater:1134 - Updater Version found : 6.15.0
2026-04-14 13:02:03,971 [INFO] ApplicationProperties:184 - Using Application install path: C:\ST\STM32CubeIDE_1.19.0\STM32CubeIDE\plugins\com.st.stm32cube.common.mx_6.15.0.202507011659
2026-04-14 13:02:05,545 [ERROR] LogOutputStream:75 - [STDERR_REDIRECT] Apr 14, 2026 1:02:05 PM java.util.prefs.WindowsPreferences <init>
2026-04-14 13:02:05,546 [ERROR] LogOutputStream:75 - [STDERR_REDIRECT] WARNING: Could not open/create prefs root node Software\JavaSoft\Prefs at root 0xffffffff80000002. Windows RegCreateKeyEx(...) returned error code 5.
2026-04-14 13:02:05,547 [ERROR] LogOutputStream:75 - [STDERR_REDIRECT] 
2026-04-14 13:02:05,675 [INFO] ThirdPartyUpdaterWithRetryManager:70 - Updater plugin not ready yet. [2/15]
2026-04-14 13:02:05,835 [INFO] MainUpdater:2872 - connection check result : 10
2026-04-14 13:02:05,836 [INFO] MainUpdater:289 - Updater Check For Update Now.
2026-04-14 13:02:05,836 [INFO] MicroXplorer:498 - Change Database Version : DB.6.0.150
2026-04-14 13:02:05,844 [INFO] McuFinderGlobals:63 - Set McuFinder mode to 2 (CubeIDE integrated)
2026-04-14 13:02:05,844 [INFO] UserAuth:171 - activating auth plugin
2026-04-14 13:02:05,846 [INFO] UserAuth:487 - Internet connection configuration mode: 1
2026-04-14 13:02:05,871 [INFO] JxBrowserEngine:152 - Initiate JxBrowser Engine with user profile folder
2026-04-14 13:02:06,023 [INFO] CheckServerUpdateThread:120 - End of CheckServer Thread
2026-04-14 13:02:06,813 [INFO] WebApp:169 - Instantiating new browser for Auth
2026-04-14 13:02:07,654 [INFO] WebApp:463 - Apply proxy settings
2026-04-14 13:02:07,654 [INFO] WebApp:548 - Chromium requires no authentication
2026-04-14 13:02:07,660 [INFO] WebApp:491 - Direct internet connection detected
2026-04-14 13:02:07,678 [INFO] WebApp:900 - Register for checkConnection events
2026-04-14 13:02:07,678 [INFO] WebApp:463 - Apply proxy settings
2026-04-14 13:02:07,678 [INFO] WebApp:548 - Chromium requires no authentication
2026-04-14 13:02:07,678 [INFO] WebApp:491 - Direct internet connection detected
2026-04-14 13:02:07,824 [INFO] WebApp:225 - Starting web application
2026-04-14 13:02:07,824 [INFO] WebApp:593 - Web application path used C:\ST\STM32CubeIDE_1.19.0\STM32CubeIDE\plugins\com.st.stm32cube.common.mx_6.15.0.202507011659\db\plugins\mcufinder\reactClient1\index.html
2026-04-14 13:02:07,831 [INFO] WebApp:191 - Connection restablished
2026-04-14 13:02:09,114 [WARN] PackLoader:240 - Cannot read IP mode file for STMicroelectronics.X-CUBE-AZRTOS-H7.3.5.0
2026-04-14 13:02:09,127 [WARN] PackLoader:240 - Cannot read IP mode file for STMicroelectronics.FP-ATR-ASTRA1.2.0.2
2026-04-14 13:02:09,146 [WARN] PackLoader:240 - Cannot read IP mode file for STMicroelectronics.X-CUBE-SMBUS.2.1.0
2026-04-14 13:02:09,165 [WARN] PackLoader:240 - Cannot read IP mode file for STMicroelectronics.X-CUBE-AZRTOS-F7.1.1.0
2026-04-14 13:02:09,174 [WARN] PackLoader:240 - Cannot read IP mode file for STMicroelectronics.FP-SNS-MOTENV1.5.1.0
2026-04-14 13:02:09,187 [WARN] PackLoader:240 - Cannot read IP mode file for WES.I-CUBE-Cesium.1.4.0
2026-04-14 13:02:09,195 [WARN] PackLoader:240 - Cannot read IP mode file for STMicroelectronics.X-CUBE-DISPLAY.3.0.0
2026-04-14 13:02:09,203 [WARN] PackLoader:240 - Cannot read IP mode file for STMicroelectronics.FP-SNS-MOTENVWB1.1.5.0
2026-04-14 13:02:09,212 [WARN] PackLoader:240 - Cannot read IP mode file for STMicroelectronics.X-CUBE-NFC10.1.0.0
2026-04-14 13:02:09,219 [WARN] PackLoader:240 - Cannot read IP mode file for STMicroelectronics.X-CUBE-ST60.1.1.0
2026-04-14 13:02:09,228 [WARN] PackLoader:240 - Cannot read IP mode file for emotas.I-CUBE-CANOPEN.1.3.0
2026-04-14 13:02:09,233 [WARN] PackLoader:240 - Cannot read IP mode file for STMicroelectronics.X-CUBE-GNSS1.7.1.0
2026-04-14 13:02:09,243 [WARN] PackLoader:240 - Cannot read IP mode file for STMicroelectronics.FP-SNS-STBOX1.2.1.0
2026-04-14 13:02:09,249 [WARN] PackLoader:240 - Cannot read IP mode file for STMicroelectronics.FP-SNS-SMARTAG2.1.2.0
2026-04-14 13:02:09,255 [WARN] PackLoader:240 - Cannot read IP mode file for STMicroelectronics.FP-SNS-FLIGHT1.5.1.0
2026-04-14 13:02:09,263 [INFO] LogOutputStream:77 - [STDOUT_REDIRECT] 1 : Invalid condition id : UX_CORESTACK_Condition cause : null
2026-04-14 13:02:09,264 [INFO] LogOutputStream:77 - [STDOUT_REDIRECT] 1 : Invalid condition id : UX_CORESTACK_Condition cause : null
2026-04-14 13:02:09,265 [INFO] LogOutputStream:77 - [STDOUT_REDIRECT] 1 : Invalid condition id : UX_CORESTACK_Condition cause : null
2026-04-14 13:02:09,267 [INFO] LogOutputStream:77 - [STDOUT_REDIRECT] 1 : Invalid condition id : UX_CORESTACK_Condition cause : null
2026-04-14 13:02:09,268 [INFO] LogOutputStream:77 - [STDOUT_REDIRECT] 1 : Invalid condition id : UX_CORESTACK_Condition cause : null
2026-04-14 13:02:09,271 [WARN] PackLoader:240 - Cannot read IP mode file for STMicroelectronics.X-CUBE-AZRTOS-WL.2.0.0
2026-04-14 13:02:09,304 [WARN] PackLoader:240 - Cannot read IP mode file for STMicroelectronics.X-CUBE-AZRTOS-H7RS.1.2.0
2026-04-14 13:02:09,312 [WARN] PackLoader:240 - Cannot read IP mode file for STMicroelectronics.X-CUBE-BLE2.3.3.0
2026-04-14 13:02:09,350 [WARN] PackLoader:240 - Cannot read IP mode file for Infineon.AIROC-Wi-Fi-Bluetooth-STM32.1.8.0
2026-04-14 13:02:09,360 [WARN] PackLoader:240 - Cannot read IP mode file for STMicroelectronics.X-CUBE-NFC9.1.0.0
2026-04-14 13:02:09,365 [WARN] PackLoader:240 - Cannot read IP mode file for STMicroelectronics.X-CUBE-BLE1.7.1.0
2026-04-14 13:02:09,370 [WARN] PackLoader:240 - Cannot read IP mode file for wolfSSL.I-CUBE-wolfMQTT.1.19.2
2026-04-14 13:02:09,376 [WARN] PackLoader:240 - Cannot read IP mode file for STMicroelectronics.X-CUBE-EEPRMA1.5.2.0
2026-04-14 13:02:09,380 [WARN] PackLoader:240 - Cannot read IP mode file for wolfSSL.I-CUBE-wolfSSL.5.8.4
2026-04-14 13:02:09,411 [WARN] PackLoader:240 - Cannot read IP mode file for STMicroelectronics.X-CUBE-MEMS1.12.0.0
2026-04-14 13:02:09,498 [WARN] PackLoader:240 - Cannot read IP mode file for STMicroelectronics.X-CUBE-AZRTOS-G0.1.1.0
2026-04-14 13:02:09,505 [WARN] PackLoader:240 - Cannot read IP mode file for STMicroelectronics.X-CUBE-NFC4.3.0.0
2026-04-14 13:02:09,520 [WARN] PackLoader:240 - Cannot read IP mode file for EmbeddedOffice.I-CUBE-FS-RTOS.1.0.1
2026-04-14 13:02:09,532 [WARN] PackLoader:240 - Cannot read IP mode file for wolfSSL.I-CUBE-wolfTPM.3.8.0
2026-04-14 13:02:09,543 [WARN] PackLoader:240 - Cannot read IP mode file for STMicroelectronics.X-CUBE-TCPP.4.2.0
2026-04-14 13:02:09,553 [WARN] PackLoader:240 - Cannot read IP mode file for RealThread.X-CUBE-RT-Thread_Nano.4.1.1
2026-04-14 13:02:09,563 [WARN] PackLoader:240 - Cannot read IP mode file for STMicroelectronics.FP-ATR-SIGFOX1.3.2.0
2026-04-14 13:02:09,570 [WARN] PackLoader:240 - Cannot read IP mode file for STMicroelectronics.X-CUBE-FREERTOS.1.5.0
2026-04-14 13:02:09,583 [WARN] PackLoader:240 - Cannot read IP mode file for ITTIA_DB.I-CUBE-ITTIADB.8.9.0
2026-04-14 13:02:09,590 [WARN] PackLoader:240 - Cannot read IP mode file for Cesanta.I-CUBE-Mongoose.7.21.0
2026-04-14 13:02:09,624 [WARN] PackLoader:240 - Cannot read IP mode file for STMicroelectronics.X-CUBE-NFC6.3.2.0
2026-04-14 13:02:09,635 [WARN] PackLoader:240 - Cannot read IP mode file for STMicroelectronics.X-CUBE-AI.10.2.0
2026-04-14 13:02:09,671 [WARN] PackLoader:240 - Cannot read IP mode file for SEGGER.I-CUBE-embOS.1.3.1
2026-04-14 13:02:09,716 [WARN] PackLoader:240 - Cannot read IP mode file for STMicroelectronics.X-CUBE-ALGOBUILD.1.4.0
2026-04-14 13:02:09,722 [WARN] PackLoader:240 - Cannot read IP mode file for STMicroelectronics.X-CUBE-PM33A1.1.0.0
2026-04-14 13:02:09,737 [WARN] PackLoader:240 - Cannot read IP mode file for STMicroelectronics.X-CUBE-AZRTOS-F4.1.1.0
2026-04-14 13:02:09,745 [WARN] PackLoader:240 - Cannot read IP mode file for STMicroelectronics.X-CUBE-ISPU.2.1.0
2026-04-14 13:02:09,759 [WARN] PackLoader:240 - Cannot read IP mode file for STMicroelectronics.X-CUBE-IPS.3.2.0
2026-04-14 13:02:09,770 [WARN] PackLoader:240 - Cannot read IP mode file for STMicroelectronics.eDS-WB_DPC_TT-BIDIR.2.1.1
2026-04-14 13:02:09,776 [WARN] PackLoader:240 - Cannot read IP mode file for STMicroelectronics.X-CUBE-NFC12.1.0.0
2026-04-14 13:02:09,791 [WARN] PackLoader:240 - Cannot read IP mode file for STMicroelectronics.X-CUBE-AZRTOS-L5.2.0.0
2026-04-14 13:02:09,798 [WARN] PackLoader:240 - Cannot read IP mode file for STMicroelectronics.eDS-WB_DPC_VIENNA.1.2.0
2026-04-14 13:02:09,801 [WARN] PackLoader:240 - Cannot read IP mode file for STMicroelectronics.eDS-WB_DPC_3PH2L-BIDIR.1.1.1
2026-04-14 13:02:09,808 [WARN] PackLoader:240 - Cannot read IP mode file for STMicroelectronics.X-CUBE-TOUCHGFX.4.26.1
2026-04-14 13:02:09,813 [WARN] PackLoader:240 - Cannot read IP mode file for STMicroelectronics.FP-SNS-STAIOTCFT.1.0.0
2026-04-14 13:02:09,817 [WARN] PackLoader:240 - Cannot read IP mode file for STMicroelectronics.X-CUBE-DPower.1.3.0
2026-04-14 13:02:09,831 [WARN] ConditionMgr:438 - getConditionDescription Invalid condition id : LAN8742 Phy interface Condition cause : null
2026-04-14 13:02:09,831 [WARN] PackLoader:240 - Cannot read IP mode file for STMicroelectronics.X-CUBE-AZRTOS-L4.2.0.0
2026-04-14 13:02:09,832 [WARN] ConditionMgr:1044 - genDependencies : Invalid condition id : LAN8742 Phy interface Condition cause : null
2026-04-14 13:02:09,832 [WARN] ConditionMgr:1044 - genDependencies : Invalid condition id : LAN8742 Phy interface Condition cause : null
2026-04-14 13:02:09,832 [WARN] ConditionMgr:1044 - genDependencies : Invalid condition id : LAN8742 Phy interface Condition cause : null
2026-04-14 13:02:09,840 [WARN] PackLoader:240 - Cannot read IP mode file for STMicroelectronics.X-CUBE-SFXS2LP1.4.0.0
2026-04-14 13:02:09,847 [WARN] PackLoader:240 - Cannot read IP mode file for STMicroelectronics.X-CUBE-WB05N.2.1.0
2026-04-14 13:02:09,855 [WARN] PackLoader:240 - Cannot read IP mode file for STMicroelectronics.X-CUBE-ST67W61.1.2.0
2026-04-14 13:02:09,867 [WARN] PackLoader:240 - Cannot read IP mode file for STMicroelectronics.X-CUBE-BLEMGR.4.1.0
2026-04-14 13:02:09,886 [WARN] ConditionMgr:438 - getConditionDescription Invalid condition id : UX DEVICE CLASS RTOS Condition cause : null
2026-04-14 13:02:09,886 [WARN] ConditionMgr:438 - getConditionDescription Invalid condition id : UX DEVICE CLASS RTOS Condition cause : null
2026-04-14 13:02:09,895 [WARN] PackLoader:240 - Cannot read IP mode file for STMicroelectronics.X-CUBE-AZRTOS-WB.2.0.0
2026-04-14 13:02:09,895 [WARN] ConditionMgr:1044 - genDependencies : Invalid condition id : UX DEVICE CLASS RTOS Condition cause : null
2026-04-14 13:02:09,896 [WARN] ConditionMgr:1044 - genDependencies : Invalid condition id : UX DEVICE CLASS RTOS Condition cause : null
2026-04-14 13:02:09,896 [WARN] ConditionMgr:1044 - genDependencies : Invalid condition id : UX DEVICE CLASS RTOS Condition cause : null
2026-04-14 13:02:09,896 [WARN] ConditionMgr:1044 - genDependencies : Invalid condition id : UX DEVICE CLASS RTOS Condition cause : null
2026-04-14 13:02:09,896 [WARN] ConditionMgr:1044 - genDependencies : Invalid condition id : UX DEVICE CLASS RTOS Condition cause : null
2026-04-14 13:02:09,902 [WARN] ConditionMgr:438 - getConditionDescription Invalid condition id : Cortex-A Device cause : null
2026-04-14 13:02:09,912 [WARN] ConditionMgr:1044 - genDependencies : Invalid condition id : Cortex-A Device cause : null
2026-04-14 13:02:09,913 [WARN] ConditionMgr:1044 - genDependencies : Invalid condition id : Cortex-A Device cause : null
2026-04-14 13:02:09,913 [WARN] ConditionMgr:1044 - genDependencies : Invalid condition id : Cortex-A Device cause : null
2026-04-14 13:02:09,918 [WARN] PackLoader:240 - Cannot read IP mode file for STMicroelectronics.X-CUBE-STSE01.2.0.0
2026-04-14 13:02:09,927 [WARN] PackLoader:240 - Cannot read IP mode file for STMicroelectronics.X-CUBE-SUBG2.5.0.0
2026-04-14 13:02:09,945 [WARN] PackLoader:240 - Cannot read IP mode file for STMicroelectronics.X-CUBE-AZRTOS-G4.2.0.0
2026-04-14 13:02:09,951 [WARN] PackLoader:240 - Cannot read IP mode file for wolfSSL.I-CUBE-wolfSSH.1.4.20
2026-04-14 13:02:09,956 [WARN] PackLoader:240 - Cannot read IP mode file for STMicroelectronics.X-CUBE-NFC7.2.0.0
2026-04-14 13:02:09,962 [WARN] PackLoader:240 - Cannot read IP mode file for STMicroelectronics.X-CUBE-ALS.1.0.2
2026-04-14 13:02:09,971 [WARN] PackLoader:240 - Cannot read IP mode file for STMicroelectronics.X-CUBE-TOF1.3.4.3
2026-04-14 13:02:09,979 [INFO] ThirdParty:978 - Integrity check success = true
2026-04-14 13:02:09,980 [INFO] IntegrityCheckThread:100 - exiting critical section [integrity check]
2026-04-14 13:02:09,980 [INFO] IntegrityCheckThread:103 - End integrity checks thread
2026-04-14 13:02:20,889 [INFO] McuFinderGlobals:63 - Set McuFinder mode to 2 (CubeIDE integrated)
2026-04-14 13:02:20,892 [INFO] MainUpdater:2872 - connection check result : 10
2026-04-14 13:02:20,894 [INFO] McuFinderGlobals:76 - Set McuFinderConnectedMode to true
2026-04-14 13:02:21,046 [INFO] ServerAccessManage:452 - Complete download http(s) 200
2026-04-14 13:02:21,046 [INFO] ServerAccessManage:509 - Download File mcusAds.json._tmp_
2026-04-14 13:02:21,160 [INFO] LoadUrlFilesThread:156 - End of LoadUrlFiles Thread
2026-04-14 13:02:21,304 [INFO] ServerAccessManage:452 - Complete download http(s) 200
2026-04-14 13:02:21,304 [INFO] ServerAccessManage:509 - Download File cube-finder-db.zip
2026-04-14 13:02:21,940 [INFO] FileExtend:248 - Unzip File : cube-finder-db.zip
2026-04-14 13:02:21,941 [INFO] FileExtend:263 - Standard Zip Deflate
2026-04-14 13:02:22,818 [INFO] LoadUrlFilesThread:156 - End of LoadUrlFiles Thread
2026-04-14 13:02:23,414 [INFO] ServerAccessManage:452 - Complete download http(s) 200
2026-04-14 13:02:23,415 [INFO] ServerAccessManage:509 - Download File crdb.zip
2026-04-14 13:02:25,566 [INFO] FileExtend:248 - Unzip File : crdb.zip
2026-04-14 13:02:25,566 [INFO] FileExtend:263 - Standard Zip Deflate
2026-04-14 13:02:25,686 [INFO] LoadUrlFilesThread:156 - End of LoadUrlFiles Thread
2026-04-14 13:02:25,800 [INFO] ServerAccessManage:452 - Complete download http(s) 200
2026-04-14 13:02:25,800 [INFO] ServerAccessManage:509 - Download File tutoVideoDB.zip
2026-04-14 13:02:25,806 [INFO] FileExtend:248 - Unzip File : tutoVideoDB.zip
2026-04-14 13:02:25,806 [INFO] FileExtend:263 - Standard Zip Deflate
2026-04-14 13:02:25,914 [INFO] LoadUrlFilesThread:156 - End of LoadUrlFiles Thread
2026-04-14 13:02:25,915 [WARN] DbFile:41 - Overriding database path with different value: C:\Users\salehir\.stmcufinder\plugins\mcufinder/ => C:\Users\salehir\.stmcufinder\plugins\mcufinder
2026-04-14 13:02:26,026 [INFO] ServerAccessManage:452 - Complete download http(s) 200
2026-04-14 13:02:26,027 [INFO] ServerAccessManage:509 - Download File api_config.json
2026-04-14 13:02:26,133 [INFO] LoadUrlFilesThread:156 - End of LoadUrlFiles Thread
2026-04-14 13:02:26,133 [INFO] DbMcusAds:53 - JSON generation date=Fri Apr 10 05:19:02 EDT 2026 (1775812742261)
2026-04-14 13:02:26,176 [INFO] ServerAccessManage:452 - Complete download http(s) 200
2026-04-14 13:02:26,176 [INFO] ServerAccessManage:509 - Download File 
2026-04-14 13:02:26,185 [INFO] LoadUrlFilesThread:185 - End of LoadServerUrlFiles without Thread
2026-04-14 13:02:26,185 [INFO] TargetSelectorAdapter:259 - Refresh data is successful
2026-04-14 13:02:26,294 [INFO] ApiDb:581 - Connected to CubeFinder SQLite database (C:\Users\salehir\.stmcufinder\plugins\mcufinder\mcu\cube-finder-db.db)
2026-04-14 13:02:26,374 [INFO] ApiDb:668 - CubeFinder database Data Model version=2.1
2026-04-14 13:02:26,374 [INFO] ApiDb:669 - CubeFinder database Configuration version=3.0.42
2026-04-14 13:02:26,374 [INFO] ApiDb:670 - CubeFinder database generation date=2026-03-11 (1773229989)
2026-04-14 13:02:26,374 [INFO] ApiDb:671 - CubeFinder database FW Pack versions=[FP-ATR-ASTRA1_V2.0.0, FP-SNS-FLIGHT1_V5.1.0, FP-SNS-MOTENV1_V5.1.0, FP-SNS-MOTENVWB1_V1.5.0, FP-SNS-SMARTAG2_V1.2.0, FP-SNS-STBOX1_V2.1.0, STM32Cube_FW_C0_V1.4.0, STM32Cube_FW_F4_V1.28.3, STM32Cube_FW_F7_V1.17.4, STM32Cube_FW_G0_V1.6.3, STM32Cube_FW_G4_V1.6.2, STM32Cube_FW_H5_V1.6.0, STM32Cube_FW_H7RS_V1.3.0, STM32Cube_FW_H7_V1.13.0, STM32Cube_FW_L0_V1.12.2, STM32Cube_FW_L4_V1.18.2, STM32Cube_FW_L5_V1.6.0, STM32Cube_FW_N6_V1.3.0, STM32Cube_FW_U0_V1.3.0, STM32Cube_FW_U3_V1.3.0, STM32Cube_FW_U5_V1.8.0, STM32Cube_FW_WB0_V1.4.0, STM32Cube_FW_WBA_V1.9.0, STM32Cube_FW_WB_V1.24.0, STM32Cube_FW_WL3_V1.4.0, STM32Cube_FW_WL_V1.5.0, X-CUBE-ALGOBUILD_V1.4.0, X-CUBE-ALS_V1.0.2, X-CUBE-AZRTOS-F4_V1.1.0, X-CUBE-AZRTOS-F7_V1.1.0, X-CUBE-AZRTOS-G0_V1.1.0, X-CUBE-AZRTOS-G4_V2.0.0, X-CUBE-AZRTOS-H7RS_V1.1.0, X-CUBE-AZRTOS-H7_V3.4.0, X-CUBE-AZRTOS-L4_V2.0.0, X-CUBE-AZRTOS-L5_V2.0.0, X-CUBE-AZRTOS-WB_V2.0.0, X-CUBE-AZRTOS-WL_V2.0.0, X-CUBE-BLE1_V7.1.0, X-CUBE-BLE2_V3.3.0, X-CUBE-BLEMGR_V4.1.0, X-CUBE-EEPRMA1_V5.2.0, X-CUBE-FREERTOS_V1.5.0, X-CUBE-GNSS1_V6.0.0, X-CUBE-MEMS1_V12.0.0, X-CUBE-NFC4_V3.0.0, X-CUBE-NFC7_V2.0.0, X-CUBE-SFXS2LP1_V4.0.0, X-CUBE-ST67W61_V1.2.0, X-CUBE-SUBG2_V5.0.0, X-CUBE-TOF1_V3.4.3]
2026-04-14 13:02:28,356 [INFO] ApiDb:240 - Found 880 in-development CPN: [B-G473E-ZEST1S, B-WB1M-WPAN1, B-WBA5M-WPAN, B-WL5M-SUBG1, NUCLEO-C031C6, NUCLEO-C051C8, NUCLEO-C071RB, NUCLEO-C092RC, NUCLEO-H503RB, NUCLEO-H533RE, NUCLEO-H563ZI, NUCLEO-H7S3L8, NUCLEO-N657X0-Q, NUCLEO-U031R8, NUCLEO-U083RC, NUCLEO-U385RG-Q, NUCLEO-U545RE-Q, NUCLEO-U5A5ZJ-Q, NUCLEO-WB05KZ, NUCLEO-WB07CC, NUCLEO-WB09KE, NUCLEO-WBA52CG, NUCLEO-WBA55CG, NUCLEO-WL33CC1, NUCLEO-WL33CC2, STEVAL-PROTEUS1, STEVAL-SMARTAG2, STEVAL-STWINBX1, STM320518-EVAL, STM32C0116-DK, STM32C011D6Y3TR, STM32C011D6Y6TR, STM32C011F4P3, STM32C011F4P6, STM32C011F4U3, STM32C011F4U6TR, STM32C011F6P3, STM32C011F6P6, STM32C011F6U3, STM32C011F6U6TR, STM32C011J4M3, STM32C011J4M6, STM32C011J6M3, STM32C011J6M6, STM32C0316-DK, STM32C031C4T3, STM32C031C4T6, STM32C031C4U3, STM32C031C4U6, STM32C031C6T3, STM32C031C6T6, STM32C031C6U3, STM32C031C6U6, STM32C031F4P3, STM32C031F4P6, STM32C031F6P3, STM32C031F6P6, STM32C031G4U3, STM32C031G4U6, STM32C031G6U3, STM32C031G6U6, STM32C031K4T3, STM32C031K4T6, STM32C031K4U3, STM32C031K4U6, STM32C031K6T3, STM32C031K6T6, STM32C031K6U3, STM32C031K6U6, STM32C051C6T6, STM32C051C6U6, STM32C051C8T6, STM32C051C8U6, STM32C051D8Y6TR, STM32C051F6P6, STM32C051F8P6, STM32C051G6U6, STM32C051G8U6, STM32C051K6T6, STM32C051K6U6, STM32C051K8T6, STM32C071C8T6, STM32C071C8T6N, STM32C071C8U6, STM32C071C8U6N, STM32C071CBT6, STM32C071CBT6N, STM32C071CBU6, STM32C071CBU6N, STM32C071F8P6, STM32C071F8P6N, STM32C071FBP6, STM32C071FBP6N, STM32C071FBY6TR, STM32C071G8U6, STM32C071G8U6N, STM32C071GBU6, STM32C071GBU6N, STM32C071K8T6, STM32C071K8T6N, STM32C071K8U6, STM32C071K8U6N, STM32C071KBT6, STM32C071KBT6N, STM32C071KBU6, STM32C071KBU6N, STM32C071R8T6, STM32C071R8T6N, STM32C071RBI6N, STM32C071RBT6, STM32C071RBT6N, STM32C091CBT6, STM32C091CBU6, STM32C091CCT6, STM32C091CCU6, STM32C091ECY6TR, STM32C091FBP6, STM32C091FCP6, STM32C091GBU6, STM32C091GCU6, STM32C091KBT6, STM32C091KBU6, STM32C091KCT6, STM32C091KCU6, STM32C091RBT6, STM32C091RCI6, STM32C091RCT6, STM32C092CBT6, STM32C092CBU6, STM32C092CCT6, STM32C092CCU6, STM32C092ECY6TR, STM32C092FBP6, STM32C092FCP6, STM32C092GBU6, STM32C092GCU6, STM32C092KBT6, STM32C092KBU6, STM32C092KCT6, STM32C092KCU6, STM32C092RBT6, STM32C092RCI6, STM32C092RCT6, STM32G071K8TXN, STM32G071K8UXN, STM32G081GBU6N, STM32G081KBT6N, STM32G081KBUXN, STM32G0B1CCT6N, STM32G0B1KCT6, STM32G0B1NEY6TR, STM32G0B1RCT6N, STM32G0C1CCT6, STM32G0C1CCT6N, STM32G0C1CCU6N, STM32G0C1CET6N, STM32G0C1CEU6N, STM32G0C1KCT6, STM32G0C1NEY6TR, STM32G0C1RCI6N, STM32G0C1RCT6N, STM32G0C1REI6N, STM32G0C1RET6N, STM32G0C1VCI6, STM32G0C1VEI6, STM32G411C6T3, STM32G411C6T6, STM32G411C6U3, STM32G411C6U6, STM32G411C8T3, STM32G411C8T6, STM32G411C8U3, STM32G411C8U6, STM32G411CBT3, STM32G411CBT6, STM32G411CBU3, STM32G411CBU6, STM32G411K6T3, STM32G411K6T6, STM32G411K6U3, STM32G411K6U6, STM32G411K8T3, STM32G411K8T6, STM32G411K8U3, STM32G411K8U6, STM32G411KBT3, STM32G411KBT6, STM32G411KBU3, STM32G411KBU6, STM32G411M6T3, STM32G411M6T6, STM32G411M8T3, STM32G411M8T6, STM32G411MBT3, STM32G411MBT6, STM32G411R6T3, STM32G411R6T6, STM32G411R8T3, STM32G411R8T6, STM32G411RBT3, STM32G411RBT6, STM32G414CBT3, STM32G414CBT6, STM32G414CBU3, STM32G414CBU6, STM32G414CCT3, STM32G414CCT6, STM32G414CCU3, STM32G414CCU6, STM32G414MBT3, STM32G414MBT6, STM32G414MCT3, STM32G414MCT6, STM32G414RBT3, STM32G414RBT6, STM32G414RCT3, STM32G414RCT6, STM32G414VBT3, STM32G414VBT6, STM32G414VCT3, STM32G414VCT6, STM32G431CBT3Z, STM32G431RBT3Z, STM32G471CCT6, STM32G471CCU6, STM32G471CET3, STM32G471CET6, STM32G471CEU3, STM32G471CEU6, STM32G471MCT6, STM32G471MET3, STM32G471MET6, STM32G471MEY6TR, STM32G471QCT6, STM32G471QET3, STM32G471RCT6, STM32G471RET3, STM32G471RET6, STM32G471VCH6, STM32G471VCI6, STM32G471VCT6, STM32G471VEH3, STM32G471VEH6, STM32G471VEI3, STM32G471VEI6, STM32G471VET3, STM32G471VET6, STM32G473QET3Z, STM32G473RET3Z, STM32G474CCT6, STM32G491RET3Z, STM32H503CBT6, STM32H503CBU6, STM32H503EBY6TR, STM32H503KBU6, STM32H503RBT6, STM32H523CCT6, STM32H523CCU6, STM32H523CET6, STM32H523CEU6, STM32H523HEY6TR, STM32H523RCT6, STM32H523RET6, STM32H523VCI6, STM32H523VCT6, STM32H523VEI6, STM32H523VET6, STM32H523ZCJ6, STM32H523ZCT6, STM32H523ZEJ6, STM32H523ZET6, STM32H533CET6, STM32H533CEU6, STM32H533HEY6TR, STM32H533RET6, STM32H533VEI6, STM32H533VET6, STM32H533ZEJ6, STM32H533ZET6, STM32H562AGI6, STM32H562AII6, STM32H562IGK6, STM32H562IGT6, STM32H562IIK6, STM32H562IIT6, STM32H562RGT6, STM32H562RGV6, STM32H562RIT6, STM32H562RIV6, STM32H562VGT6, STM32H562VIT6, STM32H562ZGT6, STM32H562ZIT6, STM32H563AGI6, STM32H563AII3Q, STM32H563AII6, STM32H563IGK6, STM32H563IGT6, STM32H563IIK3Q, STM32H563IIK6, STM32H563IIT3Q, STM32H563IIT6, STM32H563MIY3QTR, STM32H563RGT6, STM32H563RGV6, STM32H563RIT6, STM32H563RIV6, STM32H563VGT6, STM32H563VIT3Q, STM32H563VIT6, STM32H563ZGT6, STM32H563ZIT3Q, STM32H563ZIT6, STM32H573AII3Q, STM32H573AII6, STM32H573I-DK, STM32H573IIK3Q, STM32H573IIK6, STM32H573IIT3Q, STM32H573IIT6, STM32H573MIY3QTR, STM32H573RIT6, STM32H573RIV6, STM32H573VIT3Q, STM32H573VIT6, STM32H573ZIT3Q, STM32H573ZIT6, STM32H7R3A8I6, STM32H7R3I8K6, STM32H7R3I8T6, STM32H7R3L8H6, STM32H7R3L8H6H, STM32H7R3R8V6, STM32H7R3V8H6, STM32H7R3V8T6, STM32H7R3V8Y6TR, STM32H7R3Z8J6, STM32H7R3Z8T6, STM32H7R7A8I6, STM32H7R7I8K6, STM32H7R7I8T6, STM32H7R7L8H6, STM32H7R7L8H6H, STM32H7R7Z8J6, STM32H7S3A8I6, STM32H7S3I8K6, STM32H7S3I8T6, STM32H7S3L8H6, STM32H7S3L8H6H, STM32H7S3R8V6, STM32H7S3V8H6, STM32H7S3V8T6, STM32H7S3V8Y6TR, STM32H7S3Z8J6, STM32H7S3Z8T6, STM32H7S78-DK, STM32H7S7A8I6, STM32H7S7I8K6, STM32H7S7I8T6, STM32H7S7L8H6, STM32H7S7L8H6H, STM32H7S7Z8J6, STM32L4R5QGI6STR, STM32MP131AAE3, STM32MP131AAF3, STM32MP131AAG3, STM32MP131CAE3, STM32MP131CAF3, STM32MP131CAG3, STM32MP131DAE7, STM32MP131DAF7, STM32MP131DAG7, STM32MP131FAE7, STM32MP131FAF7, STM32MP131FAG7, STM32MP133AAE3, STM32MP133AAF3, STM32MP133AAG3, STM32MP133CAE3, STM32MP133CAF3, STM32MP133CAG3, STM32MP133DAE7, STM32MP133DAF7, STM32MP133DAG7, STM32MP133FAE7, STM32MP133FAF7, STM32MP133FAG7, STM32MP135AAE3, STM32MP135AAF3, STM32MP135AAG3, STM32MP135CAE3, STM32MP135CAF3, STM32MP135CAG3, STM32MP135DAE7, STM32MP135DAF7, STM32MP135DAG7, STM32MP135F-DK, STM32MP135FAE7, STM32MP135FAF7, STM32MP135FAF7T, STM32MP135FAF7U, STM32MP135FAG7, STM32MP211AAL3, STM32MP211AAM3, STM32MP211AAN3, STM32MP211AAO3, STM32MP211CAL3, STM32MP211CAM3, STM32MP211CAN3, STM32MP211CAO3, STM32MP211DAL3, STM32MP211DAM3, STM32MP211DAN3, STM32MP211DAO3, STM32MP211FAL3, STM32MP211FAM3, STM32MP211FAN3, STM32MP211FAO3, STM32MP213AAL3, STM32MP213AAM3, STM32MP213AAN3, STM32MP213AAO3, STM32MP213CAL3, STM32MP213CAM3, STM32MP213CAN3, STM32MP213CAO3, STM32MP213DAL3, STM32MP213DAM3, STM32MP213DAN3, STM32MP213DAO3, STM32MP213FAL3, STM32MP213FAM3, STM32MP213FAN3, STM32MP213FAO3, STM32MP215AAL3, STM32MP215AAM3, STM32MP215AAN3, STM32MP215AAO3, STM32MP215CAL3, STM32MP215CAM3, STM32MP215CAN3, STM32MP215CAO3, STM32MP215DAL3, STM32MP215DAM3, STM32MP215DAN3, STM32MP215DAO3, STM32MP215F-DK, STM32MP215FAL3, STM32MP215FAM3, STM32MP215FAN3, STM32MP215FAO3, STM32MP231AAJ3, STM32MP231AAK3, STM32MP231AAL3, STM32MP231CAJ3, STM32MP231CAK3, STM32MP231CAL3, STM32MP231DAJ3, STM32MP231DAK3, STM32MP231DAL3, STM32MP231FAJ3, STM32MP231FAK3, STM32MP231FAL3, STM32MP233AAJ3, STM32MP233AAK3, STM32MP233AAL3, STM32MP233CAJ3, STM32MP233CAK3, STM32MP233CAL3, STM32MP233DAJ3, STM32MP233DAK3, STM32MP233DAL3, STM32MP233FAJ3, STM32MP233FAK3, STM32MP233FAL3, STM32MP235AAJ3, STM32MP235AAK3, STM32MP235AAL3, STM32MP235CAJ3, STM32MP235CAK3, STM32MP235CAL3, STM32MP235DAJ3, STM32MP235DAK3, STM32MP235DAL3, STM32MP235FAJ3, STM32MP235FAK3, STM32MP235FAL3, STM32MP251AAI3, STM32MP251AAK3, STM32MP251AAL3, STM32MP251CAI3, STM32MP251CAK3, STM32MP251CAL3, STM32MP251DAI3, STM32MP251DAK3, STM32MP251DAL3, STM32MP251FAI3, STM32MP251FAK3, STM32MP251FAL3, STM32MP253AAI3, STM32MP253AAK3, STM32MP253AAL3, STM32MP253CAI3, STM32MP253CAK3, STM32MP253CAL3, STM32MP253DAI3, STM32MP253DAK3, STM32MP253DAL3, STM32MP253FAI3, STM32MP253FAK3, STM32MP253FAL3, STM32MP255AAI3, STM32MP255AAK3, STM32MP255AAL3, STM32MP255CAI3, STM32MP255CAK3, STM32MP255CAL3, STM32MP255DAI3, STM32MP255DAK3, STM32MP255DAL3, STM32MP255FAI3, STM32MP255FAK3, STM32MP255FAL3, STM32MP257AAI3, STM32MP257AAK3, STM32MP257AAL3, STM32MP257CAI3, STM32MP257CAK3, STM32MP257CAL3, STM32MP257DAI3, STM32MP257DAK3, STM32MP257DAL3, STM32MP257F-DK, STM32MP257F-EV1, STM32MP257FAI3, STM32MP257FAK3, STM32MP257FAL3, STM32N645A0H3Q, STM32N645B0H3Q, STM32N645I0H3Q, STM32N645L0H3Q, STM32N645X0H3Q, STM32N645Z0H3Q, STM32N647A0H3Q, STM32N647B0H3Q, STM32N647I0H3Q, STM32N647L0H3Q, STM32N647X0H3Q, STM32N647Z0H3Q, STM32N655A0H3Q, STM32N655B0H3Q, STM32N655I0H3Q, STM32N655L0H3Q, STM32N655X0H3Q, STM32N655Z0H3Q, STM32N6570-DK, STM32N657A0H3Q, STM32N657B0H3Q, STM32N657I0H3Q, STM32N657L0H3Q, STM32N657X0H3Q, STM32N657Z0H3Q, STM32U031C6T6, STM32U031C6U6, STM32U031C8T6, STM32U031C8U6, STM32U031F4P6, STM32U031F6P6, STM32U031F8P6, STM32U031G6Y6TR, STM32U031G8Y6TR, STM32U031K4U6, STM32U031K6U6, STM32U031K8U6, STM32U031R6I6, STM32U031R6T6, STM32U031R8I6, STM32U031R8T6, STM32U073C8T6, STM32U073C8U6, STM32U073CBT6, STM32U073CBU6, STM32U073CCT6, STM32U073CCU6, STM32U073H8Y6TR, STM32U073HBY6TR, STM32U073HCY6TR, STM32U073K8U6, STM32U073KBU6, STM32U073KCU6, STM32U073M8I6, STM32U073M8T6, STM32U073MBI6, STM32U073MBT6, STM32U073MCI6, STM32U073MCT6, STM32U073R8I6, STM32U073R8T6, STM32U073RBI6, STM32U073RBT6, STM32U073RCI6, STM32U073RCT6, STM32U083C-DK, STM32U083CCT6, STM32U083CCU6, STM32U083HCY6TR, STM32U083KCU6, STM32U083MCI6, STM32U083MCT6, STM32U083RCI6, STM32U083RCT6, STM32U375CET6, STM32U375CET6Q, STM32U375CEU6, STM32U375CEU6Q, STM32U375CEY6QTR, STM32U375CGT6, STM32U375CGT6Q, STM32U375CGU6, STM32U375CGU6Q, STM32U375CGY6QTR, STM32U375KEU6, STM32U375KGU6, STM32U375REI6, STM32U375REI6Q, STM32U375RET6, STM32U375RET6Q, STM32U375REY6GTR, STM32U375REY6QTR, STM32U375RGI6, STM32U375RGI6Q, STM32U375RGT6, STM32U375RGT6Q, STM32U375RGY6GTR, STM32U375RGY6QTR, STM32U375VEI6, STM32U375VEI6Q, STM32U375VET6, STM32U375VET6Q, STM32U375VGI6, STM32U375VGI6Q, STM32U375VGT6, STM32U375VGT6Q, STM32U385CGT6, STM32U385CGT6Q, STM32U385CGU6, STM32U385CGU6Q, STM32U385CGY6QTR, STM32U385KGU6, STM32U385RGI6, STM32U385RGI6Q, STM32U385RGT6, STM32U385RGT6Q, STM32U385RGY6GTR, STM32U385RGY6QTR, STM32U385VGI6, STM32U385VGI6Q, STM32U385VGT6, STM32U385VGT6Q, STM32U535CBT6, STM32U535CBT6Q, STM32U535CBU6, STM32U535CBU6Q, STM32U535CCT6, STM32U535CCT6Q, STM32U535CCU6, STM32U535CCU6Q, STM32U535CET6, STM32U535CET6Q, STM32U535CEU6, STM32U535CEU6Q, STM32U535JEY6QTR, STM32U535NCY6QTR, STM32U535NEY6QTR, STM32U535RBI6, STM32U535RBI6Q, STM32U535RBT6, STM32U535RBT6Q, STM32U535RCI6, STM32U535RCI6Q, STM32U535RCT6, STM32U535RCT6Q, STM32U535REI6, STM32U535REI6Q, STM32U535RET6, STM32U535RET6Q, STM32U535VCI6, STM32U535VCI6Q, STM32U535VCT6, STM32U535VCT6Q, STM32U535VEI6, STM32U535VEI6Q, STM32U535VET6, STM32U535VET6Q, STM32U545CET6, STM32U545CET6Q, STM32U545CEU6, STM32U545CEU6Q, STM32U545JEY6QTR, STM32U545NEY6QTR, STM32U545REI6, STM32U545REI6Q, STM32U545RET6, STM32U545RET6Q, STM32U545VEI6, STM32U545VEI6Q, STM32U545VET6, STM32U545VET6Q, STM32U595AIH6, STM32U595AIH6Q, STM32U595AJH6, STM32U595AJH6Q, STM32U595QII6, STM32U595QII6Q, STM32U595QJI6, STM32U595QJI6Q, STM32U595RIT6, STM32U595RIT6Q, STM32U595RJT6, STM32U595RJT6Q, STM32U595VIT6, STM32U595VIT6Q, STM32U595VJT6, STM32U595VJT6Q, STM32U595ZIT6, STM32U595ZIT6Q, STM32U595ZIY6QTR, STM32U595ZJT6, STM32U595ZJT6Q, STM32U595ZJY6QTR, STM32U599BJY6QTR, STM32U599NIH6Q, STM32U599NJH6Q, STM32U599VIT6Q, STM32U599VJT6, STM32U599VJT6Q, STM32U599ZIT6Q, STM32U599ZIY6QTR, STM32U599ZJT6Q, STM32U599ZJY6QTR, STM32U5A5AJH6, STM32U5A5AJH6Q, STM32U5A5QII3Q , STM32U5A5QJI6, STM32U5A5QJI6Q, STM32U5A5RJT6, STM32U5A5RJT6Q, STM32U5A5VJT6, STM32U5A5VJT6Q, STM32U5A5ZJT6, STM32U5A5ZJT6Q, STM32U5A5ZJY6QTR, STM32U5A9BJY6QTR, STM32U5A9J-DK, STM32U5A9NJH6Q, STM32U5A9VJT6Q, STM32U5A9ZJT6Q, STM32U5A9ZJY6QTR, STM32U5F7VIT6, STM32U5F7VIT6Q, STM32U5F7VJT6, STM32U5F7VJT6Q, STM32U5F9BJY6QTR, STM32U5F9NJH6Q, STM32U5F9VIT6Q, STM32U5F9VJT6Q, STM32U5F9ZIJ6QTR, STM32U5F9ZIT6Q, STM32U5F9ZJJ6QTR, STM32U5F9ZJT6Q, STM32U5G7VJT6, STM32U5G7VJT6Q, STM32U5G9BJY6QTR, STM32U5G9J-DK1, STM32U5G9J-DK2, STM32U5G9NJH6Q, STM32U5G9VJT6Q, STM32U5G9ZJJ6QTR, STM32U5G9ZJT6Q, STM32WB05KZV6TR, STM32WB05KZV7TR, STM32WB05TZF6TR, STM32WB05TZF7TR, STM32WB06CCF6TR, STM32WB06CCF7TR, STM32WB06CCV6TR, STM32WB06CCV7TR, STM32WB06KCV6TR, STM32WB06KCV7TR, STM32WB07CCF6TR, STM32WB07CCF7TR, STM32WB07CCV6TR, STM32WB07CCV7TR, STM32WB07KCV6TR, STM32WB07KCV7TR, STM32WB09KEV6TR, STM32WB09KEV7TR, STM32WB09TEF6TR, STM32WB09TEF7TR, STM32WB1MMCH6, STM32WBA50KGU6, STM32WBA50KGU6TR, STM32WBA52CEU6, STM32WBA52CEU6TR, STM32WBA52CEU7, STM32WBA52CEU7TR, STM32WBA52CGU6, STM32WBA52CGU6TR, STM32WBA52CGU6U, STM32WBA52CGU7, STM32WBA52CGU7TR, STM32WBA52KEU6, STM32WBA52KEU6TR, STM32WBA52KGU6, STM32WBA52KGU6TR, STM32WBA54CEU6, STM32WBA54CEU6TR, STM32WBA54CEU7, STM32WBA54CEU7TR, STM32WBA54CGU6, STM32WBA54CGU6TR, STM32WBA54CGU7, STM32WBA54CGU7TR, STM32WBA54KEU6, STM32WBA54KEU6TR, STM32WBA54KEU7, STM32WBA54KEU7TR, STM32WBA54KGU6, STM32WBA54KGU6TR, STM32WBA54KGU7, STM32WBA54KGU7TR, STM32WBA55CEU6, STM32WBA55CEU6TR, STM32WBA55CEU7, STM32WBA55CEU7TR, STM32WBA55CGU6, STM32WBA55CGU6TR, STM32WBA55CGU6U, STM32WBA55CGU7, STM32WBA55CGU7TR, STM32WBA55G-DK1, STM32WBA55HEF6, STM32WBA55HEF7, STM32WBA55HGF6, STM32WBA55HGF7, STM32WBA55UEI6, STM32WBA55UEI6TR, STM32WBA55UEI7, STM32WBA55UEI7TR, STM32WBA55UGI6, STM32WBA55UGI6TR, STM32WBA55UGI7, STM32WBA55UGI7TR, STM32WBA5MMGH6TR, STM32WBA62MGF6, STM32WBA62MIF6, STM32WBA65MGF7, STM32WBA65MIF6, STM32WBA65MIF7, STM32WL30K8V6, STM32WL30KBV6, STM32WL31C8V6, STM32WL31CBV6, STM32WL31K8V6, STM32WL31KBV6, STM32WL33C8V6, STM32WL33C8V6X, STM32WL33CBV6, STM32WL33CBV6X, STM32WL33CCV6, STM32WL33CCV6A, STM32WL33CCV6X, STM32WL33K8V7, STM32WL33K8V7X, STM32WL33KBV7 , STM32WL33KBV7X, STM32WL33KCV7, STM32WL33KCV7X, STM32WL5MOCH6, STM32WL5MOCH6TR]
2026-04-14 13:02:28,361 [INFO] DbMcus:218 - Found 5055 MCUs, 4968 are supported
2026-04-14 13:02:28,362 [INFO] ApiDb:423 - Load user favorites file C:\Users\salehir/.stm32cubeide/favorites.mcus.txt: 0 item(s)
2026-04-14 13:02:28,363 [INFO] ApiDb:427 - User favorites MCUs=[]
2026-04-14 13:02:28,363 [INFO] DbMcus:224 - Set 0 / 0 favorites MCUs
2026-04-14 13:02:28,889 [INFO] ApiDb:668 - CubeFinder database Data Model version=2.1
2026-04-14 13:02:28,889 [INFO] ApiDb:669 - CubeFinder database Configuration version=3.0.42
2026-04-14 13:02:28,890 [INFO] ApiDb:670 - CubeFinder database generation date=2026-03-11 (1773229989)
2026-04-14 13:02:28,890 [INFO] ApiDb:671 - CubeFinder database FW Pack versions=[FP-ATR-ASTRA1_V2.0.0, FP-SNS-FLIGHT1_V5.1.0, FP-SNS-MOTENV1_V5.1.0, FP-SNS-MOTENVWB1_V1.5.0, FP-SNS-SMARTAG2_V1.2.0, FP-SNS-STBOX1_V2.1.0, STM32Cube_FW_C0_V1.4.0, STM32Cube_FW_F4_V1.28.3, STM32Cube_FW_F7_V1.17.4, STM32Cube_FW_G0_V1.6.3, STM32Cube_FW_G4_V1.6.2, STM32Cube_FW_H5_V1.6.0, STM32Cube_FW_H7RS_V1.3.0, STM32Cube_FW_H7_V1.13.0, STM32Cube_FW_L0_V1.12.2, STM32Cube_FW_L4_V1.18.2, STM32Cube_FW_L5_V1.6.0, STM32Cube_FW_N6_V1.3.0, STM32Cube_FW_U0_V1.3.0, STM32Cube_FW_U3_V1.3.0, STM32Cube_FW_U5_V1.8.0, STM32Cube_FW_WB0_V1.4.0, STM32Cube_FW_WBA_V1.9.0, STM32Cube_FW_WB_V1.24.0, STM32Cube_FW_WL3_V1.4.0, STM32Cube_FW_WL_V1.5.0, X-CUBE-ALGOBUILD_V1.4.0, X-CUBE-ALS_V1.0.2, X-CUBE-AZRTOS-F4_V1.1.0, X-CUBE-AZRTOS-F7_V1.1.0, X-CUBE-AZRTOS-G0_V1.1.0, X-CUBE-AZRTOS-G4_V2.0.0, X-CUBE-AZRTOS-H7RS_V1.1.0, X-CUBE-AZRTOS-H7_V3.4.0, X-CUBE-AZRTOS-L4_V2.0.0, X-CUBE-AZRTOS-L5_V2.0.0, X-CUBE-AZRTOS-WB_V2.0.0, X-CUBE-AZRTOS-WL_V2.0.0, X-CUBE-BLE1_V7.1.0, X-CUBE-BLE2_V3.3.0, X-CUBE-BLEMGR_V4.1.0, X-CUBE-EEPRMA1_V5.2.0, X-CUBE-FREERTOS_V1.5.0, X-CUBE-GNSS1_V6.0.0, X-CUBE-MEMS1_V12.0.0, X-CUBE-NFC4_V3.0.0, X-CUBE-NFC7_V2.0.0, X-CUBE-SFXS2LP1_V4.0.0, X-CUBE-ST67W61_V1.2.0, X-CUBE-SUBG2_V5.0.0, X-CUBE-TOF1_V3.4.3]
2026-04-14 13:02:28,936 [INFO] DbBoardsSqlite:226 - include board P-NUCLEO-WB55-NUCLEO as a kit item of type 'Nucleo-64'
2026-04-14 13:02:28,936 [INFO] DbBoardsSqlite:226 - include board P-NUCLEO-WB55-USBDONGLE as a kit item of type 'Nucleo USB Dongle'
2026-04-14 13:02:28,937 [INFO] DbBoardsSqlite:226 - include board STEVAL-IDP005V1 as a kit item of type 'Evaluation Board'
2026-04-14 13:02:28,937 [INFO] DbBoardsSqlite:226 - include board STEVAL-IDP005V2 as a kit item of type 'Evaluation Board'
2026-04-14 13:02:29,003 [INFO] ApiDb:240 - Found 880 in-development CPN: [B-G473E-ZEST1S, B-WB1M-WPAN1, B-WBA5M-WPAN, B-WL5M-SUBG1, NUCLEO-C031C6, NUCLEO-C051C8, NUCLEO-C071RB, NUCLEO-C092RC, NUCLEO-H503RB, NUCLEO-H533RE, NUCLEO-H563ZI, NUCLEO-H7S3L8, NUCLEO-N657X0-Q, NUCLEO-U031R8, NUCLEO-U083RC, NUCLEO-U385RG-Q, NUCLEO-U545RE-Q, NUCLEO-U5A5ZJ-Q, NUCLEO-WB05KZ, NUCLEO-WB07CC, NUCLEO-WB09KE, NUCLEO-WBA52CG, NUCLEO-WBA55CG, NUCLEO-WL33CC1, NUCLEO-WL33CC2, STEVAL-PROTEUS1, STEVAL-SMARTAG2, STEVAL-STWINBX1, STM320518-EVAL, STM32C0116-DK, STM32C011D6Y3TR, STM32C011D6Y6TR, STM32C011F4P3, STM32C011F4P6, STM32C011F4U3, STM32C011F4U6TR, STM32C011F6P3, STM32C011F6P6, STM32C011F6U3, STM32C011F6U6TR, STM32C011J4M3, STM32C011J4M6, STM32C011J6M3, STM32C011J6M6, STM32C0316-DK, STM32C031C4T3, STM32C031C4T6, STM32C031C4U3, STM32C031C4U6, STM32C031C6T3, STM32C031C6T6, STM32C031C6U3, STM32C031C6U6, STM32C031F4P3, STM32C031F4P6, STM32C031F6P3, STM32C031F6P6, STM32C031G4U3, STM32C031G4U6, STM32C031G6U3, STM32C031G6U6, STM32C031K4T3, STM32C031K4T6, STM32C031K4U3, STM32C031K4U6, STM32C031K6T3, STM32C031K6T6, STM32C031K6U3, STM32C031K6U6, STM32C051C6T6, STM32C051C6U6, STM32C051C8T6, STM32C051C8U6, STM32C051D8Y6TR, STM32C051F6P6, STM32C051F8P6, STM32C051G6U6, STM32C051G8U6, STM32C051K6T6, STM32C051K6U6, STM32C051K8T6, STM32C071C8T6, STM32C071C8T6N, STM32C071C8U6, STM32C071C8U6N, STM32C071CBT6, STM32C071CBT6N, STM32C071CBU6, STM32C071CBU6N, STM32C071F8P6, STM32C071F8P6N, STM32C071FBP6, STM32C071FBP6N, STM32C071FBY6TR, STM32C071G8U6, STM32C071G8U6N, STM32C071GBU6, STM32C071GBU6N, STM32C071K8T6, STM32C071K8T6N, STM32C071K8U6, STM32C071K8U6N, STM32C071KBT6, STM32C071KBT6N, STM32C071KBU6, STM32C071KBU6N, STM32C071R8T6, STM32C071R8T6N, STM32C071RBI6N, STM32C071RBT6, STM32C071RBT6N, STM32C091CBT6, STM32C091CBU6, STM32C091CCT6, STM32C091CCU6, STM32C091ECY6TR, STM32C091FBP6, STM32C091FCP6, STM32C091GBU6, STM32C091GCU6, STM32C091KBT6, STM32C091KBU6, STM32C091KCT6, STM32C091KCU6, STM32C091RBT6, STM32C091RCI6, STM32C091RCT6, STM32C092CBT6, STM32C092CBU6, STM32C092CCT6, STM32C092CCU6, STM32C092ECY6TR, STM32C092FBP6, STM32C092FCP6, STM32C092GBU6, STM32C092GCU6, STM32C092KBT6, STM32C092KBU6, STM32C092KCT6, STM32C092KCU6, STM32C092RBT6, STM32C092RCI6, STM32C092RCT6, STM32G071K8TXN, STM32G071K8UXN, STM32G081GBU6N, STM32G081KBT6N, STM32G081KBUXN, STM32G0B1CCT6N, STM32G0B1KCT6, STM32G0B1NEY6TR, STM32G0B1RCT6N, STM32G0C1CCT6, STM32G0C1CCT6N, STM32G0C1CCU6N, STM32G0C1CET6N, STM32G0C1CEU6N, STM32G0C1KCT6, STM32G0C1NEY6TR, STM32G0C1RCI6N, STM32G0C1RCT6N, STM32G0C1REI6N, STM32G0C1RET6N, STM32G0C1VCI6, STM32G0C1VEI6, STM32G411C6T3, STM32G411C6T6, STM32G411C6U3, STM32G411C6U6, STM32G411C8T3, STM32G411C8T6, STM32G411C8U3, STM32G411C8U6, STM32G411CBT3, STM32G411CBT6, STM32G411CBU3, STM32G411CBU6, STM32G411K6T3, STM32G411K6T6, STM32G411K6U3, STM32G411K6U6, STM32G411K8T3, STM32G411K8T6, STM32G411K8U3, STM32G411K8U6, STM32G411KBT3, STM32G411KBT6, STM32G411KBU3, STM32G411KBU6, STM32G411M6T3, STM32G411M6T6, STM32G411M8T3, STM32G411M8T6, STM32G411MBT3, STM32G411MBT6, STM32G411R6T3, STM32G411R6T6, STM32G411R8T3, STM32G411R8T6, STM32G411RBT3, STM32G411RBT6, STM32G414CBT3, STM32G414CBT6, STM32G414CBU3, STM32G414CBU6, STM32G414CCT3, STM32G414CCT6, STM32G414CCU3, STM32G414CCU6, STM32G414MBT3, STM32G414MBT6, STM32G414MCT3, STM32G414MCT6, STM32G414RBT3, STM32G414RBT6, STM32G414RCT3, STM32G414RCT6, STM32G414VBT3, STM32G414VBT6, STM32G414VCT3, STM32G414VCT6, STM32G431CBT3Z, STM32G431RBT3Z, STM32G471CCT6, STM32G471CCU6, STM32G471CET3, STM32G471CET6, STM32G471CEU3, STM32G471CEU6, STM32G471MCT6, STM32G471MET3, STM32G471MET6, STM32G471MEY6TR, STM32G471QCT6, STM32G471QET3, STM32G471RCT6, STM32G471RET3, STM32G471RET6, STM32G471VCH6, STM32G471VCI6, STM32G471VCT6, STM32G471VEH3, STM32G471VEH6, STM32G471VEI3, STM32G471VEI6, STM32G471VET3, STM32G471VET6, STM32G473QET3Z, STM32G473RET3Z, STM32G474CCT6, STM32G491RET3Z, STM32H503CBT6, STM32H503CBU6, STM32H503EBY6TR, STM32H503KBU6, STM32H503RBT6, STM32H523CCT6, STM32H523CCU6, STM32H523CET6, STM32H523CEU6, STM32H523HEY6TR, STM32H523RCT6, STM32H523RET6, STM32H523VCI6, STM32H523VCT6, STM32H523VEI6, STM32H523VET6, STM32H523ZCJ6, STM32H523ZCT6, STM32H523ZEJ6, STM32H523ZET6, STM32H533CET6, STM32H533CEU6, STM32H533HEY6TR, STM32H533RET6, STM32H533VEI6, STM32H533VET6, STM32H533ZEJ6, STM32H533ZET6, STM32H562AGI6, STM32H562AII6, STM32H562IGK6, STM32H562IGT6, STM32H562IIK6, STM32H562IIT6, STM32H562RGT6, STM32H562RGV6, STM32H562RIT6, STM32H562RIV6, STM32H562VGT6, STM32H562VIT6, STM32H562ZGT6, STM32H562ZIT6, STM32H563AGI6, STM32H563AII3Q, STM32H563AII6, STM32H563IGK6, STM32H563IGT6, STM32H563IIK3Q, STM32H563IIK6, STM32H563IIT3Q, STM32H563IIT6, STM32H563MIY3QTR, STM32H563RGT6, STM32H563RGV6, STM32H563RIT6, STM32H563RIV6, STM32H563VGT6, STM32H563VIT3Q, STM32H563VIT6, STM32H563ZGT6, STM32H563ZIT3Q, STM32H563ZIT6, STM32H573AII3Q, STM32H573AII6, STM32H573I-DK, STM32H573IIK3Q, STM32H573IIK6, STM32H573IIT3Q, STM32H573IIT6, STM32H573MIY3QTR, STM32H573RIT6, STM32H573RIV6, STM32H573VIT3Q, STM32H573VIT6, STM32H573ZIT3Q, STM32H573ZIT6, STM32H7R3A8I6, STM32H7R3I8K6, STM32H7R3I8T6, STM32H7R3L8H6, STM32H7R3L8H6H, STM32H7R3R8V6, STM32H7R3V8H6, STM32H7R3V8T6, STM32H7R3V8Y6TR, STM32H7R3Z8J6, STM32H7R3Z8T6, STM32H7R7A8I6, STM32H7R7I8K6, STM32H7R7I8T6, STM32H7R7L8H6, STM32H7R7L8H6H, STM32H7R7Z8J6, STM32H7S3A8I6, STM32H7S3I8K6, STM32H7S3I8T6, STM32H7S3L8H6, STM32H7S3L8H6H, STM32H7S3R8V6, STM32H7S3V8H6, STM32H7S3V8T6, STM32H7S3V8Y6TR, STM32H7S3Z8J6, STM32H7S3Z8T6, STM32H7S78-DK, STM32H7S7A8I6, STM32H7S7I8K6, STM32H7S7I8T6, STM32H7S7L8H6, STM32H7S7L8H6H, STM32H7S7Z8J6, STM32L4R5QGI6STR, STM32MP131AAE3, STM32MP131AAF3, STM32MP131AAG3, STM32MP131CAE3, STM32MP131CAF3, STM32MP131CAG3, STM32MP131DAE7, STM32MP131DAF7, STM32MP131DAG7, STM32MP131FAE7, STM32MP131FAF7, STM32MP131FAG7, STM32MP133AAE3, STM32MP133AAF3, STM32MP133AAG3, STM32MP133CAE3, STM32MP133CAF3, STM32MP133CAG3, STM32MP133DAE7, STM32MP133DAF7, STM32MP133DAG7, STM32MP133FAE7, STM32MP133FAF7, STM32MP133FAG7, STM32MP135AAE3, STM32MP135AAF3, STM32MP135AAG3, STM32MP135CAE3, STM32MP135CAF3, STM32MP135CAG3, STM32MP135DAE7, STM32MP135DAF7, STM32MP135DAG7, STM32MP135F-DK, STM32MP135FAE7, STM32MP135FAF7, STM32MP135FAF7T, STM32MP135FAF7U, STM32MP135FAG7, STM32MP211AAL3, STM32MP211AAM3, STM32MP211AAN3, STM32MP211AAO3, STM32MP211CAL3, STM32MP211CAM3, STM32MP211CAN3, STM32MP211CAO3, STM32MP211DAL3, STM32MP211DAM3, STM32MP211DAN3, STM32MP211DAO3, STM32MP211FAL3, STM32MP211FAM3, STM32MP211FAN3, STM32MP211FAO3, STM32MP213AAL3, STM32MP213AAM3, STM32MP213AAN3, STM32MP213AAO3, STM32MP213CAL3, STM32MP213CAM3, STM32MP213CAN3, STM32MP213CAO3, STM32MP213DAL3, STM32MP213DAM3, STM32MP213DAN3, STM32MP213DAO3, STM32MP213FAL3, STM32MP213FAM3, STM32MP213FAN3, STM32MP213FAO3, STM32MP215AAL3, STM32MP215AAM3, STM32MP215AAN3, STM32MP215AAO3, STM32MP215CAL3, STM32MP215CAM3, STM32MP215CAN3, STM32MP215CAO3, STM32MP215DAL3, STM32MP215DAM3, STM32MP215DAN3, STM32MP215DAO3, STM32MP215F-DK, STM32MP215FAL3, STM32MP215FAM3, STM32MP215FAN3, STM32MP215FAO3, STM32MP231AAJ3, STM32MP231AAK3, STM32MP231AAL3, STM32MP231CAJ3, STM32MP231CAK3, STM32MP231CAL3, STM32MP231DAJ3, STM32MP231DAK3, STM32MP231DAL3, STM32MP231FAJ3, STM32MP231FAK3, STM32MP231FAL3, STM32MP233AAJ3, STM32MP233AAK3, STM32MP233AAL3, STM32MP233CAJ3, STM32MP233CAK3, STM32MP233CAL3, STM32MP233DAJ3, STM32MP233DAK3, STM32MP233DAL3, STM32MP233FAJ3, STM32MP233FAK3, STM32MP233FAL3, STM32MP235AAJ3, STM32MP235AAK3, STM32MP235AAL3, STM32MP235CAJ3, STM32MP235CAK3, STM32MP235CAL3, STM32MP235DAJ3, STM32MP235DAK3, STM32MP235DAL3, STM32MP235FAJ3, STM32MP235FAK3, STM32MP235FAL3, STM32MP251AAI3, STM32MP251AAK3, STM32MP251AAL3, STM32MP251CAI3, STM32MP251CAK3, STM32MP251CAL3, STM32MP251DAI3, STM32MP251DAK3, STM32MP251DAL3, STM32MP251FAI3, STM32MP251FAK3, STM32MP251FAL3, STM32MP253AAI3, STM32MP253AAK3, STM32MP253AAL3, STM32MP253CAI3, STM32MP253CAK3, STM32MP253CAL3, STM32MP253DAI3, STM32MP253DAK3, STM32MP253DAL3, STM32MP253FAI3, STM32MP253FAK3, STM32MP253FAL3, STM32MP255AAI3, STM32MP255AAK3, STM32MP255AAL3, STM32MP255CAI3, STM32MP255CAK3, STM32MP255CAL3, STM32MP255DAI3, STM32MP255DAK3, STM32MP255DAL3, STM32MP255FAI3, STM32MP255FAK3, STM32MP255FAL3, STM32MP257AAI3, STM32MP257AAK3, STM32MP257AAL3, STM32MP257CAI3, STM32MP257CAK3, STM32MP257CAL3, STM32MP257DAI3, STM32MP257DAK3, STM32MP257DAL3, STM32MP257F-DK, STM32MP257F-EV1, STM32MP257FAI3, STM32MP257FAK3, STM32MP257FAL3, STM32N645A0H3Q, STM32N645B0H3Q, STM32N645I0H3Q, STM32N645L0H3Q, STM32N645X0H3Q, STM32N645Z0H3Q, STM32N647A0H3Q, STM32N647B0H3Q, STM32N647I0H3Q, STM32N647L0H3Q, STM32N647X0H3Q, STM32N647Z0H3Q, STM32N655A0H3Q, STM32N655B0H3Q, STM32N655I0H3Q, STM32N655L0H3Q, STM32N655X0H3Q, STM32N655Z0H3Q, STM32N6570-DK, STM32N657A0H3Q, STM32N657B0H3Q, STM32N657I0H3Q, STM32N657L0H3Q, STM32N657X0H3Q, STM32N657Z0H3Q, STM32U031C6T6, STM32U031C6U6, STM32U031C8T6, STM32U031C8U6, STM32U031F4P6, STM32U031F6P6, STM32U031F8P6, STM32U031G6Y6TR, STM32U031G8Y6TR, STM32U031K4U6, STM32U031K6U6, STM32U031K8U6, STM32U031R6I6, STM32U031R6T6, STM32U031R8I6, STM32U031R8T6, STM32U073C8T6, STM32U073C8U6, STM32U073CBT6, STM32U073CBU6, STM32U073CCT6, STM32U073CCU6, STM32U073H8Y6TR, STM32U073HBY6TR, STM32U073HCY6TR, STM32U073K8U6, STM32U073KBU6, STM32U073KCU6, STM32U073M8I6, STM32U073M8T6, STM32U073MBI6, STM32U073MBT6, STM32U073MCI6, STM32U073MCT6, STM32U073R8I6, STM32U073R8T6, STM32U073RBI6, STM32U073RBT6, STM32U073RCI6, STM32U073RCT6, STM32U083C-DK, STM32U083CCT6, STM32U083CCU6, STM32U083HCY6TR, STM32U083KCU6, STM32U083MCI6, STM32U083MCT6, STM32U083RCI6, STM32U083RCT6, STM32U375CET6, STM32U375CET6Q, STM32U375CEU6, STM32U375CEU6Q, STM32U375CEY6QTR, STM32U375CGT6, STM32U375CGT6Q, STM32U375CGU6, STM32U375CGU6Q, STM32U375CGY6QTR, STM32U375KEU6, STM32U375KGU6, STM32U375REI6, STM32U375REI6Q, STM32U375RET6, STM32U375RET6Q, STM32U375REY6GTR, STM32U375REY6QTR, STM32U375RGI6, STM32U375RGI6Q, STM32U375RGT6, STM32U375RGT6Q, STM32U375RGY6GTR, STM32U375RGY6QTR, STM32U375VEI6, STM32U375VEI6Q, STM32U375VET6, STM32U375VET6Q, STM32U375VGI6, STM32U375VGI6Q, STM32U375VGT6, STM32U375VGT6Q, STM32U385CGT6, STM32U385CGT6Q, STM32U385CGU6, STM32U385CGU6Q, STM32U385CGY6QTR, STM32U385KGU6, STM32U385RGI6, STM32U385RGI6Q, STM32U385RGT6, STM32U385RGT6Q, STM32U385RGY6GTR, STM32U385RGY6QTR, STM32U385VGI6, STM32U385VGI6Q, STM32U385VGT6, STM32U385VGT6Q, STM32U535CBT6, STM32U535CBT6Q, STM32U535CBU6, STM32U535CBU6Q, STM32U535CCT6, STM32U535CCT6Q, STM32U535CCU6, STM32U535CCU6Q, STM32U535CET6, STM32U535CET6Q, STM32U535CEU6, STM32U535CEU6Q, STM32U535JEY6QTR, STM32U535NCY6QTR, STM32U535NEY6QTR, STM32U535RBI6, STM32U535RBI6Q, STM32U535RBT6, STM32U535RBT6Q, STM32U535RCI6, STM32U535RCI6Q, STM32U535RCT6, STM32U535RCT6Q, STM32U535REI6, STM32U535REI6Q, STM32U535RET6, STM32U535RET6Q, STM32U535VCI6, STM32U535VCI6Q, STM32U535VCT6, STM32U535VCT6Q, STM32U535VEI6, STM32U535VEI6Q, STM32U535VET6, STM32U535VET6Q, STM32U545CET6, STM32U545CET6Q, STM32U545CEU6, STM32U545CEU6Q, STM32U545JEY6QTR, STM32U545NEY6QTR, STM32U545REI6, STM32U545REI6Q, STM32U545RET6, STM32U545RET6Q, STM32U545VEI6, STM32U545VEI6Q, STM32U545VET6, STM32U545VET6Q, STM32U595AIH6, STM32U595AIH6Q, STM32U595AJH6, STM32U595AJH6Q, STM32U595QII6, STM32U595QII6Q, STM32U595QJI6, STM32U595QJI6Q, STM32U595RIT6, STM32U595RIT6Q, STM32U595RJT6, STM32U595RJT6Q, STM32U595VIT6, STM32U595VIT6Q, STM32U595VJT6, STM32U595VJT6Q, STM32U595ZIT6, STM32U595ZIT6Q, STM32U595ZIY6QTR, STM32U595ZJT6, STM32U595ZJT6Q, STM32U595ZJY6QTR, STM32U599BJY6QTR, STM32U599NIH6Q, STM32U599NJH6Q, STM32U599VIT6Q, STM32U599VJT6, STM32U599VJT6Q, STM32U599ZIT6Q, STM32U599ZIY6QTR, STM32U599ZJT6Q, STM32U599ZJY6QTR, STM32U5A5AJH6, STM32U5A5AJH6Q, STM32U5A5QII3Q , STM32U5A5QJI6, STM32U5A5QJI6Q, STM32U5A5RJT6, STM32U5A5RJT6Q, STM32U5A5VJT6, STM32U5A5VJT6Q, STM32U5A5ZJT6, STM32U5A5ZJT6Q, STM32U5A5ZJY6QTR, STM32U5A9BJY6QTR, STM32U5A9J-DK, STM32U5A9NJH6Q, STM32U5A9VJT6Q, STM32U5A9ZJT6Q, STM32U5A9ZJY6QTR, STM32U5F7VIT6, STM32U5F7VIT6Q, STM32U5F7VJT6, STM32U5F7VJT6Q, STM32U5F9BJY6QTR, STM32U5F9NJH6Q, STM32U5F9VIT6Q, STM32U5F9VJT6Q, STM32U5F9ZIJ6QTR, STM32U5F9ZIT6Q, STM32U5F9ZJJ6QTR, STM32U5F9ZJT6Q, STM32U5G7VJT6, STM32U5G7VJT6Q, STM32U5G9BJY6QTR, STM32U5G9J-DK1, STM32U5G9J-DK2, STM32U5G9NJH6Q, STM32U5G9VJT6Q, STM32U5G9ZJJ6QTR, STM32U5G9ZJT6Q, STM32WB05KZV6TR, STM32WB05KZV7TR, STM32WB05TZF6TR, STM32WB05TZF7TR, STM32WB06CCF6TR, STM32WB06CCF7TR, STM32WB06CCV6TR, STM32WB06CCV7TR, STM32WB06KCV6TR, STM32WB06KCV7TR, STM32WB07CCF6TR, STM32WB07CCF7TR, STM32WB07CCV6TR, STM32WB07CCV7TR, STM32WB07KCV6TR, STM32WB07KCV7TR, STM32WB09KEV6TR, STM32WB09KEV7TR, STM32WB09TEF6TR, STM32WB09TEF7TR, STM32WB1MMCH6, STM32WBA50KGU6, STM32WBA50KGU6TR, STM32WBA52CEU6, STM32WBA52CEU6TR, STM32WBA52CEU7, STM32WBA52CEU7TR, STM32WBA52CGU6, STM32WBA52CGU6TR, STM32WBA52CGU6U, STM32WBA52CGU7, STM32WBA52CGU7TR, STM32WBA52KEU6, STM32WBA52KEU6TR, STM32WBA52KGU6, STM32WBA52KGU6TR, STM32WBA54CEU6, STM32WBA54CEU6TR, STM32WBA54CEU7, STM32WBA54CEU7TR, STM32WBA54CGU6, STM32WBA54CGU6TR, STM32WBA54CGU7, STM32WBA54CGU7TR, STM32WBA54KEU6, STM32WBA54KEU6TR, STM32WBA54KEU7, STM32WBA54KEU7TR, STM32WBA54KGU6, STM32WBA54KGU6TR, STM32WBA54KGU7, STM32WBA54KGU7TR, STM32WBA55CEU6, STM32WBA55CEU6TR, STM32WBA55CEU7, STM32WBA55CEU7TR, STM32WBA55CGU6, STM32WBA55CGU6TR, STM32WBA55CGU6U, STM32WBA55CGU7, STM32WBA55CGU7TR, STM32WBA55G-DK1, STM32WBA55HEF6, STM32WBA55HEF7, STM32WBA55HGF6, STM32WBA55HGF7, STM32WBA55UEI6, STM32WBA55UEI6TR, STM32WBA55UEI7, STM32WBA55UEI7TR, STM32WBA55UGI6, STM32WBA55UGI6TR, STM32WBA55UGI7, STM32WBA55UGI7TR, STM32WBA5MMGH6TR, STM32WBA62MGF6, STM32WBA62MIF6, STM32WBA65MGF7, STM32WBA65MIF6, STM32WBA65MIF7, STM32WL30K8V6, STM32WL30KBV6, STM32WL31C8V6, STM32WL31CBV6, STM32WL31K8V6, STM32WL31KBV6, STM32WL33C8V6, STM32WL33C8V6X, STM32WL33CBV6, STM32WL33CBV6X, STM32WL33CCV6, STM32WL33CCV6A, STM32WL33CCV6X, STM32WL33K8V7, STM32WL33K8V7X, STM32WL33KBV7 , STM32WL33KBV7X, STM32WL33KCV7, STM32WL33KCV7X, STM32WL5MOCH6, STM32WL5MOCH6TR]
2026-04-14 13:02:29,146 [INFO] BoardInfo:889 - No configuration file found for board NUCLEO-H5E5ZJ
2026-04-14 13:02:29,148 [INFO] DbBoards:161 - Board is not supported: NUCLEO-H5E5ZJ
2026-04-14 13:02:29,242 [INFO] BoardInfo:889 - No configuration file found for board NUCLEO-U3C5ZI-Q
2026-04-14 13:02:29,243 [INFO] DbBoards:161 - Board is not supported: NUCLEO-U3C5ZI-Q
2026-04-14 13:02:29,265 [INFO] BoardInfo:889 - No configuration file found for board NUCLEO-WBA25CE1
2026-04-14 13:02:29,266 [INFO] DbBoards:161 - Board is not supported: NUCLEO-WBA25CE1
2026-04-14 13:02:29,280 [INFO] BoardInfo:889 - No configuration file found for board NUCLEO-WL3RKB1
2026-04-14 13:02:29,282 [INFO] DbBoards:161 - Board is not supported: NUCLEO-WL3RKB1
2026-04-14 13:02:29,283 [INFO] BoardInfo:889 - No configuration file found for board NUCLEO-WL3RKB2
2026-04-14 13:02:29,285 [INFO] DbBoards:161 - Board is not supported: NUCLEO-WL3RKB2
2026-04-14 13:02:29,296 [INFO] BoardInfo:889 - No configuration file found for board P-NUCLEO-WB55
2026-04-14 13:02:29,297 [INFO] DbBoards:161 - Kit is not supported: P-NUCLEO-WB55
2026-04-14 13:02:29,306 [INFO] BoardInfo:889 - No configuration file found for board STEVAL-BFA001V1B
2026-04-14 13:02:29,308 [INFO] DbBoards:161 - Kit is not supported: STEVAL-BFA001V1B
2026-04-14 13:02:29,309 [INFO] BoardInfo:889 - No configuration file found for board STEVAL-BFA001V2B
2026-04-14 13:02:29,311 [INFO] DbBoards:161 - Kit is not supported: STEVAL-BFA001V2B
2026-04-14 13:02:29,465 [INFO] BoardInfo:889 - No configuration file found for board STM32H5F5J-DK
2026-04-14 13:02:29,467 [INFO] DbBoards:161 - Board is not supported: STM32H5F5J-DK
2026-04-14 13:02:29,585 [INFO] DbBoards:168 - Found 218 boards, 209 are supported
2026-04-14 13:02:29,585 [INFO] DbBoards:169 - Found 218 boards, 43 of them is supported for  Bsp
2026-04-14 13:02:29,588 [INFO] ApiDb:423 - Load user favorites file C:\Users\salehir/.stm32cubeide/favorites.boards.txt: 0 item(s)
2026-04-14 13:02:29,588 [INFO] ApiDb:427 - User favorites Boards=[]
2026-04-14 13:02:29,588 [INFO] DbBoards:198 - Set 0 / 0 favorites Boards
2026-04-14 13:02:29,590 [INFO] ApiDb:668 - CubeFinder database Data Model version=2.1
2026-04-14 13:02:29,590 [INFO] ApiDb:669 - CubeFinder database Configuration version=3.0.42
2026-04-14 13:02:29,590 [INFO] ApiDb:670 - CubeFinder database generation date=2026-03-11 (1773229989)
2026-04-14 13:02:29,590 [INFO] ApiDb:671 - CubeFinder database FW Pack versions=[FP-ATR-ASTRA1_V2.0.0, FP-SNS-FLIGHT1_V5.1.0, FP-SNS-MOTENV1_V5.1.0, FP-SNS-MOTENVWB1_V1.5.0, FP-SNS-SMARTAG2_V1.2.0, FP-SNS-STBOX1_V2.1.0, STM32Cube_FW_C0_V1.4.0, STM32Cube_FW_F4_V1.28.3, STM32Cube_FW_F7_V1.17.4, STM32Cube_FW_G0_V1.6.3, STM32Cube_FW_G4_V1.6.2, STM32Cube_FW_H5_V1.6.0, STM32Cube_FW_H7RS_V1.3.0, STM32Cube_FW_H7_V1.13.0, STM32Cube_FW_L0_V1.12.2, STM32Cube_FW_L4_V1.18.2, STM32Cube_FW_L5_V1.6.0, STM32Cube_FW_N6_V1.3.0, STM32Cube_FW_U0_V1.3.0, STM32Cube_FW_U3_V1.3.0, STM32Cube_FW_U5_V1.8.0, STM32Cube_FW_WB0_V1.4.0, STM32Cube_FW_WBA_V1.9.0, STM32Cube_FW_WB_V1.24.0, STM32Cube_FW_WL3_V1.4.0, STM32Cube_FW_WL_V1.5.0, X-CUBE-ALGOBUILD_V1.4.0, X-CUBE-ALS_V1.0.2, X-CUBE-AZRTOS-F4_V1.1.0, X-CUBE-AZRTOS-F7_V1.1.0, X-CUBE-AZRTOS-G0_V1.1.0, X-CUBE-AZRTOS-G4_V2.0.0, X-CUBE-AZRTOS-H7RS_V1.1.0, X-CUBE-AZRTOS-H7_V3.4.0, X-CUBE-AZRTOS-L4_V2.0.0, X-CUBE-AZRTOS-L5_V2.0.0, X-CUBE-AZRTOS-WB_V2.0.0, X-CUBE-AZRTOS-WL_V2.0.0, X-CUBE-BLE1_V7.1.0, X-CUBE-BLE2_V3.3.0, X-CUBE-BLEMGR_V4.1.0, X-CUBE-EEPRMA1_V5.2.0, X-CUBE-FREERTOS_V1.5.0, X-CUBE-GNSS1_V6.0.0, X-CUBE-MEMS1_V12.0.0, X-CUBE-NFC4_V3.0.0, X-CUBE-NFC7_V2.0.0, X-CUBE-SFXS2LP1_V4.0.0, X-CUBE-ST67W61_V1.2.0, X-CUBE-SUBG2_V5.0.0, X-CUBE-TOF1_V3.4.3]
2026-04-14 13:02:29,769 [INFO] MainUpdater:2872 - connection check result : 10
2026-04-14 13:02:30,157 [ERROR] DbExamplesSqlite:437 - Missing JSON key: board_cpn
2026-04-14 13:02:30,158 [ERROR] DbExamplesSqlite:437 - Missing JSON key: board_cpn
2026-04-14 13:02:30,158 [ERROR] DbExamplesSqlite:437 - Missing JSON key: board_cpn
2026-04-14 13:02:30,158 [ERROR] DbExamplesSqlite:437 - Missing JSON key: board_cpn
2026-04-14 13:02:30,408 [ERROR] DbExamplesSqlite:437 - Missing JSON key: board_cpn
2026-04-14 13:02:30,408 [ERROR] DbExamplesSqlite:437 - Missing JSON key: board_cpn
2026-04-14 13:02:30,449 [INFO] DbExamplesSqlite:395 - Ignored 39 examples not supported by CubeIDE
2026-04-14 13:02:30,449 [INFO] DbExamplesSqlite:396 - Found 11210 examples active
2026-04-14 13:02:30,450 [INFO] DbExamplesSqlite:397 - Found 0 examples obsolete
2026-04-14 13:02:30,450 [INFO] DbExamplesSqlite:398 - Found 0 examples under development
2026-04-14 13:02:30,450 [INFO] DbExamplesSqlite:399 - Found 76 examples not building
2026-04-14 13:02:30,453 [INFO] DbExamples:125 - Found 11247 examples
2026-04-14 13:02:30,504 [ERROR] DbExamples:208 - Found 377 examples with invalid data (board or MCU)
2026-04-14 13:02:30,504 [INFO] DbExamples:222 - Found 140 boards with related examples
2026-04-14 13:02:30,505 [INFO] DbExamples:235 - Found 114 MCUs with related examples
2026-04-14 13:02:30,523 [INFO] ApiDb:414 - User favorites file not found: C:\Users\salehir/.stm32cubeide/favorites.examples.txt
2026-04-14 13:02:30,523 [INFO] DbExamples:250 - Set 0 / 0 favorites Examples
2026-04-14 13:02:30,585 [INFO] McuFinderGlobals:76 - Set McuFinderConnectedMode to true
2026-04-14 13:02:30,591 [INFO] MultiScanPanel:200 - Auto-refresh data requested => check proxy status ongoing
2026-04-14 13:02:30,595 [INFO] FinderPluginLoader:96 - Searching for filters in installed packs
2026-04-14 13:02:31,909 [INFO] LoadUrlFilesThread:185 - End of LoadServerUrlFiles without Thread
2026-04-14 13:02:31,918 [INFO] DetailPanel:341 - Set advertising image to C:/Users/salehir/STM32Cube/Repository/\en.prom-stm32u3b5-u3c5-0426.jpg
2026-04-14 13:02:32,969 [INFO] McuFinderGlobals:76 - Set McuFinderConnectedMode to true
2026-04-14 13:02:32,970 [INFO] MultiScanPanel:200 - Auto-refresh data requested => check proxy status ongoing
2026-04-14 13:02:32,970 [INFO] FinderPluginLoader:96 - Searching for filters in installed packs
2026-04-14 13:02:33,790 [INFO] LoadUrlFilesThread:185 - End of LoadServerUrlFiles without Thread
2026-04-14 13:02:33,790 [INFO] DetailPanel:341 - Set advertising image to C:/Users/salehir/STM32Cube/Repository/\en.prom-stm32u3b5-u3c5-0426.jpg
2026-04-14 13:03:11,513 [INFO] MainUpdater:2872 - connection check result : 10
2026-04-14 13:03:11,513 [INFO] MainUpdater:2872 - connection check result : 10
2026-04-14 13:03:11,532 [INFO] MicroXplorer:468 - Change Database Path : 
2026-04-14 13:03:11,532 [INFO] MicroXplorer:498 - Change Database Version : DB.6.0.150
2026-04-14 13:03:11,536 [WARN] ThirdParty:871 - waiting for thirdparty lock release [close project]
2026-04-14 13:03:11,537 [INFO] ThirdParty:873 - entering critical section [close project]
2026-04-14 13:03:11,537 [INFO] ThirdParty:883 - exiting critical section [close project]
2026-04-14 13:03:11,539 [INFO] PinOutPanel:1589 - setPackage(No Configuration,No Configuration)
2026-04-14 13:03:11,540 [INFO] UtilMem:75 - Begin LoadConfig() Used Memory: 440505808 Bytes (573571072)
2026-04-14 13:03:11,541 [INFO] MicroXplorer:468 - Change Database Path : 
2026-04-14 13:03:11,541 [INFO] MicroXplorer:498 - Change Database Version : DB.6.0.150
2026-04-14 13:03:11,541 [INFO] OpenFileManager:355 - Change cursor
2026-04-14 13:03:11,582 [INFO] Mcu:2029 - Initializing MCU STM32F446R(C-E)Tx STM32F446RETx STM32F446RET6
2026-04-14 13:03:13,613 [INFO] Context:786 - Trying to add GPIOservice into a context  which must be forbidden
2026-04-14 13:03:14,056 [INFO] ImportTextPane:234 - (OptionalMessage_ERROR) Pin30 (VP_RIF_VS_RIF1) cannot be retrieved for this MCU
2026-04-14 13:03:14,266 [INFO] RtosManager:558 - Registered RTOS mode: class=CMSIS, group=RTOS, mode=CMSIS_V1, owner=FREERTOS
2026-04-14 13:03:14,267 [INFO] RtosManager:558 - Registered RTOS mode: class=CMSIS, group=RTOS2, mode=CMSIS_V2, owner=FREERTOS
2026-04-14 13:03:14,267 [INFO] RtosManager:558 - Registered RTOS mode: class=RTOS, group=Core, mode=CMSIS_V1, owner=FREERTOS
2026-04-14 13:03:14,267 [INFO] RtosManager:558 - Registered RTOS mode: class=RTOS, group=Core, mode=CMSIS_V2, owner=FREERTOS
2026-04-14 13:03:14,267 [WARN] ModelIntegratedComponent:184 - Missing modes for component STMicroelectronics:FreeRTOS:0.0.1:STMicroelectronics:RTOS:FreeRTOS:Core:::10.2.0:
2026-04-14 13:03:14,283 [WARN] ModelIntegratedComponent:63 - No mode defined for component null
2026-04-14 13:03:14,284 [WARN] ModelIntegratedComponent:63 - No mode defined for component null
2026-04-14 13:03:14,284 [WARN] ModelIntegratedComponent:63 - No mode defined for component null
2026-04-14 13:03:14,284 [WARN] ModelIntegratedComponent:63 - No mode defined for component null
2026-04-14 13:03:14,284 [WARN] ModelIntegratedComponent:63 - No mode defined for component null
2026-04-14 13:03:14,284 [WARN] ModelIntegratedComponent:63 - No mode defined for component null
2026-04-14 13:03:14,284 [WARN] ModelIntegratedComponent:63 - No mode defined for component null
2026-04-14 13:03:14,284 [WARN] ModelIntegratedComponent:63 - No mode defined for component null
2026-04-14 13:03:14,284 [WARN] ModelIntegratedComponent:63 - No mode defined for component null
2026-04-14 13:03:14,284 [WARN] ModelIntegratedComponent:63 - No mode defined for component null
2026-04-14 13:03:14,284 [WARN] ModelIntegratedComponent:63 - No mode defined for component null
2026-04-14 13:03:14,284 [WARN] ModelIntegratedComponent:63 - No mode defined for component null
2026-04-14 13:03:14,284 [WARN] ModelIntegratedComponent:63 - No mode defined for component null
2026-04-14 13:03:14,284 [WARN] ModelIntegratedComponent:63 - No mode defined for component null
2026-04-14 13:03:14,284 [WARN] ModelIntegratedComponent:63 - No mode defined for component null
2026-04-14 13:03:14,285 [WARN] ModelIntegratedComponent:63 - No mode defined for component null
2026-04-14 13:03:14,285 [WARN] ModelIntegratedComponent:63 - No mode defined for component null
2026-04-14 13:03:14,285 [WARN] ModelIntegratedComponent:63 - No mode defined for component null
2026-04-14 13:03:14,285 [WARN] ModelIntegratedComponent:63 - No mode defined for component null
2026-04-14 13:03:14,285 [WARN] ModelIntegratedComponent:63 - No mode defined for component null
2026-04-14 13:03:14,285 [WARN] ModelIntegratedComponent:63 - No mode defined for component null
2026-04-14 13:03:14,285 [WARN] ModelIntegratedComponent:63 - No mode defined for component null
2026-04-14 13:03:14,285 [WARN] ModelIntegratedComponent:63 - No mode defined for component null
2026-04-14 13:03:14,285 [WARN] ModelIntegratedComponent:63 - No mode defined for component null
2026-04-14 13:03:14,285 [WARN] ModelIntegratedComponent:63 - No mode defined for component null
2026-04-14 13:03:14,285 [WARN] ModelIntegratedComponent:63 - No mode defined for component null
2026-04-14 13:03:14,285 [WARN] ModelIntegratedComponent:63 - No mode defined for component null
2026-04-14 13:03:14,285 [WARN] ModelIntegratedComponent:63 - No mode defined for component null
2026-04-14 13:03:14,285 [WARN] ModelIntegratedComponent:63 - No mode defined for component null
2026-04-14 13:03:14,285 [WARN] ModelIntegratedComponent:63 - No mode defined for component null
2026-04-14 13:03:14,285 [WARN] ModelIntegratedComponent:63 - No mode defined for component null
2026-04-14 13:03:14,286 [WARN] ModelIntegratedComponent:63 - No mode defined for component null
2026-04-14 13:03:14,286 [WARN] ModelIntegratedComponent:63 - No mode defined for component null
2026-04-14 13:03:14,286 [WARN] ModelIntegratedComponent:63 - No mode defined for component null
2026-04-14 13:03:14,286 [WARN] ModelIntegratedComponent:63 - No mode defined for component null
2026-04-14 13:03:14,286 [WARN] ModelPack:524 - Component already loaded: STMicroelectronics:HAL Drivers:0.0.0:STMicroelectronics:Device:STMicro_Driver:XSPI:HAL::0.0.1:HAL_XSPI
2026-04-14 13:03:14,320 [INFO] ThirdPartyModel:298 - Start build external matchings
2026-04-14 13:03:14,871 [INFO] ThirdPartyModel:316 - End build external matchings
2026-04-14 13:03:14,886 [INFO] RtosManager:1018 - Current active RTOS is FREERTOS [Cortex-M4NS]
2026-04-14 13:03:15,276 [INFO] UtilMem:75 - End LoadConfig() Used Memory: 694633400 Bytes (822083584)
2026-04-14 13:03:15,400 [WARN] ThirdParty:833 - waiting for thirdparty lock release [change project]
2026-04-14 13:03:15,400 [INFO] ThirdParty:835 - entering critical section [change project]
2026-04-14 13:03:15,400 [INFO] ThirdParty:1030 - CMSIS Pack Vendor :STMicroelectronics X-CUBE-AZRTOS-H7 3.5.0
2026-04-14 13:03:15,400 [INFO] ThirdParty:1030 - CMSIS Pack Vendor :STMicroelectronics X-CUBE-PM33A1 1.0.0
2026-04-14 13:03:15,401 [INFO] ThirdParty:1030 - CMSIS Pack Vendor :STMicroelectronics USBPD 4.1
2026-04-14 13:03:15,401 [INFO] ThirdParty:1030 - CMSIS Pack Vendor :STMicroelectronics X-CUBE-NFC9 1.0.0
2026-04-14 13:03:15,401 [INFO] ThirdParty:1030 - CMSIS Pack Vendor :STMicroelectronics USB_HOST 2.0.0
2026-04-14 13:03:15,401 [INFO] ThirdParty:1030 - CMSIS Pack Vendor :STMicroelectronics X-CUBE-AZRTOS-F4 1.1.0
2026-04-14 13:03:15,401 [INFO] ThirdParty:1030 - CMSIS Pack Vendor :STMicroelectronics LIBJPEG 8.0.0
2026-04-14 13:03:15,401 [INFO] ThirdParty:1030 - CMSIS Pack Vendor :STMicroelectronics FP-ATR-ASTRA1 2.0.2
2026-04-14 13:03:15,401 [INFO] ThirdParty:1030 - CMSIS Pack Vendor :STMicroelectronics X-CUBE-BLE1 7.1.0
2026-04-14 13:03:15,401 [INFO] ThirdParty:1030 - CMSIS Pack Vendor :STMicroelectronics X-CUBE-SMBUS 2.1.0
2026-04-14 13:03:15,401 [INFO] ThirdParty:1030 - CMSIS Pack Vendor :wolfSSL I-CUBE-wolfMQTT 1.19.2
2026-04-14 13:03:15,401 [INFO] ThirdParty:1030 - CMSIS Pack Vendor :STMicroelectronics USB_DEVICE 3.0.0
2026-04-14 13:03:15,401 [INFO] ThirdParty:1030 - CMSIS Pack Vendor :STMicroelectronics X-CUBE-ISPU 2.1.0
2026-04-14 13:03:15,401 [INFO] ThirdParty:1030 - CMSIS Pack Vendor :STMicroelectronics X-CUBE-EEPRMA1 5.2.0
2026-04-14 13:03:15,401 [INFO] ThirdParty:1030 - CMSIS Pack Vendor :STMicroelectronics X-CUBE-IPS 3.2.0
2026-04-14 13:03:15,401 [INFO] ThirdParty:1030 - CMSIS Pack Vendor :STMicroelectronics X-CUBE-BLEMGR 4.1.0
2026-04-14 13:03:15,401 [INFO] ThirdParty:1030 - CMSIS Pack Vendor :STMicroelectronics eDS-WB_DPC_TT-BIDIR 2.1.1
2026-04-14 13:03:15,401 [INFO] ThirdParty:1030 - CMSIS Pack Vendor :STMicroelectronics X-CUBE-AZRTOS-WB 2.0.0
2026-04-14 13:03:15,401 [INFO] ThirdParty:1030 - CMSIS Pack Vendor :wolfSSL I-CUBE-wolfSSL 5.8.4
2026-04-14 13:03:15,401 [INFO] ThirdParty:1030 - CMSIS Pack Vendor :STMicroelectronics X-CUBE-NFC12 1.0.0
2026-04-14 13:03:15,402 [INFO] ThirdParty:1030 - CMSIS Pack Vendor :STMicroelectronics X-CUBE-AZRTOS-F7 1.1.0
2026-04-14 13:03:15,402 [INFO] ThirdParty:1030 - CMSIS Pack Vendor :STMicroelectronics X-CUBE-AZRTOS-L5 2.0.0
2026-04-14 13:03:15,402 [INFO] ThirdParty:1030 - CMSIS Pack Vendor :STMicroelectronics USB_DEVICE 2.0.0
2026-04-14 13:03:15,402 [INFO] ThirdParty:1030 - CMSIS Pack Vendor :quantropi X-CUBE-qispace-sdk-base 2.1.0
2026-04-14 13:03:15,402 [INFO] ThirdParty:1030 - CMSIS Pack Vendor :STMicroelectronics X-CUBE-MEMS1 12.0.0
2026-04-14 13:03:15,402 [INFO] ThirdParty:1030 - CMSIS Pack Vendor :STMicroelectronics X-CUBE-STSE01 2.0.0
2026-04-14 13:03:15,402 [INFO] ThirdParty:1030 - CMSIS Pack Vendor :STMicroelectronics FP-SNS-MOTENV1 5.1.0
2026-04-14 13:03:15,402 [INFO] ThirdParty:1030 - CMSIS Pack Vendor :STMicroelectronics FreeRTOS 0.0.1
2026-04-14 13:03:15,402 [INFO] ThirdParty:1030 - CMSIS Pack Vendor :STMicroelectronics X-CUBE-AZRTOS-G0 1.1.0
2026-04-14 13:03:15,402 [INFO] ThirdParty:1030 - CMSIS Pack Vendor :STMicroelectronics X-CUBE-NFC4 3.0.0
2026-04-14 13:03:15,402 [INFO] ThirdParty:1030 - CMSIS Pack Vendor :STMicroelectronics X-CUBE-SUBG2 5.0.0
2026-04-14 13:03:15,402 [INFO] ThirdParty:1030 - CMSIS Pack Vendor :STMicroelectronics STM32_WPAN 1.0.0
2026-04-14 13:03:15,402 [INFO] ThirdParty:1030 - CMSIS Pack Vendor :STMicroelectronics eDS-WB_DPC_VIENNA 1.2.0
2026-04-14 13:03:15,402 [INFO] ThirdParty:1030 - CMSIS Pack Vendor :EmbeddedOffice I-CUBE-FS-RTOS 1.0.1
2026-04-14 13:03:15,402 [INFO] ThirdParty:1030 - CMSIS Pack Vendor :STMicroelectronics lwIP 2.0.3
2026-04-14 13:03:15,402 [INFO] ThirdParty:1030 - CMSIS Pack Vendor :WES I-CUBE-Cesium 1.4.0
2026-04-14 13:03:15,402 [INFO] ThirdParty:1030 - CMSIS Pack Vendor :STMicroelectronics eDS-WB_DPC_3PH2L-BIDIR 1.1.1
2026-04-14 13:03:15,403 [INFO] ThirdParty:1030 - CMSIS Pack Vendor :STMicroelectronics USB_HOST 1.0.0
2026-04-14 13:03:15,403 [INFO] ThirdParty:1030 - CMSIS Pack Vendor :STMicroelectronics X-CUBE-AZRTOS-G4 2.0.0
2026-04-14 13:03:15,403 [INFO] ThirdParty:1030 - CMSIS Pack Vendor :STMicroelectronics PDM2PCM 3.1.0
2026-04-14 13:03:15,403 [INFO] ThirdParty:1030 - CMSIS Pack Vendor :STMicroelectronics PDM2PCM 3.3.0
2026-04-14 13:03:15,403 [INFO] ThirdParty:1030 - CMSIS Pack Vendor :wolfSSL I-CUBE-wolfTPM 3.8.0
2026-04-14 13:03:15,403 [INFO] ThirdParty:1030 - CMSIS Pack Vendor :STMicroelectronics X-CUBE-DISPLAY 3.0.0
2026-04-14 13:03:15,403 [INFO] ThirdParty:1030 - CMSIS Pack Vendor :wolfSSL I-CUBE-wolfSSH 1.4.20
2026-04-14 13:03:15,403 [INFO] ThirdParty:1030 - CMSIS Pack Vendor :STMicroelectronics X-CUBE-NFC7 2.0.0
2026-04-14 13:03:15,403 [INFO] ThirdParty:1030 - CMSIS Pack Vendor :STMicroelectronics FP-SNS-MOTENVWB1 1.5.0
2026-04-14 13:03:15,403 [INFO] ThirdParty:1030 - CMSIS Pack Vendor :STMicroelectronics X-CUBE-TCPP 4.2.0
2026-04-14 13:03:15,403 [INFO] ThirdParty:1030 - CMSIS Pack Vendor :RealThread X-CUBE-RT-Thread_Nano 4.1.1
2026-04-14 13:03:15,403 [INFO] ThirdParty:1030 - CMSIS Pack Vendor :STMicroelectronics FP-ATR-SIGFOX1 3.2.0
2026-04-14 13:03:15,404 [INFO] ThirdParty:1030 - CMSIS Pack Vendor :STMicroelectronics X-CUBE-NFC10 1.0.0
2026-04-14 13:03:15,404 [INFO] ThirdParty:1030 - CMSIS Pack Vendor :STMicroelectronics HAL Drivers 0.0.0
2026-04-14 13:03:15,404 [INFO] ThirdParty:1030 - CMSIS Pack Vendor :STMicroelectronics X-CUBE-FREERTOS 1.5.0
2026-04-14 13:03:15,404 [INFO] ThirdParty:1030 - CMSIS Pack Vendor :STMicroelectronics MBEDTLS 2.16.2
2026-04-14 13:03:15,404 [INFO] ThirdParty:1030 - CMSIS Pack Vendor :STMicroelectronics X-CUBE-ST60 1.1.0
2026-04-14 13:03:15,404 [INFO] ThirdParty:1030 - CMSIS Pack Vendor :STMicroelectronics X-CUBE-ALS 1.0.2
2026-04-14 13:03:15,404 [INFO] ThirdParty:1030 - CMSIS Pack Vendor :emotas I-CUBE-CANOPEN 1.3.0
2026-04-14 13:03:15,404 [INFO] ThirdParty:1030 - CMSIS Pack Vendor :STMicroelectronics MBEDTLS 2.14.1
2026-04-14 13:03:15,404 [INFO] ThirdParty:1030 - CMSIS Pack Vendor :STMicroelectronics X-CUBE-GNSS1 7.1.0
2026-04-14 13:03:15,404 [INFO] ThirdParty:1030 - CMSIS Pack Vendor :ITTIA_DB I-CUBE-ITTIADB 8.9.0
2026-04-14 13:03:15,404 [INFO] ThirdParty:1030 - CMSIS Pack Vendor :Cesanta I-CUBE-Mongoose 7.21.0
2026-04-14 13:03:15,405 [INFO] ThirdParty:1030 - CMSIS Pack Vendor :STMicroelectronics X-CUBE-TOUCHGFX 4.26.1
2026-04-14 13:03:15,405 [INFO] ThirdParty:1030 - CMSIS Pack Vendor :STMicroelectronics X-CUBE-NFC6 3.2.0
2026-04-14 13:03:15,405 [INFO] ThirdParty:1030 - CMSIS Pack Vendor :STMicroelectronics FP-SNS-STBOX1 2.1.0
2026-04-14 13:03:15,405 [INFO] ThirdParty:1030 - CMSIS Pack Vendor :STMicroelectronics X-CUBE-AI 10.2.0
2026-04-14 13:03:15,405 [INFO] ThirdParty:1030 - CMSIS Pack Vendor :STMicroelectronics FP-SNS-STAIOTCFT 1.0.0
2026-04-14 13:03:15,405 [INFO] ThirdParty:1030 - CMSIS Pack Vendor :STMicroelectronics ThreadX 1.0.0
2026-04-14 13:03:15,405 [INFO] ThirdParty:1030 - CMSIS Pack Vendor :STMicroelectronics FP-SNS-SMARTAG2 1.2.0
2026-04-14 13:03:15,405 [INFO] ThirdParty:1030 - CMSIS Pack Vendor :STMicroelectronics FP-SNS-FLIGHT1 5.1.0
2026-04-14 13:03:15,405 [INFO] ThirdParty:1030 - CMSIS Pack Vendor :STMicroelectronics X-CUBE-AZRTOS-WL 2.0.0
2026-04-14 13:03:15,405 [INFO] ThirdParty:1030 - CMSIS Pack Vendor :SEGGER I-CUBE-embOS 1.3.1
2026-04-14 13:03:15,405 [INFO] ThirdParty:1030 - CMSIS Pack Vendor :STMicroelectronics X-CUBE-ALGOBUILD 1.4.0
2026-04-14 13:03:15,405 [INFO] ThirdParty:1030 - CMSIS Pack Vendor :STMicroelectronics X-CUBE-DPower 1.3.0
2026-04-14 13:03:15,405 [INFO] ThirdParty:1030 - CMSIS Pack Vendor :STMicroelectronics USB_DEVICE 1.0.0
2026-04-14 13:03:15,405 [INFO] ThirdParty:1030 - CMSIS Pack Vendor :STMicroelectronics X-CUBE-AZRTOS-H7RS 1.2.0
2026-04-14 13:03:15,405 [INFO] ThirdParty:1030 - CMSIS Pack Vendor :STMicroelectronics X-CUBE-AZRTOS-L4 2.0.0
2026-04-14 13:03:15,405 [INFO] ThirdParty:1030 - CMSIS Pack Vendor :STMicroelectronics ThreadX 0.0.2
2026-04-14 13:03:15,406 [INFO] ThirdParty:1030 - CMSIS Pack Vendor :STMicroelectronics lwIP 2.1.2
2026-04-14 13:03:15,406 [INFO] ThirdParty:1030 - CMSIS Pack Vendor :STMicroelectronics X-CUBE-SFXS2LP1 4.0.0
2026-04-14 13:03:15,406 [INFO] ThirdParty:1030 - CMSIS Pack Vendor :STMicroelectronics X-CUBE-BLE2 3.3.0
2026-04-14 13:03:15,406 [INFO] ThirdParty:1030 - CMSIS Pack Vendor :Avnet-IOTCONNECT X-CUBE-iotc-st67-sdk 1.0.0
2026-04-14 13:03:15,406 [INFO] ThirdParty:1030 - CMSIS Pack Vendor :STMicroelectronics X-CUBE-TOF1 3.4.3
2026-04-14 13:03:15,406 [INFO] ThirdParty:1030 - CMSIS Pack Vendor :Infineon AIROC-Wi-Fi-Bluetooth-STM32 1.8.0
2026-04-14 13:03:15,406 [INFO] ThirdParty:1030 - CMSIS Pack Vendor :STMicroelectronics PDM2PCM 3.2.0
2026-04-14 13:03:15,406 [INFO] ThirdParty:1030 - CMSIS Pack Vendor :STMicroelectronics X-CUBE-WB05N 2.1.0
2026-04-14 13:03:15,406 [INFO] ThirdParty:1030 - CMSIS Pack Vendor :STMicroelectronics X-CUBE-ST67W61 1.2.0
2026-04-14 13:03:15,406 [INFO] ThirdParty:841 - exiting critical section [change project]
2026-04-14 13:03:15,794 [INFO] PinOutPanel:1589 - setPackage(No Configuration,No Configuration)
2026-04-14 13:03:15,795 [INFO] PinOutPanel:1589 - setPackage(STM32F446RETx,LQFP64)
2026-04-14 13:03:16,488 [INFO] UtilMem:75 - Before build in PCC Used Memory: 412249520 Bytes (822083584)
2026-04-14 13:03:17,468 [INFO] UtilMem:75 - After build in PCC Used Memory: 536103248 Bytes (822083584)
2026-04-14 13:03:17,746 [INFO] ApiDbMcu:532 - Load IP Config File for FREERTOS
2026-04-14 13:03:17,767 [INFO] ApiDbMcu:532 - Load IP Config File for MBEDTLS
2026-04-14 13:03:17,810 [INFO] IPUIPlugin:80 - create IPUIPlugin
2026-04-14 13:03:17,810 [INFO] IPUIPlugin:80 - create IPUIPlugin
2026-04-14 13:03:17,810 [INFO] IPUIPlugin:80 - create IPUIPlugin
2026-04-14 13:03:17,810 [INFO] IPUIPlugin:80 - create IPUIPlugin
2026-04-14 13:03:17,810 [INFO] IPUIPlugin:80 - create IPUIPlugin
2026-04-14 13:03:17,810 [INFO] IPUIPlugin:80 - create IPUIPlugin
2026-04-14 13:03:17,810 [INFO] IPUIPlugin:80 - create IPUIPlugin
2026-04-14 13:03:17,810 [INFO] IPUIPlugin:80 - create IPUIPlugin
2026-04-14 13:03:17,810 [INFO] IPUIPlugin:80 - create IPUIPlugin
2026-04-14 13:03:17,811 [INFO] IPUIPlugin:80 - create IPUIPlugin
2026-04-14 13:03:17,811 [INFO] IPUIPlugin:80 - create IPUIPlugin
2026-04-14 13:03:17,811 [INFO] IPUIPlugin:80 - create IPUIPlugin
2026-04-14 13:03:17,811 [INFO] IPUIPlugin:80 - create IPUIPlugin
2026-04-14 13:03:17,811 [INFO] IPUIPlugin:80 - create IPUIPlugin
2026-04-14 13:03:17,811 [INFO] IPUIPlugin:80 - create IPUIPlugin
2026-04-14 13:03:17,811 [INFO] IPUIPlugin:80 - create IPUIPlugin
2026-04-14 13:03:17,811 [INFO] IPUIPlugin:80 - create IPUIPlugin
2026-04-14 13:03:17,811 [INFO] IPUIPlugin:80 - create IPUIPlugin
2026-04-14 13:03:17,812 [INFO] IPUIPlugin:80 - create IPUIPlugin
2026-04-14 13:03:17,812 [INFO] IPUIPlugin:80 - create IPUIPlugin
2026-04-14 13:03:17,812 [INFO] IPUIPlugin:80 - create IPUIPlugin
2026-04-14 13:03:17,812 [INFO] IPUIPlugin:80 - create IPUIPlugin
2026-04-14 13:03:17,812 [INFO] IPUIPlugin:80 - create IPUIPlugin
2026-04-14 13:03:17,812 [INFO] IPUIPlugin:80 - create IPUIPlugin
2026-04-14 13:03:17,813 [INFO] IPUIPlugin:80 - create IPUIPlugin
2026-04-14 13:03:17,813 [INFO] IPUIPlugin:80 - create IPUIPlugin
2026-04-14 13:03:17,813 [INFO] IPUIPlugin:80 - create IPUIPlugin
2026-04-14 13:03:17,813 [INFO] IPUIPlugin:80 - create IPUIPlugin
2026-04-14 13:03:17,813 [INFO] IPUIPlugin:80 - create IPUIPlugin
2026-04-14 13:03:17,813 [INFO] IPUIPlugin:80 - create IPUIPlugin
2026-04-14 13:03:17,814 [INFO] IPUIPlugin:80 - create IPUIPlugin
2026-04-14 13:03:17,814 [INFO] IPUIPlugin:80 - create IPUIPlugin
2026-04-14 13:03:17,814 [INFO] IPUIPlugin:80 - create IPUIPlugin
2026-04-14 13:03:17,814 [INFO] IPUIPlugin:80 - create IPUIPlugin
2026-04-14 13:03:17,814 [INFO] IPUIPlugin:80 - create IPUIPlugin
2026-04-14 13:03:17,815 [INFO] IPUIPlugin:80 - create IPUIPlugin
2026-04-14 13:03:17,815 [INFO] IPUIPlugin:80 - create IPUIPlugin
2026-04-14 13:03:17,815 [INFO] IPUIPlugin:80 - create IPUIPlugin
2026-04-14 13:03:17,816 [INFO] IPUIPlugin:80 - create IPUIPlugin
2026-04-14 13:03:17,816 [INFO] IPUIPlugin:80 - create IPUIPlugin
2026-04-14 13:03:17,816 [INFO] IPUIPlugin:80 - create IPUIPlugin
2026-04-14 13:03:17,816 [INFO] IPUIPlugin:80 - create IPUIPlugin
2026-04-14 13:03:17,817 [INFO] IPUIPlugin:80 - create IPUIPlugin
2026-04-14 13:03:17,817 [INFO] IPUIPlugin:80 - create IPUIPlugin
2026-04-14 13:03:17,817 [INFO] IPUIPlugin:80 - create IPUIPlugin
2026-04-14 13:03:17,817 [INFO] IPUIPlugin:80 - create IPUIPlugin
2026-04-14 13:03:17,817 [INFO] IPUIPlugin:80 - create IPUIPlugin
2026-04-14 13:03:17,818 [INFO] IPUIPlugin:80 - create IPUIPlugin
2026-04-14 13:03:17,818 [INFO] IPUIPlugin:80 - create IPUIPlugin
2026-04-14 13:03:17,818 [INFO] IPUIPlugin:80 - create IPUIPlugin
2026-04-14 13:03:17,818 [INFO] IPUIPlugin:80 - create IPUIPlugin
2026-04-14 13:03:17,819 [INFO] IPUIPlugin:80 - create IPUIPlugin
2026-04-14 13:03:17,819 [INFO] IPUIPlugin:80 - create IPUIPlugin
2026-04-14 13:03:17,820 [INFO] IPUIPlugin:80 - create IPUIPlugin
2026-04-14 13:03:17,820 [INFO] IPUIPlugin:80 - create IPUIPlugin
2026-04-14 13:03:17,821 [INFO] IPUIPlugin:80 - create IPUIPlugin
2026-04-14 13:03:17,821 [INFO] IPUIPlugin:80 - create IPUIPlugin
2026-04-14 13:03:17,821 [INFO] IPUIPlugin:80 - create IPUIPlugin
2026-04-14 13:03:17,822 [INFO] IPUIPlugin:80 - create IPUIPlugin
2026-04-14 13:03:17,822 [INFO] IPUIPlugin:80 - create IPUIPlugin
2026-04-14 13:03:17,848 [INFO] ApiDbMcu:532 - Load IP Config File for PDM2PCM
2026-04-14 13:03:17,859 [WARN] IP:2250 - I2C_Coeff_DF not found: check if there is a RefParameter without a condition.
2026-04-14 13:03:17,860 [WARN] IP:2250 - Analog_Filter not found: check if there is a RefParameter without a condition.
2026-04-14 13:03:17,914 [WARN] FreeRTOS:1023 - Null or empty value: should not occur! (nothing added to the table)
2026-04-14 13:03:18,190 [INFO] CADModel:165 - CPN selected for project levelSTM32F446RET6
2026-04-14 13:03:18,190 [INFO] CADModel:114 - Register for checkConnection events
2026-04-14 13:03:18,192 [INFO] RtosManager:728 - Active RTOS found at IOC load: FREERTOS [Cortex-M4NS]
2026-04-14 13:03:18,246 [INFO] OpenFileManager:386 - Restore cursor
2026-04-14 13:03:18,460 [WARN] IP:2250 - MBEDTLS_SSL_IN_CONTENT_LEN not found: check if there is a RefParameter without a condition.
2026-04-14 13:03:18,460 [WARN] IP:2250 - MBEDTLS_SSL_OUT_CONTENT_LEN not found: check if there is a RefParameter without a condition.
2026-04-14 13:03:18,460 [WARN] IP:2250 - MBEDTLS_SSL_DTLS_MAX_BUFFERING not found: check if there is a RefParameter without a condition.
2026-04-14 13:03:18,504 [WARN] IP:2250 - MBEDTLS_SSL_IN_CONTENT_LEN not found: check if there is a RefParameter without a condition.
2026-04-14 13:03:18,505 [WARN] IP:2250 - MBEDTLS_SSL_OUT_CONTENT_LEN not found: check if there is a RefParameter without a condition.
2026-04-14 13:03:18,505 [WARN] IP:2250 - MBEDTLS_SSL_DTLS_MAX_BUFFERING not found: check if there is a RefParameter without a condition.
2026-04-14 13:03:18,596 [WARN] IP:2250 - I2C_Coeff_DF not found: check if there is a RefParameter without a condition.
2026-04-14 13:03:18,596 [WARN] IP:2250 - Analog_Filter not found: check if there is a RefParameter without a condition.
2026-04-14 13:03:18,596 [WARN] IP:2250 - I2C_Coeff_DF not found: check if there is a RefParameter without a condition.
2026-04-14 13:03:18,596 [WARN] IP:2250 - Analog_Filter not found: check if there is a RefParameter without a condition.
